creature,row_id,variant_id,source,path,date,origin,canon_informed,owner_ruling,is_live_repo,is_live_deployed,likely_from_job,thumb
anooba,A_Anooba,A_Anooba#00,repo-current,src/RimStarWars/AnoobaArtOverride/Textures/swanimals/Anooba/Anooba_f_south.png,2026-09-20,1135036ce art: zero the sub-visible export halo across 241 of our facing sprites | deployed identical | 5 commits touch this path,unknown,,y,y,,A_Anooba/00.png
anooba,A_Anooba,A_Anooba#01,repo-current,src/RimStarWars/AnoobaArtOverride/Textures/swanimals/Anooba/Anooba_m_south.png,2026-09-20,1135036ce art: zero the sub-visible export halo across 241 of our facing sprites | deployed identical | 5 commits touch this path,"partial (canon named in prompt, no library brief)",,y,y,"desert_swaca_anooba (ahash dist 20/256, weak)",A_Anooba/01.png
anooba,A_Anooba,A_Anooba#02,git-history (overwritten),src/RimStarWars/AnoobaArtOverride/Textures/swanimals/Anooba/Anooba_f_south.png,2026-09-17,9e7e773a0 Wire approved Pyrelands creature render wave into art-override mods,unknown,,,,,A_Anooba/02.png
anooba,A_Anooba,A_Anooba#03,git-history (overwritten),src/RimStarWars/AnoobaArtOverride/Textures/swanimals/Anooba/Anooba_f_south.png,2026-09-13,645b93f2e ART_PAINTERLY_RESTORATION_1: revert Anooba/Orray/FireHawk/FurnaceBeast to painterly v1 (owner ordered Pyrelands-wide painterly regen 2026-09-14) [ART_PAINTERLY_RESTORATION_1],unknown,,,,,A_Anooba/03.png
anooba,A_Anooba,A_Anooba#04,git-history (overwritten),src/RimStarWars/AnoobaArtOverride/Textures/swanimals/Anooba/Anooba_f_south.png,2026-09-13,"dde341c12 Canon-5 lawset renders installed (Anooba/Orray/Zeer/Gizka/Dalgo), Pyrelands flora art in; FULL.LATEST +42 override mods (631)",unknown,,,,,A_Anooba/04.png
anooba,A_Anooba,A_Anooba#05,git-history (overwritten),src/RimStarWars/AnoobaArtOverride/Textures/swanimals/Anooba/Anooba_m_south.png,2026-09-17,9e7e773a0 Wire approved Pyrelands creature render wave into art-override mods,"partial (canon named in prompt, no library brief)",,,,"desert_swaca_anooba (ahash dist 20/256, weak)",A_Anooba/05.png
anooba,A_Anooba,A_Anooba#06,git-history (path deleted),src/RimStarWars/SWBestiary/Textures/swanimals/Anooba/Anooba_f_south.png,2026-09-12,"e62125946 MLIE_FAUNA_ABSORPTION_1: port Anooba, Beldon, Bolotaur (89 -> 86 remaining) [MLIE_FAUNA_ABSORPTION_1]",unknown,,,,,A_Anooba/06.png
anooba,A_Anooba,A_Anooba#07,git-history (path deleted),src/RimStarWars/SWBestiary/Textures/swanimals/Anooba/Anooba_m_south.png,2026-09-12,"e62125946 MLIE_FAUNA_ABSORPTION_1: port Anooba, Beldon, Bolotaur (89 -> 86 remaining) [MLIE_FAUNA_ABSORPTION_1]",unknown,,,,,A_Anooba/07.png
anooba,A_Anooba,A_Anooba#08,artpipe,/mnt/d/Luke/dev/_artpipe/_artsrc/anooba_toyfig_a_east/anooba_toyfig_a_east.png,,? | ,unknown,,n,n,,A_Anooba/08.png
anooba,A_Anooba,A_Anooba#09,artpipe,/mnt/d/Luke/dev/_artpipe/_artsrc/anooba_toyfig_b2_east/anooba_toyfig_b2_east.png,,? | ,unknown,,n,n,,A_Anooba/09.png
anooba,A_Anooba,A_Anooba#10,artpipe (png gone),/mnt/d/Luke/dev/_artpipe/_artsrc/anooba_v1_south/anooba_v1_south.png,2026-09-11,ART_REGEN_WAVE4_QUEUE_1 | SW canon identity KEPT per owner ruling 2026-09-11 ('improve' semantics): Anooba's name means the canonical Jawa hunting/guard beast — conve,"partial (canon named in prompt, no library brief)",art_review_2026-09-12/decisions.json:anooba_v1_east=keep; art_review_2026-09-12/decisions.json:anooba_v1_north=keep; art_review_2026-09-12/decisions.json:anooba_v1_south=keep; keyline_ab_2026-09-13/decisions.json:anooba_v1_east=better; legibility_final_review_2026-09-13/decisions.json:anooba_v1_east=good; legibility_final_review_2026-09-13/decisions.json:anooba_v1_north=good; legibility_final_review_2026-09-13/decisions.json:anooba_v1_south=good; legibility_grading_2026-09-13/decisions.json:anooba_v1_east=borderline,n,n,,
anooba,A_Anooba,A_Anooba#11,artpipe,/mnt/d/Luke/dev/_artpipe/_artsrc/desert_swaca_anooba_south/desert_swaca_anooba_south.png,2026-09-20,"DESERT_FAMILY_PORT_EXECUTION_1 | RimWorld creature sprite, Star Wars desert bestiary, our own art (not the donor mod's).","partial (canon named in prompt, no library brief)",Transient/desert_art_review_2026-10-03.decisions.json:A_Anooba=keep,n,n,,A_Anooba/11.png
anooba,A_Anooba,A_Anooba#12,artpipe (png gone),/mnt/d/Luke/dev/_artpipe/_artsrc/pyrelands_anooba_f_v3_south/pyrelands_anooba_f_v3_south.png,2026-09-16,"PYRELANDS_CREATURE_RERENDER_1 | PYRELANDS_CANON_CHECK_2026-09-16 regen, painterly wave-4/5 family (ART_PAINTERLY_RESTORATION_1). Judged against design/RimStarWars/canon_ref",y,,n,n,,
anooba,A_Anooba,A_Anooba#13,artpipe,/mnt/d/Luke/dev/_artpipe/_artsrc/pyrelands_anooba_v1_north/pyrelands_anooba_v1_north.png,,? | ,unknown,,n,n,,A_Anooba/13.png
anooba,A_Anooba,A_Anooba#14,artpipe (png gone),/mnt/d/Luke/dev/_artpipe/_artsrc/pyrelands_anooba_v2_south/pyrelands_anooba_v2_south.png,2026-09-16,"PYRELANDS_CREATURE_RERENDER_1 | PYRELANDS_FULL_REVIEW regen under the restored painterly wave-4/5 family (ART_PAINTERLY_RESTORATION_1, owner 2026-09-14). Identity sourced f",y,,n,n,,
anooba,A_Anooba,A_Anooba#15,donor-bundle,/mnt/d/Luke/dev/RimMandrake/observed/inventory/bundle_textures/mlie.starwarsanimalcollection/textures/swanimals/anooba/anooba_f_south.png,,mlie.starwarsanimalcollection,n,,n,?,,A_Anooba/15.png
anooba,A_Anooba,A_Anooba#16,donor-bundle,/mnt/d/Luke/dev/RimMandrake/observed/inventory/bundle_textures/mlie.starwarsanimalcollection/textures/swanimals/anooba/anooba_m_south.png,,mlie.starwarsanimalcollection,n,,n,?,,A_Anooba/16.png
anooba,A_Anooba,A_Anooba#17,canon-library,design/RimStarWars/canon_references/anooba/donor_current_sprite.png,,canon_references entry image,y (reference),,n,n,,A_Anooba/17.png
bantha,A_Bantha,A_Bantha#00,repo-current,src/RimStarWars/SWBestiary/Textures/swanimals/Bantha/Bantha_south.png,2026-09-05,"bbf668300 retire four mods (repo-ready): Mythic Ages, Megafauna, Beasts of the Rim, Jurassic | deployed identical | 1 commits touch this path",unknown,,n,n,,A_Bantha/00.png
bantha,A_Bantha,A_Bantha#01,repo-current,src/RimStarWars/SWBestiary/Textures/swanimals/Bantha/BanthaW_south.png,2026-09-05,"bbf668300 retire four mods (repo-ready): Mythic Ages, Megafauna, Beasts of the Rim, Jurassic | deployed identical | 1 commits touch this path",unknown,,y,y,,A_Bantha/01.png
bantha,A_Bantha,A_Bantha#02,repo-current,src/RimStarWars/SWBestiary/Textures/swanimals/Bantha/BanthaW_j_south.png,2026-09-05,"bbf668300 retire four mods (repo-ready): Mythic Ages, Megafauna, Beasts of the Rim, Jurassic | deployed identical | 1 commits touch this path",unknown,,y,y,,A_Bantha/02.png
bantha,A_Bantha,A_Bantha#03,repo-current,src/RimStarWars/SWBestiary/Textures/swanimals/Bantha/Bantha_j_south.png,2026-09-05,"bbf668300 retire four mods (repo-ready): Mythic Ages, Megafauna, Beasts of the Rim, Jurassic | deployed identical | 1 commits touch this path",unknown,,n,n,,A_Bantha/03.png
bantha,A_Bantha,A_Bantha#04,repo-current,src/RimStarWars/StarWarsPatches/Textures/swanimals/Bantha/BanthaW_south.png,2026-09-04,2385af297 JAWA_PATCHES_SPLIT_1: execute the 3-way split - 95 Patches/Defs + 70 assets into tier mods | deployed identical,unknown,,shadowed,shadowed,,A_Bantha/04.png
bantha,A_Bantha,A_Bantha#05,repo-current,src/RimStarWars/StarWarsPatches/Textures/swanimals/Bantha/BanthaW_j_south.png,2026-09-04,2385af297 JAWA_PATCHES_SPLIT_1: execute the 3-way split - 95 Patches/Defs + 70 assets into tier mods | deployed identical | 1 commits touch this path,unknown,,shadowed,shadowed,,A_Bantha/05.png
bantha,A_Bantha,A_Bantha#06,artpipe,/mnt/d/Luke/dev/_artpipe/_artsrc/desert_swaca_bantha_south/desert_swaca_bantha_south.png,2026-09-20,"DESERT_FAMILY_PORT_EXECUTION_1 | RimWorld creature sprite, Star Wars desert bestiary, our own art (not the donor mod's).","partial (canon named in prompt, no library brief)",Transient/desert_art_review_2026-10-03.decisions.json:A_Bantha=keep,n,n,,A_Bantha/06.png
bantha,A_Bantha,A_Bantha#07,donor-bundle,/mnt/d/Luke/dev/RimMandrake/observed/inventory/bundle_textures/mlie.starwarsanimalcollection/textures/swanimals/bantha/bantha_j_south.png,,mlie.starwarsanimalcollection,n,,n,?,,A_Bantha/07.png
bantha,A_Bantha,A_Bantha#08,donor-bundle,/mnt/d/Luke/dev/RimMandrake/observed/inventory/bundle_textures/mlie.starwarsanimalcollection/textures/swanimals/bantha/bantha_south.png,,mlie.starwarsanimalcollection,n,,n,?,,A_Bantha/08.png
bantha,A_Bantha,A_Bantha#09,donor-bundle,/mnt/d/Luke/dev/RimMandrake/observed/inventory/bundle_textures/mlie.starwarsanimalcollection/textures/swanimals/bantha/banthaw_j_south.png,,mlie.starwarsanimalcollection,n,,n,?,,A_Bantha/09.png
bantha,A_Bantha,A_Bantha#10,donor-bundle,/mnt/d/Luke/dev/RimMandrake/observed/inventory/bundle_textures/mlie.starwarsanimalcollection/textures/swanimals/bantha/banthaw_south.png,,mlie.starwarsanimalcollection,n,,n,?,,A_Bantha/10.png
bantha,A_Bantha,A_Bantha#11,donor-bundle,/mnt/d/Luke/dev/RimMandrake/observed/inventory/bundle_textures/mlie.starwarsanimalcollection/textures/swresource/trophies/banthahorn.png,,mlie.starwarsanimalcollection,n,,n,?,,A_Bantha/11.png
bantha,A_Bantha,A_Bantha#12,donor-bundle,/mnt/d/Luke/dev/RimMandrake/observed/inventory/bundle_textures/mlie.starwarsanimalcollection/textures/ui/ideoligions/sw_bantha.png,,mlie.starwarsanimalcollection,n,,n,?,,A_Bantha/12.png
bantha,A_Bantha,A_Bantha#13,canon-library,design/RimStarWars/canon_references/bantha/donor_current_sprite.png,,canon_references entry image,y (reference),,n,n,,A_Bantha/13.png
bolotaur,A_Bolotaur,A_Bolotaur#00,repo-current,src/RimStarWars/SWBestiary/Textures/swanimals/Bolotaur/Bolotaur_south.png,2026-09-24,"e19716d5b OFFBIOME_SHEET_RERENDERS_1: wire v3 bolotaur + fulgurite art, deployed | deployed identical | 2 commits touch this path",y,,y,y,"offbiome_bolotaur_v3 (ahash dist 0/256, weak)",A_Bolotaur/00.png
bolotaur,A_Bolotaur,A_Bolotaur#01,git-history (overwritten),src/RimStarWars/SWBestiary/Textures/swanimals/Bolotaur/Bolotaur_south.png,2026-09-12,"e62125946 MLIE_FAUNA_ABSORPTION_1: port Anooba, Beldon, Bolotaur (89 -> 86 remaining) [MLIE_FAUNA_ABSORPTION_1]",unknown,,,,,A_Bolotaur/01.png
bolotaur,A_Bolotaur,A_Bolotaur#02,artpipe,/mnt/d/Luke/dev/_artpipe/_artsrc/desertportb_bolotaur_south/desertportb_bolotaur_south.png,2026-09-20,DESERT_FAMILY_PORT_EXECUTION_1 | ,"partial (canon named in prompt, no library brief)",Transient/desert_art_review_2026-10-03.decisions.json:A_Bolotaur=keep,n,n,,A_Bolotaur/02.png
bolotaur,A_Bolotaur,A_Bolotaur#03,artpipe,/mnt/d/Luke/dev/_artpipe/_artsrc/offbiome_bolotaur_v2_south/offbiome_bolotaur_v2_south.png,2026-09-19,"OFFBIOME_SHEET_RERENDERS_1 | Owner ruling 2026-09-16: current sprite is cartoonish, redo to canon. Canon reference: design/RimStarWars/canon_references/bolotaur/ (two Wo",y,,n,n,,A_Bolotaur/03.png
bolotaur,A_Bolotaur,A_Bolotaur#04,artpipe,/mnt/d/Luke/dev/_artpipe/_artsrc/offbiome_bolotaur_v3_south/offbiome_bolotaur_v3_south.png,2026-09-19,"OFFBIOME_SHEET_RERENDERS_1 | Owner ruling 2026-09-16: current sprite is cartoonish, redo to canon. Canon reference: design/RimStarWars/canon_references/bolotaur/ (two Wo",y,,n,n,,A_Bolotaur/04.png
bolotaur,A_Bolotaur,A_Bolotaur#05,donor-bundle,/mnt/d/Luke/dev/RimMandrake/observed/inventory/bundle_textures/mlie.starwarsanimalcollection/textures/swanimals/bolotaur/bolotaur_south.png,,mlie.starwarsanimalcollection,n,,n,?,,A_Bolotaur/05.png
bolotaur,A_Bolotaur,A_Bolotaur#06,canon-library,design/RimStarWars/canon_references/bolotaur/donor_current_sprite.png,,canon_references entry image,y (reference),,n,n,,A_Bolotaur/06.png
bouldermit,A_AA_BoulderMit,A_AA_BoulderMit#00,repo-current,src/RimStarWars/SWBestiary/Textures/swanimals/Korrum/Korrum_south.png,2026-09-24,"4e46ef532 KORRUM_ART_REGEN_1: land our own korrum art, repoint off donor AA_BoulderMit | deployed identical | 1 commits touch this path",n,,y,y,"RSW_Korrum (ahash dist 0/256, weak)",A_AA_BoulderMit/00.png
bouldermit,A_AA_BoulderMit,A_AA_BoulderMit#01,artpipe,/mnt/d/Luke/dev/_artpipe/_artsrc/RSW_Korrum_south/RSW_Korrum_south.png,2026-09-20,DESERT_FAMILY_PORT_EXECUTION_1 | STONEBACK_DEFNAME_COLLISION_1 2026-09-22: re-keyed from RSW_Stoneback_south. That defName was TWO animals; this job's prompt describes the b,n,,n,n,,A_AA_BoulderMit/01.png
bouldermit,A_AA_BoulderMit,A_AA_BoulderMit#02,donor-loose,/mnt/c/Program Files (x86)/Steam/steamapps/workshop/content/294100/1541721856/Textures/Art/AA_BouldermitArt.png,,sarg.alphaanimals,n,,n,n,,A_AA_BoulderMit/02.png
bouldermit,A_AA_BoulderMit,A_AA_BoulderMit#03,donor-loose,/mnt/c/Program Files (x86)/Steam/steamapps/workshop/content/294100/1541721856/Textures/Things/Pawn/Animal/AA_BoulderMit/AA_BoulderMit2_south.png,,sarg.alphaanimals,n,,n,n,,A_AA_BoulderMit/03.png
bouldermit,A_AA_BoulderMit,A_AA_BoulderMit#04,donor-loose,/mnt/c/Program Files (x86)/Steam/steamapps/workshop/content/294100/1541721856/Textures/Things/Pawn/Animal/AA_BoulderMit/AA_BoulderMit3_south.png,,sarg.alphaanimals,n,,n,n,,A_AA_BoulderMit/04.png
bouldermit,A_AA_BoulderMit,A_AA_BoulderMit#05,donor-loose,/mnt/c/Program Files (x86)/Steam/steamapps/workshop/content/294100/1541721856/Textures/Things/Pawn/Animal/AA_BoulderMit/AA_BoulderMit4_south.png,,sarg.alphaanimals,n,,n,n,,A_AA_BoulderMit/05.png
bouldermit,A_AA_BoulderMit,A_AA_BoulderMit#06,donor-loose,/mnt/c/Program Files (x86)/Steam/steamapps/workshop/content/294100/1541721856/Textures/Things/Pawn/Animal/AA_BoulderMit/AA_BoulderMit5_south.png,,sarg.alphaanimals,n,,n,n,,A_AA_BoulderMit/06.png
bouldermit,A_AA_BoulderMit,A_AA_BoulderMit#07,donor-loose,/mnt/c/Program Files (x86)/Steam/steamapps/workshop/content/294100/1541721856/Textures/Things/Pawn/Animal/AA_BoulderMit/AA_BoulderMit_south.png,,sarg.alphaanimals,n,,n,n,,A_AA_BoulderMit/07.png
bouldermit,A_AA_BoulderMit,A_AA_BoulderMit#08,donor-loose,/mnt/c/Program Files (x86)/Steam/steamapps/workshop/content/294100/1541721856/Textures/Things/Pawn/Animal/AA_BoulderMit/AA_SummitCrab_south.png,,sarg.alphaanimals,n,,n,n,,A_AA_BoulderMit/08.png
cactipine,A_AA_Cactipine,A_AA_Cactipine#00,artpipe,/mnt/d/Luke/dev/_artpipe/_artsrc/RSW_Spinerat_south/RSW_Spinerat_south.png,2026-09-20,DESERT_FAMILY_PORT_EXECUTION_1 | ,n,,n,n,,A_AA_Cactipine/00.png
cactipine,A_AA_Cactipine,A_AA_Cactipine#01,donor-loose,/mnt/c/Program Files (x86)/Steam/steamapps/workshop/content/294100/1541721856/Textures/Things/Pawn/Animal/AA_Cactipine/AA_Cactipine_south.png,,sarg.alphaanimals,n,,n,y,,A_AA_Cactipine/01.png
cannok,A_Cannok,A_Cannok#00,repo-current,src/RimStarWars/SWBestiary/Textures/swanimals/Cannok/Cannok_south.png,2026-09-12,"3a608276a MLIE_FAUNA_ABSORPTION_1: port Cannok, Clodhopper, Convor (83 -> 80 remaining) | deployed identical | 1 commits touch this path",unknown,,y,y,,A_Cannok/00.png
cannok,A_Cannok,A_Cannok#01,artpipe,/mnt/d/Luke/dev/_artpipe/_artsrc/desertportb_cannok_south/desertportb_cannok_south.png,2026-09-20,DESERT_FAMILY_PORT_EXECUTION_1 | ,"partial (canon named in prompt, no library brief)","Transient/desert_art_review_2026-10-03.decisions.json:A_Cannok=redo (Different animals in different faces, and too cartoonish)",n,n,,A_Cannok/01.png
cannok,A_Cannok,A_Cannok#02,donor-bundle,/mnt/d/Luke/dev/RimMandrake/observed/inventory/bundle_textures/mlie.starwarsanimalcollection/textures/swanimals/cannok/cannok_south.png,,mlie.starwarsanimalcollection,n,,n,?,,A_Cannok/02.png
cannok,A_Cannok,A_Cannok#03,canon-library,design/RimStarWars/canon_references/cannok/donor_current_sprite.png,,canon_references entry image,y (reference),,n,n,,A_Cannok/03.png
clodhopper,A_Clodhopper,A_Clodhopper#00,repo-current,src/RimStarWars/SWBestiary/Textures/swanimals/Clodhopper/Clodhopper_south.png,2026-09-12,"3a608276a MLIE_FAUNA_ABSORPTION_1: port Cannok, Clodhopper, Convor (83 -> 80 remaining) | deployed identical | 1 commits touch this path",unknown,,y,y,,A_Clodhopper/00.png
clodhopper,A_Clodhopper,A_Clodhopper#01,repo-current,src/RimStarWars/SWBestiary/Textures/swanimals/Clodhopper/Clodhopper_d_east.png,2026-09-12,"3a608276a MLIE_FAUNA_ABSORPTION_1: port Cannok, Clodhopper, Convor (83 -> 80 remaining) | deployed identical",unknown,,n,n,,A_Clodhopper/01.png
clodhopper,A_Clodhopper,A_Clodhopper#02,artpipe,/mnt/d/Luke/dev/_artpipe/_artsrc/desertportb_clodhopper_south/desertportb_clodhopper_south.png,2026-09-20,DESERT_FAMILY_PORT_EXECUTION_1 | ,"partial (canon named in prompt, no library brief)",Transient/desert_art_review_2026-10-03.decisions.json:A_Clodhopper=redo (less cartoonish),n,n,,A_Clodhopper/02.png
clodhopper,A_Clodhopper,A_Clodhopper#03,donor-bundle,/mnt/d/Luke/dev/RimMandrake/observed/inventory/bundle_textures/mlie.starwarsanimalcollection/textures/swanimals/clodhopper/clodhopper_south.png,,mlie.starwarsanimalcollection,n,,n,?,,A_Clodhopper/03.png
clodhopper,A_Clodhopper,A_Clodhopper#04,canon-library,design/RimStarWars/canon_references/clodhopper/donor_current_sprite.png,,canon_references entry image,y (reference),,n,n,,A_Clodhopper/04.png
convor,A_Convor,A_Convor#00,repo-current,src/RimStarWars/SWBestiary/Textures/swanimals/Convor/Convor_south.png,2026-09-12,"3a608276a MLIE_FAUNA_ABSORPTION_1: port Cannok, Clodhopper, Convor (83 -> 80 remaining) | deployed identical | 1 commits touch this path",unknown,,y,y,,A_Convor/00.png
convor,A_Convor,A_Convor#01,repo-current,src/RimStarWars/SWBestiary/Textures/swanimals/Convor/Convor_Flying_1_south.png,2026-09-12,"3a608276a MLIE_FAUNA_ABSORPTION_1: port Cannok, Clodhopper, Convor (83 -> 80 remaining) | deployed identical | 1 commits touch this path",unknown,,n,n,,A_Convor/01.png
convor,A_Convor,A_Convor#02,repo-current,src/RimStarWars/SWBestiary/Textures/swanimals/Convor/Convor_Flying_2_south.png,2026-09-12,"3a608276a MLIE_FAUNA_ABSORPTION_1: port Cannok, Clodhopper, Convor (83 -> 80 remaining) | deployed identical | 1 commits touch this path",unknown,,n,n,,A_Convor/02.png
convor,A_Convor,A_Convor#03,repo-current,src/RimStarWars/SWBestiary/Textures/swanimals/Convor/Convor_Flying_3_south.png,2026-09-12,"3a608276a MLIE_FAUNA_ABSORPTION_1: port Cannok, Clodhopper, Convor (83 -> 80 remaining) | deployed identical | 1 commits touch this path",unknown,,n,n,,A_Convor/03.png
convor,A_Convor,A_Convor#04,repo-current,src/RimStarWars/SWBestiary/Textures/swanimals/Convor/Convor_Flying_4_south.png,2026-09-12,"3a608276a MLIE_FAUNA_ABSORPTION_1: port Cannok, Clodhopper, Convor (83 -> 80 remaining) | deployed identical | 1 commits touch this path",unknown,,n,n,,A_Convor/04.png
convor,A_Convor,A_Convor#05,repo-current,src/RimStarWars/SWBestiary/Textures/swanimals/Convor/Convor_f_south.png,2026-09-12,"3a608276a MLIE_FAUNA_ABSORPTION_1: port Cannok, Clodhopper, Convor (83 -> 80 remaining) | deployed identical | 1 commits touch this path",unknown,,y,y,,A_Convor/05.png
convor,A_Convor,A_Convor#06,repo-current,src/RimStarWars/SWBestiary/Textures/swanimals/Convor/Convor_f_Flying_1_south.png,2026-09-12,"3a608276a MLIE_FAUNA_ABSORPTION_1: port Cannok, Clodhopper, Convor (83 -> 80 remaining) | deployed identical | 1 commits touch this path",unknown,,n,n,,A_Convor/06.png
convor,A_Convor,A_Convor#07,repo-current,src/RimStarWars/SWBestiary/Textures/swanimals/Convor/Convor_f_Flying_2_south.png,2026-09-12,"3a608276a MLIE_FAUNA_ABSORPTION_1: port Cannok, Clodhopper, Convor (83 -> 80 remaining) | deployed identical | 1 commits touch this path",unknown,,n,n,,A_Convor/07.png
convor,A_Convor,A_Convor#08,repo-current,src/RimStarWars/SWBestiary/Textures/swanimals/Convor/Convor_f_Flying_3_south.png,2026-09-12,"3a608276a MLIE_FAUNA_ABSORPTION_1: port Cannok, Clodhopper, Convor (83 -> 80 remaining) | deployed identical | 1 commits touch this path",unknown,,n,n,,A_Convor/08.png
convor,A_Convor,A_Convor#09,repo-current,src/RimStarWars/SWBestiary/Textures/swanimals/Convor/Convor_f_Flying_4_south.png,2026-09-12,"3a608276a MLIE_FAUNA_ABSORPTION_1: port Cannok, Clodhopper, Convor (83 -> 80 remaining) | deployed identical | 1 commits touch this path",unknown,,n,n,,A_Convor/09.png
convor,A_Convor,A_Convor#10,artpipe,/mnt/d/Luke/dev/_artpipe/_artsrc/desertportb_convor_south/desertportb_convor_south.png,2026-09-20,DESERT_FAMILY_PORT_EXECUTION_1 | ,"partial (canon named in prompt, no library brief)",Transient/desert_art_review_2026-10-03.decisions.json:A_Convor=redo (different animals in different faces),n,n,,A_Convor/10.png
convor,A_Convor,A_Convor#11,donor-bundle,/mnt/d/Luke/dev/RimMandrake/observed/inventory/bundle_textures/mlie.starwarsanimalcollection/textures/swanimals/convor/convor_f_flying_1_south.png,,mlie.starwarsanimalcollection,n,,n,?,,A_Convor/11.png
convor,A_Convor,A_Convor#12,donor-bundle,/mnt/d/Luke/dev/RimMandrake/observed/inventory/bundle_textures/mlie.starwarsanimalcollection/textures/swanimals/convor/convor_f_flying_2_south.png,,mlie.starwarsanimalcollection,n,,n,?,,A_Convor/12.png
convor,A_Convor,A_Convor#13,donor-bundle,/mnt/d/Luke/dev/RimMandrake/observed/inventory/bundle_textures/mlie.starwarsanimalcollection/textures/swanimals/convor/convor_f_flying_3_south.png,,mlie.starwarsanimalcollection,n,,n,?,,A_Convor/13.png
convor,A_Convor,A_Convor#14,donor-bundle,/mnt/d/Luke/dev/RimMandrake/observed/inventory/bundle_textures/mlie.starwarsanimalcollection/textures/swanimals/convor/convor_f_flying_4_south.png,,mlie.starwarsanimalcollection,n,,n,?,,A_Convor/14.png
convor,A_Convor,A_Convor#15,donor-bundle,/mnt/d/Luke/dev/RimMandrake/observed/inventory/bundle_textures/mlie.starwarsanimalcollection/textures/swanimals/convor/convor_f_south.png,,mlie.starwarsanimalcollection,n,,n,?,,A_Convor/15.png
convor,A_Convor,A_Convor#16,donor-bundle,/mnt/d/Luke/dev/RimMandrake/observed/inventory/bundle_textures/mlie.starwarsanimalcollection/textures/swanimals/convor/convor_flying_1_south.png,,mlie.starwarsanimalcollection,n,,n,?,,A_Convor/16.png
convor,A_Convor,A_Convor#17,donor-bundle,/mnt/d/Luke/dev/RimMandrake/observed/inventory/bundle_textures/mlie.starwarsanimalcollection/textures/swanimals/convor/convor_flying_2_south.png,,mlie.starwarsanimalcollection,n,,n,?,,A_Convor/17.png
convor,A_Convor,A_Convor#18,donor-bundle,/mnt/d/Luke/dev/RimMandrake/observed/inventory/bundle_textures/mlie.starwarsanimalcollection/textures/swanimals/convor/convor_flying_3_south.png,,mlie.starwarsanimalcollection,n,,n,?,,A_Convor/18.png
convor,A_Convor,A_Convor#19,donor-bundle,/mnt/d/Luke/dev/RimMandrake/observed/inventory/bundle_textures/mlie.starwarsanimalcollection/textures/swanimals/convor/convor_flying_4_south.png,,mlie.starwarsanimalcollection,n,,n,?,,A_Convor/19.png
convor,A_Convor,A_Convor#20,donor-bundle,/mnt/d/Luke/dev/RimMandrake/observed/inventory/bundle_textures/mlie.starwarsanimalcollection/textures/swanimals/convor/convor_south.png,,mlie.starwarsanimalcollection,n,,n,?,,A_Convor/20.png
convor,A_Convor,A_Convor#21,canon-library,design/RimStarWars/canon_references/convor/donor_current_sprite.png,,canon_references entry image,y (reference),,n,n,,A_Convor/21.png
convor,A_Convor,A_Convor#22,canon-library,design/RimStarWars/canon_references/convor/wookieepedia_convoree_infobox.png,,canon_references entry image,y (reference),,n,n,,A_Convor/22.png
corinathoth,A_Corinathoth,A_Corinathoth#00,repo-current,src/RimStarWars/SWBestiary/Textures/swanimals/Corinathoth/Corinathoth_south.png,2026-09-12,"997dc73c3 MLIE_FAUNA_ABSORPTION_1: port Corinathoth, Dactillion, Dalgo (80 -> 77 remaining) | deployed identical | 1 commits touch this path",unknown,,y,y,,A_Corinathoth/00.png
corinathoth,A_Corinathoth,A_Corinathoth#01,artpipe,/mnt/d/Luke/dev/_artpipe/_artsrc/desert_swaca_corinathoth_south/desert_swaca_corinathoth_south.png,2026-09-20,"DESERT_FAMILY_PORT_EXECUTION_1 | RimWorld creature sprite, Star Wars desert bestiary, our own art (not the donor mod's).","partial (canon named in prompt, no library brief)",Transient/desert_art_review_2026-10-03.decisions.json:A_Corinathoth=redo (different animals in different faces),n,n,,A_Corinathoth/01.png
corinathoth,A_Corinathoth,A_Corinathoth#02,donor-bundle,/mnt/d/Luke/dev/RimMandrake/observed/inventory/bundle_textures/mlie.starwarsanimalcollection/textures/swanimals/corinathoth/corinathoth_south.png,,mlie.starwarsanimalcollection,n,,n,?,,A_Corinathoth/02.png
corinathoth,A_Corinathoth,A_Corinathoth#03,canon-library,design/RimStarWars/canon_references/corinathoth/donor_current_sprite.png,,canon_references entry image,y (reference),,n,n,,A_Corinathoth/03.png
desert ave,A_AA_DesertAve,A_AA_DesertAve#00,repo-current,src/RimMandrake/LongShade/Textures/Things/Pawn/Animal/RM_Ossik/RM_Ossik_south.png,2026-09-29,"dab5a10c4 LONGSHADE_BEDAZZLE_CONTENT_1: wire finished art, five fillers, qorrax rename, glitter-bird/pirrik merge",n,,n,not deployed,"RSW_Sandstrider (ahash dist 0/256, weak)",A_AA_DesertAve/00.png
desert ave,A_AA_DesertAve,A_AA_DesertAve#01,repo-current,src/RimStarWars/SWBestiary/Textures/Things/Pawn/Animal/RSW_Ossik/RSW_Ossik_south.png,2026-10-03,2154ef2ea SWBestiary: move 9 DesertPort animal textures to their renamed defNames (all 9 were pink) | deployed identical | 1 commits touch this path,n,,y,y,"RSW_Sandstrider (ahash dist 0/256, weak)",A_AA_DesertAve/01.png
desert ave,A_AA_DesertAve,A_AA_DesertAve#02,artpipe,/mnt/d/Luke/dev/_artpipe/_artsrc/RM_Ossik_south/RM_Ossik_south.png,2026-09-30,LONGSHADE_BEDAZZLE_CONTENT_1 | long shade register: an open desert of ochre deep-sand sheets and pale-gold cracked hardpan under a perpetual golden hour; lit surfaces warm,n,,n,n,,A_AA_DesertAve/02.png
desert ave,A_AA_DesertAve,A_AA_DesertAve#03,artpipe,/mnt/d/Luke/dev/_artpipe/_artsrc/RSW_Sandstrider_south/RSW_Sandstrider_south.png,2026-09-20,DESERT_FAMILY_PORT_EXECUTION_1 | ,n,,n,n,,A_AA_DesertAve/03.png
desert ave,A_AA_DesertAve,A_AA_DesertAve#04,donor-loose,/mnt/c/Program Files (x86)/Steam/steamapps/workshop/content/294100/1541721856/Textures/Art/AA_DesertAveArt.png,,sarg.alphaanimals,n,,n,n,,A_AA_DesertAve/04.png
desert ave,A_AA_DesertAve,A_AA_DesertAve#05,donor-loose,/mnt/c/Program Files (x86)/Steam/steamapps/workshop/content/294100/1541721856/Textures/Things/Pawn/Animal/AA_DesertAve/AA_DesertAve_south.png,,sarg.alphaanimals,n,,n,n,,A_AA_DesertAve/05.png
desert ave,A_AA_DesertAve,A_AA_DesertAve#06,donor-loose,/mnt/c/Program Files (x86)/Steam/steamapps/workshop/content/294100/1541721856/Textures/Things/Pawn/Animal/Saddles/AA_DesertAveSaddle_south.png,,sarg.alphaanimals,n,,n,n,,A_AA_DesertAve/06.png
desert ave,A_AA_DesertAve,A_AA_DesertAve#07,donor-loose,/mnt/c/Program Files (x86)/Steam/steamapps/workshop/content/294100/1541721856/Textures/Things/Pawn/Animal_Alternate/AA_DesertAve/AA_DesertAve_south.png,,sarg.alphaanimals,n,,n,n,,A_AA_DesertAve/07.png
eopie,A_Eopie,A_Eopie#00,repo-current,src/RimStarWars/SWBestiary/Textures/swanimals/Eopie/Eopie_south.png,2026-09-12,"8dc279c64 MLIE_FAUNA_ABSORPTION_1: port Dianoga, Dragonsnake, Eopie (77 -> 74 remaining) | deployed identical | 1 commits touch this path",unknown,,y,y,,A_Eopie/00.png
eopie,A_Eopie,A_Eopie#01,repo-current,src/RimStarWars/SWBestiary/Textures/swanimals/Eopie/EopieA_south.png,2026-09-12,"8dc279c64 MLIE_FAUNA_ABSORPTION_1: port Dianoga, Dragonsnake, Eopie (77 -> 74 remaining) | deployed identical | 1 commits touch this path",unknown,,n,n,,A_Eopie/01.png
eopie,A_Eopie,A_Eopie#02,repo-current,src/RimStarWars/SWBestiary/Textures/swanimals/Eopie/EopieB_south.png,2026-09-12,"8dc279c64 MLIE_FAUNA_ABSORPTION_1: port Dianoga, Dragonsnake, Eopie (77 -> 74 remaining) | deployed identical | 1 commits touch this path",unknown,,n,n,,A_Eopie/02.png
eopie,A_Eopie,A_Eopie#03,repo-current,src/RimStarWars/SWBestiary/Textures/swanimals/Eopie/EopieC_south.png,2026-09-12,"8dc279c64 MLIE_FAUNA_ABSORPTION_1: port Dianoga, Dragonsnake, Eopie (77 -> 74 remaining) | deployed identical | 1 commits touch this path",unknown,,n,n,,A_Eopie/03.png
eopie,A_Eopie,A_Eopie#04,repo-current,src/RimStarWars/SWBestiary/Textures/swanimals/Eopie/EopieD_south.png,2026-09-12,"8dc279c64 MLIE_FAUNA_ABSORPTION_1: port Dianoga, Dragonsnake, Eopie (77 -> 74 remaining) | deployed identical | 1 commits touch this path",unknown,,n,n,,A_Eopie/04.png
eopie,A_Eopie,A_Eopie#05,repo-current,src/RimStarWars/SWBestiary/Textures/swanimals/Eopie/EopieE_south.png,2026-09-12,"8dc279c64 MLIE_FAUNA_ABSORPTION_1: port Dianoga, Dragonsnake, Eopie (77 -> 74 remaining) | deployed identical | 1 commits touch this path",unknown,,n,n,,A_Eopie/05.png
eopie,A_Eopie,A_Eopie#06,repo-current,src/RimStarWars/SWBestiary/Textures/swanimals/Eopie/Eopie_j_south.png,2026-09-12,"8dc279c64 MLIE_FAUNA_ABSORPTION_1: port Dianoga, Dragonsnake, Eopie (77 -> 74 remaining) | deployed identical | 1 commits touch this path",unknown,,y,y,,A_Eopie/06.png
eopie,A_Eopie,A_Eopie#07,repo-current,src/RimStarWars/StarWarsPatches/Textures/swanimals/Eopie/Eopie_south.png,2026-09-04,2385af297 JAWA_PATCHES_SPLIT_1: execute the 3-way split - 95 Patches/Defs + 70 assets into tier mods | deployed identical,unknown,,shadowed,shadowed,,A_Eopie/07.png
eopie,A_Eopie,A_Eopie#08,repo-current,src/RimStarWars/StarWarsPatches/Textures/swanimals/Eopie/EopieA_south.png,2026-09-04,2385af297 JAWA_PATCHES_SPLIT_1: execute the 3-way split - 95 Patches/Defs + 70 assets into tier mods | deployed identical | 1 commits touch this path,unknown,,n,n,,A_Eopie/08.png
eopie,A_Eopie,A_Eopie#09,repo-current,src/RimStarWars/StarWarsPatches/Textures/swanimals/Eopie/EopieB_south.png,2026-09-04,2385af297 JAWA_PATCHES_SPLIT_1: execute the 3-way split - 95 Patches/Defs + 70 assets into tier mods | deployed identical,unknown,,n,n,,A_Eopie/09.png
eopie,A_Eopie,A_Eopie#10,repo-current,src/RimStarWars/StarWarsPatches/Textures/swanimals/Eopie/EopieC_south.png,2026-09-04,2385af297 JAWA_PATCHES_SPLIT_1: execute the 3-way split - 95 Patches/Defs + 70 assets into tier mods | deployed identical,unknown,,n,n,,A_Eopie/10.png
eopie,A_Eopie,A_Eopie#11,repo-current,src/RimStarWars/StarWarsPatches/Textures/swanimals/Eopie/EopieD_south.png,2026-09-04,2385af297 JAWA_PATCHES_SPLIT_1: execute the 3-way split - 95 Patches/Defs + 70 assets into tier mods | deployed identical,unknown,,n,n,,A_Eopie/11.png
eopie,A_Eopie,A_Eopie#12,repo-current,src/RimStarWars/StarWarsPatches/Textures/swanimals/Eopie/EopieE_south.png,2026-09-04,2385af297 JAWA_PATCHES_SPLIT_1: execute the 3-way split - 95 Patches/Defs + 70 assets into tier mods | deployed identical,unknown,,n,n,,A_Eopie/12.png
eopie,A_Eopie,A_Eopie#13,repo-current,src/RimStarWars/StarWarsPatches/Textures/swanimals/Eopie/Eopie_j_south.png,2026-09-04,2385af297 JAWA_PATCHES_SPLIT_1: execute the 3-way split - 95 Patches/Defs + 70 assets into tier mods | deployed identical,unknown,,shadowed,shadowed,,A_Eopie/13.png
eopie,A_Eopie,A_Eopie#14,artpipe (png gone),/mnt/d/Luke/dev/_artpipe/_artsrc/canon_eopie_v1_south/canon_eopie_v1_south.png,2026-09-18,CANON_CREATURE_REGEN_1 | ,"partial (canon named in prompt, no library brief)",,n,n,,
eopie,A_Eopie,A_Eopie#15,artpipe,/mnt/d/Luke/dev/_artpipe/_artsrc/desert_swaca_eopie_south/desert_swaca_eopie_south.png,2026-09-20,"DESERT_FAMILY_PORT_EXECUTION_1 | RimWorld creature sprite, Star Wars desert bestiary, our own art (not the donor mod's).","partial (canon named in prompt, no library brief)",Transient/desert_art_review_2026-10-03.decisions.json:A_Eopie=redo (Look online for images of eopie's they are not mule like at all.),n,n,,A_Eopie/15.png
eopie,A_Eopie,A_Eopie#16,donor-bundle,/mnt/d/Luke/dev/RimMandrake/observed/inventory/bundle_textures/mlie.starwarsanimalcollection/textures/swanimals/eopie/eopie_j_south.png,,mlie.starwarsanimalcollection,n,,n,?,,A_Eopie/16.png
eopie,A_Eopie,A_Eopie#17,donor-bundle,/mnt/d/Luke/dev/RimMandrake/observed/inventory/bundle_textures/mlie.starwarsanimalcollection/textures/swanimals/eopie/eopie_south.png,,mlie.starwarsanimalcollection,n,,n,?,,A_Eopie/17.png
eopie,A_Eopie,A_Eopie#18,canon-library,design/RimStarWars/canon_references/eopie/donor_current_sprite.png,,canon_references entry image,y (reference),,n,n,,A_Eopie/18.png
eopie,A_Eopie,A_Eopie#19,canon-library,design/RimStarWars/canon_references/eopie/wookieepedia_infobox.png,,canon_references entry image,y (reference),,n,n,,A_Eopie/19.png
eyeling,A_AA_Eyeling,A_AA_Eyeling#00,repo-current,src/RimMandrake/Stillsand/Textures/Things/Pawn/Animal/RM_Ikee/RM_Ikee_south.png,2026-09-28,"63a75d429 Contagion redo wave: Ikee prior art restored (RSW_Stareling render -> RM_Ikee texPath), manifest + artlist",n,,n,not deployed,"RSW_Stareling (ahash dist 0/256, weak)",A_AA_Eyeling/00.png
eyeling,A_AA_Eyeling,A_AA_Eyeling#01,repo-current,src/RimStarWars/SWBestiary/Textures/Things/Pawn/Animal/RSW_Ikee/RSW_Ikee_south.png,2026-10-03,2154ef2ea SWBestiary: move 9 DesertPort animal textures to their renamed defNames (all 9 were pink) | deployed identical | 1 commits touch this path,n,,y,y,"RSW_Stareling (ahash dist 0/256, weak)",A_AA_Eyeling/01.png
eyeling,A_AA_Eyeling,A_AA_Eyeling#02,artpipe,/mnt/d/Luke/dev/_artpipe/_artsrc/RM_Ikee_south/RM_Ikee_south.png,2026-09-28,"CONTAGION_BEDAZZLE_SITTING_1 | the timid wretched-small skitterer, bs~0.3; the read is a huddled knot of mismatched eyes on spindly legs; storm-dark red-valley register: w",n,contagion_cast_art_review/sheet.decisions.json:RM_Ikee=regen (ERROR! We liked the Ikee from before! Keep the little crawling single eye with tentacles as before. ),n,n,,A_AA_Eyeling/02.png
eyeling,A_AA_Eyeling,A_AA_Eyeling#03,artpipe,/mnt/d/Luke/dev/_artpipe/_artsrc/RSW_Stareling_south/RSW_Stareling_south.png,2026-09-20,DESERT_FAMILY_PORT_EXECUTION_1 | ,n,,n,n,,A_AA_Eyeling/03.png
eyeling,A_AA_Eyeling,A_AA_Eyeling#04,donor-loose,/mnt/c/Program Files (x86)/Steam/steamapps/workshop/content/294100/1541721856/Textures/Things/Pawn/Animal/AA_Eyeling/AA_Eyeling_south.png,,sarg.alphaanimals,n,,n,n,,A_AA_Eyeling/04.png
falumpaset,A_Falumpaset,A_Falumpaset#00,repo-current,src/RimStarWars/SWBestiary/Textures/swanimals/Falumpaset/Falumpaset_south.png,2026-09-17,"de99b5f8a MLIE_FAUNA_ABSORPTION_1: port Falumpaset, Fanback, FeralGrazer (74 -> 71 remaining) | deployed identical | 1 commits touch this path",unknown,,y,y,,A_Falumpaset/00.png
falumpaset,A_Falumpaset,A_Falumpaset#01,repo-current,src/RimStarWars/SWBestiary/Textures/swanimals/Falumpaset/FalumpasetA_south.png,2026-09-17,"de99b5f8a MLIE_FAUNA_ABSORPTION_1: port Falumpaset, Fanback, FeralGrazer (74 -> 71 remaining) | deployed identical | 1 commits touch this path",unknown,,n,n,,A_Falumpaset/01.png
falumpaset,A_Falumpaset,A_Falumpaset#02,repo-current,src/RimStarWars/SWBestiary/Textures/swanimals/Falumpaset/FalumpasetB_south.png,2026-09-17,"de99b5f8a MLIE_FAUNA_ABSORPTION_1: port Falumpaset, Fanback, FeralGrazer (74 -> 71 remaining) | deployed identical | 1 commits touch this path",unknown,,n,n,,A_Falumpaset/02.png
falumpaset,A_Falumpaset,A_Falumpaset#03,repo-current,src/RimStarWars/SWBestiary/Textures/swanimals/Falumpaset/FalumpasetC_south.png,2026-09-17,"de99b5f8a MLIE_FAUNA_ABSORPTION_1: port Falumpaset, Fanback, FeralGrazer (74 -> 71 remaining) | deployed identical | 1 commits touch this path",unknown,,n,n,,A_Falumpaset/03.png
falumpaset,A_Falumpaset,A_Falumpaset#04,repo-current,src/RimStarWars/SWBestiary/Textures/swanimals/Falumpaset/FalumpasetD_south.png,2026-09-17,"de99b5f8a MLIE_FAUNA_ABSORPTION_1: port Falumpaset, Fanback, FeralGrazer (74 -> 71 remaining) | deployed identical | 1 commits touch this path",unknown,,n,n,,A_Falumpaset/04.png
falumpaset,A_Falumpaset,A_Falumpaset#05,repo-current,src/RimStarWars/SWBestiary/Textures/swanimals/Falumpaset/FalumpasetE_south.png,2026-09-17,"de99b5f8a MLIE_FAUNA_ABSORPTION_1: port Falumpaset, Fanback, FeralGrazer (74 -> 71 remaining) | deployed identical | 1 commits touch this path",unknown,,n,n,,A_Falumpaset/05.png
falumpaset,A_Falumpaset,A_Falumpaset#06,artpipe,/mnt/d/Luke/dev/_artpipe/_artsrc/desertportb_falumpaset_south/desertportb_falumpaset_south.png,2026-09-20,DESERT_FAMILY_PORT_EXECUTION_1 | ,"partial (canon named in prompt, no library brief)",Transient/desert_art_review_2026-10-03.decisions.json:A_Falumpaset=redo (every animal appears to be something different),n,n,,A_Falumpaset/06.png
falumpaset,A_Falumpaset,A_Falumpaset#07,donor-bundle,/mnt/d/Luke/dev/RimMandrake/observed/inventory/bundle_textures/mlie.starwarsanimalcollection/textures/swanimals/falumpaset/falumpaset_south.png,,mlie.starwarsanimalcollection,n,,n,?,,A_Falumpaset/07.png
falumpaset,A_Falumpaset,A_Falumpaset#08,donor-bundle,/mnt/d/Luke/dev/RimMandrake/observed/inventory/bundle_textures/mlie.starwarsanimalcollection/textures/swanimals/falumpaset/falumpaseta_south.png,,mlie.starwarsanimalcollection,n,,n,?,,A_Falumpaset/08.png
falumpaset,A_Falumpaset,A_Falumpaset#09,donor-bundle,/mnt/d/Luke/dev/RimMandrake/observed/inventory/bundle_textures/mlie.starwarsanimalcollection/textures/swanimals/falumpaset/falumpasetb_south.png,,mlie.starwarsanimalcollection,n,,n,?,,A_Falumpaset/09.png
falumpaset,A_Falumpaset,A_Falumpaset#10,donor-bundle,/mnt/d/Luke/dev/RimMandrake/observed/inventory/bundle_textures/mlie.starwarsanimalcollection/textures/swanimals/falumpaset/falumpasetc_south.png,,mlie.starwarsanimalcollection,n,,n,?,,A_Falumpaset/10.png
falumpaset,A_Falumpaset,A_Falumpaset#11,donor-bundle,/mnt/d/Luke/dev/RimMandrake/observed/inventory/bundle_textures/mlie.starwarsanimalcollection/textures/swanimals/falumpaset/falumpasetd_south.png,,mlie.starwarsanimalcollection,n,,n,?,,A_Falumpaset/11.png
falumpaset,A_Falumpaset,A_Falumpaset#12,donor-bundle,/mnt/d/Luke/dev/RimMandrake/observed/inventory/bundle_textures/mlie.starwarsanimalcollection/textures/swanimals/falumpaset/falumpasete_south.png,,mlie.starwarsanimalcollection,n,,n,?,,A_Falumpaset/12.png
feral grazer,A_FeralGrazer,A_FeralGrazer#00,repo-current,src/RimStarWars/SWBestiary/Textures/swanimals/FeralGrazer/FeralGrazer_south.png,2026-09-17,"de99b5f8a MLIE_FAUNA_ABSORPTION_1: port Falumpaset, Fanback, FeralGrazer (74 -> 71 remaining) | deployed identical | 1 commits touch this path",unknown,,y,y,,A_FeralGrazer/00.png
feral grazer,A_FeralGrazer,A_FeralGrazer#01,artpipe,/mnt/d/Luke/dev/_artpipe/_artsrc/desertportb_feralgrazer_south/desertportb_feralgrazer_south.png,2026-09-20,DESERT_FAMILY_PORT_EXECUTION_1 | ,"partial (canon named in prompt, no library brief)",,n,n,,A_FeralGrazer/01.png
feral grazer,A_FeralGrazer,A_FeralGrazer#02,donor-bundle,/mnt/d/Luke/dev/RimMandrake/observed/inventory/bundle_textures/mlie.starwarsanimalcollection/textures/swanimals/feralgrazer/feralgrazer_south.png,,mlie.starwarsanimalcollection,n,,n,?,,A_FeralGrazer/02.png
feral nerf,A_FeralNerf,A_FeralNerf#00,repo-current,src/RimStarWars/SWBestiary/Textures/swanimals/FeralNerf/FeralNerf_south.png,2026-09-17,"7e302ad7a MLIE_FAUNA_ABSORPTION_1 Pass 8: port FeralNerf, Nerf, FrilledGorg (71 -> 68 remaining) | deployed identical | 1 commits touch this path",unknown,,y,y,,A_FeralNerf/00.png
feral nerf,A_FeralNerf,A_FeralNerf#01,artpipe,/mnt/d/Luke/dev/_artpipe/_artsrc/desertportb_feralnerf_south/desertportb_feralnerf_south.png,2026-09-20,DESERT_FAMILY_PORT_EXECUTION_1 | ,"partial (canon named in prompt, no library brief)",Transient/desert_art_review_2026-10-03.decisions.json:A_FeralNerf=redo (Not a Nerf from Star wars...),n,n,,A_FeralNerf/01.png
feral nerf,A_FeralNerf,A_FeralNerf#02,donor-bundle,/mnt/d/Luke/dev/RimMandrake/observed/inventory/bundle_textures/mlie.starwarsanimalcollection/textures/swanimals/feralnerf/feralnerf_south.png,,mlie.starwarsanimalcollection,n,,n,?,,A_FeralNerf/02.png
frilled gorg,A_FrilledGorg,A_FrilledGorg#00,repo-current,src/RimStarWars/SWBestiary/Textures/swanimals/FrilledGorg/FrilledGorg_south.png,2026-09-17,"7e302ad7a MLIE_FAUNA_ABSORPTION_1 Pass 8: port FeralNerf, Nerf, FrilledGorg (71 -> 68 remaining) | deployed identical | 1 commits touch this path",unknown,,y,y,,A_FrilledGorg/00.png
frilled gorg,A_FrilledGorg,A_FrilledGorg#01,repo-current,src/RimStarWars/SWBestiary/Textures/swanimals/FrilledGorg/FrilledGorgA_south.png,2026-09-17,"7e302ad7a MLIE_FAUNA_ABSORPTION_1 Pass 8: port FeralNerf, Nerf, FrilledGorg (71 -> 68 remaining) | deployed identical | 1 commits touch this path",unknown,,n,n,,A_FrilledGorg/01.png
frilled gorg,A_FrilledGorg,A_FrilledGorg#02,repo-current,src/RimStarWars/SWBestiary/Textures/swanimals/FrilledGorg/FrilledGorgA_Swimming_south.png,2026-09-17,"7e302ad7a MLIE_FAUNA_ABSORPTION_1 Pass 8: port FeralNerf, Nerf, FrilledGorg (71 -> 68 remaining) | deployed identical | 1 commits touch this path",unknown,,n,n,,A_FrilledGorg/02.png
frilled gorg,A_FrilledGorg,A_FrilledGorg#03,repo-current,src/RimStarWars/SWBestiary/Textures/swanimals/FrilledGorg/FrilledGorgB_south.png,2026-09-17,"7e302ad7a MLIE_FAUNA_ABSORPTION_1 Pass 8: port FeralNerf, Nerf, FrilledGorg (71 -> 68 remaining) | deployed identical | 1 commits touch this path",unknown,,n,n,,A_FrilledGorg/03.png
frilled gorg,A_FrilledGorg,A_FrilledGorg#04,repo-current,src/RimStarWars/SWBestiary/Textures/swanimals/FrilledGorg/FrilledGorgB_Swimming_south.png,2026-09-17,"7e302ad7a MLIE_FAUNA_ABSORPTION_1 Pass 8: port FeralNerf, Nerf, FrilledGorg (71 -> 68 remaining) | deployed identical | 1 commits touch this path",unknown,,n,n,,A_FrilledGorg/04.png
frilled gorg,A_FrilledGorg,A_FrilledGorg#05,repo-current,src/RimStarWars/SWBestiary/Textures/swanimals/FrilledGorg/FrilledGorgC_south.png,2026-09-17,"7e302ad7a MLIE_FAUNA_ABSORPTION_1 Pass 8: port FeralNerf, Nerf, FrilledGorg (71 -> 68 remaining) | deployed identical | 1 commits touch this path",unknown,,n,n,,A_FrilledGorg/05.png
frilled gorg,A_FrilledGorg,A_FrilledGorg#06,repo-current,src/RimStarWars/SWBestiary/Textures/swanimals/FrilledGorg/FrilledGorgC_Swimming_south.png,2026-09-17,"7e302ad7a MLIE_FAUNA_ABSORPTION_1 Pass 8: port FeralNerf, Nerf, FrilledGorg (71 -> 68 remaining) | deployed identical | 1 commits touch this path",unknown,,n,n,,A_FrilledGorg/06.png
frilled gorg,A_FrilledGorg,A_FrilledGorg#07,repo-current,src/RimStarWars/SWBestiary/Textures/swanimals/FrilledGorg/FrilledGorg_Swimming_south.png,2026-09-17,"7e302ad7a MLIE_FAUNA_ABSORPTION_1 Pass 8: port FeralNerf, Nerf, FrilledGorg (71 -> 68 remaining) | deployed identical | 1 commits touch this path",unknown,,n,n,,A_FrilledGorg/07.png
frilled gorg,A_FrilledGorg,A_FrilledGorg#08,repo-current,src/RimStarWars/SWBestiary/Textures/swanimals/FrilledGorg/FrilledGorg_j_south.png,2026-09-17,"7e302ad7a MLIE_FAUNA_ABSORPTION_1 Pass 8: port FeralNerf, Nerf, FrilledGorg (71 -> 68 remaining) | deployed identical | 1 commits touch this path",unknown,,y,y,,A_FrilledGorg/08.png
frilled gorg,A_FrilledGorg,A_FrilledGorg#09,repo-current,src/RimStarWars/SWBestiary/Textures/swanimals/FrilledGorg/FrilledGorg_j_Swimming_south.png,2026-09-17,"7e302ad7a MLIE_FAUNA_ABSORPTION_1 Pass 8: port FeralNerf, Nerf, FrilledGorg (71 -> 68 remaining) | deployed identical | 1 commits touch this path",unknown,,n,n,,A_FrilledGorg/09.png
frilled gorg,A_FrilledGorg,A_FrilledGorg#10,artpipe,/mnt/d/Luke/dev/_artpipe/_artsrc/desert_swaca_frilledgorg_south/desert_swaca_frilledgorg_south.png,2026-09-20,"DESERT_FAMILY_PORT_EXECUTION_1 | RimWorld creature sprite, Star Wars desert bestiary, our own art (not the donor mod's).","partial (canon named in prompt, no library brief)",,n,n,,A_FrilledGorg/10.png
frilled gorg,A_FrilledGorg,A_FrilledGorg#11,donor-bundle,/mnt/d/Luke/dev/RimMandrake/observed/inventory/bundle_textures/mlie.starwarsanimalcollection/textures/swanimals/frilledgorg/frilledgorg_j_south.png,,mlie.starwarsanimalcollection,n,,n,?,,A_FrilledGorg/11.png
frilled gorg,A_FrilledGorg,A_FrilledGorg#12,donor-bundle,/mnt/d/Luke/dev/RimMandrake/observed/inventory/bundle_textures/mlie.starwarsanimalcollection/textures/swanimals/frilledgorg/frilledgorg_j_swimming_south.png,,mlie.starwarsanimalcollection,n,,n,?,,A_FrilledGorg/12.png
frilled gorg,A_FrilledGorg,A_FrilledGorg#13,donor-bundle,/mnt/d/Luke/dev/RimMandrake/observed/inventory/bundle_textures/mlie.starwarsanimalcollection/textures/swanimals/frilledgorg/frilledgorg_south.png,,mlie.starwarsanimalcollection,n,,n,?,,A_FrilledGorg/13.png
frilled gorg,A_FrilledGorg,A_FrilledGorg#14,donor-bundle,/mnt/d/Luke/dev/RimMandrake/observed/inventory/bundle_textures/mlie.starwarsanimalcollection/textures/swanimals/frilledgorg/frilledgorg_swimming_south.png,,mlie.starwarsanimalcollection,n,,n,?,,A_FrilledGorg/14.png
frilled gorg,A_FrilledGorg,A_FrilledGorg#15,donor-bundle,/mnt/d/Luke/dev/RimMandrake/observed/inventory/bundle_textures/mlie.starwarsanimalcollection/textures/swanimals/frilledgorg/frilledgorga_south.png,,mlie.starwarsanimalcollection,n,,n,?,,A_FrilledGorg/15.png
frilled gorg,A_FrilledGorg,A_FrilledGorg#16,donor-bundle,/mnt/d/Luke/dev/RimMandrake/observed/inventory/bundle_textures/mlie.starwarsanimalcollection/textures/swanimals/frilledgorg/frilledgorga_swimming_south.png,,mlie.starwarsanimalcollection,n,,n,?,,A_FrilledGorg/16.png
frilled gorg,A_FrilledGorg,A_FrilledGorg#17,donor-bundle,/mnt/d/Luke/dev/RimMandrake/observed/inventory/bundle_textures/mlie.starwarsanimalcollection/textures/swanimals/frilledgorg/frilledgorgb_south.png,,mlie.starwarsanimalcollection,n,,n,?,,A_FrilledGorg/17.png
frilled gorg,A_FrilledGorg,A_FrilledGorg#18,donor-bundle,/mnt/d/Luke/dev/RimMandrake/observed/inventory/bundle_textures/mlie.starwarsanimalcollection/textures/swanimals/frilledgorg/frilledgorgb_swimming_south.png,,mlie.starwarsanimalcollection,n,,n,?,,A_FrilledGorg/18.png
frilled gorg,A_FrilledGorg,A_FrilledGorg#19,donor-bundle,/mnt/d/Luke/dev/RimMandrake/observed/inventory/bundle_textures/mlie.starwarsanimalcollection/textures/swanimals/frilledgorg/frilledgorgc_south.png,,mlie.starwarsanimalcollection,n,,n,?,,A_FrilledGorg/19.png
frilled gorg,A_FrilledGorg,A_FrilledGorg#20,donor-bundle,/mnt/d/Luke/dev/RimMandrake/observed/inventory/bundle_textures/mlie.starwarsanimalcollection/textures/swanimals/frilledgorg/frilledgorgc_swimming_south.png,,mlie.starwarsanimalcollection,n,,n,?,,A_FrilledGorg/20.png
fuelmite,A_VFEI2_Fuelmite,A_VFEI2_Fuelmite#00,repo-current,src/RimStarWars/SWBestiary/Textures/Things/Pawn/Animal/RSW_Cindermite/RSW_Cindermite_south.png,2026-09-23,"502b24794 DESERT_PORT_PLACEHOLDER_ART_1: wire the remaining 13 species' already-generated art, fix surra grass | deployed identical | 1 commits touch this path",n,,n,n,"RSW_Cindermite (ahash dist 0/256, weak)",A_VFEI2_Fuelmite/00.png
fuelmite,A_VFEI2_Fuelmite,A_VFEI2_Fuelmite#01,artpipe,/mnt/d/Luke/dev/_artpipe/_artsrc/RSW_Cindermite_south/RSW_Cindermite_south.png,2026-09-20,DESERT_FAMILY_PORT_EXECUTION_1 | ,n,,n,n,,A_VFEI2_Fuelmite/01.png
fuelmite,A_VFEI2_Fuelmite,A_VFEI2_Fuelmite#02,donor-loose,/mnt/c/Program Files (x86)/Steam/steamapps/workshop/content/294100/3309003431/Textures/Things/Pawn/Animal/Fuelmite/Fuelmite_south.png,,oskarpotocki.vfe.insectoid2,n,,n,n,,A_VFEI2_Fuelmite/02.png
gigantelope,A_AA_Gigantelope,A_AA_Gigantelope#00,repo-current,src/RimMandrake/LongShade/Textures/Things/Pawn/Animal/RM_Thurra/RM_Thurra_south.png,2026-09-29,"dab5a10c4 LONGSHADE_BEDAZZLE_CONTENT_1: wire finished art, five fillers, qorrax rename, glitter-bird/pirrik merge",n,,n,not deployed,"RSW_Sandhorn (ahash dist 0/256, weak)",A_AA_Gigantelope/00.png
gigantelope,A_AA_Gigantelope,A_AA_Gigantelope#01,repo-current,src/RimStarWars/SWBestiary/Textures/Things/Pawn/Animal/RSW_Thurra/RSW_Thurra_south.png,2026-10-03,2154ef2ea SWBestiary: move 9 DesertPort animal textures to their renamed defNames (all 9 were pink) | deployed identical | 1 commits touch this path,n,,y,y,"RSW_Sandhorn (ahash dist 0/256, weak)",A_AA_Gigantelope/01.png
gigantelope,A_AA_Gigantelope,A_AA_Gigantelope#02,artpipe,/mnt/d/Luke/dev/_artpipe/_artsrc/RM_Thurra_south/RM_Thurra_south.png,2026-09-30,LONGSHADE_BEDAZZLE_CONTENT_1 | long shade register: an open desert of ochre deep-sand sheets and pale-gold cracked hardpan under a perpetual golden hour; lit surfaces warm,n,,n,n,,A_AA_Gigantelope/02.png
gigantelope,A_AA_Gigantelope,A_AA_Gigantelope#03,artpipe,/mnt/d/Luke/dev/_artpipe/_artsrc/RSW_Sandhorn_south/RSW_Sandhorn_south.png,2026-09-20,DESERT_FAMILY_PORT_EXECUTION_1 | ,n,,n,n,,A_AA_Gigantelope/03.png
gigantelope,A_AA_Gigantelope,A_AA_Gigantelope#04,donor-loose,/mnt/c/Program Files (x86)/Steam/steamapps/workshop/content/294100/1541721856/Textures/Art/AA_GigantelopeArt.png,,sarg.alphaanimals,n,,n,n,,A_AA_Gigantelope/04.png
gigantelope,A_AA_Gigantelope,A_AA_Gigantelope#05,donor-loose,/mnt/c/Program Files (x86)/Steam/steamapps/workshop/content/294100/1541721856/Textures/Things/Pawn/Animal/AA_Gigantelope/AA_Gigantelope_baby_south.png,,sarg.alphaanimals,n,,n,n,,A_AA_Gigantelope/05.png
gigantelope,A_AA_Gigantelope,A_AA_Gigantelope#06,donor-loose,/mnt/c/Program Files (x86)/Steam/steamapps/workshop/content/294100/1541721856/Textures/Things/Pawn/Animal/AA_Gigantelope/AA_Gigantelope_female_south.png,,sarg.alphaanimals,n,,n,n,,A_AA_Gigantelope/06.png
gigantelope,A_AA_Gigantelope,A_AA_Gigantelope#07,donor-loose,/mnt/c/Program Files (x86)/Steam/steamapps/workshop/content/294100/1541721856/Textures/Things/Pawn/Animal/AA_Gigantelope/AA_Gigantelope_south.png,,sarg.alphaanimals,n,,n,n,,A_AA_Gigantelope/07.png
gigantelope,A_AA_Gigantelope,A_AA_Gigantelope#08,donor-loose,/mnt/c/Program Files (x86)/Steam/steamapps/workshop/content/294100/1541721856/Textures/Things/Pawn/Animal/Saddles/AA_GigantelopeSaddle_south.png,,sarg.alphaanimals,n,,n,n,,A_AA_Gigantelope/08.png
gigantelope,A_AA_Gigantelope,A_AA_Gigantelope#09,donor-loose,/mnt/c/Program Files (x86)/Steam/steamapps/workshop/content/294100/1541721856/Textures/Things/Pawn/Animal_Alternate/AA_Gigantelope/AA_Gigantelope_south.png,,sarg.alphaanimals,n,,n,n,,A_AA_Gigantelope/09.png
gizka,A_Gizka,A_Gizka#00,repo-current,src/RimStarWars/GizkaArtOverride/Textures/swanimals/Gizka/Gizka_south.png,2026-09-20,1135036ce art: zero the sub-visible export halo across 241 of our facing sprites | deployed identical | 6 commits touch this path,unknown,,y,y,,A_Gizka/00.png
gizka,A_Gizka,A_Gizka#01,repo-current,src/RimStarWars/GizkaArtOverride/Textures/swanimals/Gizka/GizkaW_south.png,2026-09-14,"7c9f2c7b7 Revert ""ART_PAINTERLY_RESTORATION_1: Iriaz/Nuna/Gizka regenerated painterly, rear-view norths (Iriaz UNGATED - no canon library entry; Nuna/Gizka cite starwars_iconic_creatures.md)"" | deployed identical",unknown,,n,n,"pyrelands_gizka_v1 (ahash dist 0/256, weak)",A_Gizka/01.png
gizka,A_Gizka,A_Gizka#02,git-history (overwritten),src/RimStarWars/GizkaArtOverride/Textures/swanimals/Gizka/Gizka_south.png,2026-09-17,"bd9a1b8ee Gizka: dino_v5 is the locked set (owner, 2026-09-17)",unknown,,,,,A_Gizka/02.png
gizka,A_Gizka,A_Gizka#03,git-history (overwritten),src/RimStarWars/GizkaArtOverride/Textures/swanimals/Gizka/Gizka_south.png,2026-09-17,de46f98c1 Gizka biped + Iriaz v2 wired (owner rulings 2026-09-17),unknown,,,,,A_Gizka/03.png
gizka,A_Gizka,A_Gizka#04,git-history (overwritten),src/RimStarWars/GizkaArtOverride/Textures/swanimals/Gizka/Gizka_south.png,2026-09-14,"7c9f2c7b7 Revert ""ART_PAINTERLY_RESTORATION_1: Iriaz/Nuna/Gizka regenerated painterly, rear-view norths (Iriaz UNGATED - no canon library entry; Nuna/Gizka cite starwars_iconic_creatures.md)"" [ART_PAINTERLY_RESTORATION_1]",unknown,,,,"pyrelands_gizka_v1 (ahash dist 0/256, weak)",A_Gizka/04.png
gizka,A_Gizka,A_Gizka#05,git-history (overwritten),src/RimStarWars/GizkaArtOverride/Textures/swanimals/Gizka/Gizka_south.png,2026-09-14,"f209d892c ART_PAINTERLY_RESTORATION_1: Iriaz/Nuna/Gizka regenerated painterly, rear-view norths (Iriaz UNGATED - no canon library entry; Nuna/Gizka cite starwars_iconic_creatures.md) [ART_PAINTERLY_RESTORATION_1]",unknown,,,,,A_Gizka/05.png
gizka,A_Gizka,A_Gizka#06,artpipe,/mnt/d/Luke/dev/_artpipe/_artsrc/desert_swaca_gizka_south/desert_swaca_gizka_south.png,2026-09-20,"DESERT_FAMILY_PORT_EXECUTION_1 | RimWorld creature sprite, Star Wars desert bestiary, our own art (not the donor mod's).","partial (canon named in prompt, no library brief)","Transient/desert_art_review_2026-10-03.decisions.json:A_Gizka=redo (We had a good Gizka.... it didn't need to be redone, and it isn't a frog.)",n,n,,A_Gizka/06.png
gizka,A_Gizka,A_Gizka#07,artpipe (png gone),/mnt/d/Luke/dev/_artpipe/_artsrc/pyrelands_gizka_2leg_option_east/pyrelands_gizka_2leg_option_east.png,2026-09-16,"PYRELANDS_CREATURE_RERENDER_1 | PYRELANDS_CANON_CHECK_2026-09-16 regen, painterly wave-4/5 family (ART_PAINTERLY_RESTORATION_1). Judged against design/RimStarWars/canon_ref",y,,n,n,,
gizka,A_Gizka,A_Gizka#08,artpipe (png gone),/mnt/d/Luke/dev/_artpipe/_artsrc/pyrelands_gizka_biped_v3_north_r2/pyrelands_gizka_biped_v3_north_r2.png,2026-09-16,"PYRELANDS_CREATURE_RERENDER_1 | PYRELANDS_CANON_CHECK_2026-09-16 regen, painterly wave-4/5 family (ART_PAINTERLY_RESTORATION_1). Judged against design/RimStarWars/canon_ref",y,,n,n,,
gizka,A_Gizka,A_Gizka#09,artpipe (png gone),/mnt/d/Luke/dev/_artpipe/_artsrc/pyrelands_gizka_biped_v3_south_r2/pyrelands_gizka_biped_v3_south_r2.png,2026-09-16,"PYRELANDS_CREATURE_RERENDER_1 | PYRELANDS_CANON_CHECK_2026-09-16 regen, painterly wave-4/5 family (ART_PAINTERLY_RESTORATION_1). Judged against design/RimStarWars/canon_ref",y,,n,n,,
gizka,A_Gizka,A_Gizka#10,artpipe (png gone),/mnt/d/Luke/dev/_artpipe/_artsrc/pyrelands_gizka_biped_v4_east_r2/pyrelands_gizka_biped_v4_east_r2.png,2026-09-16,"PYRELANDS_CREATURE_RERENDER_1 | Giz art review regen (owner, 2026-09-16): east renders came out too top-down — owner ruled east/west facings must be SIDE PROFILES, not top-",y,,n,n,,
gizka,A_Gizka,A_Gizka#11,artpipe (png gone),/mnt/d/Luke/dev/_artpipe/_artsrc/pyrelands_gizka_biped_v4_south_r2/pyrelands_gizka_biped_v4_south_r2.png,2026-09-16,"PYRELANDS_CREATURE_RERENDER_1 | Giz art review regen (owner, 2026-09-16): the v3/v2 south renders showed a single central cyclops eye — owner ruled gizka has TWO eyes; cano",y,,n,n,,
gizka,A_Gizka,A_Gizka#12,artpipe (png gone),/mnt/d/Luke/dev/_artpipe/_artsrc/pyrelands_gizka_dino_v5_south/pyrelands_gizka_dino_v5_south.png,2026-09-16,"PYRELANDS_CREATURE_RERENDER_1 | Giz art review round 2 (owner, 2026-09-16): 'Use these as gizka references. You just made a frog. I don't want a frog.' Prompt rewritten aga",y,,n,n,,
gizka,A_Gizka,A_Gizka#13,artpipe,/mnt/d/Luke/dev/_artpipe/_artsrc/pyrelands_gizka_v1_south/pyrelands_gizka_v1_south.png,,? | ,unknown,,n,n,,A_Gizka/13.png
gizka,A_Gizka,A_Gizka#14,artpipe (png gone),/mnt/d/Luke/dev/_artpipe/_artsrc/pyrelands_gizka_v2_south/pyrelands_gizka_v2_south.png,2026-09-16,"PYRELANDS_CREATURE_RERENDER_1 | PYRELANDS_FULL_REVIEW regen under the restored painterly wave-4/5 family (ART_PAINTERLY_RESTORATION_1, owner 2026-09-14). Identity sourced f",y,,n,n,,
gizka,A_Gizka,A_Gizka#15,donor-bundle,/mnt/d/Luke/dev/RimMandrake/observed/inventory/bundle_textures/mlie.starwarsanimalcollection/textures/swanimals/gizka/gizka_south.png,,mlie.starwarsanimalcollection,n,,n,?,,A_Gizka/15.png
gorg,A_Gorg,A_Gorg#00,repo-current,src/RimStarWars/SWBestiary/Textures/swanimals/Gorg/Gorg_south.png,2026-09-17,"48b72ac41 MLIE_FAUNA_ABSORPTION_1 Pass 9: port Gelagrub, Gorg, Gornt, GraniteSlug (68 -> 64 remaining) | deployed identical | 1 commits touch this path",unknown,,y,y,,A_Gorg/00.png
gorg,A_Gorg,A_Gorg#01,repo-current,src/RimStarWars/SWBestiary/Textures/swanimals/Gorg/GorgA_south.png,2026-09-17,"48b72ac41 MLIE_FAUNA_ABSORPTION_1 Pass 9: port Gelagrub, Gorg, Gornt, GraniteSlug (68 -> 64 remaining) | deployed identical | 1 commits touch this path",unknown,,n,n,,A_Gorg/01.png
gorg,A_Gorg,A_Gorg#02,repo-current,src/RimStarWars/SWBestiary/Textures/swanimals/Gorg/GorgA_Swimming_south.png,2026-09-17,"48b72ac41 MLIE_FAUNA_ABSORPTION_1 Pass 9: port Gelagrub, Gorg, Gornt, GraniteSlug (68 -> 64 remaining) | deployed identical | 1 commits touch this path",unknown,,n,n,,A_Gorg/02.png
gorg,A_Gorg,A_Gorg#03,repo-current,src/RimStarWars/SWBestiary/Textures/swanimals/Gorg/GorgB_south.png,2026-09-17,"48b72ac41 MLIE_FAUNA_ABSORPTION_1 Pass 9: port Gelagrub, Gorg, Gornt, GraniteSlug (68 -> 64 remaining) | deployed identical | 1 commits touch this path",unknown,,n,n,,A_Gorg/03.png
gorg,A_Gorg,A_Gorg#04,repo-current,src/RimStarWars/SWBestiary/Textures/swanimals/Gorg/GorgB_Swimming_south.png,2026-09-17,"48b72ac41 MLIE_FAUNA_ABSORPTION_1 Pass 9: port Gelagrub, Gorg, Gornt, GraniteSlug (68 -> 64 remaining) | deployed identical | 1 commits touch this path",unknown,,n,n,,A_Gorg/04.png
gorg,A_Gorg,A_Gorg#05,repo-current,src/RimStarWars/SWBestiary/Textures/swanimals/Gorg/GorgC_south.png,2026-09-17,"48b72ac41 MLIE_FAUNA_ABSORPTION_1 Pass 9: port Gelagrub, Gorg, Gornt, GraniteSlug (68 -> 64 remaining) | deployed identical | 1 commits touch this path",unknown,,n,n,,A_Gorg/05.png
gorg,A_Gorg,A_Gorg#06,repo-current,src/RimStarWars/SWBestiary/Textures/swanimals/Gorg/GorgC_Swimming_south.png,2026-09-17,"48b72ac41 MLIE_FAUNA_ABSORPTION_1 Pass 9: port Gelagrub, Gorg, Gornt, GraniteSlug (68 -> 64 remaining) | deployed identical | 1 commits touch this path",unknown,,n,n,,A_Gorg/06.png
gorg,A_Gorg,A_Gorg#07,repo-current,src/RimStarWars/SWBestiary/Textures/swanimals/Gorg/GorgD_south.png,2026-09-17,"48b72ac41 MLIE_FAUNA_ABSORPTION_1 Pass 9: port Gelagrub, Gorg, Gornt, GraniteSlug (68 -> 64 remaining) | deployed identical | 1 commits touch this path",unknown,,n,n,,A_Gorg/07.png
gorg,A_Gorg,A_Gorg#08,repo-current,src/RimStarWars/SWBestiary/Textures/swanimals/Gorg/GorgD_Swimming_south.png,2026-09-17,"48b72ac41 MLIE_FAUNA_ABSORPTION_1 Pass 9: port Gelagrub, Gorg, Gornt, GraniteSlug (68 -> 64 remaining) | deployed identical | 1 commits touch this path",unknown,,n,n,,A_Gorg/08.png
gorg,A_Gorg,A_Gorg#09,repo-current,src/RimStarWars/SWBestiary/Textures/swanimals/Gorg/GorgE_south.png,2026-09-17,"48b72ac41 MLIE_FAUNA_ABSORPTION_1 Pass 9: port Gelagrub, Gorg, Gornt, GraniteSlug (68 -> 64 remaining) | deployed identical | 1 commits touch this path",unknown,,n,n,,A_Gorg/09.png
gorg,A_Gorg,A_Gorg#10,repo-current,src/RimStarWars/SWBestiary/Textures/swanimals/Gorg/GorgE_Swimming_south.png,2026-09-17,"48b72ac41 MLIE_FAUNA_ABSORPTION_1 Pass 9: port Gelagrub, Gorg, Gornt, GraniteSlug (68 -> 64 remaining) | deployed identical | 1 commits touch this path",unknown,,n,n,,A_Gorg/10.png
gorg,A_Gorg,A_Gorg#11,repo-current,src/RimStarWars/SWBestiary/Textures/swanimals/Gorg/Gorg_Swimming_south.png,2026-09-17,"48b72ac41 MLIE_FAUNA_ABSORPTION_1 Pass 9: port Gelagrub, Gorg, Gornt, GraniteSlug (68 -> 64 remaining) | deployed identical | 1 commits touch this path",unknown,,n,n,,A_Gorg/11.png
gorg,A_Gorg,A_Gorg#12,repo-current,src/RimStarWars/SWBestiary/Textures/swanimals/Gorg/Gorg_j_south.png,2026-09-17,"48b72ac41 MLIE_FAUNA_ABSORPTION_1 Pass 9: port Gelagrub, Gorg, Gornt, GraniteSlug (68 -> 64 remaining) | deployed identical | 1 commits touch this path",unknown,,y,y,,A_Gorg/12.png
gorg,A_Gorg,A_Gorg#13,repo-current,src/RimStarWars/SWBestiary/Textures/swanimals/Gorg/Gorg_j_Swimming_south.png,2026-09-17,"48b72ac41 MLIE_FAUNA_ABSORPTION_1 Pass 9: port Gelagrub, Gorg, Gornt, GraniteSlug (68 -> 64 remaining) | deployed identical | 1 commits touch this path",unknown,,n,n,,A_Gorg/13.png
gorg,A_Gorg,A_Gorg#14,artpipe,/mnt/d/Luke/dev/_artpipe/_artsrc/desert_swaca_gorg_south/desert_swaca_gorg_south.png,2026-09-20,"DESERT_FAMILY_PORT_EXECUTION_1 | RimWorld creature sprite, Star Wars desert bestiary, our own art (not the donor mod's).","partial (canon named in prompt, no library brief)",Transient/desert_art_review_2026-10-03.decisions.json:A_Gorg=redo (This is absolutely not a Gorg. Look it up. Not frog like. ),n,n,,A_Gorg/14.png
gorg,A_Gorg,A_Gorg#15,donor-bundle,/mnt/d/Luke/dev/RimMandrake/observed/inventory/bundle_textures/mlie.starwarsanimalcollection/textures/swanimals/gorg/gorg_j_south.png,,mlie.starwarsanimalcollection,n,,n,?,,A_Gorg/15.png
gorg,A_Gorg,A_Gorg#16,donor-bundle,/mnt/d/Luke/dev/RimMandrake/observed/inventory/bundle_textures/mlie.starwarsanimalcollection/textures/swanimals/gorg/gorg_j_swimming_south.png,,mlie.starwarsanimalcollection,n,,n,?,,A_Gorg/16.png
gorg,A_Gorg,A_Gorg#17,donor-bundle,/mnt/d/Luke/dev/RimMandrake/observed/inventory/bundle_textures/mlie.starwarsanimalcollection/textures/swanimals/gorg/gorg_south.png,,mlie.starwarsanimalcollection,n,,n,?,,A_Gorg/17.png
gorg,A_Gorg,A_Gorg#18,donor-bundle,/mnt/d/Luke/dev/RimMandrake/observed/inventory/bundle_textures/mlie.starwarsanimalcollection/textures/swanimals/gorg/gorg_swimming_south.png,,mlie.starwarsanimalcollection,n,,n,?,,A_Gorg/18.png
granite slug,A_GraniteSlug,A_GraniteSlug#00,repo-current,src/RimStarWars/SWBestiary/Textures/swanimals/GraniteSlug/GraniteSlug_south.png,2026-09-17,"48b72ac41 MLIE_FAUNA_ABSORPTION_1 Pass 9: port Gelagrub, Gorg, Gornt, GraniteSlug (68 -> 64 remaining) | deployed identical | 1 commits touch this path",unknown,,y,y,,A_GraniteSlug/00.png
granite slug,A_GraniteSlug,A_GraniteSlug#01,artpipe,/mnt/d/Luke/dev/_artpipe/_artsrc/desertportb_graniteslug_south/desertportb_graniteslug_south.png,2026-09-20,DESERT_FAMILY_PORT_EXECUTION_1 | ,"partial (canon named in prompt, no library brief)",,n,n,,A_GraniteSlug/01.png
granite slug,A_GraniteSlug,A_GraniteSlug#02,donor-bundle,/mnt/d/Luke/dev/RimMandrake/observed/inventory/bundle_textures/mlie.starwarsanimalcollection/textures/swanimals/graniteslug/graniteslug_south.png,,mlie.starwarsanimalcollection,n,,n,?,,A_GraniteSlug/02.png
Grank,A_Grank,A_Grank#00,repo-current,src/RimStarWars/GrankArtOverride/Textures/swanimals/Grank/Grank_south.png,2026-09-20,1135036ce art: zero the sub-visible export halo across 241 of our facing sprites | deployed identical | 2 commits touch this path,unknown,,y,y,,A_Grank/00.png
Grank,A_Grank,A_Grank#01,git-history (overwritten),src/RimStarWars/GrankArtOverride/Textures/swanimals/Grank/Grank_south.png,2026-09-13,cea007c3a Art-review platform: install every gate-passed render awaiting verdict (95 stems),unknown,,,,,A_Grank/01.png
Grank,A_Grank,A_Grank#02,artpipe,/mnt/d/Luke/dev/_artpipe/_artsrc/desertportb_grank_south/desertportb_grank_south.png,2026-09-20,DESERT_FAMILY_PORT_EXECUTION_1 | ,"partial (canon named in prompt, no library brief)",,n,n,,A_Grank/02.png
Grank,A_Grank,A_Grank#03,artpipe (png gone),/mnt/d/Luke/dev/_artpipe/_artsrc/grank_v1_south/grank_v1_south.png,2026-09-12,"ART_REGEN_WAVE9_QUEUE_1 | SW canon identity KEPT — checked directly against design/RimStarWars/star_wars_canon_names.md's master-bestiary list (Grank, listed [B]) and","partial (canon named in prompt, no library brief)",art_review_2026-09-12/decisions.json:grank_v1_east=keep; art_review_2026-09-12/decisions.json:grank_v1_north=keep; art_review_2026-09-12/decisions.json:grank_v1_south=keep; legibility_final_review_2026-09-13/decisions.json:grank_v1_east=good; legibility_final_review_2026-09-13/decisions.json:grank_v1_north=good; legibility_final_review_2026-09-13/decisions.json:grank_v1_south=good,n,n,,
Grank,A_Grank,A_Grank#04,donor-bundle,/mnt/d/Luke/dev/RimMandrake/observed/inventory/bundle_textures/mlie.starwarsanimalcollection/textures/swanimals/grank/grank_south.png,,mlie.starwarsanimalcollection,n,,n,?,,A_Grank/04.png
greater krayt dragon,A_GreaterKraytDragon,A_GreaterKraytDragon#00,repo-current,src/RimStarWars/GreaterKraytDragonArtOverride/Textures/swanimals/GreaterKraytDragon/GreaterKraytDragon_south.png,2026-09-20,1135036ce art: zero the sub-visible export halo across 241 of our facing sprites | deployed identical | 2 commits touch this path,unknown,,y,y,,A_GreaterKraytDragon/00.png
greater krayt dragon,A_GreaterKraytDragon,A_GreaterKraytDragon#01,git-history (overwritten),src/RimStarWars/GreaterKraytDragonArtOverride/Textures/swanimals/GreaterKraytDragon/GreaterKraytDragon_south.png,2026-09-13,cea007c3a Art-review platform: install every gate-passed render awaiting verdict (95 stems),unknown,,,,,A_GreaterKraytDragon/01.png
greater krayt dragon,A_GreaterKraytDragon,A_GreaterKraytDragon#02,artpipe (png gone),/mnt/d/Luke/dev/_artpipe/_artsrc/desertportb_greaterkraytdragon_south/desertportb_greaterkraytdragon_south.png,2026-09-20,DESERT_FAMILY_PORT_EXECUTION_1 | ,"partial (canon named in prompt, no library brief)",,n,n,,
greater krayt dragon,A_GreaterKraytDragon,A_GreaterKraytDragon#03,artpipe (png gone),/mnt/d/Luke/dev/_artpipe/_artsrc/greaterkraytdragon_v1_south/greaterkraytdragon_v1_south.png,2026-09-11,ART_REGEN_WAVE5_QUEUE_1 | SW canon identity KEPT per owner ruling 2026-09-11 ('improve' semantics): GreaterKraytDragon's name means the canonical Tatooine krayt drago,"partial (canon named in prompt, no library brief)",art_review_2026-09-12/decisions.json:greaterkraytdragon_v1_east=keep; art_review_2026-09-12/decisions.json:greaterkraytdragon_v1_north=keep; art_review_2026-09-12/decisions.json:greaterkraytdragon_v1_south=keep,n,n,,
greater krayt dragon,A_GreaterKraytDragon,A_GreaterKraytDragon#04,donor-bundle,/mnt/d/Luke/dev/RimMandrake/observed/inventory/bundle_textures/mlie.starwarsanimalcollection/textures/swanimals/greaterkraytdragon/greaterkraytdragon_south.png,,mlie.starwarsanimalcollection,n,,n,?,,A_GreaterKraytDragon/04.png
gutkurr,A_Gutkurr,A_Gutkurr#00,repo-current,src/RimStarWars/SWBestiary/Textures/swanimals/Gutkurr/Gutkurr_south.png,2026-09-17,"06dd34811 MLIE_FAUNA_ABSORPTION_1 Pass 10: port Gutkurr, Hrumph, Hssiss, Igitz (64 -> 60 remaining) | deployed identical | 1 commits touch this path",unknown,,y,y,,A_Gutkurr/00.png
gutkurr,A_Gutkurr,A_Gutkurr#01,artpipe,/mnt/d/Luke/dev/_artpipe/_artsrc/desert_swaca_gutkurr_south/desert_swaca_gutkurr_south.png,2026-09-20,"DESERT_FAMILY_PORT_EXECUTION_1 | RimWorld creature sprite, Star Wars desert bestiary, our own art (not the donor mod's).","partial (canon named in prompt, no library brief)",,n,n,,A_Gutkurr/01.png
gutkurr,A_Gutkurr,A_Gutkurr#02,donor-bundle,/mnt/d/Luke/dev/RimMandrake/observed/inventory/bundle_textures/mlie.starwarsanimalcollection/textures/swanimals/gutkurr/gutkurr_south.png,,mlie.starwarsanimalcollection,n,,n,?,,A_Gutkurr/02.png
horax,A_Horax,A_Horax#00,repo-current,src/RimStarWars/HoraxArtOverride/Textures/swanimals/Horax/Horax_south.png,2026-09-20,1135036ce art: zero the sub-visible export halo across 241 of our facing sprites | deployed identical | 2 commits touch this path,unknown,,y,y,,A_Horax/00.png
horax,A_Horax,A_Horax#01,git-history (overwritten),src/RimStarWars/HoraxArtOverride/Textures/swanimals/Horax/Horax_south.png,2026-09-11,"1dfd4b36f ART_REGEN_WAVE1_WIRE_IN_1: wire 5 SW-canon creature art redos (Kreetle, Horax, Fambaa, Dragonsnake, Zakkeg) [ART_REGEN_WAVE1_WIRE_IN_1]",unknown,,,,,A_Horax/01.png
horax,A_Horax,A_Horax#02,artpipe,/mnt/d/Luke/dev/_artpipe/_artsrc/desertportb_horax_south/desertportb_horax_south.png,2026-09-20,DESERT_FAMILY_PORT_EXECUTION_1 | ,"partial (canon named in prompt, no library brief)",,n,n,,A_Horax/02.png
horax,A_Horax,A_Horax#03,artpipe (png gone),/mnt/d/Luke/dev/_artpipe/_artsrc/horax_v1_south/horax_v1_south.png,2026-09-11,"CREATURE_ART_REVIEW_SHEET_1 | Canonical Star Wars Horax — colossal blue-gray reptile, shovel-horned snout, four saber fangs, spiked club-tail, thick knobby hide. Match pa","partial (canon named in prompt, no library brief)",art_review_2026-09-12/decisions.json:horax_v1_east=keep; art_review_2026-09-12/decisions.json:horax_v1_north=keep; art_review_2026-09-12/decisions.json:horax_v1_south=keep; legibility_grading_2026-09-13/decisions.json:horax_v1_east=mud,n,n,,
horax,A_Horax,A_Horax#04,donor-bundle,/mnt/d/Luke/dev/RimMandrake/observed/inventory/bundle_textures/mlie.starwarsanimalcollection/textures/swanimals/horax/horax_south.png,,mlie.starwarsanimalcollection,n,,n,?,,A_Horax/04.png
hrumph,A_Hrumph,A_Hrumph#00,repo-current,src/RimStarWars/SWBestiary/Textures/swanimals/Hrumph/Hrumph_south.png,2026-09-17,"06dd34811 MLIE_FAUNA_ABSORPTION_1 Pass 10: port Gutkurr, Hrumph, Hssiss, Igitz (64 -> 60 remaining) | deployed identical | 1 commits touch this path",unknown,,y,y,,A_Hrumph/00.png
hrumph,A_Hrumph,A_Hrumph#01,repo-current,src/RimStarWars/SWBestiary/Textures/swanimals/Hrumph/Hrumph_j_south.png,2026-09-17,"06dd34811 MLIE_FAUNA_ABSORPTION_1 Pass 10: port Gutkurr, Hrumph, Hssiss, Igitz (64 -> 60 remaining) | deployed identical | 1 commits touch this path",unknown,,y,y,,A_Hrumph/01.png
hrumph,A_Hrumph,A_Hrumph#02,artpipe,/mnt/d/Luke/dev/_artpipe/_artsrc/desert_swaca_hrumph_south/desert_swaca_hrumph_south.png,2026-09-20,"DESERT_FAMILY_PORT_EXECUTION_1 | RimWorld creature sprite, Star Wars desert bestiary, our own art (not the donor mod's).","partial (canon named in prompt, no library brief)",,n,n,,A_Hrumph/02.png
hrumph,A_Hrumph,A_Hrumph#03,donor-bundle,/mnt/d/Luke/dev/RimMandrake/observed/inventory/bundle_textures/mlie.starwarsanimalcollection/textures/swanimals/hrumph/hrumph_j_south.png,,mlie.starwarsanimalcollection,n,,n,?,,A_Hrumph/03.png
hrumph,A_Hrumph,A_Hrumph#04,donor-bundle,/mnt/d/Luke/dev/RimMandrake/observed/inventory/bundle_textures/mlie.starwarsanimalcollection/textures/swanimals/hrumph/hrumph_south.png,,mlie.starwarsanimalcollection,n,,n,?,,A_Hrumph/04.png
igitz,A_Igitz,A_Igitz#00,repo-current,src/RimStarWars/SWBestiary/Textures/swanimals/Igitz/Igitz_south.png,2026-09-17,"06dd34811 MLIE_FAUNA_ABSORPTION_1 Pass 10: port Gutkurr, Hrumph, Hssiss, Igitz (64 -> 60 remaining) | deployed identical | 1 commits touch this path",unknown,,y,y,,A_Igitz/00.png
igitz,A_Igitz,A_Igitz#01,repo-current,src/RimStarWars/SWBestiary/Textures/swanimals/Igitz/Igitz_Swimming_south.png,2026-09-17,"06dd34811 MLIE_FAUNA_ABSORPTION_1 Pass 10: port Gutkurr, Hrumph, Hssiss, Igitz (64 -> 60 remaining) | deployed identical | 1 commits touch this path",unknown,,n,n,,A_Igitz/01.png
igitz,A_Igitz,A_Igitz#02,repo-current,src/RimStarWars/SWBestiary/Textures/swanimals/Igitz/Igitz_j_south.png,2026-09-17,"06dd34811 MLIE_FAUNA_ABSORPTION_1 Pass 10: port Gutkurr, Hrumph, Hssiss, Igitz (64 -> 60 remaining) | deployed identical | 1 commits touch this path",unknown,,y,y,,A_Igitz/02.png
igitz,A_Igitz,A_Igitz#03,artpipe,/mnt/d/Luke/dev/_artpipe/_artsrc/desert_swaca_igitz_south/desert_swaca_igitz_south.png,2026-09-20,"DESERT_FAMILY_PORT_EXECUTION_1 | RimWorld creature sprite, Star Wars desert bestiary, our own art (not the donor mod's).","partial (canon named in prompt, no library brief)",,n,n,,A_Igitz/03.png
igitz,A_Igitz,A_Igitz#04,donor-bundle,/mnt/d/Luke/dev/RimMandrake/observed/inventory/bundle_textures/mlie.starwarsanimalcollection/textures/swanimals/igitz/igitz_j_south.png,,mlie.starwarsanimalcollection,n,,n,?,,A_Igitz/04.png
igitz,A_Igitz,A_Igitz#05,donor-bundle,/mnt/d/Luke/dev/RimMandrake/observed/inventory/bundle_textures/mlie.starwarsanimalcollection/textures/swanimals/igitz/igitz_south.png,,mlie.starwarsanimalcollection,n,,n,?,,A_Igitz/05.png
igitz,A_Igitz,A_Igitz#06,donor-bundle,/mnt/d/Luke/dev/RimMandrake/observed/inventory/bundle_textures/mlie.starwarsanimalcollection/textures/swanimals/igitz/igitz_swimming_south.png,,mlie.starwarsanimalcollection,n,,n,?,,A_Igitz/06.png
imperial toad,A_RSW_ImperialToad,A_RSW_ImperialToad#00,repo-current,src/RimStarWars/SWBestiary/Textures/swanimals/BiomesTeam/BMT_Caverns/Things/Animal/ImperialToad/ImperialToad_south.png,2026-09-11,a72757b9d BMT_FAUNA_ABSORPTION_1: port 68 biomesteam.* creatures to RSW_/SWBestiary tier | deployed identical | 1 commits touch this path,unknown,,y,y,,A_RSW_ImperialToad/00.png
imperial toad,A_RSW_ImperialToad,A_RSW_ImperialToad#01,artpipe,/mnt/d/Luke/dev/_artpipe/_artsrc/desertportb_imperialtoad_south/desertportb_imperialtoad_south.png,2026-09-27,DESERT_FAMILY_PORT_EXECUTION_1 | ,"partial (canon named in prompt, no library brief)",Transient/desert_art_review_2026-10-03.decisions.json:A_RSW_ImperialToad= (Cut it),n,n,,A_RSW_ImperialToad/01.png
iriaz,A_Iriaz,A_Iriaz#00,repo-current,src/RimStarWars/IriazArtOverride/Textures/swanimals/Iriaz/Iriaz_south.png,2026-09-20,1135036ce art: zero the sub-visible export halo across 241 of our facing sprites | deployed identical | 6 commits touch this path,unknown,,shadowed,shadowed,,A_Iriaz/00.png
iriaz,A_Iriaz,A_Iriaz#01,repo-current,src/RimStarWars/SWBestiary/Textures/swanimals/Iriaz/Iriaz_south.png,2026-09-12,e2b1262d3 MLIE_FAUNA_ABSORPTION_1: defName-drift sweep + Iriaz/Mudhorn ported | deployed identical | 1 commits touch this path,unknown,,y,y,,A_Iriaz/01.png
iriaz,A_Iriaz,A_Iriaz#02,git-history (overwritten),src/RimStarWars/IriazArtOverride/Textures/swanimals/Iriaz/Iriaz_south.png,2026-09-18,af9a1f94b ZEER_EAST_TOP_CLIP_1: three clipped facings repaired inside their own canvases [ZEER_EAST_TOP_CLIP_1],unknown,,,,,A_Iriaz/02.png
iriaz,A_Iriaz,A_Iriaz#03,git-history (overwritten),src/RimStarWars/IriazArtOverride/Textures/swanimals/Iriaz/Iriaz_south.png,2026-09-17,de46f98c1 Gizka biped + Iriaz v2 wired (owner rulings 2026-09-17),unknown,,,,,A_Iriaz/03.png
iriaz,A_Iriaz,A_Iriaz#04,git-history (overwritten),src/RimStarWars/IriazArtOverride/Textures/swanimals/Iriaz/Iriaz_south.png,2026-09-14,"7c9f2c7b7 Revert ""ART_PAINTERLY_RESTORATION_1: Iriaz/Nuna/Gizka regenerated painterly, rear-view norths (Iriaz UNGATED - no canon library entry; Nuna/Gizka cite starwars_iconic_creatures.md)"" [ART_PAINTERLY_RESTORATION_1]",unknown,,,,"pyrelands_iriaz_v1 (ahash dist 0/256, weak)",A_Iriaz/04.png
iriaz,A_Iriaz,A_Iriaz#05,git-history (overwritten),src/RimStarWars/IriazArtOverride/Textures/swanimals/Iriaz/Iriaz_south.png,2026-09-14,"f209d892c ART_PAINTERLY_RESTORATION_1: Iriaz/Nuna/Gizka regenerated painterly, rear-view norths (Iriaz UNGATED - no canon library entry; Nuna/Gizka cite starwars_iconic_creatures.md) [ART_PAINTERLY_RESTORATION_1]",unknown,,,,,A_Iriaz/05.png
iriaz,A_Iriaz,A_Iriaz#06,artpipe,/mnt/d/Luke/dev/_artpipe/_artsrc/desert_swaca_iriaz_south/desert_swaca_iriaz_south.png,2026-09-20,"DESERT_FAMILY_PORT_EXECUTION_1 | RimWorld creature sprite, Star Wars desert bestiary, our own art (not the donor mod's).","partial (canon named in prompt, no library brief)",Transient/desert_art_review_2026-10-03.decisions.json:A_Iriaz=keep,n,n,,A_Iriaz/06.png
iriaz,A_Iriaz,A_Iriaz#07,artpipe,/mnt/d/Luke/dev/_artpipe/_artsrc/pyrelands_iriaz_v1_south/pyrelands_iriaz_v1_south.png,,? | ,unknown,,n,n,,A_Iriaz/07.png
iriaz,A_Iriaz,A_Iriaz#08,artpipe,/mnt/d/Luke/dev/_artpipe/_artsrc/pyrelands_iriaz_v1_north_r2/pyrelands_iriaz_v1_north_r2.png,,? | ,unknown,,n,n,,A_Iriaz/08.png
iriaz,A_Iriaz,A_Iriaz#09,artpipe (png gone),/mnt/d/Luke/dev/_artpipe/_artsrc/pyrelands_iriaz_v2_south/pyrelands_iriaz_v2_south.png,2026-09-16,"IRIAZ_ART_REGEN_1 | PYRELANDS_FULL_REVIEW regen under the restored painterly wave-4/5 family (ART_PAINTERLY_RESTORATION_1, owner 2026-09-14). Identity sourced f",y,,n,n,,
iriaz,A_Iriaz,A_Iriaz#10,artpipe (png gone),/mnt/d/Luke/dev/_artpipe/_artsrc/pyrelands_iriaz_v3_south/pyrelands_iriaz_v3_south.png,2026-09-16,"PYRELANDS_CREATURE_RERENDER_1 | PYRELANDS_CANON_CHECK_2026-09-16 regen, painterly wave-4/5 family (ART_PAINTERLY_RESTORATION_1). Judged against design/RimStarWars/canon_ref",y,,n,n,,
iriaz,A_Iriaz,A_Iriaz#11,donor-bundle,/mnt/d/Luke/dev/RimMandrake/observed/inventory/bundle_textures/mlie.starwarsanimalcollection/textures/swanimals/iriaz/iriaz_south.png,,mlie.starwarsanimalcollection,n,,n,?,,A_Iriaz/11.png
iriaz,A_Iriaz,A_Iriaz#12,canon-library,design/RimStarWars/canon_references/iriaz/donor_current_sprite.png,,canon_references entry image,y (reference),,n,n,,A_Iriaz/12.png
iridonian reek,A_IridonianReek,A_IridonianReek#00,repo-current,src/RimStarWars/SWBestiary/Textures/swanimals/IridonianReek/IridonianReek_south.png,2026-09-17,"bab45edca MLIE_FAUNA_ABSORPTION_1 Pass 11: port IridonianReek, Jakobeast, Jamel, Jimvu (60 -> 56 remaining) | deployed identical | 1 commits touch this path",unknown,,y,y,,A_IridonianReek/00.png
iridonian reek,A_IridonianReek,A_IridonianReek#01,repo-current,src/RimStarWars/SWBestiary/Textures/swanimals/Reek/Reek_j_south.png,2026-09-17,"bab45edca MLIE_FAUNA_ABSORPTION_1 Pass 11: port IridonianReek, Jakobeast, Jamel, Jimvu (60 -> 56 remaining) | deployed identical | 1 commits touch this path",unknown,,y,y,,A_IridonianReek/01.png
iridonian reek,A_IridonianReek,A_IridonianReek#02,artpipe,/mnt/d/Luke/dev/_artpipe/_artsrc/desert_swaca_iridonianreek_south/desert_swaca_iridonianreek_south.png,2026-09-20,"DESERT_FAMILY_PORT_EXECUTION_1 | RimWorld creature sprite, Star Wars desert bestiary, our own art (not the donor mod's).","partial (canon named in prompt, no library brief)",Transient/desert_art_review_2026-10-03.decisions.json:A_IridonianReek=keep,n,n,,A_IridonianReek/02.png
iridonian reek,A_IridonianReek,A_IridonianReek#03,donor-bundle,/mnt/d/Luke/dev/RimMandrake/observed/inventory/bundle_textures/mlie.starwarsanimalcollection/textures/swanimals/iridonianreek/iridonianreek_south.png,,mlie.starwarsanimalcollection,n,,n,?,,A_IridonianReek/03.png
jakobeast,A_Jakobeast,A_Jakobeast#00,repo-current,src/RimStarWars/SWBestiary/Textures/swanimals/Jakobeast/Jakobeast_south.png,2026-09-17,"bab45edca MLIE_FAUNA_ABSORPTION_1 Pass 11: port IridonianReek, Jakobeast, Jamel, Jimvu (60 -> 56 remaining) | deployed identical | 1 commits touch this path",unknown,,y,y,,A_Jakobeast/00.png
jakobeast,A_Jakobeast,A_Jakobeast#01,repo-current,src/RimStarWars/SWBestiary/Textures/swanimals/Jakobeast/Jakobeast_j_south.png,2026-09-17,"bab45edca MLIE_FAUNA_ABSORPTION_1 Pass 11: port IridonianReek, Jakobeast, Jamel, Jimvu (60 -> 56 remaining) | deployed identical | 1 commits touch this path",unknown,,y,y,,A_Jakobeast/01.png
jakobeast,A_Jakobeast,A_Jakobeast#02,artpipe,/mnt/d/Luke/dev/_artpipe/_artsrc/desertportb_jakobeast_south/desertportb_jakobeast_south.png,2026-09-20,DESERT_FAMILY_PORT_EXECUTION_1 | ,"partial (canon named in prompt, no library brief)",Transient/desert_art_review_2026-10-03.decisions.json:A_Jakobeast=keep,n,n,,A_Jakobeast/02.png
jakobeast,A_Jakobeast,A_Jakobeast#03,donor-bundle,/mnt/d/Luke/dev/RimMandrake/observed/inventory/bundle_textures/mlie.starwarsanimalcollection/textures/swanimals/jakobeast/jakobeast_j_south.png,,mlie.starwarsanimalcollection,n,,n,?,,A_Jakobeast/03.png
jakobeast,A_Jakobeast,A_Jakobeast#04,donor-bundle,/mnt/d/Luke/dev/RimMandrake/observed/inventory/bundle_textures/mlie.starwarsanimalcollection/textures/swanimals/jakobeast/jakobeast_south.png,,mlie.starwarsanimalcollection,n,,n,?,,A_Jakobeast/04.png
jakobeast,A_Jakobeast,A_Jakobeast#05,donor-bundle,/mnt/d/Luke/dev/RimMandrake/observed/inventory/bundle_textures/mlie.starwarsanimalcollection/textures/swresource/trophies/jakobeasthorn.png,,mlie.starwarsanimalcollection,n,,n,?,,A_Jakobeast/05.png
Jamel,A_Jamel,A_Jamel#00,repo-current,src/RimStarWars/SWBestiary/Textures/swanimals/Jamel/Jamel_south.png,2026-09-18,3f891c5c7 CAVERNS_ARTOVERRIDE_REHOME_1: ten ArtOverride mods rehomed into SWBestiary and retired | deployed identical | 2 commits touch this path,unknown,,y,y,,A_Jamel/00.png
Jamel,A_Jamel,A_Jamel#01,git-history (overwritten),src/RimStarWars/SWBestiary/Textures/swanimals/Jamel/Jamel_south.png,2026-09-17,"bab45edca MLIE_FAUNA_ABSORPTION_1 Pass 11: port IridonianReek, Jakobeast, Jamel, Jimvu (60 -> 56 remaining) [MLIE_FAUNA_ABSORPTION_1]",unknown,,,,,A_Jamel/01.png
Jamel,A_Jamel,A_Jamel#02,artpipe,/mnt/d/Luke/dev/_artpipe/_artsrc/desert_swaca_jamel_south/desert_swaca_jamel_south.png,2026-09-20,"DESERT_FAMILY_PORT_EXECUTION_1 | RimWorld creature sprite, Star Wars desert bestiary, our own art (not the donor mod's).","partial (canon named in prompt, no library brief)",Transient/desert_art_review_2026-10-03.decisions.json:A_Jamel=keep,n,n,,A_Jamel/02.png
Jamel,A_Jamel,A_Jamel#03,donor-bundle,/mnt/d/Luke/dev/RimMandrake/observed/inventory/bundle_textures/mlie.starwarsanimalcollection/textures/swanimals/jamel/jamel_south.png,,mlie.starwarsanimalcollection,n,,n,?,,A_Jamel/03.png
jellypot,A_RSW_Jellypot,A_RSW_Jellypot#00,repo-current,src/RimStarWars/SWBestiary/Textures/swanimals/BiomesTeam/BMT_Caverns/Things/Animal/Jellypot/Jellypot_south.png,2026-09-11,a72757b9d BMT_FAUNA_ABSORPTION_1: port 68 biomesteam.* creatures to RSW_/SWBestiary tier | deployed identical | 1 commits touch this path,unknown,,y,y,,A_RSW_Jellypot/00.png
jellypot,A_RSW_Jellypot,A_RSW_Jellypot#01,artpipe,/mnt/d/Luke/dev/_artpipe/_artsrc/desertportb_jellypot_south/desertportb_jellypot_south.png,2026-09-27,DESERT_FAMILY_PORT_EXECUTION_1 | ,"partial (canon named in prompt, no library brief)",Transient/desert_art_review_2026-10-03.decisions.json:A_RSW_Jellypot=keep,n,n,,A_RSW_Jellypot/01.png
jimvu,A_Jimvu,A_Jimvu#00,repo-current,src/RimStarWars/SWBestiary/Textures/swanimals/Jimvu/Jimvu_south.png,2026-09-17,"bab45edca MLIE_FAUNA_ABSORPTION_1 Pass 11: port IridonianReek, Jakobeast, Jamel, Jimvu (60 -> 56 remaining) | deployed identical | 1 commits touch this path",unknown,,y,y,,A_Jimvu/00.png
jimvu,A_Jimvu,A_Jimvu#01,artpipe,/mnt/d/Luke/dev/_artpipe/_artsrc/desert_swaca_jimvu_south/desert_swaca_jimvu_south.png,2026-09-20,"DESERT_FAMILY_PORT_EXECUTION_1 | RimWorld creature sprite, Star Wars desert bestiary, our own art (not the donor mod's).","partial (canon named in prompt, no library brief)",Transient/desert_art_review_2026-10-03.decisions.json:A_Jimvu=redo,n,n,,A_Jimvu/01.png
jimvu,A_Jimvu,A_Jimvu#02,donor-bundle,/mnt/d/Luke/dev/RimMandrake/observed/inventory/bundle_textures/mlie.starwarsanimalcollection/textures/swanimals/jimvu/jimvu_south.png,,mlie.starwarsanimalcollection,n,,n,?,,A_Jimvu/02.png
kowakian monkey-lizard,A_KowakianMonkeyLizard,A_KowakianMonkeyLizard#00,repo-current,src/RimStarWars/SWBestiary/Textures/swanimals/KowakianMonkeyLizard/KowakianMonkeyLizard_south.png,2026-09-17,"74e9d4953 MLIE_FAUNA_ABSORPTION_1 Pass 14: port KraytDragon, KowakianMonkeyLizard, Klorslug (48 -> 45 remaining) | deployed identical | 1 commits touch this path",unknown,,y,y,,A_KowakianMonkeyLizard/00.png
kowakian monkey-lizard,A_KowakianMonkeyLizard,A_KowakianMonkeyLizard#01,repo-current,src/RimStarWars/SWBestiary/Textures/swanimals/KowakianMonkeyLizard/KowakianMonkeyLizardA_south.png,2026-09-17,"74e9d4953 MLIE_FAUNA_ABSORPTION_1 Pass 14: port KraytDragon, KowakianMonkeyLizard, Klorslug (48 -> 45 remaining) | deployed identical | 1 commits touch this path",unknown,,n,n,,A_KowakianMonkeyLizard/01.png
kowakian monkey-lizard,A_KowakianMonkeyLizard,A_KowakianMonkeyLizard#02,repo-current,src/RimStarWars/SWBestiary/Textures/swanimals/KowakianMonkeyLizard/KowakianMonkeyLizardB_south.png,2026-09-17,"74e9d4953 MLIE_FAUNA_ABSORPTION_1 Pass 14: port KraytDragon, KowakianMonkeyLizard, Klorslug (48 -> 45 remaining) | deployed identical | 1 commits touch this path",unknown,,n,n,,A_KowakianMonkeyLizard/02.png
kowakian monkey-lizard,A_KowakianMonkeyLizard,A_KowakianMonkeyLizard#03,repo-current,src/RimStarWars/SWBestiary/Textures/swanimals/KowakianMonkeyLizard/KowakianMonkeyLizardC_south.png,2026-09-17,"74e9d4953 MLIE_FAUNA_ABSORPTION_1 Pass 14: port KraytDragon, KowakianMonkeyLizard, Klorslug (48 -> 45 remaining) | deployed identical | 1 commits touch this path",unknown,,n,n,,A_KowakianMonkeyLizard/03.png
kowakian monkey-lizard,A_KowakianMonkeyLizard,A_KowakianMonkeyLizard#04,repo-current,src/RimStarWars/SWBestiary/Textures/swanimals/KowakianMonkeyLizard/KowakianMonkeyLizardD_south.png,2026-09-17,"74e9d4953 MLIE_FAUNA_ABSORPTION_1 Pass 14: port KraytDragon, KowakianMonkeyLizard, Klorslug (48 -> 45 remaining) | deployed identical | 1 commits touch this path",unknown,,n,n,,A_KowakianMonkeyLizard/04.png
kowakian monkey-lizard,A_KowakianMonkeyLizard,A_KowakianMonkeyLizard#05,repo-current,src/RimStarWars/SWBestiary/Textures/swanimals/KowakianMonkeyLizard/KowakianMonkeyLizardE_south.png,2026-09-17,"74e9d4953 MLIE_FAUNA_ABSORPTION_1 Pass 14: port KraytDragon, KowakianMonkeyLizard, Klorslug (48 -> 45 remaining) | deployed identical | 1 commits touch this path",unknown,,n,n,,A_KowakianMonkeyLizard/05.png
kowakian monkey-lizard,A_KowakianMonkeyLizard,A_KowakianMonkeyLizard#06,artpipe,/mnt/d/Luke/dev/_artpipe/_artsrc/desertportb_kowakianmonkeylizard_south/desertportb_kowakianmonkeylizard_south.png,2026-09-20,DESERT_FAMILY_PORT_EXECUTION_1 | ,"partial (canon named in prompt, no library brief)",Transient/desert_art_review_2026-10-03.decisions.json:A_KowakianMonkeyLizard=redo (different faces must look the same. See web),n,n,,A_KowakianMonkeyLizard/06.png
kowakian monkey-lizard,A_KowakianMonkeyLizard,A_KowakianMonkeyLizard#07,donor-bundle,/mnt/d/Luke/dev/RimMandrake/observed/inventory/bundle_textures/mlie.starwarsanimalcollection/textures/swanimals/kowakianmonkeylizard/kowakianmonkeylizard_south.png,,mlie.starwarsanimalcollection,n,,n,?,,A_KowakianMonkeyLizard/07.png
kowakian monkey-lizard,A_KowakianMonkeyLizard,A_KowakianMonkeyLizard#08,donor-bundle,/mnt/d/Luke/dev/RimMandrake/observed/inventory/bundle_textures/mlie.starwarsanimalcollection/textures/swanimals/kowakianmonkeylizard/kowakianmonkeylizarda_south.png,,mlie.starwarsanimalcollection,n,,n,?,,A_KowakianMonkeyLizard/08.png
kowakian monkey-lizard,A_KowakianMonkeyLizard,A_KowakianMonkeyLizard#09,donor-bundle,/mnt/d/Luke/dev/RimMandrake/observed/inventory/bundle_textures/mlie.starwarsanimalcollection/textures/swanimals/kowakianmonkeylizard/kowakianmonkeylizardb_south.png,,mlie.starwarsanimalcollection,n,,n,?,,A_KowakianMonkeyLizard/09.png
kowakian monkey-lizard,A_KowakianMonkeyLizard,A_KowakianMonkeyLizard#10,donor-bundle,/mnt/d/Luke/dev/RimMandrake/observed/inventory/bundle_textures/mlie.starwarsanimalcollection/textures/swanimals/kowakianmonkeylizard/kowakianmonkeylizardc_south.png,,mlie.starwarsanimalcollection,n,,n,?,,A_KowakianMonkeyLizard/10.png
kowakian monkey-lizard,A_KowakianMonkeyLizard,A_KowakianMonkeyLizard#11,donor-bundle,/mnt/d/Luke/dev/RimMandrake/observed/inventory/bundle_textures/mlie.starwarsanimalcollection/textures/swanimals/kowakianmonkeylizard/kowakianmonkeylizardd_south.png,,mlie.starwarsanimalcollection,n,,n,?,,A_KowakianMonkeyLizard/11.png
kowakian monkey-lizard,A_KowakianMonkeyLizard,A_KowakianMonkeyLizard#12,donor-bundle,/mnt/d/Luke/dev/RimMandrake/observed/inventory/bundle_textures/mlie.starwarsanimalcollection/textures/swanimals/kowakianmonkeylizard/kowakianmonkeylizarde_south.png,,mlie.starwarsanimalcollection,n,,n,?,,A_KowakianMonkeyLizard/12.png
krayt dragon,A_KraytDragon,A_KraytDragon#00,repo-current,src/RimStarWars/GreaterKraytDragonArtOverride/Textures/swanimals/GreaterKraytDragon/GreaterKraytDragon_south.png,2026-09-20,1135036ce art: zero the sub-visible export halo across 241 of our facing sprites | deployed identical | 2 commits touch this path,unknown,,n,n,,A_KraytDragon/00.png
krayt dragon,A_KraytDragon,A_KraytDragon#01,repo-current,src/RimStarWars/SWBestiary/Textures/swanimals/KraytDragon/KraytDragon_f_south.png,2026-09-17,"74e9d4953 MLIE_FAUNA_ABSORPTION_1 Pass 14: port KraytDragon, KowakianMonkeyLizard, Klorslug (48 -> 45 remaining) | deployed identical | 1 commits touch this path",unknown,,y,y,,A_KraytDragon/01.png
krayt dragon,A_KraytDragon,A_KraytDragon#02,repo-current,src/RimStarWars/SWBestiary/Textures/swanimals/KraytDragon/KraytDragon_j_south.png,2026-09-17,"74e9d4953 MLIE_FAUNA_ABSORPTION_1 Pass 14: port KraytDragon, KowakianMonkeyLizard, Klorslug (48 -> 45 remaining) | deployed identical | 1 commits touch this path",unknown,,y,y,,A_KraytDragon/02.png
krayt dragon,A_KraytDragon,A_KraytDragon#03,repo-current,src/RimStarWars/SWBestiary/Textures/swanimals/KraytDragon/KraytDragon_m_south.png,2026-09-17,"74e9d4953 MLIE_FAUNA_ABSORPTION_1 Pass 14: port KraytDragon, KowakianMonkeyLizard, Klorslug (48 -> 45 remaining) | deployed identical | 1 commits touch this path",unknown,,y,y,,A_KraytDragon/03.png
krayt dragon,A_KraytDragon,A_KraytDragon#04,git-history (overwritten),src/RimStarWars/GreaterKraytDragonArtOverride/Textures/swanimals/GreaterKraytDragon/GreaterKraytDragon_south.png,2026-09-13,cea007c3a Art-review platform: install every gate-passed render awaiting verdict (95 stems),unknown,,,,,A_KraytDragon/04.png
krayt dragon,A_KraytDragon,A_KraytDragon#05,artpipe (png gone),/mnt/d/Luke/dev/_artpipe/_artsrc/desertportb_greaterkraytdragon_south/desertportb_greaterkraytdragon_south.png,2026-09-20,DESERT_FAMILY_PORT_EXECUTION_1 | ,"partial (canon named in prompt, no library brief)",Transient/desert_art_review_2026-10-03.decisions.json:A_KraytDragon=redo (unify faces),n,n,,
krayt dragon,A_KraytDragon,A_KraytDragon#06,artpipe,/mnt/d/Luke/dev/_artpipe/_artsrc/desertportb_kraytdragon_south/desertportb_kraytdragon_south.png,2026-09-20,DESERT_FAMILY_PORT_EXECUTION_1 | ,"partial (canon named in prompt, no library brief)",Transient/desert_art_review_2026-10-03.decisions.json:A_KraytDragon=redo (unify faces),n,n,,A_KraytDragon/06.png
krayt dragon,A_KraytDragon,A_KraytDragon#07,artpipe (png gone),/mnt/d/Luke/dev/_artpipe/_artsrc/greaterkraytdragon_v1_south/greaterkraytdragon_v1_south.png,2026-09-11,ART_REGEN_WAVE5_QUEUE_1 | SW canon identity KEPT per owner ruling 2026-09-11 ('improve' semantics): GreaterKraytDragon's name means the canonical Tatooine krayt drago,"partial (canon named in prompt, no library brief)",art_review_2026-09-12/decisions.json:greaterkraytdragon_v1_east=keep; art_review_2026-09-12/decisions.json:greaterkraytdragon_v1_north=keep; art_review_2026-09-12/decisions.json:greaterkraytdragon_v1_south=keep,n,n,,
krayt dragon,A_KraytDragon,A_KraytDragon#08,donor-bundle,/mnt/d/Luke/dev/RimMandrake/observed/inventory/bundle_textures/mlie.starwarsanimalcollection/textures/swanimals/greaterkraytdragon/greaterkraytdragon_south.png,,mlie.starwarsanimalcollection,n,,n,?,,A_KraytDragon/08.png
krayt dragon,A_KraytDragon,A_KraytDragon#09,donor-bundle,/mnt/d/Luke/dev/RimMandrake/observed/inventory/bundle_textures/mlie.starwarsanimalcollection/textures/swanimals/kraytdragon/kraytdragon_f_south.png,,mlie.starwarsanimalcollection,n,,n,?,,A_KraytDragon/09.png
krayt dragon,A_KraytDragon,A_KraytDragon#10,donor-bundle,/mnt/d/Luke/dev/RimMandrake/observed/inventory/bundle_textures/mlie.starwarsanimalcollection/textures/swanimals/kraytdragon/kraytdragon_j_south.png,,mlie.starwarsanimalcollection,n,,n,?,,A_KraytDragon/10.png
krayt dragon,A_KraytDragon,A_KraytDragon#11,donor-bundle,/mnt/d/Luke/dev/RimMandrake/observed/inventory/bundle_textures/mlie.starwarsanimalcollection/textures/swanimals/kraytdragon/kraytdragon_m_south.png,,mlie.starwarsanimalcollection,n,,n,?,,A_KraytDragon/11.png
krayt dragon,A_KraytDragon,A_KraytDragon#12,donor-bundle,/mnt/d/Luke/dev/RimMandrake/observed/inventory/bundle_textures/mlie.starwarsanimalcollection/textures/swresource/trophies/kraytdragonhorn.png,,mlie.starwarsanimalcollection,n,,n,?,,A_KraytDragon/12.png
krayt dragon,A_KraytDragon,A_KraytDragon#13,donor-bundle,/mnt/d/Luke/dev/RimMandrake/observed/inventory/bundle_textures/mlie.starwarsanimalcollection/textures/swresource/trophies/kraytdragonskull.png,,mlie.starwarsanimalcollection,n,,n,?,,A_KraytDragon/13.png
kreetle,A_Kreetle,A_Kreetle#00,repo-current,src/RimStarWars/KreetleArtOverride/Textures/swanimals/Kreetle/Kreetle_south.png,2026-09-20,1135036ce art: zero the sub-visible export halo across 241 of our facing sprites | deployed identical | 2 commits touch this path,unknown,,y,y,,A_Kreetle/00.png
kreetle,A_Kreetle,A_Kreetle#01,repo-current,src/RimStarWars/SWBestiary/Textures/swanimals/Kreetle/Kreetle_j_south.png,2026-09-17,"10013ce07 MLIE_FAUNA_ABSORPTION_1 Pass 15: port Kreetle, Krykna, Kwi (45 -> 42 remaining) | deployed identical | 1 commits touch this path",unknown,,y,y,,A_Kreetle/01.png
kreetle,A_Kreetle,A_Kreetle#02,git-history (overwritten),src/RimStarWars/KreetleArtOverride/Textures/swanimals/Kreetle/Kreetle_south.png,2026-09-11,"1dfd4b36f ART_REGEN_WAVE1_WIRE_IN_1: wire 5 SW-canon creature art redos (Kreetle, Horax, Fambaa, Dragonsnake, Zakkeg) [ART_REGEN_WAVE1_WIRE_IN_1]",unknown,,,,,A_Kreetle/02.png
kreetle,A_Kreetle,A_Kreetle#03,artpipe (png gone),/mnt/d/Luke/dev/_artpipe/_artsrc/canon_kreetle_v1_south/canon_kreetle_v1_south.png,2026-09-18,CANON_CREATURE_REGEN_1 | ,"partial (canon named in prompt, no library brief)",,n,n,,
kreetle,A_Kreetle,A_Kreetle#04,artpipe,/mnt/d/Luke/dev/_artpipe/_artsrc/desert_swaca_kreetle_south/desert_swaca_kreetle_south.png,2026-09-20,"DESERT_FAMILY_PORT_EXECUTION_1 | RimWorld creature sprite, Star Wars desert bestiary, our own art (not the donor mod's).","partial (canon named in prompt, no library brief)",Transient/desert_art_review_2026-10-03.decisions.json:A_Kreetle=keep,n,n,,A_Kreetle/04.png
kreetle,A_Kreetle,A_Kreetle#05,artpipe,/mnt/d/Luke/dev/_artpipe/_artsrc/facingrepair_kreetle_v1_south/facingrepair_kreetle_v1_south.png,2026-09-20,ART_FACING_REPAIR_WAVE_1 | South-only repair. facing_set_audit.py viewpoint check + a human look both confirmed the shipped south (canon_kreetle_v1_south's output) rea,"partial (canon named in prompt, no library brief)",,n,n,,A_Kreetle/05.png
kreetle,A_Kreetle,A_Kreetle#06,artpipe (png gone),/mnt/d/Luke/dev/_artpipe/_artsrc/kreetle_v1_south/kreetle_v1_south.png,2026-09-11,"CREATURE_ART_REVIEW_SHEET_1 | Canonical Star Wars Kreetle — small, reddish-brown, ten-legged insect with big mandibles, garbage/burrow-dwelling pest. Match painterly vani","partial (canon named in prompt, no library brief)",art_review_2026-09-12/decisions.json:kreetle_v1_east=keep; art_review_2026-09-12/decisions.json:kreetle_v1_north=keep; art_review_2026-09-12/decisions.json:kreetle_v1_south=keep; legibility_grading_2026-09-13/decisions.json:kreetle_v1_north=mud,n,n,,
kreetle,A_Kreetle,A_Kreetle#07,donor-bundle,/mnt/d/Luke/dev/RimMandrake/observed/inventory/bundle_textures/mlie.starwarsanimalcollection/textures/swanimals/kreetle/kreetle_j_south.png,,mlie.starwarsanimalcollection,n,,n,?,,A_Kreetle/07.png
kreetle,A_Kreetle,A_Kreetle#08,donor-bundle,/mnt/d/Luke/dev/RimMandrake/observed/inventory/bundle_textures/mlie.starwarsanimalcollection/textures/swanimals/kreetle/kreetle_south.png,,mlie.starwarsanimalcollection,n,,n,?,,A_Kreetle/08.png
krykna,A_Krykna,A_Krykna#00,repo-current,src/RimStarWars/SWBestiary/Textures/swanimals/Krykna/Krykna_south.png,2026-09-17,"10013ce07 MLIE_FAUNA_ABSORPTION_1 Pass 15: port Kreetle, Krykna, Kwi (45 -> 42 remaining) | deployed identical | 1 commits touch this path",unknown,,y,y,,A_Krykna/00.png
krykna,A_Krykna,A_Krykna#01,artpipe,/mnt/d/Luke/dev/_artpipe/_artsrc/desertportb_krykna_south/desertportb_krykna_south.png,2026-09-20,DESERT_FAMILY_PORT_EXECUTION_1 | ,"partial (canon named in prompt, no library brief)",Transient/desert_art_review_2026-10-03.decisions.json:A_Krykna=keep,n,n,,A_Krykna/01.png
krykna,A_Krykna,A_Krykna#02,donor-bundle,/mnt/d/Luke/dev/RimMandrake/observed/inventory/bundle_textures/mlie.starwarsanimalcollection/textures/swanimals/krykna/krykna_south.png,,mlie.starwarsanimalcollection,n,,n,?,,A_Krykna/02.png
Kwi,A_Kwi,A_Kwi#00,repo-current,src/RimStarWars/SWBestiary/Textures/swanimals/Kwi/Kwi_south.png,2026-09-17,"10013ce07 MLIE_FAUNA_ABSORPTION_1 Pass 15: port Kreetle, Krykna, Kwi (45 -> 42 remaining) | deployed identical | 1 commits touch this path",unknown,,y,y,,A_Kwi/00.png
kybuck,A_Kybuck,A_Kybuck#00,repo-current,src/RimStarWars/SWBestiary/Textures/swanimals/Kybuck/Kybuck_south.png,2026-09-17,"b12063172 MLIE_FAUNA_ABSORPTION_1 Pass 16: port Kybuck, LavaFlea, LongtailGorg (42 -> 39 remaining) | deployed identical | 1 commits touch this path",unknown,,y,y,,A_Kybuck/00.png
kybuck,A_Kybuck,A_Kybuck#01,artpipe,/mnt/d/Luke/dev/_artpipe/_artsrc/desert_swaca_kybuck_south/desert_swaca_kybuck_south.png,2026-09-20,"DESERT_FAMILY_PORT_EXECUTION_1 | RimWorld creature sprite, Star Wars desert bestiary, our own art (not the donor mod's).","partial (canon named in prompt, no library brief)",Transient/desert_art_review_2026-10-03.decisions.json:A_Kybuck=keep,n,n,,A_Kybuck/01.png
kybuck,A_Kybuck,A_Kybuck#02,donor-bundle,/mnt/d/Luke/dev/RimMandrake/observed/inventory/bundle_textures/mlie.starwarsanimalcollection/textures/swanimals/kybuck/kybuck_south.png,,mlie.starwarsanimalcollection,n,,n,?,,A_Kybuck/02.png
landopus,A_JOE_Landopus,A_JOE_Landopus#00,repo-current,src/RimUtinni/UtinniPatches/Textures/Things/Pawn/Animal/landopus/landopus_south.png,2026-09-20,1135036ce art: zero the sub-visible export halo across 241 of our facing sprites | deployed identical | 2 commits touch this path,unknown,,y,y,,A_JOE_Landopus/00.png
landopus,A_JOE_Landopus,A_JOE_Landopus#01,repo-current,src/RimUtinni/UtinniPatches/Textures/Things/Pawn/Animal/landopus/swimming_landopus_south.png,2026-09-20,1135036ce art: zero the sub-visible export halo across 241 of our facing sprites | deployed identical | 2 commits touch this path,unknown,,n,n,,A_JOE_Landopus/01.png
landopus,A_JOE_Landopus,A_JOE_Landopus#02,git-history (overwritten),src/RimUtinni/UtinniPatches/Textures/Things/Pawn/Animal/landopus/landopus_south.png,2026-09-11,"5ad48a078 STAT_NORM_WAVE2_RETIRE_1: port Cephaloids/VE Succulents/VAE Waste's Megatardi, verify+retire 6 more [STAT_NORM_WAVE2_RETIRE_1]",unknown,,,,,A_JOE_Landopus/02.png
landopus,A_JOE_Landopus,A_JOE_Landopus#03,git-history (overwritten),src/RimUtinni/UtinniPatches/Textures/Things/Pawn/Animal/landopus/swimming_landopus_south.png,2026-09-11,"5ad48a078 STAT_NORM_WAVE2_RETIRE_1: port Cephaloids/VE Succulents/VAE Waste's Megatardi, verify+retire 6 more [STAT_NORM_WAVE2_RETIRE_1]",unknown,,,,,A_JOE_Landopus/03.png
landopus,A_JOE_Landopus,A_JOE_Landopus#04,artpipe,/mnt/d/Luke/dev/_artpipe/_artsrc/desertportb_landopus_south/desertportb_landopus_south.png,2026-09-27,DESERT_FAMILY_PORT_EXECUTION_1 | ,"partial (canon named in prompt, no library brief)","Transient/desert_art_review_2026-10-03.decisions.json:A_JOE_Landopus=redo (This is just horrible. It should be an octopus with blue rings that drags itself along the ground, n)",n,n,,A_JOE_Landopus/04.png
longtail gorg,A_LongtailGorg,A_LongtailGorg#00,repo-current,src/RimStarWars/SWBestiary/Textures/swanimals/LongtailGorg/LongtailGorg_south.png,2026-09-17,"b12063172 MLIE_FAUNA_ABSORPTION_1 Pass 16: port Kybuck, LavaFlea, LongtailGorg (42 -> 39 remaining) | deployed identical | 1 commits touch this path",unknown,,y,y,,A_LongtailGorg/00.png
longtail gorg,A_LongtailGorg,A_LongtailGorg#01,repo-current,src/RimStarWars/SWBestiary/Textures/swanimals/LongtailGorg/LongtailGorgA_south.png,2026-09-17,"b12063172 MLIE_FAUNA_ABSORPTION_1 Pass 16: port Kybuck, LavaFlea, LongtailGorg (42 -> 39 remaining) | deployed identical | 1 commits touch this path",unknown,,n,n,,A_LongtailGorg/01.png
longtail gorg,A_LongtailGorg,A_LongtailGorg#02,repo-current,src/RimStarWars/SWBestiary/Textures/swanimals/LongtailGorg/LongtailGorgA_Swimming_south.png,2026-09-17,"b12063172 MLIE_FAUNA_ABSORPTION_1 Pass 16: port Kybuck, LavaFlea, LongtailGorg (42 -> 39 remaining) | deployed identical | 1 commits touch this path",unknown,,n,n,,A_LongtailGorg/02.png
longtail gorg,A_LongtailGorg,A_LongtailGorg#03,repo-current,src/RimStarWars/SWBestiary/Textures/swanimals/LongtailGorg/LongtailGorgB_south.png,2026-09-17,"b12063172 MLIE_FAUNA_ABSORPTION_1 Pass 16: port Kybuck, LavaFlea, LongtailGorg (42 -> 39 remaining) | deployed identical | 1 commits touch this path",unknown,,n,n,,A_LongtailGorg/03.png
longtail gorg,A_LongtailGorg,A_LongtailGorg#04,repo-current,src/RimStarWars/SWBestiary/Textures/swanimals/LongtailGorg/LongtailGorgB_Swimming_south.png,2026-09-17,"b12063172 MLIE_FAUNA_ABSORPTION_1 Pass 16: port Kybuck, LavaFlea, LongtailGorg (42 -> 39 remaining) | deployed identical | 1 commits touch this path",unknown,,n,n,,A_LongtailGorg/04.png
longtail gorg,A_LongtailGorg,A_LongtailGorg#05,repo-current,src/RimStarWars/SWBestiary/Textures/swanimals/LongtailGorg/LongtailGorgC_south.png,2026-09-17,"b12063172 MLIE_FAUNA_ABSORPTION_1 Pass 16: port Kybuck, LavaFlea, LongtailGorg (42 -> 39 remaining) | deployed identical | 1 commits touch this path",unknown,,n,n,,A_LongtailGorg/05.png
longtail gorg,A_LongtailGorg,A_LongtailGorg#06,repo-current,src/RimStarWars/SWBestiary/Textures/swanimals/LongtailGorg/LongtailGorgC_Swimming_south.png,2026-09-17,"b12063172 MLIE_FAUNA_ABSORPTION_1 Pass 16: port Kybuck, LavaFlea, LongtailGorg (42 -> 39 remaining) | deployed identical | 1 commits touch this path",unknown,,n,n,,A_LongtailGorg/06.png
longtail gorg,A_LongtailGorg,A_LongtailGorg#07,repo-current,src/RimStarWars/SWBestiary/Textures/swanimals/LongtailGorg/LongtailGorgD_south.png,2026-09-17,"b12063172 MLIE_FAUNA_ABSORPTION_1 Pass 16: port Kybuck, LavaFlea, LongtailGorg (42 -> 39 remaining) | deployed identical | 1 commits touch this path",unknown,,n,n,,A_LongtailGorg/07.png
longtail gorg,A_LongtailGorg,A_LongtailGorg#08,repo-current,src/RimStarWars/SWBestiary/Textures/swanimals/LongtailGorg/LongtailGorgD_Swimming_south.png,2026-09-17,"b12063172 MLIE_FAUNA_ABSORPTION_1 Pass 16: port Kybuck, LavaFlea, LongtailGorg (42 -> 39 remaining) | deployed identical | 1 commits touch this path",unknown,,n,n,,A_LongtailGorg/08.png
longtail gorg,A_LongtailGorg,A_LongtailGorg#09,repo-current,src/RimStarWars/SWBestiary/Textures/swanimals/LongtailGorg/LongtailGorg_Swimming_south.png,2026-09-17,"b12063172 MLIE_FAUNA_ABSORPTION_1 Pass 16: port Kybuck, LavaFlea, LongtailGorg (42 -> 39 remaining) | deployed identical | 1 commits touch this path",unknown,,n,n,,A_LongtailGorg/09.png
longtail gorg,A_LongtailGorg,A_LongtailGorg#10,repo-current,src/RimStarWars/SWBestiary/Textures/swanimals/LongtailGorg/LongtailGorg_j_south.png,2026-09-17,"b12063172 MLIE_FAUNA_ABSORPTION_1 Pass 16: port Kybuck, LavaFlea, LongtailGorg (42 -> 39 remaining) | deployed identical | 1 commits touch this path",unknown,,y,y,,A_LongtailGorg/10.png
longtail gorg,A_LongtailGorg,A_LongtailGorg#11,repo-current,src/RimStarWars/SWBestiary/Textures/swanimals/LongtailGorg/LongtailGorg_j_Swimming_south.png,2026-09-17,"b12063172 MLIE_FAUNA_ABSORPTION_1 Pass 16: port Kybuck, LavaFlea, LongtailGorg (42 -> 39 remaining) | deployed identical | 1 commits touch this path",unknown,,n,n,,A_LongtailGorg/11.png
longtail gorg,A_LongtailGorg,A_LongtailGorg#12,artpipe,/mnt/d/Luke/dev/_artpipe/_artsrc/desert_swaca_longtailgorg_south/desert_swaca_longtailgorg_south.png,2026-09-20,"DESERT_FAMILY_PORT_EXECUTION_1 | RimWorld creature sprite, Star Wars desert bestiary, our own art (not the donor mod's).","partial (canon named in prompt, no library brief)",Transient/desert_art_review_2026-10-03.decisions.json:A_LongtailGorg=redo (look up gorg),n,n,,A_LongtailGorg/12.png
longtail gorg,A_LongtailGorg,A_LongtailGorg#13,donor-bundle,/mnt/d/Luke/dev/RimMandrake/observed/inventory/bundle_textures/mlie.starwarsanimalcollection/textures/swanimals/longtailgorg/longtailgorg_j_south.png,,mlie.starwarsanimalcollection,n,,n,?,,A_LongtailGorg/13.png
longtail gorg,A_LongtailGorg,A_LongtailGorg#14,donor-bundle,/mnt/d/Luke/dev/RimMandrake/observed/inventory/bundle_textures/mlie.starwarsanimalcollection/textures/swanimals/longtailgorg/longtailgorg_j_swimming_south.png,,mlie.starwarsanimalcollection,n,,n,?,,A_LongtailGorg/14.png
longtail gorg,A_LongtailGorg,A_LongtailGorg#15,donor-bundle,/mnt/d/Luke/dev/RimMandrake/observed/inventory/bundle_textures/mlie.starwarsanimalcollection/textures/swanimals/longtailgorg/longtailgorg_south.png,,mlie.starwarsanimalcollection,n,,n,?,,A_LongtailGorg/15.png
longtail gorg,A_LongtailGorg,A_LongtailGorg#16,donor-bundle,/mnt/d/Luke/dev/RimMandrake/observed/inventory/bundle_textures/mlie.starwarsanimalcollection/textures/swanimals/longtailgorg/longtailgorg_swimming_south.png,,mlie.starwarsanimalcollection,n,,n,?,,A_LongtailGorg/16.png
longtail gorg,A_LongtailGorg,A_LongtailGorg#17,donor-bundle,/mnt/d/Luke/dev/RimMandrake/observed/inventory/bundle_textures/mlie.starwarsanimalcollection/textures/swanimals/longtailgorg/longtailgorga_south.png,,mlie.starwarsanimalcollection,n,,n,?,,A_LongtailGorg/17.png
longtail gorg,A_LongtailGorg,A_LongtailGorg#18,donor-bundle,/mnt/d/Luke/dev/RimMandrake/observed/inventory/bundle_textures/mlie.starwarsanimalcollection/textures/swanimals/longtailgorg/longtailgorga_swimming_south.png,,mlie.starwarsanimalcollection,n,,n,?,,A_LongtailGorg/18.png
longtail gorg,A_LongtailGorg,A_LongtailGorg#19,donor-bundle,/mnt/d/Luke/dev/RimMandrake/observed/inventory/bundle_textures/mlie.starwarsanimalcollection/textures/swanimals/longtailgorg/longtailgorgb_south.png,,mlie.starwarsanimalcollection,n,,n,?,,A_LongtailGorg/19.png
longtail gorg,A_LongtailGorg,A_LongtailGorg#20,donor-bundle,/mnt/d/Luke/dev/RimMandrake/observed/inventory/bundle_textures/mlie.starwarsanimalcollection/textures/swanimals/longtailgorg/longtailgorgb_swimming_south.png,,mlie.starwarsanimalcollection,n,,n,?,,A_LongtailGorg/20.png
longtail gorg,A_LongtailGorg,A_LongtailGorg#21,donor-bundle,/mnt/d/Luke/dev/RimMandrake/observed/inventory/bundle_textures/mlie.starwarsanimalcollection/textures/swanimals/longtailgorg/longtailgorgc_south.png,,mlie.starwarsanimalcollection,n,,n,?,,A_LongtailGorg/21.png
longtail gorg,A_LongtailGorg,A_LongtailGorg#22,donor-bundle,/mnt/d/Luke/dev/RimMandrake/observed/inventory/bundle_textures/mlie.starwarsanimalcollection/textures/swanimals/longtailgorg/longtailgorgc_swimming_south.png,,mlie.starwarsanimalcollection,n,,n,?,,A_LongtailGorg/22.png
longtail gorg,A_LongtailGorg,A_LongtailGorg#23,donor-bundle,/mnt/d/Luke/dev/RimMandrake/observed/inventory/bundle_textures/mlie.starwarsanimalcollection/textures/swanimals/longtailgorg/longtailgorgd_south.png,,mlie.starwarsanimalcollection,n,,n,?,,A_LongtailGorg/23.png
longtail gorg,A_LongtailGorg,A_LongtailGorg#24,donor-bundle,/mnt/d/Luke/dev/RimMandrake/observed/inventory/bundle_textures/mlie.starwarsanimalcollection/textures/swanimals/longtailgorg/longtailgorgd_swimming_south.png,,mlie.starwarsanimalcollection,n,,n,?,,A_LongtailGorg/24.png
loth-cat,A_Lothcat,A_Lothcat#00,repo-current,src/RimStarWars/SWBestiary/Textures/swanimals/Lothcat/Lothcat_f_south.png,2026-09-17,"57effab33 MLIE_FAUNA_ABSORPTION_1 Pass 17: port Lothcat, Lylek, Massiff (39 -> 36 remaining) | deployed identical | 1 commits touch this path",unknown,,y,y,,A_Lothcat/00.png
loth-cat,A_Lothcat,A_Lothcat#01,repo-current,src/RimStarWars/SWBestiary/Textures/swanimals/Lothcat/Lothcat_m_south.png,2026-09-17,"57effab33 MLIE_FAUNA_ABSORPTION_1 Pass 17: port Lothcat, Lylek, Massiff (39 -> 36 remaining) | deployed identical | 1 commits touch this path",unknown,,y,y,,A_Lothcat/01.png
loth-cat,A_Lothcat,A_Lothcat#02,artpipe,/mnt/d/Luke/dev/_artpipe/_artsrc/desert_swaca_lothcat_south/desert_swaca_lothcat_south.png,2026-09-20,"DESERT_FAMILY_PORT_EXECUTION_1 | RimWorld creature sprite, Star Wars desert bestiary, our own art (not the donor mod's).","partial (canon named in prompt, no library brief)","Transient/desert_art_review_2026-10-03.decisions.json:A_Lothcat=redo (Look up online, unify, less cartoonish)",n,n,,A_Lothcat/02.png
loth-cat,A_Lothcat,A_Lothcat#03,donor-bundle,/mnt/d/Luke/dev/RimMandrake/observed/inventory/bundle_textures/mlie.starwarsanimalcollection/textures/swanimals/lothcat/lothcat_f_south.png,,mlie.starwarsanimalcollection,n,,n,?,,A_Lothcat/03.png
loth-cat,A_Lothcat,A_Lothcat#04,donor-bundle,/mnt/d/Luke/dev/RimMandrake/observed/inventory/bundle_textures/mlie.starwarsanimalcollection/textures/swanimals/lothcat/lothcat_m_south.png,,mlie.starwarsanimalcollection,n,,n,?,,A_Lothcat/04.png
mammoth worm,A_AA_MammothWorm,A_AA_MammothWorm#00,repo-current,src/RimMandrake/LongShade/Textures/Things/Pawn/Animal/RM_Ulgga/RM_Ulgga_south.png,2026-09-29,"dab5a10c4 LONGSHADE_BEDAZZLE_CONTENT_1: wire finished art, five fillers, qorrax rename, glitter-bird/pirrik merge",n,,n,not deployed,"RSW_Tuskcoil (ahash dist 0/256, weak)",A_AA_MammothWorm/00.png
mammoth worm,A_AA_MammothWorm,A_AA_MammothWorm#01,repo-current,src/RimStarWars/SWBestiary/Textures/Things/Pawn/Animal/RSW_Ulgga/RSW_Ulgga_south.png,2026-10-03,2154ef2ea SWBestiary: move 9 DesertPort animal textures to their renamed defNames (all 9 were pink) | deployed identical | 1 commits touch this path,n,,y,y,"RSW_Tuskcoil (ahash dist 0/256, weak)",A_AA_MammothWorm/01.png
mammoth worm,A_AA_MammothWorm,A_AA_MammothWorm#02,artpipe,/mnt/d/Luke/dev/_artpipe/_artsrc/RM_Ulgga_south/RM_Ulgga_south.png,2026-09-30,LONGSHADE_BEDAZZLE_CONTENT_1 | long shade register: an open desert of ochre deep-sand sheets and pale-gold cracked hardpan under a perpetual golden hour; lit surfaces warm,n,,n,n,,A_AA_MammothWorm/02.png
mammoth worm,A_AA_MammothWorm,A_AA_MammothWorm#03,artpipe,/mnt/d/Luke/dev/_artpipe/_artsrc/RSW_Tuskcoil_south/RSW_Tuskcoil_south.png,2026-09-20,DESERT_FAMILY_PORT_EXECUTION_1 | ,n,,n,n,,A_AA_MammothWorm/03.png
mammoth worm,A_AA_MammothWorm,A_AA_MammothWorm#04,donor-loose,/mnt/c/Program Files (x86)/Steam/steamapps/workshop/content/294100/1541721856/Textures/Art/AA_MammothWormArt.png,,sarg.alphaanimals,n,,n,n,,A_AA_MammothWorm/04.png
mammoth worm,A_AA_MammothWorm,A_AA_MammothWorm#05,donor-loose,/mnt/c/Program Files (x86)/Steam/steamapps/workshop/content/294100/1541721856/Textures/Things/Pawn/Animal/AA_MammothWorm/AA_MammothWorm_south.png,,sarg.alphaanimals,n,,n,n,,A_AA_MammothWorm/05.png
mammoth worm,A_AA_MammothWorm,A_AA_MammothWorm#06,donor-loose,/mnt/c/Program Files (x86)/Steam/steamapps/workshop/content/294100/1541721856/Textures/Things/Pawn/Animal_Alternate/AA_MammothWorm/AA_MammothWorm_south.png,,sarg.alphaanimals,n,,n,n,,A_AA_MammothWorm/06.png
massiff,A_Massiff,A_Massiff#00,repo-current,src/RimStarWars/SWBestiary/Textures/swanimals/Massiff/Massiff_south.png,2026-09-17,"57effab33 MLIE_FAUNA_ABSORPTION_1 Pass 17: port Lothcat, Lylek, Massiff (39 -> 36 remaining) | deployed identical | 1 commits touch this path",unknown,,y,y,,A_Massiff/00.png
massiff,A_Massiff,A_Massiff#01,artpipe,/mnt/d/Luke/dev/_artpipe/_artsrc/desert_swaca_massiff_south/desert_swaca_massiff_south.png,2026-09-20,"DESERT_FAMILY_PORT_EXECUTION_1 | RimWorld creature sprite, Star Wars desert bestiary, our own art (not the donor mod's).","partial (canon named in prompt, no library brief)",Transient/desert_art_review_2026-10-03.decisions.json:A_Massiff=keep,n,n,,A_Massiff/01.png
massiff,A_Massiff,A_Massiff#02,donor-bundle,/mnt/d/Luke/dev/RimMandrake/observed/inventory/bundle_textures/mlie.starwarsanimalcollection/textures/swanimals/massiff/massiff_south.png,,mlie.starwarsanimalcollection,n,,n,?,,A_Massiff/02.png
moss beetle,A_RSW_MossBeetle,A_RSW_MossBeetle#00,repo-current,src/RimMandrake/LanternDeeps/Textures/RM_LanternDeeps/Fauna/BMT_Caverns/Things/Animal/MossBeetle/MossGrub_south.png,2026-10-03,"aeaa3caf0 LanternDeeps: own the eight invented residents as RM_ defs (66-def closure, art, sounds) | 1 commits touch this path",unknown,,n,not deployed,,A_RSW_MossBeetle/00.png
moss beetle,A_RSW_MossBeetle,A_RSW_MossBeetle#01,repo-current,src/RimStarWars/SWBestiary/Textures/swanimals/BiomesTeam/BMT_Caverns/Things/Animal/MossBeetle/MossBeetle_south.png,2026-09-11,a72757b9d BMT_FAUNA_ABSORPTION_1: port 68 biomesteam.* creatures to RSW_/SWBestiary tier | deployed identical | 1 commits touch this path,unknown,,y,y,,A_RSW_MossBeetle/01.png
moss beetle,A_RSW_MossBeetle,A_RSW_MossBeetle#02,repo-current,src/RimStarWars/SWBestiary/Textures/swanimals/BiomesTeam/BMT_Caverns/Things/Animal/MossBeetle/MossGrub_south.png,2026-09-20,be9f3b513 DEEPS_FAUNA_VERDICTS_1: wire the 8 restyled Lantern Deeps creatures' art | deployed identical,unknown,,n,n,,A_RSW_MossBeetle/02.png
moss beetle,A_RSW_MossBeetle,A_RSW_MossBeetle#03,git-history (overwritten),src/RimStarWars/SWBestiary/Textures/swanimals/BiomesTeam/BMT_Caverns/Things/Animal/MossBeetle/MossGrub_south.png,2026-09-11,a72757b9d BMT_FAUNA_ABSORPTION_1: port 68 biomesteam.* creatures to RSW_/SWBestiary tier [BMT_FAUNA_ABSORPTION_1],unknown,,,,,A_RSW_MossBeetle/03.png
moss beetle,A_RSW_MossBeetle,A_RSW_MossBeetle#04,artpipe (png gone),/mnt/d/Luke/dev/_artpipe/_artsrc/deeps_mossbeetlelarvae_v2_south/deeps_mossbeetlelarvae_v2_south.png,2026-09-19,DEEPS_FAUNA_VERDICTS_1 | ,n,,n,n,,
moss beetle,A_RSW_MossBeetle,A_RSW_MossBeetle#05,artpipe,/mnt/d/Luke/dev/_artpipe/_artsrc/desertportb_mossbeetle_south/desertportb_mossbeetle_south.png,2026-09-21,DESERT_FAMILY_PORT_EXECUTION_1 | ,n,Transient/desert_art_review_2026-10-03.decisions.json:A_RSW_MossBeetle=keep,n,n,,A_RSW_MossBeetle/05.png
moss beetle,A_RSW_MossBeetle,A_RSW_MossBeetle#06,artpipe,/mnt/d/Luke/dev/_artpipe/_artsrc/desertportb_mossbeetlepupa_south/desertportb_mossbeetlepupa_south.png,2026-09-21,DESERT_FAMILY_PORT_EXECUTION_1 | ,n,Transient/desert_art_review_2026-10-03.decisions.json:A_RSW_MossBeetle=keep,n,n,,A_RSW_MossBeetle/06.png
mudhorn,A_Mudhorn,A_Mudhorn#00,repo-current,src/RimStarWars/SWBestiary/Textures/swanimals/Mudhorn/Mudhorn_south.png,2026-09-12,e2b1262d3 MLIE_FAUNA_ABSORPTION_1: defName-drift sweep + Iriaz/Mudhorn ported | deployed identical | 1 commits touch this path,unknown,,y,y,,A_Mudhorn/00.png
mudhorn,A_Mudhorn,A_Mudhorn#01,repo-current,src/RimStarWars/SWBestiary/Textures/swanimals/Mudhorn/Mudhorn_j_south.png,2026-09-12,e2b1262d3 MLIE_FAUNA_ABSORPTION_1: defName-drift sweep + Iriaz/Mudhorn ported | deployed identical | 1 commits touch this path,unknown,,y,y,,A_Mudhorn/01.png
mudhorn,A_Mudhorn,A_Mudhorn#02,artpipe,/mnt/d/Luke/dev/_artpipe/_artsrc/desert_swaca_mudhorn_south/desert_swaca_mudhorn_south.png,2026-09-20,"DESERT_FAMILY_PORT_EXECUTION_1 | RimWorld creature sprite, Star Wars desert bestiary, our own art (not the donor mod's).","partial (canon named in prompt, no library brief)",Transient/desert_art_review_2026-10-03.decisions.json:A_Mudhorn=redo (This is very good except that it needs to have shaggy hide.),n,n,,A_Mudhorn/02.png
mudhorn,A_Mudhorn,A_Mudhorn#03,donor-bundle,/mnt/d/Luke/dev/RimMandrake/observed/inventory/bundle_textures/mlie.starwarsanimalcollection/textures/swanimals/mudhorn/mudhorn_j_south.png,,mlie.starwarsanimalcollection,n,,n,?,,A_Mudhorn/03.png
mudhorn,A_Mudhorn,A_Mudhorn#04,donor-bundle,/mnt/d/Luke/dev/RimMandrake/observed/inventory/bundle_textures/mlie.starwarsanimalcollection/textures/swanimals/mudhorn/mudhorn_south.png,,mlie.starwarsanimalcollection,n,,n,?,,A_Mudhorn/04.png
mudhorn,A_Mudhorn,A_Mudhorn#05,donor-bundle,/mnt/d/Luke/dev/RimMandrake/observed/inventory/bundle_textures/mlie.starwarsanimalcollection/textures/swresource/trophies/mudhornskull.png,,mlie.starwarsanimalcollection,n,,n,?,,A_Mudhorn/05.png
mudhorn,A_Mudhorn,A_Mudhorn#06,canon-library,design/RimStarWars/canon_references/mudhorn/donor_current_sprite.png,,canon_references entry image,y (reference),,n,n,,A_Mudhorn/06.png
mudhorn,A_Mudhorn,A_Mudhorn#07,canon-library,design/RimStarWars/canon_references/mudhorn/wookieepedia_infobox.png,,canon_references entry image,y (reference),,n,n,,A_Mudhorn/07.png
mudhorn,A_Mudhorn,A_Mudhorn#08,canon-library,design/RimStarWars/canon_references/mudhorn/wookieepedia_woolyfur_closeup.png,,canon_references entry image,y (reference),,n,n,,A_Mudhorn/08.png
mynock,A_Mynock,A_Mynock#00,repo-current,src/RimStarWars/MynockArtOverride/Textures/swanimals/Mynock/Mynock_south.png,2026-09-20,1135036ce art: zero the sub-visible export halo across 241 of our facing sprites | deployed identical | 2 commits touch this path,unknown,,n,n,,A_Mynock/00.png
mynock,A_Mynock,A_Mynock#01,repo-current,src/RimStarWars/SWBestiary/Textures/RimStarWars/SWBestiary/ShipVermin/Mynock/Mynock.png,2026-09-11,75115178c RSW_Mynock: reuse the existing regenerated Mynock art (IKEE_MYNOCK_ART_REGEN_1) | deployed identical,unknown,,y,y,,A_Mynock/01.png
mynock,A_Mynock,A_Mynock#02,git-history (overwritten),src/RimStarWars/MynockArtOverride/Textures/swanimals/Mynock/Mynock_south.png,2026-09-08,a085bf59c Mynock custom art (south/east/north): hideous wet practical-effects redesign,unknown,,,,,A_Mynock/02.png
mynock,A_Mynock,A_Mynock#03,artpipe,/mnt/d/Luke/dev/_artpipe/_artsrc/desert_swaca_mynock_south/desert_swaca_mynock_south.png,2026-09-20,"DESERT_FAMILY_PORT_EXECUTION_1 | RimWorld creature sprite, Star Wars desert bestiary, our own art (not the donor mod's).","partial (canon named in prompt, no library brief)",Transient/desert_art_review_2026-10-03.decisions.json:A_Mynock=current,n,n,,A_Mynock/03.png
mynock,A_Mynock,A_Mynock#04,donor-bundle,/mnt/d/Luke/dev/RimMandrake/observed/inventory/bundle_textures/mlie.starwarsanimalcollection/textures/swanimals/mynock/mynock_flying_1_south.png,,mlie.starwarsanimalcollection,n,,n,?,,A_Mynock/04.png
mynock,A_Mynock,A_Mynock#05,donor-bundle,/mnt/d/Luke/dev/RimMandrake/observed/inventory/bundle_textures/mlie.starwarsanimalcollection/textures/swanimals/mynock/mynock_flying_2_south.png,,mlie.starwarsanimalcollection,n,,n,?,,A_Mynock/05.png
mynock,A_Mynock,A_Mynock#06,donor-bundle,/mnt/d/Luke/dev/RimMandrake/observed/inventory/bundle_textures/mlie.starwarsanimalcollection/textures/swanimals/mynock/mynock_flying_3_south.png,,mlie.starwarsanimalcollection,n,,n,?,,A_Mynock/06.png
mynock,A_Mynock,A_Mynock#07,donor-bundle,/mnt/d/Luke/dev/RimMandrake/observed/inventory/bundle_textures/mlie.starwarsanimalcollection/textures/swanimals/mynock/mynock_flying_4_south.png,,mlie.starwarsanimalcollection,n,,n,?,,A_Mynock/07.png
mynock,A_Mynock,A_Mynock#08,donor-bundle,/mnt/d/Luke/dev/RimMandrake/observed/inventory/bundle_textures/mlie.starwarsanimalcollection/textures/swanimals/mynock/mynock_south.png,,mlie.starwarsanimalcollection,n,,n,?,,A_Mynock/08.png
needlepost,A_AA_Needlepost,A_AA_Needlepost#00,artpipe,/mnt/d/Luke/dev/_artpipe/_artsrc/RSW_Barbthorn_south/RSW_Barbthorn_south.png,2026-09-20,DESERT_FAMILY_PORT_EXECUTION_1 | ,n,,n,n,,A_AA_Needlepost/00.png
needlepost,A_AA_Needlepost,A_AA_Needlepost#01,donor-loose,/mnt/c/Program Files (x86)/Steam/steamapps/workshop/content/294100/1541721856/Textures/Things/Pawn/Animal/AA_NeedlePost/AA_NeedlePost_south.png,,sarg.alphaanimals,n,,n,y,,A_AA_Needlepost/01.png
needleroll,A_AA_Needleroll,A_AA_Needleroll#00,repo-current,src/RimMandrake/LongShade/Textures/Things/Pawn/Animal/RM_Kudda/RM_Kudda_south.png,2026-09-29,"dab5a10c4 LONGSHADE_BEDAZZLE_CONTENT_1: wire finished art, five fillers, qorrax rename, glitter-bird/pirrik merge",n,,n,not deployed,"RSW_Spineroller (ahash dist 0/256, weak)",A_AA_Needleroll/00.png
needleroll,A_AA_Needleroll,A_AA_Needleroll#01,repo-current,src/RimStarWars/SWBestiary/Textures/Things/Pawn/Animal/RSW_Kudda/RSW_Kudda_south.png,2026-10-03,2154ef2ea SWBestiary: move 9 DesertPort animal textures to their renamed defNames (all 9 were pink) | deployed identical | 1 commits touch this path,n,,y,y,"RSW_Spineroller (ahash dist 0/256, weak)",A_AA_Needleroll/01.png
needleroll,A_AA_Needleroll,A_AA_Needleroll#02,artpipe,/mnt/d/Luke/dev/_artpipe/_artsrc/RM_Kudda_south/RM_Kudda_south.png,2026-09-30,LONGSHADE_BEDAZZLE_CONTENT_1 | long shade register: an open desert of ochre deep-sand sheets and pale-gold cracked hardpan under a perpetual golden hour; lit surfaces warm,n,,n,n,,A_AA_Needleroll/02.png
needleroll,A_AA_Needleroll,A_AA_Needleroll#03,artpipe,/mnt/d/Luke/dev/_artpipe/_artsrc/RSW_Spineroller_south/RSW_Spineroller_south.png,2026-09-20,DESERT_FAMILY_PORT_EXECUTION_1 | ,n,,n,n,,A_AA_Needleroll/03.png
needleroll,A_AA_Needleroll,A_AA_Needleroll#04,donor-loose,/mnt/c/Program Files (x86)/Steam/steamapps/workshop/content/294100/1541721856/Textures/Things/Pawn/Animal/AA_Needleroll/AA_Needleroll_south.png,,sarg.alphaanimals,n,,n,n,,A_AA_Needleroll/04.png
nerf,A_Nerf,A_Nerf#00,repo-current,src/RimStarWars/SWBestiary/Textures/swanimals/Nerf/Nerf_f_south.png,2026-09-17,"7e302ad7a MLIE_FAUNA_ABSORPTION_1 Pass 8: port FeralNerf, Nerf, FrilledGorg (71 -> 68 remaining) | deployed identical | 1 commits touch this path",unknown,,y,y,,A_Nerf/00.png
nerf,A_Nerf,A_Nerf#01,repo-current,src/RimStarWars/SWBestiary/Textures/swanimals/Nerf/Nerf_j_south.png,2026-09-17,"7e302ad7a MLIE_FAUNA_ABSORPTION_1 Pass 8: port FeralNerf, Nerf, FrilledGorg (71 -> 68 remaining) | deployed identical | 1 commits touch this path",unknown,,y,y,,A_Nerf/01.png
nerf,A_Nerf,A_Nerf#02,repo-current,src/RimStarWars/SWBestiary/Textures/swanimals/Nerf/Nerf_m_south.png,2026-09-17,"7e302ad7a MLIE_FAUNA_ABSORPTION_1 Pass 8: port FeralNerf, Nerf, FrilledGorg (71 -> 68 remaining) | deployed identical | 1 commits touch this path",unknown,,y,y,,A_Nerf/02.png
nerf,A_Nerf,A_Nerf#03,artpipe,/mnt/d/Luke/dev/_artpipe/_artsrc/desertportb_nerf_south/desertportb_nerf_south.png,2026-09-20,DESERT_FAMILY_PORT_EXECUTION_1 | ,"partial (canon named in prompt, no library brief)",Transient/desert_art_review_2026-10-03.decisions.json:A_Nerf=keep,n,n,,A_Nerf/03.png
nerf,A_Nerf,A_Nerf#04,donor-bundle,/mnt/d/Luke/dev/RimMandrake/observed/inventory/bundle_textures/mlie.starwarsanimalcollection/textures/swanimals/nerf/nerf_f_south.png,,mlie.starwarsanimalcollection,n,,n,?,,A_Nerf/04.png
nerf,A_Nerf,A_Nerf#05,donor-bundle,/mnt/d/Luke/dev/RimMandrake/observed/inventory/bundle_textures/mlie.starwarsanimalcollection/textures/swanimals/nerf/nerf_j_south.png,,mlie.starwarsanimalcollection,n,,n,?,,A_Nerf/05.png
nerf,A_Nerf,A_Nerf#06,donor-bundle,/mnt/d/Luke/dev/RimMandrake/observed/inventory/bundle_textures/mlie.starwarsanimalcollection/textures/swanimals/nerf/nerf_m_south.png,,mlie.starwarsanimalcollection,n,,n,?,,A_Nerf/06.png
nerf,A_Nerf,A_Nerf#07,donor-bundle,/mnt/d/Luke/dev/RimMandrake/observed/inventory/bundle_textures/mlie.starwarsanimalcollection/textures/swanimals/nerf/nerf_south.png,,mlie.starwarsanimalcollection,n,,n,?,,A_Nerf/07.png
nuna,A_Nuna,A_Nuna#00,repo-current,src/RimStarWars/NunaArtOverride/Textures/swanimals/Nuna/Nuna_f_south.png,2026-09-20,1135036ce art: zero the sub-visible export halo across 241 of our facing sprites | deployed identical | 6 commits touch this path,unknown,,shadowed,shadowed,,A_Nuna/00.png
nuna,A_Nuna,A_Nuna#01,repo-current,src/RimStarWars/NunaArtOverride/Textures/swanimals/Nuna/Nuna_m_south.png,2026-09-20,1135036ce art: zero the sub-visible export halo across 241 of our facing sprites | deployed identical | 6 commits touch this path,unknown,,shadowed,shadowed,,A_Nuna/01.png
nuna,A_Nuna,A_Nuna#02,repo-current,src/RimStarWars/SWBestiary/Textures/swanimals/Nuna/Nuna_f_south.png,2026-09-09,"d75b06098 MLIE_FAUNA_ABSORPTION_1: Wave B (Dewback/Vulptex/Porg/Nuna/Wampa/Acklay), Wave A wiring fix, license verified | deployed identical | 1 commits touch this path","partial (canon named in prompt, no library brief)",,y,y,"desert_swaca_nuna (ahash dist 17/256, weak)",A_Nuna/02.png
nuna,A_Nuna,A_Nuna#03,repo-current,src/RimStarWars/SWBestiary/Textures/swanimals/Nuna/Nuna_m_south.png,2026-09-09,"d75b06098 MLIE_FAUNA_ABSORPTION_1: Wave B (Dewback/Vulptex/Porg/Nuna/Wampa/Acklay), Wave A wiring fix, license verified | deployed identical | 1 commits touch this path","partial (canon named in prompt, no library brief)",,y,y,"desert_swaca_nuna (ahash dist 19/256, weak)",A_Nuna/03.png
nuna,A_Nuna,A_Nuna#04,git-history (overwritten),src/RimStarWars/NunaArtOverride/Textures/swanimals/Nuna/Nuna_f_south.png,2026-09-17,9e7e773a0 Wire approved Pyrelands creature render wave into art-override mods,unknown,,,,,A_Nuna/04.png
nuna,A_Nuna,A_Nuna#05,git-history (overwritten),src/RimStarWars/NunaArtOverride/Textures/swanimals/Nuna/Nuna_f_south.png,2026-09-14,"3a255e2bb ART_PAINTERLY_RESTORATION_1: Razorjack full set + Nuna (m N/S interim-copied from f) + Gizka easts, painterly via Codex before weekly quota wall [ART_PAINTERLY_RESTORATION_1]",unknown,,,,,A_Nuna/05.png
nuna,A_Nuna,A_Nuna#06,git-history (overwritten),src/RimStarWars/NunaArtOverride/Textures/swanimals/Nuna/Nuna_f_south.png,2026-09-14,"7c9f2c7b7 Revert ""ART_PAINTERLY_RESTORATION_1: Iriaz/Nuna/Gizka regenerated painterly, rear-view norths (Iriaz UNGATED - no canon library entry; Nuna/Gizka cite starwars_iconic_creatures.md)"" [ART_PAINTERLY_RESTORATION_1]",unknown,,,,"pyrelands_nuna_v1 (ahash dist 0/256, weak)",A_Nuna/06.png
nuna,A_Nuna,A_Nuna#07,git-history (overwritten),src/RimStarWars/NunaArtOverride/Textures/swanimals/Nuna/Nuna_f_south.png,2026-09-14,"f209d892c ART_PAINTERLY_RESTORATION_1: Iriaz/Nuna/Gizka regenerated painterly, rear-view norths (Iriaz UNGATED - no canon library entry; Nuna/Gizka cite starwars_iconic_creatures.md) [ART_PAINTERLY_RESTORATION_1]",unknown,,,,,A_Nuna/07.png
nuna,A_Nuna,A_Nuna#08,git-history (overwritten),src/RimStarWars/NunaArtOverride/Textures/swanimals/Nuna/Nuna_m_south.png,2026-09-17,9e7e773a0 Wire approved Pyrelands creature render wave into art-override mods,unknown,,,,,A_Nuna/08.png
nuna,A_Nuna,A_Nuna#09,artpipe,/mnt/d/Luke/dev/_artpipe/_artsrc/desert_swaca_nuna_south/desert_swaca_nuna_south.png,2026-09-20,"DESERT_FAMILY_PORT_EXECUTION_1 | RimWorld creature sprite, Star Wars desert bestiary, our own art (not the donor mod's).","partial (canon named in prompt, no library brief)",Transient/desert_art_review_2026-10-03.decisions.json:A_Nuna=current (We already had a good looking Nuna),n,n,,A_Nuna/09.png
nuna,A_Nuna,A_Nuna#10,artpipe (png gone),/mnt/d/Luke/dev/_artpipe/_artsrc/pyrelands_nuna_female_v1_south/pyrelands_nuna_female_v1_south.png,2026-09-16,"NUNA_ART_REGEN_1 | PYRELANDS_FULL_REVIEW regen under the restored painterly wave-4/5 family (ART_PAINTERLY_RESTORATION_1, owner 2026-09-14). Identity sourced f",y,,n,n,,
nuna,A_Nuna,A_Nuna#11,artpipe,/mnt/d/Luke/dev/_artpipe/_artsrc/pyrelands_nuna_v1_south/pyrelands_nuna_v1_south.png,,? | ,unknown,,n,n,,A_Nuna/11.png
nuna,A_Nuna,A_Nuna#12,artpipe,/mnt/d/Luke/dev/_artpipe/_artsrc/pyrelands_nuna_v1_north_r2/pyrelands_nuna_v1_north_r2.png,,? | ,unknown,,n,n,,A_Nuna/12.png
nuna,A_Nuna,A_Nuna#13,artpipe (png gone),/mnt/d/Luke/dev/_artpipe/_artsrc/pyrelands_nuna_v2_south/pyrelands_nuna_v2_south.png,2026-09-16,"NUNA_ART_REGEN_1 | PYRELANDS_FULL_REVIEW regen under the restored painterly wave-4/5 family (ART_PAINTERLY_RESTORATION_1, owner 2026-09-14). Identity sourced f",y,,n,n,,
nuna,A_Nuna,A_Nuna#14,donor-bundle,/mnt/d/Luke/dev/RimMandrake/observed/inventory/bundle_textures/mlie.starwarsanimalcollection/textures/swanimals/nuna/nuna_f_south.png,,mlie.starwarsanimalcollection,"partial (canon named in prompt, no library brief)",,n,?,"desert_swaca_nuna (ahash dist 17/256, weak)",A_Nuna/14.png
nuna,A_Nuna,A_Nuna#15,donor-bundle,/mnt/d/Luke/dev/RimMandrake/observed/inventory/bundle_textures/mlie.starwarsanimalcollection/textures/swanimals/nuna/nuna_m_south.png,,mlie.starwarsanimalcollection,"partial (canon named in prompt, no library brief)",,n,?,"desert_swaca_nuna (ahash dist 19/256, weak)",A_Nuna/15.png
nuna,A_Nuna,A_Nuna#16,canon-library,design/RimStarWars/canon_references/nuna/donor_current_sprite.png,,canon_references entry image,y (reference),,n,n,,A_Nuna/16.png
pikobis,A_Pikobis,A_Pikobis#00,repo-current,src/RimStarWars/SWBestiary/Textures/swanimals/Pikobis/Pikobis_south.png,2026-09-18,"d8adf3153 MLIE_FAUNA_ABSORPTION_1 Pass 19: port Orray, PekoPeko, Pikobis (32 -> 29 remaining) | deployed identical | 1 commits touch this path",unknown,,y,y,,A_Pikobis/00.png
pikobis,A_Pikobis,A_Pikobis#01,repo-current,src/RimStarWars/SWBestiary/Textures/swanimals/Pikobis/Pikobis_Swimming_south.png,2026-09-18,"d8adf3153 MLIE_FAUNA_ABSORPTION_1 Pass 19: port Orray, PekoPeko, Pikobis (32 -> 29 remaining) | deployed identical | 1 commits touch this path",unknown,,n,n,,A_Pikobis/01.png
pikobis,A_Pikobis,A_Pikobis#02,artpipe (png gone),/mnt/d/Luke/dev/_artpipe/_artsrc/desertportb_pikobis_south/desertportb_pikobis_south.png,2026-09-20,DESERT_FAMILY_PORT_EXECUTION_1 | ,"partial (canon named in prompt, no library brief)",Transient/desert_art_review_2026-10-03.decisions.json:A_Pikobis=keep,n,n,,
pikobis,A_Pikobis,A_Pikobis#03,donor-bundle,/mnt/d/Luke/dev/RimMandrake/observed/inventory/bundle_textures/mlie.starwarsanimalcollection/textures/swanimals/pikobis/pikobis_south.png,,mlie.starwarsanimalcollection,n,,n,?,,A_Pikobis/03.png
pikobis,A_Pikobis,A_Pikobis#04,donor-bundle,/mnt/d/Luke/dev/RimMandrake/observed/inventory/bundle_textures/mlie.starwarsanimalcollection/textures/swanimals/pikobis/pikobis_swimming_south.png,,mlie.starwarsanimalcollection,n,,n,?,,A_Pikobis/04.png
porg,A_Porg,A_Porg#00,repo-current,src/RimStarWars/SWBestiary/Textures/swanimals/Porg/Porg_south.png,2026-09-09,"d75b06098 MLIE_FAUNA_ABSORPTION_1: Wave B (Dewback/Vulptex/Porg/Nuna/Wampa/Acklay), Wave A wiring fix, license verified | deployed identical | 1 commits touch this path","partial (canon named in prompt, no library brief)",,y,y,"desertportb_porg (ahash dist 14/256, weak)",A_Porg/00.png
porg,A_Porg,A_Porg#01,repo-current,src/RimStarWars/SWBestiary/Textures/swanimals/Porg/Porg_Flying_1_south.png,2026-09-09,"d75b06098 MLIE_FAUNA_ABSORPTION_1: Wave B (Dewback/Vulptex/Porg/Nuna/Wampa/Acklay), Wave A wiring fix, license verified | deployed identical | 1 commits touch this path",unknown,,n,n,,A_Porg/01.png
porg,A_Porg,A_Porg#02,repo-current,src/RimStarWars/SWBestiary/Textures/swanimals/Porg/Porg_Flying_2_south.png,2026-09-09,"d75b06098 MLIE_FAUNA_ABSORPTION_1: Wave B (Dewback/Vulptex/Porg/Nuna/Wampa/Acklay), Wave A wiring fix, license verified | deployed identical | 1 commits touch this path",unknown,,n,n,,A_Porg/02.png
porg,A_Porg,A_Porg#03,repo-current,src/RimStarWars/SWBestiary/Textures/swanimals/Porg/Porg_Flying_3_south.png,2026-09-09,"d75b06098 MLIE_FAUNA_ABSORPTION_1: Wave B (Dewback/Vulptex/Porg/Nuna/Wampa/Acklay), Wave A wiring fix, license verified | deployed identical | 1 commits touch this path",unknown,,n,n,,A_Porg/03.png
porg,A_Porg,A_Porg#04,repo-current,src/RimStarWars/SWBestiary/Textures/swanimals/Porg/Porg_Flying_4_south.png,2026-09-09,"d75b06098 MLIE_FAUNA_ABSORPTION_1: Wave B (Dewback/Vulptex/Porg/Nuna/Wampa/Acklay), Wave A wiring fix, license verified | deployed identical | 1 commits touch this path","partial (canon named in prompt, no library brief)",,n,n,"desertportb_porg (ahash dist 20/256, weak)",A_Porg/04.png
porg,A_Porg,A_Porg#05,repo-current,src/RimStarWars/SWBestiary/Textures/swanimals/Porg/Porg_f_south.png,2026-09-09,"d75b06098 MLIE_FAUNA_ABSORPTION_1: Wave B (Dewback/Vulptex/Porg/Nuna/Wampa/Acklay), Wave A wiring fix, license verified | deployed identical | 1 commits touch this path","partial (canon named in prompt, no library brief)",,y,y,"desertportb_porg (ahash dist 14/256, weak)",A_Porg/05.png
porg,A_Porg,A_Porg#06,repo-current,src/RimStarWars/SWBestiary/Textures/swanimals/Porg/Porg_f_Flying_1_south.png,2026-09-09,"d75b06098 MLIE_FAUNA_ABSORPTION_1: Wave B (Dewback/Vulptex/Porg/Nuna/Wampa/Acklay), Wave A wiring fix, license verified | deployed identical | 1 commits touch this path",unknown,,n,n,,A_Porg/06.png
porg,A_Porg,A_Porg#07,repo-current,src/RimStarWars/SWBestiary/Textures/swanimals/Porg/Porg_f_Flying_2_south.png,2026-09-09,"d75b06098 MLIE_FAUNA_ABSORPTION_1: Wave B (Dewback/Vulptex/Porg/Nuna/Wampa/Acklay), Wave A wiring fix, license verified | deployed identical | 1 commits touch this path",unknown,,n,n,,A_Porg/07.png
porg,A_Porg,A_Porg#08,repo-current,src/RimStarWars/SWBestiary/Textures/swanimals/Porg/Porg_f_Flying_3_south.png,2026-09-09,"d75b06098 MLIE_FAUNA_ABSORPTION_1: Wave B (Dewback/Vulptex/Porg/Nuna/Wampa/Acklay), Wave A wiring fix, license verified | deployed identical | 1 commits touch this path",unknown,,n,n,,A_Porg/08.png
porg,A_Porg,A_Porg#09,repo-current,src/RimStarWars/SWBestiary/Textures/swanimals/Porg/Porg_f_Flying_4_south.png,2026-09-09,"d75b06098 MLIE_FAUNA_ABSORPTION_1: Wave B (Dewback/Vulptex/Porg/Nuna/Wampa/Acklay), Wave A wiring fix, license verified | deployed identical | 1 commits touch this path","partial (canon named in prompt, no library brief)",,n,n,"desertportb_porg (ahash dist 20/256, weak)",A_Porg/09.png
porg,A_Porg,A_Porg#10,repo-current,src/RimStarWars/SWBestiary/Textures/swanimals/Porg/Porg_j_south.png,2026-09-09,"d75b06098 MLIE_FAUNA_ABSORPTION_1: Wave B (Dewback/Vulptex/Porg/Nuna/Wampa/Acklay), Wave A wiring fix, license verified | deployed identical | 1 commits touch this path",unknown,,y,y,,A_Porg/10.png
porg,A_Porg,A_Porg#11,artpipe,/mnt/d/Luke/dev/_artpipe/_artsrc/desertportb_porg_south/desertportb_porg_south.png,2026-09-20,DESERT_FAMILY_PORT_EXECUTION_1 | ,"partial (canon named in prompt, no library brief)",Transient/desert_art_review_2026-10-03.decisions.json:A_Porg=keep,n,n,,A_Porg/11.png
porg,A_Porg,A_Porg#12,donor-bundle,/mnt/d/Luke/dev/RimMandrake/observed/inventory/bundle_textures/mlie.starwarsanimalcollection/textures/swanimals/porg/porg_f_flying_1_south.png,,mlie.starwarsanimalcollection,n,,n,?,,A_Porg/12.png
porg,A_Porg,A_Porg#13,donor-bundle,/mnt/d/Luke/dev/RimMandrake/observed/inventory/bundle_textures/mlie.starwarsanimalcollection/textures/swanimals/porg/porg_f_flying_2_south.png,,mlie.starwarsanimalcollection,n,,n,?,,A_Porg/13.png
porg,A_Porg,A_Porg#14,donor-bundle,/mnt/d/Luke/dev/RimMandrake/observed/inventory/bundle_textures/mlie.starwarsanimalcollection/textures/swanimals/porg/porg_f_flying_3_south.png,,mlie.starwarsanimalcollection,n,,n,?,,A_Porg/14.png
porg,A_Porg,A_Porg#15,donor-bundle,/mnt/d/Luke/dev/RimMandrake/observed/inventory/bundle_textures/mlie.starwarsanimalcollection/textures/swanimals/porg/porg_f_flying_4_south.png,,mlie.starwarsanimalcollection,"partial (canon named in prompt, no library brief)",,n,?,"desertportb_porg (ahash dist 20/256, weak)",A_Porg/15.png
porg,A_Porg,A_Porg#16,donor-bundle,/mnt/d/Luke/dev/RimMandrake/observed/inventory/bundle_textures/mlie.starwarsanimalcollection/textures/swanimals/porg/porg_f_south.png,,mlie.starwarsanimalcollection,"partial (canon named in prompt, no library brief)",,n,?,"desertportb_porg (ahash dist 14/256, weak)",A_Porg/16.png
porg,A_Porg,A_Porg#17,donor-bundle,/mnt/d/Luke/dev/RimMandrake/observed/inventory/bundle_textures/mlie.starwarsanimalcollection/textures/swanimals/porg/porg_flying_1_south.png,,mlie.starwarsanimalcollection,n,,n,?,,A_Porg/17.png
porg,A_Porg,A_Porg#18,donor-bundle,/mnt/d/Luke/dev/RimMandrake/observed/inventory/bundle_textures/mlie.starwarsanimalcollection/textures/swanimals/porg/porg_flying_2_south.png,,mlie.starwarsanimalcollection,n,,n,?,,A_Porg/18.png
porg,A_Porg,A_Porg#19,donor-bundle,/mnt/d/Luke/dev/RimMandrake/observed/inventory/bundle_textures/mlie.starwarsanimalcollection/textures/swanimals/porg/porg_flying_3_south.png,,mlie.starwarsanimalcollection,n,,n,?,,A_Porg/19.png
porg,A_Porg,A_Porg#20,donor-bundle,/mnt/d/Luke/dev/RimMandrake/observed/inventory/bundle_textures/mlie.starwarsanimalcollection/textures/swanimals/porg/porg_flying_4_south.png,,mlie.starwarsanimalcollection,"partial (canon named in prompt, no library brief)",,n,?,"desertportb_porg (ahash dist 20/256, weak)",A_Porg/20.png
porg,A_Porg,A_Porg#21,donor-bundle,/mnt/d/Luke/dev/RimMandrake/observed/inventory/bundle_textures/mlie.starwarsanimalcollection/textures/swanimals/porg/porg_j_south.png,,mlie.starwarsanimalcollection,n,,n,?,,A_Porg/21.png
porg,A_Porg,A_Porg#22,donor-bundle,/mnt/d/Luke/dev/RimMandrake/observed/inventory/bundle_textures/mlie.starwarsanimalcollection/textures/swanimals/porg/porg_south.png,,mlie.starwarsanimalcollection,"partial (canon named in prompt, no library brief)",,n,?,"desertportb_porg (ahash dist 14/256, weak)",A_Porg/22.png
porg,A_Porg,A_Porg#23,canon-library,design/RimStarWars/canon_references/porg/donor_current_sprite.png,,canon_references entry image,y (reference),,n,n,,A_Porg/23.png
Pufferpig,A_Pufferpig,A_Pufferpig#00,repo-current,src/RimStarWars/SWBestiary/Textures/swanimals/Pufferpig/Pufferpig_south.png,2026-09-18,f2f0ac8f9 MLIE_FAUNA_ABSORPTION_1 Pass 20: finish + wire Pufferpig/Qormot/Ronto (29 -> 26 remaining) | deployed identical | 1 commits touch this path,unknown,,y,y,,A_Pufferpig/00.png
Pufferpig,A_Pufferpig,A_Pufferpig#01,repo-current,src/RimStarWars/SWBestiary/Textures/swanimals/Pufferpig/Pufferpig_i_east.png,2026-09-18,f2f0ac8f9 MLIE_FAUNA_ABSORPTION_1 Pass 20: finish + wire Pufferpig/Qormot/Ronto (29 -> 26 remaining) | deployed identical,unknown,,n,n,,A_Pufferpig/01.png
Pufferpig,A_Pufferpig,A_Pufferpig#02,artpipe,/mnt/d/Luke/dev/_artpipe/_artsrc/desert_swaca_pufferpig_south/desert_swaca_pufferpig_south.png,2026-09-20,"DESERT_FAMILY_PORT_EXECUTION_1 | RimWorld creature sprite, Star Wars desert bestiary, our own art (not the donor mod's).","partial (canon named in prompt, no library brief)",Transient/desert_art_review_2026-10-03.decisions.json:A_Pufferpig=redo (Needs to look more alien. Look up Pufferpig on the internet to get better info.),n,n,,A_Pufferpig/02.png
Pufferpig,A_Pufferpig,A_Pufferpig#03,donor-bundle,/mnt/d/Luke/dev/RimMandrake/observed/inventory/bundle_textures/mlie.starwarsanimalcollection/textures/swanimals/pufferpig/pufferpig_south.png,,mlie.starwarsanimalcollection,n,,n,?,,A_Pufferpig/03.png
qormot,A_Qormot,A_Qormot#00,repo-current,src/RimStarWars/SWBestiary/Textures/swanimals/Qormot/Qormot_south.png,2026-09-18,f2f0ac8f9 MLIE_FAUNA_ABSORPTION_1 Pass 20: finish + wire Pufferpig/Qormot/Ronto (29 -> 26 remaining) | deployed identical | 1 commits touch this path,unknown,,y,y,,A_Qormot/00.png
qormot,A_Qormot,A_Qormot#01,artpipe,/mnt/d/Luke/dev/_artpipe/_artsrc/desertportb_qormot_south/desertportb_qormot_south.png,2026-09-20,DESERT_FAMILY_PORT_EXECUTION_1 | ,"partial (canon named in prompt, no library brief)","Transient/desert_art_review_2026-10-03.decisions.json:A_Qormot=redo (Check internet lore, this looks too cartonish.)",n,n,,A_Qormot/01.png
qormot,A_Qormot,A_Qormot#02,donor-bundle,/mnt/d/Luke/dev/RimMandrake/observed/inventory/bundle_textures/mlie.starwarsanimalcollection/textures/swanimals/qormot/qormot_south.png,,mlie.starwarsanimalcollection,n,,n,?,,A_Qormot/02.png
ronto,A_Ronto,A_Ronto#00,repo-current,src/RimStarWars/RontoArtOverride/Textures/swanimals/Ronto/Ronto_south.png,2026-09-20,1135036ce art: zero the sub-visible export halo across 241 of our facing sprites | deployed identical | 2 commits touch this path,unknown,,y,y,,A_Ronto/00.png
ronto,A_Ronto,A_Ronto#01,git-history (overwritten),src/RimStarWars/RontoArtOverride/Textures/swanimals/Ronto/Ronto_south.png,2026-09-11,9fa637b8e Wire ART_REGEN_WAVE4 art into 7 creatures: Ronto/Anooba/Dewback (SW-canon) + Grithe/Kroffa/Grutt/Puffmite (reimagined) [ART_REGEN_WAVE4],unknown,,,,,A_Ronto/01.png
ronto,A_Ronto,A_Ronto#02,artpipe,/mnt/d/Luke/dev/_artpipe/_artsrc/desert_swaca_ronto_south/desert_swaca_ronto_south.png,2026-09-20,"DESERT_FAMILY_PORT_EXECUTION_1 | RimWorld creature sprite, Star Wars desert bestiary, our own art (not the donor mod's).","partial (canon named in prompt, no library brief)",Transient/desert_art_review_2026-10-03.decisions.json:A_Ronto=keep,n,n,,A_Ronto/02.png
ronto,A_Ronto,A_Ronto#03,artpipe (png gone),/mnt/d/Luke/dev/_artpipe/_artsrc/ronto_v1_south/ronto_v1_south.png,2026-09-11,ART_REGEN_WAVE4_QUEUE_1 | SW canon identity KEPT per owner ruling 2026-09-11 ('improve' semantics): Ronto's name means the canonical Jawa beast of burden — converge o,"partial (canon named in prompt, no library brief)",art_review_2026-09-12/decisions.json:ronto_v1_east=keep; art_review_2026-09-12/decisions.json:ronto_v1_north=keep; art_review_2026-09-12/decisions.json:ronto_v1_south=keep,n,n,,
ronto,A_Ronto,A_Ronto#04,donor-bundle,/mnt/d/Luke/dev/RimMandrake/observed/inventory/bundle_textures/mlie.starwarsanimalcollection/textures/swanimals/ronto/ronto_south.png,,mlie.starwarsanimalcollection,n,,n,?,,A_Ronto/04.png
runyip,A_Runyip,A_Runyip#00,repo-current,src/RimStarWars/SWBestiary/Textures/swanimals/Runyip/Runyip_south.png,2026-09-18,d1d76e26e MLIE_FAUNA_ABSORPTION_1 Pass 22: finish + wire Runyip/Scavrat/Scurrier (29 -> 26 remaining) | deployed identical | 1 commits touch this path,unknown,,y,y,,A_Runyip/00.png
runyip,A_Runyip,A_Runyip#01,repo-current,src/RimStarWars/SWBestiary/Textures/swanimals/Runyip/Runyip_Swimming_south.png,2026-09-18,d1d76e26e MLIE_FAUNA_ABSORPTION_1 Pass 22: finish + wire Runyip/Scavrat/Scurrier (29 -> 26 remaining) | deployed identical | 1 commits touch this path,unknown,,n,n,,A_Runyip/01.png
runyip,A_Runyip,A_Runyip#02,repo-current,src/RimStarWars/SWBestiary/Textures/swanimals/Runyip/Runyip_j_south.png,2026-09-18,d1d76e26e MLIE_FAUNA_ABSORPTION_1 Pass 22: finish + wire Runyip/Scavrat/Scurrier (29 -> 26 remaining) | deployed identical | 1 commits touch this path,unknown,,y,y,,A_Runyip/02.png
runyip,A_Runyip,A_Runyip#03,repo-current,src/RimStarWars/SWBestiary/Textures/swanimals/Runyip/Runyip_j_Swimming_south.png,2026-09-18,d1d76e26e MLIE_FAUNA_ABSORPTION_1 Pass 22: finish + wire Runyip/Scavrat/Scurrier (29 -> 26 remaining) | deployed identical | 1 commits touch this path,unknown,,n,n,,A_Runyip/03.png
runyip,A_Runyip,A_Runyip#04,artpipe,/mnt/d/Luke/dev/_artpipe/_artsrc/desertportb_runyip_south/desertportb_runyip_south.png,2026-09-20,DESERT_FAMILY_PORT_EXECUTION_1 | ,"partial (canon named in prompt, no library brief)",Transient/desert_art_review_2026-10-03.decisions.json:A_Runyip=keep,n,n,,A_Runyip/04.png
runyip,A_Runyip,A_Runyip#05,donor-bundle,/mnt/d/Luke/dev/RimMandrake/observed/inventory/bundle_textures/mlie.starwarsanimalcollection/textures/swanimals/runyip/runyip_j_south.png,,mlie.starwarsanimalcollection,n,,n,?,,A_Runyip/05.png
runyip,A_Runyip,A_Runyip#06,donor-bundle,/mnt/d/Luke/dev/RimMandrake/observed/inventory/bundle_textures/mlie.starwarsanimalcollection/textures/swanimals/runyip/runyip_j_swimming_south.png,,mlie.starwarsanimalcollection,n,,n,?,,A_Runyip/06.png
runyip,A_Runyip,A_Runyip#07,donor-bundle,/mnt/d/Luke/dev/RimMandrake/observed/inventory/bundle_textures/mlie.starwarsanimalcollection/textures/swanimals/runyip/runyip_south.png,,mlie.starwarsanimalcollection,n,,n,?,,A_Runyip/07.png
runyip,A_Runyip,A_Runyip#08,donor-bundle,/mnt/d/Luke/dev/RimMandrake/observed/inventory/bundle_textures/mlie.starwarsanimalcollection/textures/swanimals/runyip/runyip_swimming_south.png,,mlie.starwarsanimalcollection,n,,n,?,,A_Runyip/08.png
sand prowler,A_AA_SandProwler,A_AA_SandProwler#00,repo-current,src/RimMandrake/LongShade/Textures/Things/Pawn/Animal/RM_Vosska/RM_Vosska_south.png,2026-09-29,"dab5a10c4 LONGSHADE_BEDAZZLE_CONTENT_1: wire finished art, five fillers, qorrax rename, glitter-bird/pirrik merge",n,,n,not deployed,"RSW_Dunestalker (ahash dist 0/256, weak)",A_AA_SandProwler/00.png
sand prowler,A_AA_SandProwler,A_AA_SandProwler#01,repo-current,src/RimStarWars/SWBestiary/Textures/Things/Pawn/Animal/RSW_Vosska/RSW_Vosska_south.png,2026-10-03,2154ef2ea SWBestiary: move 9 DesertPort animal textures to their renamed defNames (all 9 were pink) | deployed identical | 1 commits touch this path,n,,y,y,"RSW_Dunestalker (ahash dist 0/256, weak)",A_AA_SandProwler/01.png
sand prowler,A_AA_SandProwler,A_AA_SandProwler#02,artpipe,/mnt/d/Luke/dev/_artpipe/_artsrc/RM_Vosska_south/RM_Vosska_south.png,2026-09-30,LONGSHADE_BEDAZZLE_CONTENT_1 | long shade register: an open desert of ochre deep-sand sheets and pale-gold cracked hardpan under a perpetual golden hour; lit surfaces warm,n,,n,n,,A_AA_SandProwler/02.png
sand prowler,A_AA_SandProwler,A_AA_SandProwler#03,artpipe,/mnt/d/Luke/dev/_artpipe/_artsrc/RSW_Dunestalker_south/RSW_Dunestalker_south.png,2026-09-20,DESERT_FAMILY_PORT_EXECUTION_1 | ,n,,n,n,,A_AA_SandProwler/03.png
sand prowler,A_AA_SandProwler,A_AA_SandProwler#04,donor-loose,/mnt/c/Program Files (x86)/Steam/steamapps/workshop/content/294100/1541721856/Textures/Art/AA_SandProwlerArt.png,,sarg.alphaanimals,n,,n,n,,A_AA_SandProwler/04.png
sand prowler,A_AA_SandProwler,A_AA_SandProwler#05,donor-loose,/mnt/c/Program Files (x86)/Steam/steamapps/workshop/content/294100/1541721856/Textures/Things/Pawn/Animal/AA_SandProwler/AA_SandProwler_Hidden_south.png,,sarg.alphaanimals,n,,n,n,,A_AA_SandProwler/05.png
sand prowler,A_AA_SandProwler,A_AA_SandProwler#06,donor-loose,/mnt/c/Program Files (x86)/Steam/steamapps/workshop/content/294100/1541721856/Textures/Things/Pawn/Animal/AA_SandProwler/AA_SandProwler_south.png,,sarg.alphaanimals,n,,n,n,,A_AA_SandProwler/06.png
sand squid,A_AA_SandSquid,A_AA_SandSquid#00,repo-current,src/RimMandrake/LongShade/Textures/Things/Pawn/Animal/RM_Ommok/RM_Ommok_south.png,2026-09-29,"dab5a10c4 LONGSHADE_BEDAZZLE_CONTENT_1: wire finished art, five fillers, qorrax rename, glitter-bird/pirrik merge",n,,n,not deployed,"RSW_Sandmaw (ahash dist 0/256, weak)",A_AA_SandSquid/00.png
sand squid,A_AA_SandSquid,A_AA_SandSquid#01,repo-current,src/RimStarWars/SWBestiary/Textures/Things/Pawn/Animal/RSW_Ommok/RSW_Ommok_south.png,2026-10-03,2154ef2ea SWBestiary: move 9 DesertPort animal textures to their renamed defNames (all 9 were pink) | deployed identical | 1 commits touch this path,n,,y,y,"RSW_Sandmaw (ahash dist 0/256, weak)",A_AA_SandSquid/01.png
sand squid,A_AA_SandSquid,A_AA_SandSquid#02,artpipe,/mnt/d/Luke/dev/_artpipe/_artsrc/RM_Ommok_south/RM_Ommok_south.png,2026-09-30,LONGSHADE_BEDAZZLE_CONTENT_1 | long shade register: an open desert of ochre deep-sand sheets and pale-gold cracked hardpan under a perpetual golden hour; lit surfaces warm,n,,n,n,,A_AA_SandSquid/02.png
sand squid,A_AA_SandSquid,A_AA_SandSquid#03,artpipe,/mnt/d/Luke/dev/_artpipe/_artsrc/RSW_Sandmaw_south/RSW_Sandmaw_south.png,2026-09-20,DESERT_FAMILY_PORT_EXECUTION_1 | ,n,,n,n,,A_AA_SandSquid/03.png
sand squid,A_AA_SandSquid,A_AA_SandSquid#04,donor-loose,/mnt/c/Program Files (x86)/Steam/steamapps/workshop/content/294100/1541721856/Textures/Things/Pawn/Animal/AA_SandSquid/AA_SandSquid2_south.png,,sarg.alphaanimals,n,,n,n,,A_AA_SandSquid/04.png
sand squid,A_AA_SandSquid,A_AA_SandSquid#05,donor-loose,/mnt/c/Program Files (x86)/Steam/steamapps/workshop/content/294100/1541721856/Textures/Things/Pawn/Animal/AA_SandSquid/AA_SandSquid3_south.png,,sarg.alphaanimals,n,,n,n,,A_AA_SandSquid/05.png
sand squid,A_AA_SandSquid,A_AA_SandSquid#06,donor-loose,/mnt/c/Program Files (x86)/Steam/steamapps/workshop/content/294100/1541721856/Textures/Things/Pawn/Animal/AA_SandSquid/AA_SandSquid4_south.PNG,,sarg.alphaanimals,n,,n,n,,A_AA_SandSquid/06.png
sand squid,A_AA_SandSquid,A_AA_SandSquid#07,donor-loose,/mnt/c/Program Files (x86)/Steam/steamapps/workshop/content/294100/1541721856/Textures/Things/Pawn/Animal/AA_SandSquid/AA_SandSquid_south.png,,sarg.alphaanimals,n,,n,n,,A_AA_SandSquid/07.png
Scavrats,A_Scavrat,A_Scavrat#00,repo-current,src/RimStarWars/SWBestiary/Textures/swanimals/Scavrat/Scavrat_south.png,2026-09-18,d1d76e26e MLIE_FAUNA_ABSORPTION_1 Pass 22: finish + wire Runyip/Scavrat/Scurrier (29 -> 26 remaining) | deployed identical | 1 commits touch this path,unknown,,y,y,,A_Scavrat/00.png
Scavrats,A_Scavrat,A_Scavrat#01,artpipe,/mnt/d/Luke/dev/_artpipe/_artsrc/desert_swaca_scavrat_south/desert_swaca_scavrat_south.png,2026-09-20,"DESERT_FAMILY_PORT_EXECUTION_1 | RimWorld creature sprite, Star Wars desert bestiary, our own art (not the donor mod's).","partial (canon named in prompt, no library brief)",Transient/desert_art_review_2026-10-03.decisions.json:A_Scavrat=redo (more alien),n,n,,A_Scavrat/01.png
Scavrats,A_Scavrat,A_Scavrat#02,donor-bundle,/mnt/d/Luke/dev/RimMandrake/observed/inventory/bundle_textures/mlie.starwarsanimalcollection/textures/swanimals/scavrat/scavrat_south.png,,mlie.starwarsanimalcollection,n,,n,?,,A_Scavrat/02.png
scurrier,A_Scurrier,A_Scurrier#00,repo-current,src/RimStarWars/SWBestiary/Textures/swanimals/Scurrier/Scurrier_f_south.png,2026-09-18,d1d76e26e MLIE_FAUNA_ABSORPTION_1 Pass 22: finish + wire Runyip/Scavrat/Scurrier (29 -> 26 remaining) | deployed identical | 1 commits touch this path,unknown,,y,y,,A_Scurrier/00.png
scurrier,A_Scurrier,A_Scurrier#01,repo-current,src/RimStarWars/SWBestiary/Textures/swanimals/Scurrier/Scurrier_m_south.png,2026-09-18,d1d76e26e MLIE_FAUNA_ABSORPTION_1 Pass 22: finish + wire Runyip/Scavrat/Scurrier (29 -> 26 remaining) | deployed identical | 1 commits touch this path,unknown,,y,y,,A_Scurrier/01.png
scurrier,A_Scurrier,A_Scurrier#02,artpipe,/mnt/d/Luke/dev/_artpipe/_artsrc/desert_swaca_scurrier_south/desert_swaca_scurrier_south.png,2026-09-20,"DESERT_FAMILY_PORT_EXECUTION_1 | RimWorld creature sprite, Star Wars desert bestiary, our own art (not the donor mod's).","partial (canon named in prompt, no library brief)",Transient/desert_art_review_2026-10-03.decisions.json:A_Scurrier=redo (more alien),n,n,,A_Scurrier/02.png
scurrier,A_Scurrier,A_Scurrier#03,donor-bundle,/mnt/d/Luke/dev/RimMandrake/observed/inventory/bundle_textures/mlie.starwarsanimalcollection/textures/swanimals/scurrier/scurrier_f_south.png,,mlie.starwarsanimalcollection,n,,n,?,,A_Scurrier/03.png
scurrier,A_Scurrier,A_Scurrier#04,donor-bundle,/mnt/d/Luke/dev/RimMandrake/observed/inventory/bundle_textures/mlie.starwarsanimalcollection/textures/swanimals/scurrier/scurrier_m_south.png,,mlie.starwarsanimalcollection,n,,n,?,,A_Scurrier/04.png
shaak,A_Shaak,A_Shaak#00,repo-current,src/RimStarWars/SWBestiary/Textures/swanimals/Shaak/Shaak_south.png,2026-09-18,"60d4573cd MLIE_FAUNA_ABSORPTION_1 Pass 23: port Shaak, Shiro, ShiroTrap (26 -> 23 remaining) | deployed identical | 1 commits touch this path",unknown,,y,y,,A_Shaak/00.png
shaak,A_Shaak,A_Shaak#01,artpipe,/mnt/d/Luke/dev/_artpipe/_artsrc/desertportb_shaak_south/desertportb_shaak_south.png,2026-09-20,DESERT_FAMILY_PORT_EXECUTION_1 | ,"partial (canon named in prompt, no library brief)",Transient/desert_art_review_2026-10-03.decisions.json:A_Shaak=keep,n,n,,A_Shaak/01.png
shaak,A_Shaak,A_Shaak#02,donor-bundle,/mnt/d/Luke/dev/RimMandrake/observed/inventory/bundle_textures/mlie.starwarsanimalcollection/textures/swanimals/shaak/shaak_south.png,,mlie.starwarsanimalcollection,n,,n,?,,A_Shaak/02.png
shyrack,A_Shyrack,A_Shyrack#00,repo-current,src/RimStarWars/SWBestiary/Textures/swanimals/Shyrack/Shyrack_south.png,2026-09-18,"08ae0087c MLIE_FAUNA_ABSORPTION_1 Pass 23b: port Shyrack (23 -> 20 remaining, cumulative 26 -> 20 this pass) | deployed identical | 1 commits touch this path",unknown,,y,y,,A_Shyrack/00.png
shyrack,A_Shyrack,A_Shyrack#01,repo-current,src/RimStarWars/SWBestiary/Textures/swanimals/Shyrack/Shyrack_Flying_1_south.png,2026-09-18,"08ae0087c MLIE_FAUNA_ABSORPTION_1 Pass 23b: port Shyrack (23 -> 20 remaining, cumulative 26 -> 20 this pass) | deployed identical | 1 commits touch this path",unknown,,n,n,,A_Shyrack/01.png
shyrack,A_Shyrack,A_Shyrack#02,repo-current,src/RimStarWars/SWBestiary/Textures/swanimals/Shyrack/Shyrack_Flying_2_south.png,2026-09-18,"08ae0087c MLIE_FAUNA_ABSORPTION_1 Pass 23b: port Shyrack (23 -> 20 remaining, cumulative 26 -> 20 this pass) | deployed identical | 1 commits touch this path",unknown,,n,n,,A_Shyrack/02.png
shyrack,A_Shyrack,A_Shyrack#03,repo-current,src/RimStarWars/SWBestiary/Textures/swanimals/Shyrack/Shyrack_Flying_3_south.png,2026-09-18,"08ae0087c MLIE_FAUNA_ABSORPTION_1 Pass 23b: port Shyrack (23 -> 20 remaining, cumulative 26 -> 20 this pass) | deployed identical | 1 commits touch this path",unknown,,n,n,,A_Shyrack/03.png
shyrack,A_Shyrack,A_Shyrack#04,repo-current,src/RimStarWars/SWBestiary/Textures/swanimals/Shyrack/Shyrack_Flying_44_south.png,2026-09-18,"08ae0087c MLIE_FAUNA_ABSORPTION_1 Pass 23b: port Shyrack (23 -> 20 remaining, cumulative 26 -> 20 this pass) | deployed identical | 1 commits touch this path",unknown,,n,n,,A_Shyrack/04.png
shyrack,A_Shyrack,A_Shyrack#05,artpipe,/mnt/d/Luke/dev/_artpipe/_artsrc/desert_swaca_shyrack_south/desert_swaca_shyrack_south.png,2026-09-20,"DESERT_FAMILY_PORT_EXECUTION_1 | RimWorld creature sprite, Star Wars desert bestiary, our own art (not the donor mod's).","partial (canon named in prompt, no library brief)",Transient/desert_art_review_2026-10-03.decisions.json:A_Shyrack=keep,n,n,,A_Shyrack/05.png
shyrack,A_Shyrack,A_Shyrack#06,donor-bundle,/mnt/d/Luke/dev/RimMandrake/observed/inventory/bundle_textures/mlie.starwarsanimalcollection/textures/swanimals/shyrack/shyrack_flying_1_south.png,,mlie.starwarsanimalcollection,n,,n,?,,A_Shyrack/06.png
shyrack,A_Shyrack,A_Shyrack#07,donor-bundle,/mnt/d/Luke/dev/RimMandrake/observed/inventory/bundle_textures/mlie.starwarsanimalcollection/textures/swanimals/shyrack/shyrack_flying_2_south.png,,mlie.starwarsanimalcollection,n,,n,?,,A_Shyrack/07.png
shyrack,A_Shyrack,A_Shyrack#08,donor-bundle,/mnt/d/Luke/dev/RimMandrake/observed/inventory/bundle_textures/mlie.starwarsanimalcollection/textures/swanimals/shyrack/shyrack_flying_3_south.png,,mlie.starwarsanimalcollection,n,,n,?,,A_Shyrack/08.png
shyrack,A_Shyrack,A_Shyrack#09,donor-bundle,/mnt/d/Luke/dev/RimMandrake/observed/inventory/bundle_textures/mlie.starwarsanimalcollection/textures/swanimals/shyrack/shyrack_flying_44_south.png,,mlie.starwarsanimalcollection,n,,n,?,,A_Shyrack/09.png
shyrack,A_Shyrack,A_Shyrack#10,donor-bundle,/mnt/d/Luke/dev/RimMandrake/observed/inventory/bundle_textures/mlie.starwarsanimalcollection/textures/swanimals/shyrack/shyrack_south.png,,mlie.starwarsanimalcollection,n,,n,?,,A_Shyrack/10.png
skalder,A_Skalder,A_Skalder#00,repo-current,src/RimStarWars/SWBestiary/Textures/swanimals/Skalder/Skalder_south.png,2026-09-18,"4e89c8f7d MLIE_FAUNA_ABSORPTION_1 Pass 23c: port Skalder, Sketto (20 -> 18 remaining, cumulative 26 -> 18 this pass) | deployed identical | 1 commits touch this path",unknown,,y,y,,A_Skalder/00.png
skalder,A_Skalder,A_Skalder#01,repo-current,src/RimStarWars/SWBestiary/Textures/swanimals/Skalder/Skalder_Swimming_south.png,2026-09-18,"4e89c8f7d MLIE_FAUNA_ABSORPTION_1 Pass 23c: port Skalder, Sketto (20 -> 18 remaining, cumulative 26 -> 18 this pass) | deployed identical | 1 commits touch this path",unknown,,n,n,,A_Skalder/01.png
skalder,A_Skalder,A_Skalder#02,artpipe,/mnt/d/Luke/dev/_artpipe/_artsrc/desert_swaca_skalder_south/desert_swaca_skalder_south.png,2026-09-20,"DESERT_FAMILY_PORT_EXECUTION_1 | RimWorld creature sprite, Star Wars desert bestiary, our own art (not the donor mod's).","partial (canon named in prompt, no library brief)",Transient/desert_art_review_2026-10-03.decisions.json:A_Skalder=redo (not all facings are the same animal),n,n,,A_Skalder/02.png
skalder,A_Skalder,A_Skalder#03,donor-bundle,/mnt/d/Luke/dev/RimMandrake/observed/inventory/bundle_textures/mlie.starwarsanimalcollection/textures/swanimals/skalder/skalder_south.png,,mlie.starwarsanimalcollection,n,,n,?,,A_Skalder/03.png
skalder,A_Skalder,A_Skalder#04,donor-bundle,/mnt/d/Luke/dev/RimMandrake/observed/inventory/bundle_textures/mlie.starwarsanimalcollection/textures/swanimals/skalder/skalder_swimming_south.png,,mlie.starwarsanimalcollection,n,,n,?,,A_Skalder/04.png
skalder,A_Skalder,A_Skalder#05,donor-bundle,/mnt/d/Luke/dev/RimMandrake/observed/inventory/bundle_textures/mlie.starwarsanimalcollection/textures/swresource/trophies/skaldertusk.png,,mlie.starwarsanimalcollection,n,,n,?,,A_Skalder/05.png
sketto,A_Sketto,A_Sketto#00,repo-current,src/RimStarWars/SWBestiary/Textures/swanimals/Sketto/Sketto_south.png,2026-09-18,"4e89c8f7d MLIE_FAUNA_ABSORPTION_1 Pass 23c: port Skalder, Sketto (20 -> 18 remaining, cumulative 26 -> 18 this pass) | deployed identical | 1 commits touch this path",unknown,,y,y,,A_Sketto/00.png
sketto,A_Sketto,A_Sketto#01,repo-current,src/RimStarWars/SWBestiary/Textures/swanimals/Sketto/Sketto_Flying_1_south.png,2026-09-18,"4e89c8f7d MLIE_FAUNA_ABSORPTION_1 Pass 23c: port Skalder, Sketto (20 -> 18 remaining, cumulative 26 -> 18 this pass) | deployed identical | 1 commits touch this path",unknown,,n,n,,A_Sketto/01.png
sketto,A_Sketto,A_Sketto#02,repo-current,src/RimStarWars/SWBestiary/Textures/swanimals/Sketto/Sketto_Flying_2_south.png,2026-09-18,"4e89c8f7d MLIE_FAUNA_ABSORPTION_1 Pass 23c: port Skalder, Sketto (20 -> 18 remaining, cumulative 26 -> 18 this pass) | deployed identical | 1 commits touch this path",unknown,,n,n,,A_Sketto/02.png
sketto,A_Sketto,A_Sketto#03,repo-current,src/RimStarWars/SWBestiary/Textures/swanimals/Sketto/Sketto_Flying_3_south.png,2026-09-18,"4e89c8f7d MLIE_FAUNA_ABSORPTION_1 Pass 23c: port Skalder, Sketto (20 -> 18 remaining, cumulative 26 -> 18 this pass) | deployed identical | 1 commits touch this path",unknown,,n,n,,A_Sketto/03.png
sketto,A_Sketto,A_Sketto#04,repo-current,src/RimStarWars/SWBestiary/Textures/swanimals/Sketto/Sketto_Flying_4_south.png,2026-09-18,"4e89c8f7d MLIE_FAUNA_ABSORPTION_1 Pass 23c: port Skalder, Sketto (20 -> 18 remaining, cumulative 26 -> 18 this pass) | deployed identical",unknown,,n,n,,A_Sketto/04.png
sketto,A_Sketto,A_Sketto#05,artpipe,/mnt/d/Luke/dev/_artpipe/_artsrc/desert_swaca_sketto_south/desert_swaca_sketto_south.png,2026-09-20,"DESERT_FAMILY_PORT_EXECUTION_1 | RimWorld creature sprite, Star Wars desert bestiary, our own art (not the donor mod's).","partial (canon named in prompt, no library brief)",Transient/desert_art_review_2026-10-03.decisions.json:A_Sketto=redo (just look like little dragons. Look up canon imagery in the database.),n,n,,A_Sketto/05.png
sketto,A_Sketto,A_Sketto#06,donor-bundle,/mnt/d/Luke/dev/RimMandrake/observed/inventory/bundle_textures/mlie.starwarsanimalcollection/textures/swanimals/sketto/sketto_flying_1_south.png,,mlie.starwarsanimalcollection,n,,n,?,,A_Sketto/06.png
sketto,A_Sketto,A_Sketto#07,donor-bundle,/mnt/d/Luke/dev/RimMandrake/observed/inventory/bundle_textures/mlie.starwarsanimalcollection/textures/swanimals/sketto/sketto_flying_2_south.png,,mlie.starwarsanimalcollection,n,,n,?,,A_Sketto/07.png
sketto,A_Sketto,A_Sketto#08,donor-bundle,/mnt/d/Luke/dev/RimMandrake/observed/inventory/bundle_textures/mlie.starwarsanimalcollection/textures/swanimals/sketto/sketto_flying_3_south.png,,mlie.starwarsanimalcollection,n,,n,?,,A_Sketto/08.png
sketto,A_Sketto,A_Sketto#09,donor-bundle,/mnt/d/Luke/dev/RimMandrake/observed/inventory/bundle_textures/mlie.starwarsanimalcollection/textures/swanimals/sketto/sketto_flying_4_south.png,,mlie.starwarsanimalcollection,n,,n,?,,A_Sketto/09.png
sketto,A_Sketto,A_Sketto#10,donor-bundle,/mnt/d/Luke/dev/RimMandrake/observed/inventory/bundle_textures/mlie.starwarsanimalcollection/textures/swanimals/sketto/sketto_south.png,,mlie.starwarsanimalcollection,n,,n,?,,A_Sketto/10.png
strill,A_Strill,A_Strill#00,repo-current,src/RimStarWars/SWBestiary/Textures/swanimals/Strill/Strill_south.png,2026-09-18,"e6e851b70 MLIE_FAUNA_ABSORPTION_1 Pass 23d: port Strill (18 -> 17 remaining, cumulative 26 -> 17 this pass) | deployed identical | 1 commits touch this path",unknown,,y,y,,A_Strill/00.png
strill,A_Strill,A_Strill#01,repo-current,src/RimStarWars/SWBestiary/Textures/swanimals/Strill/Strill_Flying_1_south.png,2026-09-18,"e6e851b70 MLIE_FAUNA_ABSORPTION_1 Pass 23d: port Strill (18 -> 17 remaining, cumulative 26 -> 17 this pass) | deployed identical | 1 commits touch this path",unknown,,n,n,,A_Strill/01.png
strill,A_Strill,A_Strill#02,artpipe,/mnt/d/Luke/dev/_artpipe/_artsrc/desertportb_strill_south/desertportb_strill_south.png,2026-09-20,DESERT_FAMILY_PORT_EXECUTION_1 | ,"partial (canon named in prompt, no library brief)",Transient/desert_art_review_2026-10-03.decisions.json:A_Strill=redo (Look in canon examples),n,n,,A_Strill/02.png
strill,A_Strill,A_Strill#03,donor-bundle,/mnt/d/Luke/dev/RimMandrake/observed/inventory/bundle_textures/mlie.starwarsanimalcollection/textures/swanimals/strill/strill_flying_1_south.png,,mlie.starwarsanimalcollection,n,,n,?,,A_Strill/03.png
strill,A_Strill,A_Strill#04,donor-bundle,/mnt/d/Luke/dev/RimMandrake/observed/inventory/bundle_textures/mlie.starwarsanimalcollection/textures/swanimals/strill/strill_south.png,,mlie.starwarsanimalcollection,n,,n,?,,A_Strill/04.png
tee muss,A_TeeMuss,A_TeeMuss#00,repo-current,src/RimStarWars/SWBestiary/Textures/swanimals/TeeMuss/TeeMuss_south.png,2026-09-18,"634b96b2e MLIE_FAUNA_ABSORPTION_1 Pass 24: port TeeMuss, Urusai, Uvak, Varactyl, Voorpak, WarWyrm, Whisperbird, WompRat, Woolamander, Worrt, Wraid, Wyyyschokk, Yobshrimp, Zakkeg, Zeer (16 -> 1 remaining) | deployed identical | 1 commits touch this path",unknown,,y,y,,A_TeeMuss/00.png
tee muss,A_TeeMuss,A_TeeMuss#01,artpipe,/mnt/d/Luke/dev/_artpipe/_artsrc/desertportb_teemuss_south/desertportb_teemuss_south.png,2026-09-20,DESERT_FAMILY_PORT_EXECUTION_1 | ,"partial (canon named in prompt, no library brief)",Transient/desert_art_review_2026-10-03.decisions.json:A_TeeMuss=redo (Look in canon examples),n,n,,A_TeeMuss/01.png
tee muss,A_TeeMuss,A_TeeMuss#02,donor-bundle,/mnt/d/Luke/dev/RimMandrake/observed/inventory/bundle_textures/mlie.starwarsanimalcollection/textures/swanimals/teemuss/teemuss_south.png,,mlie.starwarsanimalcollection,n,,n,?,,A_TeeMuss/02.png
terramorph,A_AA_Terramorph,A_AA_Terramorph#00,repo-current,src/RimMandrake/LongShade/Textures/Things/Pawn/Animal/RM_Khorrak/RM_Khorrak_south.png,2026-09-29,"dab5a10c4 LONGSHADE_BEDAZZLE_CONTENT_1: wire finished art, five fillers, qorrax rename, glitter-bird/pirrik merge",n,,n,not deployed,"RSW_Ferroclaw (ahash dist 0/256, weak)",A_AA_Terramorph/00.png
terramorph,A_AA_Terramorph,A_AA_Terramorph#01,repo-current,src/RimStarWars/SWBestiary/Textures/Things/Pawn/Animal/RSW_Khorrak/RSW_Khorrak_south.png,2026-10-03,2154ef2ea SWBestiary: move 9 DesertPort animal textures to their renamed defNames (all 9 were pink) | deployed identical | 1 commits touch this path,n,,y,y,"RSW_Ferroclaw (ahash dist 0/256, weak)",A_AA_Terramorph/01.png
terramorph,A_AA_Terramorph,A_AA_Terramorph#02,repo-current,src/RimUtinni/TerramorphArtOverride/Textures/Things/Pawn/Animal/AA_Terramorph/AA_Terramorph_south.png,2026-09-20,1135036ce art: zero the sub-visible export halo across 241 of our facing sprites | deployed identical | 2 commits touch this path,unknown,,n,n,,A_AA_Terramorph/02.png
terramorph,A_AA_Terramorph,A_AA_Terramorph#03,git-history (overwritten),src/RimUtinni/TerramorphArtOverride/Textures/Things/Pawn/Animal/AA_Terramorph/AA_Terramorph_south.png,2026-09-13,cea007c3a Art-review platform: install every gate-passed render awaiting verdict (95 stems),unknown,,,,,A_AA_Terramorph/03.png
terramorph,A_AA_Terramorph,A_AA_Terramorph#04,artpipe,/mnt/d/Luke/dev/_artpipe/_artsrc/RM_Khorrak_south/RM_Khorrak_south.png,2026-09-30,LONGSHADE_BEDAZZLE_CONTENT_1 | long shade register: an open desert of ochre deep-sand sheets and pale-gold cracked hardpan under a perpetual golden hour; lit surfaces warm,n,,n,n,,A_AA_Terramorph/04.png
terramorph,A_AA_Terramorph,A_AA_Terramorph#05,artpipe,/mnt/d/Luke/dev/_artpipe/_artsrc/RSW_Ferroclaw_south/RSW_Ferroclaw_south.png,2026-09-20,DESERT_FAMILY_PORT_EXECUTION_1 | ,n,Transient/desert_art_verdict_2026-09-20.decisions.json:RSW_Ferroclaw=keep,n,n,,A_AA_Terramorph/05.png
terramorph,A_AA_Terramorph,A_AA_Terramorph#06,artpipe (png gone),/mnt/d/Luke/dev/_artpipe/_artsrc/aa_terramorph_v1_south/aa_terramorph_v1_south.png,2026-09-11,"ART_REGEN_WAVE5_QUEUE_1 | Non-SW name (AA_Terramorph) — name KEPT, not renamed: the 2026-09-10 sitting ruling already gave it an established lore identity ('dayside l",n,art_review_2026-09-12/decisions.json:aa_terramorph_v1_east=keep; art_review_2026-09-12/decisions.json:aa_terramorph_v1_south=keep; legibility_final_review_2026-09-13/decisions.json:aa_terramorph_v1_east=good; legibility_final_review_2026-09-13/decisions.json:aa_terramorph_v1_north=good; legibility_final_review_2026-09-13/decisions.json:aa_terramorph_v1_north_r2=good; legibility_final_review_2026-09-13/decisions.json:aa_terramorph_v1_south=good,n,n,,
terramorph,A_AA_Terramorph,A_AA_Terramorph#07,artpipe (png gone),/mnt/d/Luke/dev/_artpipe/_artsrc/aa_terramorph_v1_north_r2/aa_terramorph_v1_north_r2.png,2026-09-13,"ART_REGEN_WAVE5_QUEUE_1 | Non-SW name (AA_Terramorph) — name KEPT, not renamed: the 2026-09-10 sitting ruling already gave it an established lore identity ('dayside l",n,legibility_final_review_2026-09-13/decisions.json:aa_terramorph_v1_north_r2=good,n,n,,
terramorph,A_AA_Terramorph,A_AA_Terramorph#08,donor-loose,/mnt/c/Program Files (x86)/Steam/steamapps/workshop/content/294100/1541721856/Textures/Things/Pawn/Animal/AA_Terramorph/AA_Terramorph_south.png,,sarg.alphaanimals,n,,n,n,,A_AA_Terramorph/08.png
terrorworm,A_Terrorworm,A_Terrorworm#00,artpipe,/mnt/d/Luke/dev/_artpipe/_artsrc/RSW_Ashworm_south/RSW_Ashworm_south.png,2026-09-20,DESERT_FAMILY_PORT_EXECUTION_1 | ,n,,n,n,,A_Terrorworm/00.png
tetra slug,A_AA_TetraSlug,A_AA_TetraSlug#00,repo-current,src/RimMandrake/Stillsand/Textures/Things/Pawn/Animal/RM_Vozzik/RM_Vozzik_south.png,2026-10-02,0d9d47454 rescue snapshot: shared-tree-20261002T075419Z | 2 commits touch this path,n,,n,not deployed,"RM_Vozzik (ahash dist 0/256, weak)",A_AA_TetraSlug/00.png
tetra slug,A_AA_TetraSlug,A_AA_TetraSlug#01,repo-current,src/RimStarWars/SWBestiary/Textures/Things/Pawn/Animal/RSW_Vozzik/RSW_Vozzik_south.png,2026-10-03,2154ef2ea SWBestiary: move 9 DesertPort animal textures to their renamed defNames (all 9 were pink) | deployed identical | 1 commits touch this path,n,,y,y,"RSW_Voltmaw (ahash dist 0/256, weak)",A_AA_TetraSlug/01.png
tetra slug,A_AA_TetraSlug,A_AA_TetraSlug#02,artpipe,/mnt/d/Luke/dev/_artpipe/_artsrc/RM_Vozzik_south/RM_Vozzik_south.png,2026-10-01,"STILLSAND_BEDAZZLE_CONTENT_1 | stillsand register: the deep desert under a fixed white sun that never sets: bleached bone, pale gold and old-ivory sand, hard-edged black s",n,,n,n,,A_AA_TetraSlug/02.png
tetra slug,A_AA_TetraSlug,A_AA_TetraSlug#03,artpipe,/mnt/d/Luke/dev/_artpipe/_artsrc/RM_VozzikSkeleton/RM_VozzikSkeleton.png,2026-10-01,"STILLSAND_SKELETONS_TRACKS_1 | stillsand register: the deep desert under a fixed white sun that never sets: bleached bone, pale gold and old-ivory sand, hard-edged black s",n,,n,n,,A_AA_TetraSlug/03.png
tetra slug,A_AA_TetraSlug,A_AA_TetraSlug#04,artpipe,/mnt/d/Luke/dev/_artpipe/_artsrc/RSW_Voltmaw_south/RSW_Voltmaw_south.png,2026-09-20,DESERT_FAMILY_PORT_EXECUTION_1 | ,n,,n,n,,A_AA_TetraSlug/04.png
tetra slug,A_AA_TetraSlug,A_AA_TetraSlug#05,donor-loose,/mnt/c/Program Files (x86)/Steam/steamapps/workshop/content/294100/1541721856/Textures/Things/Pawn/Animal/AA_TetraSlug/AA_TetraSlug_south.png,,sarg.alphaanimals,n,,n,n,,A_AA_TetraSlug/05.png
urusai,A_Urusai,A_Urusai#00,repo-current,src/RimStarWars/SWBestiary/Textures/swanimals/Urusai/Urusai_south.png,2026-09-18,"634b96b2e MLIE_FAUNA_ABSORPTION_1 Pass 24: port TeeMuss, Urusai, Uvak, Varactyl, Voorpak, WarWyrm, Whisperbird, WompRat, Woolamander, Worrt, Wraid, Wyyyschokk, Yobshrimp, Zakkeg, Zeer (16 -> 1 remaining) | deployed identical | 1 commits touch this path",unknown,,y,y,,A_Urusai/00.png
urusai,A_Urusai,A_Urusai#01,repo-current,src/RimStarWars/SWBestiary/Textures/swanimals/Urusai/Urusai_Flying_1_south.png,2026-09-18,"634b96b2e MLIE_FAUNA_ABSORPTION_1 Pass 24: port TeeMuss, Urusai, Uvak, Varactyl, Voorpak, WarWyrm, Whisperbird, WompRat, Woolamander, Worrt, Wraid, Wyyyschokk, Yobshrimp, Zakkeg, Zeer (16 -> 1 remaining) | deployed identical | 1 commits touch this path",unknown,,n,n,,A_Urusai/01.png
urusai,A_Urusai,A_Urusai#02,repo-current,src/RimStarWars/SWBestiary/Textures/swanimals/Urusai/Urusai_Flying_2_south.png,2026-09-18,"634b96b2e MLIE_FAUNA_ABSORPTION_1 Pass 24: port TeeMuss, Urusai, Uvak, Varactyl, Voorpak, WarWyrm, Whisperbird, WompRat, Woolamander, Worrt, Wraid, Wyyyschokk, Yobshrimp, Zakkeg, Zeer (16 -> 1 remaining) | deployed identical | 1 commits touch this path",unknown,,n,n,,A_Urusai/02.png
urusai,A_Urusai,A_Urusai#03,repo-current,src/RimStarWars/SWBestiary/Textures/swanimals/Urusai/Urusai_Flying_3_south.png,2026-09-18,"634b96b2e MLIE_FAUNA_ABSORPTION_1 Pass 24: port TeeMuss, Urusai, Uvak, Varactyl, Voorpak, WarWyrm, Whisperbird, WompRat, Woolamander, Worrt, Wraid, Wyyyschokk, Yobshrimp, Zakkeg, Zeer (16 -> 1 remaining) | deployed identical | 1 commits touch this path",unknown,,n,n,,A_Urusai/03.png
urusai,A_Urusai,A_Urusai#04,repo-current,src/RimStarWars/SWBestiary/Textures/swanimals/Urusai/Urusai_Flying_4_south.png,2026-09-18,"634b96b2e MLIE_FAUNA_ABSORPTION_1 Pass 24: port TeeMuss, Urusai, Uvak, Varactyl, Voorpak, WarWyrm, Whisperbird, WompRat, Woolamander, Worrt, Wraid, Wyyyschokk, Yobshrimp, Zakkeg, Zeer (16 -> 1 remaining) | deployed identical",unknown,,n,n,,A_Urusai/04.png
urusai,A_Urusai,A_Urusai#05,artpipe,/mnt/d/Luke/dev/_artpipe/_artsrc/desert_swaca_urusai_south/desert_swaca_urusai_south.png,2026-09-20,"DESERT_FAMILY_PORT_EXECUTION_1 | RimWorld creature sprite, Star Wars desert bestiary, our own art (not the donor mod's).","partial (canon named in prompt, no library brief)","Transient/desert_art_review_2026-10-03.decisions.json:A_Urusai=redo (Look at canon, each face appears diferent creature.)",n,n,,A_Urusai/05.png
urusai,A_Urusai,A_Urusai#06,donor-bundle,/mnt/d/Luke/dev/RimMandrake/observed/inventory/bundle_textures/mlie.starwarsanimalcollection/textures/swanimals/urusai/urusai_flying_1_south.png,,mlie.starwarsanimalcollection,n,,n,?,,A_Urusai/06.png
urusai,A_Urusai,A_Urusai#07,donor-bundle,/mnt/d/Luke/dev/RimMandrake/observed/inventory/bundle_textures/mlie.starwarsanimalcollection/textures/swanimals/urusai/urusai_flying_2_south.png,,mlie.starwarsanimalcollection,n,,n,?,,A_Urusai/07.png
urusai,A_Urusai,A_Urusai#08,donor-bundle,/mnt/d/Luke/dev/RimMandrake/observed/inventory/bundle_textures/mlie.starwarsanimalcollection/textures/swanimals/urusai/urusai_flying_3_south.png,,mlie.starwarsanimalcollection,n,,n,?,,A_Urusai/08.png
urusai,A_Urusai,A_Urusai#09,donor-bundle,/mnt/d/Luke/dev/RimMandrake/observed/inventory/bundle_textures/mlie.starwarsanimalcollection/textures/swanimals/urusai/urusai_flying_4_south.png,,mlie.starwarsanimalcollection,n,,n,?,,A_Urusai/09.png
urusai,A_Urusai,A_Urusai#10,donor-bundle,/mnt/d/Luke/dev/RimMandrake/observed/inventory/bundle_textures/mlie.starwarsanimalcollection/textures/swanimals/urusai/urusai_south.png,,mlie.starwarsanimalcollection,n,,n,?,,A_Urusai/10.png
uvak,A_Uvak,A_Uvak#00,repo-current,src/RimStarWars/SWBestiary/Textures/swanimals/Uvak/Uvak_south.png,2026-09-18,"634b96b2e MLIE_FAUNA_ABSORPTION_1 Pass 24: port TeeMuss, Urusai, Uvak, Varactyl, Voorpak, WarWyrm, Whisperbird, WompRat, Woolamander, Worrt, Wraid, Wyyyschokk, Yobshrimp, Zakkeg, Zeer (16 -> 1 remaining) | deployed identical | 1 commits touch this path",unknown,,y,y,,A_Uvak/00.png
uvak,A_Uvak,A_Uvak#01,repo-current,src/RimStarWars/SWBestiary/Textures/swanimals/Uvak/Uvak_Flying_1_south.png,2026-09-18,"634b96b2e MLIE_FAUNA_ABSORPTION_1 Pass 24: port TeeMuss, Urusai, Uvak, Varactyl, Voorpak, WarWyrm, Whisperbird, WompRat, Woolamander, Worrt, Wraid, Wyyyschokk, Yobshrimp, Zakkeg, Zeer (16 -> 1 remaining) | deployed identical | 1 commits touch this path",unknown,,n,n,,A_Uvak/01.png
uvak,A_Uvak,A_Uvak#02,repo-current,src/RimStarWars/SWBestiary/Textures/swanimals/Uvak/Uvak_Flying_2_south.png,2026-09-18,"634b96b2e MLIE_FAUNA_ABSORPTION_1 Pass 24: port TeeMuss, Urusai, Uvak, Varactyl, Voorpak, WarWyrm, Whisperbird, WompRat, Woolamander, Worrt, Wraid, Wyyyschokk, Yobshrimp, Zakkeg, Zeer (16 -> 1 remaining) | deployed identical | 1 commits touch this path",unknown,,n,n,,A_Uvak/02.png
uvak,A_Uvak,A_Uvak#03,repo-current,src/RimStarWars/SWBestiary/Textures/swanimals/Uvak/Uvak_Flying_3_south.png,2026-09-18,"634b96b2e MLIE_FAUNA_ABSORPTION_1 Pass 24: port TeeMuss, Urusai, Uvak, Varactyl, Voorpak, WarWyrm, Whisperbird, WompRat, Woolamander, Worrt, Wraid, Wyyyschokk, Yobshrimp, Zakkeg, Zeer (16 -> 1 remaining) | deployed identical | 1 commits touch this path",unknown,,n,n,,A_Uvak/03.png
uvak,A_Uvak,A_Uvak#04,repo-current,src/RimStarWars/SWBestiary/Textures/swanimals/Uvak/Uvak_Flying_4_south.png,2026-09-18,"634b96b2e MLIE_FAUNA_ABSORPTION_1 Pass 24: port TeeMuss, Urusai, Uvak, Varactyl, Voorpak, WarWyrm, Whisperbird, WompRat, Woolamander, Worrt, Wraid, Wyyyschokk, Yobshrimp, Zakkeg, Zeer (16 -> 1 remaining) | deployed identical",unknown,,n,n,,A_Uvak/04.png
uvak,A_Uvak,A_Uvak#05,artpipe,/mnt/d/Luke/dev/_artpipe/_artsrc/desertportb_uvak_south/desertportb_uvak_south.png,2026-09-20,DESERT_FAMILY_PORT_EXECUTION_1 | ,"partial (canon named in prompt, no library brief)","Transient/desert_art_review_2026-10-03.decisions.json:A_Uvak=redo (Check canon lore, each face looks different)",n,n,,A_Uvak/05.png
uvak,A_Uvak,A_Uvak#06,donor-bundle,/mnt/d/Luke/dev/RimMandrake/observed/inventory/bundle_textures/mlie.starwarsanimalcollection/textures/swanimals/uvak/uvak_flying_1_south.png,,mlie.starwarsanimalcollection,n,,n,?,,A_Uvak/06.png
uvak,A_Uvak,A_Uvak#07,donor-bundle,/mnt/d/Luke/dev/RimMandrake/observed/inventory/bundle_textures/mlie.starwarsanimalcollection/textures/swanimals/uvak/uvak_flying_2_south.png,,mlie.starwarsanimalcollection,n,,n,?,,A_Uvak/07.png
uvak,A_Uvak,A_Uvak#08,donor-bundle,/mnt/d/Luke/dev/RimMandrake/observed/inventory/bundle_textures/mlie.starwarsanimalcollection/textures/swanimals/uvak/uvak_flying_3_south.png,,mlie.starwarsanimalcollection,n,,n,?,,A_Uvak/08.png
uvak,A_Uvak,A_Uvak#09,donor-bundle,/mnt/d/Luke/dev/RimMandrake/observed/inventory/bundle_textures/mlie.starwarsanimalcollection/textures/swanimals/uvak/uvak_flying_4_south.png,,mlie.starwarsanimalcollection,n,,n,?,,A_Uvak/09.png
uvak,A_Uvak,A_Uvak#10,donor-bundle,/mnt/d/Luke/dev/RimMandrake/observed/inventory/bundle_textures/mlie.starwarsanimalcollection/textures/swanimals/uvak/uvak_south.png,,mlie.starwarsanimalcollection,n,,n,?,,A_Uvak/10.png
varactyl,A_Varactyl,A_Varactyl#00,repo-current,src/RimStarWars/SWBestiary/Textures/swanimals/Varactyl/Varactyl_f_south.png,2026-09-18,"634b96b2e MLIE_FAUNA_ABSORPTION_1 Pass 24: port TeeMuss, Urusai, Uvak, Varactyl, Voorpak, WarWyrm, Whisperbird, WompRat, Woolamander, Worrt, Wraid, Wyyyschokk, Yobshrimp, Zakkeg, Zeer (16 -> 1 remaining) | deployed identical | 1 commits touch this path",unknown,,y,y,,A_Varactyl/00.png
varactyl,A_Varactyl,A_Varactyl#01,repo-current,src/RimStarWars/SWBestiary/Textures/swanimals/Varactyl/Varactyl_m_south.png,2026-09-18,"634b96b2e MLIE_FAUNA_ABSORPTION_1 Pass 24: port TeeMuss, Urusai, Uvak, Varactyl, Voorpak, WarWyrm, Whisperbird, WompRat, Woolamander, Worrt, Wraid, Wyyyschokk, Yobshrimp, Zakkeg, Zeer (16 -> 1 remaining) | deployed identical | 1 commits touch this path",unknown,,y,y,,A_Varactyl/01.png
varactyl,A_Varactyl,A_Varactyl#02,artpipe,/mnt/d/Luke/dev/_artpipe/_artsrc/desertportb_varactyl_south/desertportb_varactyl_south.png,2026-09-20,DESERT_FAMILY_PORT_EXECUTION_1 | ,"partial (canon named in prompt, no library brief)","Transient/desert_art_review_2026-10-03.decisions.json:A_Varactyl=redo (Check lore, each face looks different)",n,n,,A_Varactyl/02.png
varactyl,A_Varactyl,A_Varactyl#03,donor-bundle,/mnt/d/Luke/dev/RimMandrake/observed/inventory/bundle_textures/mlie.starwarsanimalcollection/textures/swanimals/varactyl/varactyl_f_south.png,,mlie.starwarsanimalcollection,n,,n,?,,A_Varactyl/03.png
varactyl,A_Varactyl,A_Varactyl#04,donor-bundle,/mnt/d/Luke/dev/RimMandrake/observed/inventory/bundle_textures/mlie.starwarsanimalcollection/textures/swanimals/varactyl/varactyl_m_south.png,,mlie.starwarsanimalcollection,n,,n,?,,A_Varactyl/04.png
voorpak,A_Voorpak,A_Voorpak#00,repo-current,src/RimStarWars/SWBestiary/Textures/swanimals/Voorpak/Voorpak_south.png,2026-09-18,"634b96b2e MLIE_FAUNA_ABSORPTION_1 Pass 24: port TeeMuss, Urusai, Uvak, Varactyl, Voorpak, WarWyrm, Whisperbird, WompRat, Woolamander, Worrt, Wraid, Wyyyschokk, Yobshrimp, Zakkeg, Zeer (16 -> 1 remaining) | deployed identical | 1 commits touch this path",unknown,,y,y,,A_Voorpak/00.png
voorpak,A_Voorpak,A_Voorpak#01,artpipe,/mnt/d/Luke/dev/_artpipe/_artsrc/desertportb_voorpak_south/desertportb_voorpak_south.png,2026-09-20,DESERT_FAMILY_PORT_EXECUTION_1 | ,"partial (canon named in prompt, no library brief)","Transient/desert_art_review_2026-10-03.decisions.json:A_Voorpak=redo (Check lore, each face looks different)",n,n,,A_Voorpak/01.png
voorpak,A_Voorpak,A_Voorpak#02,donor-bundle,/mnt/d/Luke/dev/RimMandrake/observed/inventory/bundle_textures/mlie.starwarsanimalcollection/textures/swanimals/voorpak/voorpak_south.png,,mlie.starwarsanimalcollection,n,,n,?,,A_Voorpak/02.png
vulptex,A_Vulptex,A_Vulptex#00,repo-current,src/RimStarWars/SWBestiary/Textures/swanimals/Vulptex/Vulptex_south.png,2026-09-09,"d75b06098 MLIE_FAUNA_ABSORPTION_1: Wave B (Dewback/Vulptex/Porg/Nuna/Wampa/Acklay), Wave A wiring fix, license verified | deployed identical | 1 commits touch this path",unknown,,y,y,,A_Vulptex/00.png
vulptex,A_Vulptex,A_Vulptex#01,artpipe (png gone),/mnt/d/Luke/dev/_artpipe/_artsrc/canon_vulptex_v1_south/canon_vulptex_v1_south.png,2026-09-18,CANON_CREATURE_REGEN_1 | ,"partial (canon named in prompt, no library brief)",,n,n,,
vulptex,A_Vulptex,A_Vulptex#02,artpipe,/mnt/d/Luke/dev/_artpipe/_artsrc/desertportb_vulptex_south/desertportb_vulptex_south.png,2026-09-20,DESERT_FAMILY_PORT_EXECUTION_1 | ,"partial (canon named in prompt, no library brief)",Transient/desert_art_review_2026-10-03.decisions.json:A_Vulptex=keep,n,n,,A_Vulptex/02.png
vulptex,A_Vulptex,A_Vulptex#03,donor-bundle,/mnt/d/Luke/dev/RimMandrake/observed/inventory/bundle_textures/mlie.starwarsanimalcollection/textures/swanimals/vulptex/vulptex_south.png,,mlie.starwarsanimalcollection,n,,n,?,,A_Vulptex/03.png
vulptex,A_Vulptex,A_Vulptex#04,canon-library,design/RimStarWars/canon_references/vulptex/donor_current_sprite.png,,canon_references entry image,y (reference),,n,n,,A_Vulptex/04.png
war wyrm,A_WarWyrm,A_WarWyrm#00,repo-current,src/RimStarWars/SWBestiary/Textures/swanimals/WarWyrm/WarWyrm_south.png,2026-09-18,"634b96b2e MLIE_FAUNA_ABSORPTION_1 Pass 24: port TeeMuss, Urusai, Uvak, Varactyl, Voorpak, WarWyrm, Whisperbird, WompRat, Woolamander, Worrt, Wraid, Wyyyschokk, Yobshrimp, Zakkeg, Zeer (16 -> 1 remaining) | deployed identical | 1 commits touch this path",unknown,,y,y,,A_WarWyrm/00.png
war wyrm,A_WarWyrm,A_WarWyrm#01,artpipe,/mnt/d/Luke/dev/_artpipe/_artsrc/RSW_WarWyrmSkeleton/RSW_WarWyrmSkeleton.png,2026-10-01,"STILLSAND_SKELETONS_TRACKS_1 | stillsand register: the deep desert under a fixed white sun that never sets: bleached bone, pale gold and old-ivory sand, hard-edged black s",n,,n,n,,A_WarWyrm/01.png
war wyrm,A_WarWyrm,A_WarWyrm#02,artpipe,/mnt/d/Luke/dev/_artpipe/_artsrc/desertportb_warwyrm_south/desertportb_warwyrm_south.png,2026-09-20,DESERT_FAMILY_PORT_EXECUTION_1 | ,"partial (canon named in prompt, no library brief)","Transient/desert_art_review_2026-10-03.decisions.json:A_WarWyrm=redo (Check lore, each face looks different. But keep this creature, that's an amazing render! New beast s)",n,n,,A_WarWyrm/02.png
war wyrm,A_WarWyrm,A_WarWyrm#03,donor-bundle,/mnt/d/Luke/dev/RimMandrake/observed/inventory/bundle_textures/mlie.starwarsanimalcollection/textures/swanimals/warwyrm/warwyrm_south.png,,mlie.starwarsanimalcollection,n,,n,?,,A_WarWyrm/03.png
war wyrm,A_WarWyrm,A_WarWyrm#04,donor-bundle,/mnt/d/Luke/dev/RimMandrake/observed/inventory/bundle_textures/mlie.starwarsanimalcollection/textures/swresource/trophies/warwyrmskull.png,,mlie.starwarsanimalcollection,n,,n,?,,A_WarWyrm/04.png
whisperbird,A_Whisperbird,A_Whisperbird#00,repo-current,src/RimStarWars/SWBestiary/Textures/swanimals/Whisperbird/Whisperbird_Flying_1_south.png,2026-09-18,"634b96b2e MLIE_FAUNA_ABSORPTION_1 Pass 24: port TeeMuss, Urusai, Uvak, Varactyl, Voorpak, WarWyrm, Whisperbird, WompRat, Woolamander, Worrt, Wraid, Wyyyschokk, Yobshrimp, Zakkeg, Zeer (16 -> 1 remaining) | deployed identical | 1 commits touch this path",unknown,,n,n,,A_Whisperbird/00.png
whisperbird,A_Whisperbird,A_Whisperbird#01,repo-current,src/RimStarWars/SWBestiary/Textures/swanimals/Whisperbird/Whisperbird_Flying_2_south.png,2026-09-18,"634b96b2e MLIE_FAUNA_ABSORPTION_1 Pass 24: port TeeMuss, Urusai, Uvak, Varactyl, Voorpak, WarWyrm, Whisperbird, WompRat, Woolamander, Worrt, Wraid, Wyyyschokk, Yobshrimp, Zakkeg, Zeer (16 -> 1 remaining) | deployed identical | 1 commits touch this path",unknown,,n,n,,A_Whisperbird/01.png
whisperbird,A_Whisperbird,A_Whisperbird#02,repo-current,src/RimStarWars/SWBestiary/Textures/swanimals/Whisperbird/Whisperbird_Flying_3_south.png,2026-09-18,"634b96b2e MLIE_FAUNA_ABSORPTION_1 Pass 24: port TeeMuss, Urusai, Uvak, Varactyl, Voorpak, WarWyrm, Whisperbird, WompRat, Woolamander, Worrt, Wraid, Wyyyschokk, Yobshrimp, Zakkeg, Zeer (16 -> 1 remaining) | deployed identical | 1 commits touch this path",unknown,,n,n,,A_Whisperbird/02.png
whisperbird,A_Whisperbird,A_Whisperbird#03,repo-current,src/RimStarWars/SWBestiary/Textures/swanimals/Whisperbird/Whisperbird_Flying_4_south.png,2026-09-18,"634b96b2e MLIE_FAUNA_ABSORPTION_1 Pass 24: port TeeMuss, Urusai, Uvak, Varactyl, Voorpak, WarWyrm, Whisperbird, WompRat, Woolamander, Worrt, Wraid, Wyyyschokk, Yobshrimp, Zakkeg, Zeer (16 -> 1 remaining) | deployed identical",unknown,,n,n,,A_Whisperbird/03.png
whisperbird,A_Whisperbird,A_Whisperbird#04,repo-current,src/RimStarWars/WhisperbirdArtOverride/Textures/swanimals/Whisperbird/Whisperbird_south.png,2026-09-20,1135036ce art: zero the sub-visible export halo across 241 of our facing sprites | deployed identical | 2 commits touch this path,y,,y,y,"canon_whisperbird_v1 (ahash dist 20/256, weak)",A_Whisperbird/04.png
whisperbird,A_Whisperbird,A_Whisperbird#05,git-history (overwritten),src/RimStarWars/WhisperbirdArtOverride/Textures/swanimals/Whisperbird/Whisperbird_south.png,2026-09-13,cea007c3a Art-review platform: install every gate-passed render awaiting verdict (95 stems),y,,,,"canon_whisperbird_v1 (ahash dist 20/256, weak)",A_Whisperbird/05.png
whisperbird,A_Whisperbird,A_Whisperbird#06,artpipe,/mnt/d/Luke/dev/_artpipe/_artsrc/canon_whisperbird_v1_south/canon_whisperbird_v1_south.png,2026-09-23,"CANON_CREATURE_REGEN_1 | Canon library entry design/RimStarWars/canon_references/whisperbird/description.md, ruling empty (canon stands unopposed). Identifies the re",y,,n,n,,A_Whisperbird/06.png
whisperbird,A_Whisperbird,A_Whisperbird#07,artpipe,/mnt/d/Luke/dev/_artpipe/_artsrc/desertportb_whisperbird_south/desertportb_whisperbird_south.png,2026-09-20,DESERT_FAMILY_PORT_EXECUTION_1 | ,"partial (canon named in prompt, no library brief)",Transient/desert_art_review_2026-10-03.decisions.json:A_Whisperbird=keep,n,n,,A_Whisperbird/07.png
whisperbird,A_Whisperbird,A_Whisperbird#08,artpipe (png gone),/mnt/d/Luke/dev/_artpipe/_artsrc/whisperbird_v1_south/whisperbird_v1_south.png,2026-09-11,"ART_REGEN_WAVE7_QUEUE_1 | SW canon identity KEPT — checked directly against design/RimStarWars/star_wars_canon_names.md's master-bestiary list (Whisperbird, provenanc","partial (canon named in prompt, no library brief)",art_review_2026-09-12/decisions.json:whisperbird_v1_east=keep; art_review_2026-09-12/decisions.json:whisperbird_v1_north=keep; art_review_2026-09-12/decisions.json:whisperbird_v1_south=keep; legibility_final_review_2026-09-13/decisions.json:whisperbird_v1_east=good; legibility_final_review_2026-09-13/decisions.json:whisperbird_v1_south=good,n,n,,
whisperbird,A_Whisperbird,A_Whisperbird#09,donor-bundle,/mnt/d/Luke/dev/RimMandrake/observed/inventory/bundle_textures/mlie.starwarsanimalcollection/textures/swanimals/whisperbird/whisperbird_flying_1_south.png,,mlie.starwarsanimalcollection,n,,n,?,,A_Whisperbird/09.png
whisperbird,A_Whisperbird,A_Whisperbird#10,donor-bundle,/mnt/d/Luke/dev/RimMandrake/observed/inventory/bundle_textures/mlie.starwarsanimalcollection/textures/swanimals/whisperbird/whisperbird_flying_2_south.png,,mlie.starwarsanimalcollection,n,,n,?,,A_Whisperbird/10.png
whisperbird,A_Whisperbird,A_Whisperbird#11,donor-bundle,/mnt/d/Luke/dev/RimMandrake/observed/inventory/bundle_textures/mlie.starwarsanimalcollection/textures/swanimals/whisperbird/whisperbird_flying_3_south.png,,mlie.starwarsanimalcollection,n,,n,?,,A_Whisperbird/11.png
whisperbird,A_Whisperbird,A_Whisperbird#12,donor-bundle,/mnt/d/Luke/dev/RimMandrake/observed/inventory/bundle_textures/mlie.starwarsanimalcollection/textures/swanimals/whisperbird/whisperbird_flying_4_south.png,,mlie.starwarsanimalcollection,n,,n,?,,A_Whisperbird/12.png
whisperbird,A_Whisperbird,A_Whisperbird#13,donor-bundle,/mnt/d/Luke/dev/RimMandrake/observed/inventory/bundle_textures/mlie.starwarsanimalcollection/textures/swanimals/whisperbird/whisperbird_south.png,,mlie.starwarsanimalcollection,n,,n,?,,A_Whisperbird/13.png
wildpawn,A_AA_Wildpawn,A_AA_Wildpawn#00,repo-current,src/RimMandrake/TheRot/Textures/RotSpecies/Wildpawn/Wildpawn_south.png,2026-09-24,"df79753dc THEROT_RM_MOD_BUILD_1 steps 2-4: absorb RotSporeKit, freeze the twin, split fauna",unknown,,n,not deployed,,A_AA_Wildpawn/00.png
wildpawn,A_AA_Wildpawn,A_AA_Wildpawn#01,git-history (path deleted),src/RimUtinni/UtinniPatches/Textures/RotSpecies/Wildpawn/Wildpawn_south.png,2026-09-20,06966e55d Land the Rot artpipe backlog: 22 wave-1 + 58 wave-2 renders wired,unknown,,,,,A_AA_Wildpawn/01.png
wildpawn,A_AA_Wildpawn,A_AA_Wildpawn#02,artpipe,/mnt/d/Luke/dev/_artpipe/_artsrc/RSW_Sporepaw_south/RSW_Sporepaw_south.png,2026-09-20,DESERT_FAMILY_PORT_EXECUTION_1 | ,n,,n,n,,A_AA_Wildpawn/02.png
wildpawn,A_AA_Wildpawn,A_AA_Wildpawn#03,artpipe (png gone),/mnt/d/Luke/dev/_artpipe/_artsrc/rot_wildpawn_v2_south/rot_wildpawn_v2_south.png,2026-09-19,ROT_FLORA_FAUNA_VERDICTS_1 | ,n,,n,n,,
wildpawn,A_AA_Wildpawn,A_AA_Wildpawn#04,donor-loose,/mnt/c/Program Files (x86)/Steam/steamapps/workshop/content/294100/1541721856/Textures/Things/Pawn/Animal/AA_Wildpawn/AA_Wildpawn_south.png,,sarg.alphaanimals,n,,n,y,,A_AA_Wildpawn/04.png
wildpod,A_AA_Wildpod,A_AA_Wildpod#00,repo-current,src/RimMandrake/TheRot/Textures/RotSpecies/Wildpod/Wildpod_south.png,2026-09-24,"df79753dc THEROT_RM_MOD_BUILD_1 steps 2-4: absorb RotSporeKit, freeze the twin, split fauna",unknown,,n,not deployed,,A_AA_Wildpod/00.png
wildpod,A_AA_Wildpod,A_AA_Wildpod#01,repo-current,src/RimUtinni/WildpodArtOverride/Textures/Things/Pawn/Animal/AA_Wildpod/AA_Wildpod_south.png,2026-09-20,1135036ce art: zero the sub-visible export halo across 241 of our facing sprites | deployed identical | 2 commits touch this path,unknown,,y,y,,A_AA_Wildpod/01.png
wildpod,A_AA_Wildpod,A_AA_Wildpod#02,git-history (path deleted),src/RimUtinni/UtinniPatches/Textures/RotSpecies/Wildpod/Wildpod_south.png,2026-09-20,06966e55d Land the Rot artpipe backlog: 22 wave-1 + 58 wave-2 renders wired,unknown,,,,,A_AA_Wildpod/02.png
wildpod,A_AA_Wildpod,A_AA_Wildpod#03,git-history (overwritten),src/RimUtinni/WildpodArtOverride/Textures/Things/Pawn/Animal/AA_Wildpod/AA_Wildpod_south.png,2026-09-13,cea007c3a Art-review platform: install every gate-passed render awaiting verdict (95 stems),unknown,,,,,A_AA_Wildpod/03.png
wildpod,A_AA_Wildpod,A_AA_Wildpod#04,artpipe,/mnt/d/Luke/dev/_artpipe/_artsrc/RSW_Sporemass_south/RSW_Sporemass_south.png,2026-09-20,DESERT_FAMILY_PORT_EXECUTION_1 | ,n,,n,n,,A_AA_Wildpod/04.png
wildpod,A_AA_Wildpod,A_AA_Wildpod#05,artpipe (png gone),/mnt/d/Luke/dev/_artpipe/_artsrc/rot_wildpod_v2_south/rot_wildpod_v2_south.png,2026-09-19,ROT_FLORA_FAUNA_VERDICTS_1 | ,n,,n,n,,
wildpod,A_AA_Wildpod,A_AA_Wildpod#06,donor-loose,/mnt/c/Program Files (x86)/Steam/steamapps/workshop/content/294100/1541721856/Textures/Things/Pawn/Animal/AA_Wildpod/AA_Wildpod_south.png,,sarg.alphaanimals,n,,n,n,,A_AA_Wildpod/06.png
womp rat,A_WompRat,A_WompRat#00,repo-current,src/RimStarWars/SWBestiary/Textures/swanimals/WompRat/WompRat_south.png,2026-09-18,"634b96b2e MLIE_FAUNA_ABSORPTION_1 Pass 24: port TeeMuss, Urusai, Uvak, Varactyl, Voorpak, WarWyrm, Whisperbird, WompRat, Woolamander, Worrt, Wraid, Wyyyschokk, Yobshrimp, Zakkeg, Zeer (16 -> 1 remaining) | deployed identical | 1 commits touch this path","partial (canon named in prompt, no library brief)",,y,y,"desert_swaca_womprat (ahash dist 20/256, weak)",A_WompRat/00.png
womp rat,A_WompRat,A_WompRat#01,artpipe,/mnt/d/Luke/dev/_artpipe/_artsrc/desert_swaca_womprat_south/desert_swaca_womprat_south.png,2026-09-20,"DESERT_FAMILY_PORT_EXECUTION_1 | RimWorld creature sprite, Star Wars desert bestiary, our own art (not the donor mod's).","partial (canon named in prompt, no library brief)",Transient/desert_art_review_2026-10-03.decisions.json:A_WompRat=keep,n,n,,A_WompRat/01.png
womp rat,A_WompRat,A_WompRat#02,donor-bundle,/mnt/d/Luke/dev/RimMandrake/observed/inventory/bundle_textures/mlie.starwarsanimalcollection/textures/swanimals/womprat/womprat_south.png,,mlie.starwarsanimalcollection,"partial (canon named in prompt, no library brief)",,n,?,"desert_swaca_womprat (ahash dist 20/256, weak)",A_WompRat/02.png
worrt,A_Worrt,A_Worrt#00,repo-current,src/RimStarWars/SWBestiary/Textures/swanimals/Worrt/Worrt_south.png,2026-09-18,"634b96b2e MLIE_FAUNA_ABSORPTION_1 Pass 24: port TeeMuss, Urusai, Uvak, Varactyl, Voorpak, WarWyrm, Whisperbird, WompRat, Woolamander, Worrt, Wraid, Wyyyschokk, Yobshrimp, Zakkeg, Zeer (16 -> 1 remaining) | deployed identical | 1 commits touch this path",unknown,,y,y,,A_Worrt/00.png
worrt,A_Worrt,A_Worrt#01,repo-current,src/RimStarWars/SWBestiary/Textures/swanimals/Worrt/WorrtA_south.png,2026-09-18,"634b96b2e MLIE_FAUNA_ABSORPTION_1 Pass 24: port TeeMuss, Urusai, Uvak, Varactyl, Voorpak, WarWyrm, Whisperbird, WompRat, Woolamander, Worrt, Wraid, Wyyyschokk, Yobshrimp, Zakkeg, Zeer (16 -> 1 remaining) | deployed identical | 1 commits touch this path",unknown,,n,n,,A_Worrt/01.png
worrt,A_Worrt,A_Worrt#02,repo-current,src/RimStarWars/SWBestiary/Textures/swanimals/Worrt/WorrtA_Swimming_south.png,2026-09-18,"634b96b2e MLIE_FAUNA_ABSORPTION_1 Pass 24: port TeeMuss, Urusai, Uvak, Varactyl, Voorpak, WarWyrm, Whisperbird, WompRat, Woolamander, Worrt, Wraid, Wyyyschokk, Yobshrimp, Zakkeg, Zeer (16 -> 1 remaining) | deployed identical | 1 commits touch this path",unknown,,n,n,,A_Worrt/02.png
worrt,A_Worrt,A_Worrt#03,repo-current,src/RimStarWars/SWBestiary/Textures/swanimals/Worrt/WorrtB_south.png,2026-09-18,"634b96b2e MLIE_FAUNA_ABSORPTION_1 Pass 24: port TeeMuss, Urusai, Uvak, Varactyl, Voorpak, WarWyrm, Whisperbird, WompRat, Woolamander, Worrt, Wraid, Wyyyschokk, Yobshrimp, Zakkeg, Zeer (16 -> 1 remaining) | deployed identical | 1 commits touch this path",unknown,,n,n,,A_Worrt/03.png
worrt,A_Worrt,A_Worrt#04,repo-current,src/RimStarWars/SWBestiary/Textures/swanimals/Worrt/WorrtB_Swimming_south.png,2026-09-18,"634b96b2e MLIE_FAUNA_ABSORPTION_1 Pass 24: port TeeMuss, Urusai, Uvak, Varactyl, Voorpak, WarWyrm, Whisperbird, WompRat, Woolamander, Worrt, Wraid, Wyyyschokk, Yobshrimp, Zakkeg, Zeer (16 -> 1 remaining) | deployed identical | 1 commits touch this path",unknown,,n,n,,A_Worrt/04.png
worrt,A_Worrt,A_Worrt#05,repo-current,src/RimStarWars/SWBestiary/Textures/swanimals/Worrt/WorrtC_south.png,2026-09-18,"634b96b2e MLIE_FAUNA_ABSORPTION_1 Pass 24: port TeeMuss, Urusai, Uvak, Varactyl, Voorpak, WarWyrm, Whisperbird, WompRat, Woolamander, Worrt, Wraid, Wyyyschokk, Yobshrimp, Zakkeg, Zeer (16 -> 1 remaining) | deployed identical | 1 commits touch this path",unknown,,n,n,,A_Worrt/05.png
worrt,A_Worrt,A_Worrt#06,repo-current,src/RimStarWars/SWBestiary/Textures/swanimals/Worrt/WorrtC_Swimming_south.png,2026-09-18,"634b96b2e MLIE_FAUNA_ABSORPTION_1 Pass 24: port TeeMuss, Urusai, Uvak, Varactyl, Voorpak, WarWyrm, Whisperbird, WompRat, Woolamander, Worrt, Wraid, Wyyyschokk, Yobshrimp, Zakkeg, Zeer (16 -> 1 remaining) | deployed identical | 1 commits touch this path",unknown,,n,n,,A_Worrt/06.png
worrt,A_Worrt,A_Worrt#07,repo-current,src/RimStarWars/SWBestiary/Textures/swanimals/Worrt/Worrt_Swimming_south.png,2026-09-18,"634b96b2e MLIE_FAUNA_ABSORPTION_1 Pass 24: port TeeMuss, Urusai, Uvak, Varactyl, Voorpak, WarWyrm, Whisperbird, WompRat, Woolamander, Worrt, Wraid, Wyyyschokk, Yobshrimp, Zakkeg, Zeer (16 -> 1 remaining) | deployed identical | 1 commits touch this path",unknown,,n,n,,A_Worrt/07.png
worrt,A_Worrt,A_Worrt#08,repo-current,src/RimStarWars/SWBestiary/Textures/swanimals/Worrt/Worrt_j_south.png,2026-09-18,"634b96b2e MLIE_FAUNA_ABSORPTION_1 Pass 24: port TeeMuss, Urusai, Uvak, Varactyl, Voorpak, WarWyrm, Whisperbird, WompRat, Woolamander, Worrt, Wraid, Wyyyschokk, Yobshrimp, Zakkeg, Zeer (16 -> 1 remaining) | deployed identical | 1 commits touch this path",unknown,,y,y,,A_Worrt/08.png
worrt,A_Worrt,A_Worrt#09,repo-current,src/RimStarWars/SWBestiary/Textures/swanimals/Worrt/Worrt_j_Swimming_south.png,2026-09-18,"634b96b2e MLIE_FAUNA_ABSORPTION_1 Pass 24: port TeeMuss, Urusai, Uvak, Varactyl, Voorpak, WarWyrm, Whisperbird, WompRat, Woolamander, Worrt, Wraid, Wyyyschokk, Yobshrimp, Zakkeg, Zeer (16 -> 1 remaining) | deployed identical | 1 commits touch this path",unknown,,n,n,,A_Worrt/09.png
worrt,A_Worrt,A_Worrt#10,artpipe,/mnt/d/Luke/dev/_artpipe/_artsrc/desert_swaca_worrt_south/desert_swaca_worrt_south.png,2026-09-20,"DESERT_FAMILY_PORT_EXECUTION_1 | RimWorld creature sprite, Star Wars desert bestiary, our own art (not the donor mod's).","partial (canon named in prompt, no library brief)",Transient/desert_art_review_2026-10-03.decisions.json:A_Worrt=redo (Check canon),n,n,,A_Worrt/10.png
worrt,A_Worrt,A_Worrt#11,donor-bundle,/mnt/d/Luke/dev/RimMandrake/observed/inventory/bundle_textures/mlie.starwarsanimalcollection/textures/swanimals/worrt/worrt_j_south.png,,mlie.starwarsanimalcollection,n,,n,?,,A_Worrt/11.png
worrt,A_Worrt,A_Worrt#12,donor-bundle,/mnt/d/Luke/dev/RimMandrake/observed/inventory/bundle_textures/mlie.starwarsanimalcollection/textures/swanimals/worrt/worrt_j_swimming_south.png,,mlie.starwarsanimalcollection,n,,n,?,,A_Worrt/12.png
worrt,A_Worrt,A_Worrt#13,donor-bundle,/mnt/d/Luke/dev/RimMandrake/observed/inventory/bundle_textures/mlie.starwarsanimalcollection/textures/swanimals/worrt/worrt_south.png,,mlie.starwarsanimalcollection,n,,n,?,,A_Worrt/13.png
worrt,A_Worrt,A_Worrt#14,donor-bundle,/mnt/d/Luke/dev/RimMandrake/observed/inventory/bundle_textures/mlie.starwarsanimalcollection/textures/swanimals/worrt/worrt_swimming_south.png,,mlie.starwarsanimalcollection,n,,n,?,,A_Worrt/14.png
wraid,A_Wraid,A_Wraid#00,repo-current,src/RimStarWars/SWBestiary/Textures/swanimals/Wraid/Wraid_south.png,2026-09-18,"634b96b2e MLIE_FAUNA_ABSORPTION_1 Pass 24: port TeeMuss, Urusai, Uvak, Varactyl, Voorpak, WarWyrm, Whisperbird, WompRat, Woolamander, Worrt, Wraid, Wyyyschokk, Yobshrimp, Zakkeg, Zeer (16 -> 1 remaining) | deployed identical | 1 commits touch this path",unknown,,y,y,,A_Wraid/00.png
wraid,A_Wraid,A_Wraid#01,artpipe,/mnt/d/Luke/dev/_artpipe/_artsrc/desert_swaca_wraid_south/desert_swaca_wraid_south.png,2026-09-20,"DESERT_FAMILY_PORT_EXECUTION_1 | RimWorld creature sprite, Star Wars desert bestiary, our own art (not the donor mod's).","partial (canon named in prompt, no library brief)","Transient/desert_art_review_2026-10-03.decisions.json:A_Wraid=redo (Check canon imagery, each face looks different)",n,n,,A_Wraid/01.png
wraid,A_Wraid,A_Wraid#02,donor-bundle,/mnt/d/Luke/dev/RimMandrake/observed/inventory/bundle_textures/mlie.starwarsanimalcollection/textures/swanimals/wraid/wraid_south.png,,mlie.starwarsanimalcollection,n,,n,?,,A_Wraid/02.png
zeer,A_Zeer,A_Zeer#00,repo-current,src/RimStarWars/ZeerArtOverride/Textures/swanimals/Zeer/Zeer_south.png,2026-09-20,1135036ce art: zero the sub-visible export halo across 241 of our facing sprites | deployed identical | 4 commits touch this path,"partial (canon named in prompt, no library brief)",,y,y,"desertportb_zeer (ahash dist 5/256, weak)",A_Zeer/00.png
zeer,A_Zeer,A_Zeer#01,git-history (overwritten),src/RimStarWars/ZeerArtOverride/Textures/swanimals/Zeer/Zeer_south.png,2026-09-17,9e7e773a0 Wire approved Pyrelands creature render wave into art-override mods,"partial (canon named in prompt, no library brief)",,,,"desertportb_zeer (ahash dist 5/256, weak)",A_Zeer/01.png
zeer,A_Zeer,A_Zeer#02,git-history (overwritten),src/RimStarWars/ZeerArtOverride/Textures/swanimals/Zeer/Zeer_south.png,2026-09-14,"751ac722d ART_PAINTERLY_RESTORATION_1: Zeer + Dalgo full painterly sets, rear-view norths, canon-library-cited [ART_PAINTERLY_RESTORATION_1]","partial (canon named in prompt, no library brief)",,,,"desertportb_zeer (ahash dist 15/256, weak)",A_Zeer/02.png
zeer,A_Zeer,A_Zeer#03,git-history (overwritten),src/RimStarWars/ZeerArtOverride/Textures/swanimals/Zeer/Zeer_south.png,2026-09-13,"dde341c12 Canon-5 lawset renders installed (Anooba/Orray/Zeer/Gizka/Dalgo), Pyrelands flora art in; FULL.LATEST +42 override mods (631)",unknown,,,,,A_Zeer/03.png
zeer,A_Zeer,A_Zeer#04,artpipe,/mnt/d/Luke/dev/_artpipe/_artsrc/desertportb_zeer_south/desertportb_zeer_south.png,2026-09-20,DESERT_FAMILY_PORT_EXECUTION_1 | ,"partial (canon named in prompt, no library brief)",Transient/desert_art_review_2026-10-03.decisions.json:A_Zeer=keep,n,n,,A_Zeer/04.png
zeer,A_Zeer,A_Zeer#05,artpipe,/mnt/d/Luke/dev/_artpipe/_artsrc/pyrelands_zeer_v1_east/pyrelands_zeer_v1_east.png,,? | ,unknown,,n,n,,A_Zeer/05.png
zeer,A_Zeer,A_Zeer#06,artpipe (png gone),/mnt/d/Luke/dev/_artpipe/_artsrc/pyrelands_zeer_v2_south/pyrelands_zeer_v2_south.png,2026-09-16,"PYRELANDS_CREATURE_RERENDER_1 | PYRELANDS_FULL_REVIEW regen under the restored painterly wave-4/5 family (ART_PAINTERLY_RESTORATION_1, owner 2026-09-14). Identity sourced f",y,,n,n,,
zeer,A_Zeer,A_Zeer#07,artpipe (png gone),/mnt/d/Luke/dev/_artpipe/_artsrc/pyrelands_zeer_v2_east_r2/pyrelands_zeer_v2_east_r2.png,2026-09-16,"PYRELANDS_CREATURE_RERENDER_1 | PYRELANDS_FULL_REVIEW regen under the restored painterly wave-4/5 family (ART_PAINTERLY_RESTORATION_1, owner 2026-09-14). Identity sourced f",y,,n,n,,
zeer,A_Zeer,A_Zeer#08,donor-bundle,/mnt/d/Luke/dev/RimMandrake/observed/inventory/bundle_textures/mlie.starwarsanimalcollection/textures/swanimals/zeer/zeer_south.png,,mlie.starwarsanimalcollection,n,,n,?,,A_Zeer/08.png
aaklac,P_AB_Aaklac,P_AB_Aaklac#00,repo-current,src/RimStarWars/SWBestiary/Textures/Things/Plant/RSW_VellaraBloom/RSW_VellaraBloomA.png,2026-09-23,"502b24794 DESERT_PORT_PLACEHOLDER_ART_1: wire the remaining 13 species' already-generated art, fix surra grass | deployed identical | 1 commits touch this path",n,,n,n,"RSW_VellaraBloom (ahash dist 0/256, weak)",P_AB_Aaklac/00.png
aaklac,P_AB_Aaklac,P_AB_Aaklac#01,repo-current,src/RimUtinni/UtinniPatches/Textures/Things/Plants/AB_Aaklac/AB_AaklacA.png,2026-09-13,cea007c3a Art-review platform: install every gate-passed render awaiting verdict (95 stems) | deployed identical | 1 commits touch this path,unknown,,n,n,,P_AB_Aaklac/01.png
aaklac,P_AB_Aaklac,P_AB_Aaklac#02,artpipe,/mnt/d/Luke/dev/_artpipe/_artsrc/RSW_VellaraBloom/RSW_VellaraBloom.png,2026-09-20,DESERT_FAMILY_PORT_EXECUTION_1 | ,n,,n,n,,P_AB_Aaklac/02.png
aaklac,P_AB_Aaklac,P_AB_Aaklac#03,artpipe (png gone),/mnt/d/Luke/dev/_artpipe/_artsrc/aaklac_v1/aaklac_v1.png,2026-09-13,"ART_REGEN_FLORA_WAVE1_QUEUE_1 | Non-SW name, general kind fixed from the defName, flavor free per 'improve' semantics. Source row: flora:desert:AB_Aaklac, sizeBin medium. F",n,flora_legibility_sheet_2026-09-17/decisions.json:aaklac_v1=works,n,n,,
aaklac,P_AB_Aaklac,P_AB_Aaklac#04,donor-loose,/mnt/c/Program Files (x86)/Steam/steamapps/workshop/content/294100/1841354677/Textures/Things/Plants/AB_Aaklac/AB_AaklacA.png,,sarg.alphabiomes,n,,n,n,,P_AB_Aaklac/04.png
aaklac,P_AB_Aaklac,P_AB_Aaklac#05,donor-loose,/mnt/c/Program Files (x86)/Steam/steamapps/workshop/content/294100/1841354677/Textures/Things/Plants/AB_Aaklac/AB_AaklacB.png,,sarg.alphabiomes,n,,n,n,,P_AB_Aaklac/05.png
aaklac,P_AB_Aaklac,P_AB_Aaklac#06,donor-loose,/mnt/c/Program Files (x86)/Steam/steamapps/workshop/content/294100/1841354677/Textures/Things/Plants/AB_Aaklac/AB_AaklacC.png,,sarg.alphabiomes,n,,n,n,,P_AB_Aaklac/06.png
bloddle plant,P_Plant_Bloddle,P_Plant_Bloddle#00,repo-current,src/RimStarWars/SWBestiary/Textures/Things/Plant/RSW_Plant_Bloddle/RSW_Plant_BloddleA.png,2026-09-20,bb6eaa84c DESERT_PORT_PLACEHOLDER_ART_1: land 3 of 16 desert donor-texPath fixes | deployed identical | 1 commits touch this path,unknown,,n,n,,P_Plant_Bloddle/00.png
bloddle plant,P_Plant_Bloddle,P_Plant_Bloddle#01,repo-current,src/RimUtinni/UtinniPatches/Textures/swplants/Bloddle/BloddleA.png,2026-09-13,cea007c3a Art-review platform: install every gate-passed render awaiting verdict (95 stems) | deployed identical,unknown,,n,n,,P_Plant_Bloddle/01.png
bloddle plant,P_Plant_Bloddle,P_Plant_Bloddle#02,artpipe (png gone),/mnt/d/Luke/dev/_artpipe/_artsrc/bloddle_v1/bloddle_v1.png,2026-09-13,"ART_REGEN_FLORA_WAVE1_QUEUE_1 | Non-SW name, general kind fixed from the defName, flavor free per 'improve' semantics. Source row: flora:dune_sea + deep_desert:Plant_Bloddl",n,flora_legibility_sheet_2026-09-17/decisions.json:bloddle_v1=works,n,n,,
bloddle plant,P_Plant_Bloddle,P_Plant_Bloddle#03,artpipe,/mnt/d/Luke/dev/_artpipe/_artsrc/desertportb_plant_bloddle/desertportb_plant_bloddle.png,2026-09-20,DESERT_FAMILY_PORT_EXECUTION_1 | ,"partial (canon named in prompt, no library brief)",Transient/desert_art_review_2026-10-03.decisions.json:P_Plant_Bloddle=keep,n,n,,P_Plant_Bloddle/03.png
bloddle plant,P_Plant_Bloddle,P_Plant_Bloddle#04,donor-bundle,/mnt/d/Luke/dev/RimMandrake/observed/inventory/bundle_textures/mlie.starwarsanimalcollection/textures/swplants/bloddle/bloddlea.png,,mlie.starwarsanimalcollection,n,,n,?,,P_Plant_Bloddle/04.png
bloddle plant,P_Plant_Bloddle,P_Plant_Bloddle#05,donor-bundle,/mnt/d/Luke/dev/RimMandrake/observed/inventory/bundle_textures/mlie.starwarsanimalcollection/textures/swplants/bloddle/bloddleb.png,,mlie.starwarsanimalcollection,n,,n,?,,P_Plant_Bloddle/05.png
bloddle plant,P_Plant_Bloddle,P_Plant_Bloddle#06,donor-bundle,/mnt/d/Luke/dev/RimMandrake/observed/inventory/bundle_textures/mlie.starwarsanimalcollection/textures/swplants/bloddle/bloddlec.png,,mlie.starwarsanimalcollection,n,,n,?,,P_Plant_Bloddle/06.png
bloddle plant,P_Plant_Bloddle,P_Plant_Bloddle#07,donor-bundle,/mnt/d/Luke/dev/RimMandrake/observed/inventory/bundle_textures/mlie.starwarsanimalcollection/textures/swplants/bloddle_immature/bloddlea.png,,mlie.starwarsanimalcollection,n,,n,?,,P_Plant_Bloddle/07.png
bloddle plant,P_Plant_Bloddle,P_Plant_Bloddle#08,donor-bundle,/mnt/d/Luke/dev/RimMandrake/observed/inventory/bundle_textures/mlie.starwarsanimalcollection/textures/swplants/bloddle_immature/bloddleb.png,,mlie.starwarsanimalcollection,n,,n,?,,P_Plant_Bloddle/08.png
bloddle plant,P_Plant_Bloddle,P_Plant_Bloddle#09,donor-bundle,/mnt/d/Luke/dev/RimMandrake/observed/inventory/bundle_textures/mlie.starwarsanimalcollection/textures/swplants/bloddle_immature/bloddlec.png,,mlie.starwarsanimalcollection,n,,n,?,,P_Plant_Bloddle/09.png
bloddle plant,P_Plant_Bloddle,P_Plant_Bloddle#10,donor-bundle,/mnt/d/Luke/dev/RimMandrake/observed/inventory/bundle_textures/mlie.starwarsanimalcollection/textures/swresource/plantfoodraw/bloddle.png,,mlie.starwarsanimalcollection,n,,n,?,,P_Plant_Bloddle/10.png
brambles,P_Plant_Brambles,P_Plant_Brambles#00,repo-current,src/RimMandrake/LeaningScrub/Textures/Things/Plant/RM_Grellspine/RM_Grellspine_a.png,2026-09-29,"66dffc905 LEANINGSCRUB_RULED_CONTENT_1: 13 animals, 4 fuzz flora, 4 venomvine forms, 2 items",n,,n,not deployed,"rut_grellspine (ahash dist 0/256, weak)",P_Plant_Brambles/00.png
brambles,P_Plant_Brambles,P_Plant_Brambles#01,repo-current,src/RimUtinni/AshkarrFlora/Textures/Things/Plant/RUT_Grellspine/RUT_Grellspine_a.png,2026-10-02,"48b217923 Wire 105 finished artpipe renders into their defs' texPaths (49 skipped, see log); belt reports | deployed identical | 1 commits touch this path",n,,n,n,"rut_grellspine (ahash dist 0/256, weak)",P_Plant_Brambles/01.png
brambles,P_Plant_Brambles,P_Plant_Brambles#02,artpipe,/mnt/d/Luke/dev/_artpipe/_artsrc/rut_grellspine/rut_grellspine.png,2026-09-21,DESERT_FAMILY_PORT_EXECUTION_1 | ,n,,n,n,,P_Plant_Brambles/02.png
bush,P_Plant_Bush,P_Plant_Bush#00,repo-current,src/RimMandrake/LeaningScrub/Textures/Things/Plant/RM_Grellbush/RM_Grellbush_a.png,2026-09-29,"66dffc905 LEANINGSCRUB_RULED_CONTENT_1: 13 animals, 4 fuzz flora, 4 venomvine forms, 2 items",n,,n,not deployed,"rut_grellbush (ahash dist 0/256, weak)",P_Plant_Bush/00.png
bush,P_Plant_Bush,P_Plant_Bush#01,repo-current,src/RimUtinni/AshkarrFlora/Textures/Things/Plant/RUT_Grellbush/RUT_Grellbush_a.png,2026-10-02,"48b217923 Wire 105 finished artpipe renders into their defs' texPaths (49 skipped, see log); belt reports | deployed identical | 1 commits touch this path",n,,n,n,"rut_grellbush (ahash dist 0/256, weak)",P_Plant_Bush/01.png
bush,P_Plant_Bush,P_Plant_Bush#02,artpipe,/mnt/d/Luke/dev/_artpipe/_artsrc/rut_grellbush/rut_grellbush.png,2026-09-21,DESERT_FAMILY_PORT_EXECUTION_1 | ,n,,n,n,,P_Plant_Bush/02.png
creep stern,P_RG_Plant_CreepStern,P_RG_Plant_CreepStern#00,artpipe,/mnt/d/Luke/dev/_artpipe/_artsrc/RSW_Starvine/RSW_Starvine.png,2026-09-20,DESERT_FAMILY_PORT_EXECUTION_1 | ,n,,n,n,,P_RG_Plant_CreepStern/00.png
creep stern,P_RG_Plant_CreepStern,P_RG_Plant_CreepStern#01,artpipe (png gone),/mnt/d/Luke/dev/_artpipe/_artsrc/creepstern_v1/creepstern_v1.png,2026-09-13,"ART_REGEN_FLORA_WAVE1_QUEUE_1 | Non-SW name, general kind fixed from the defName, flavor free per 'improve' semantics. Source row: flora:arid_shrubland:RG_Plant_CreepStern,",n,flora_legibility_sheet_2026-09-17/decisions.json:creepstern_v1=works,n,n,,
creep stern,P_RG_Plant_CreepStern,P_RG_Plant_CreepStern#02,donor-bundle,/mnt/d/Luke/dev/RimMandrake/observed/inventory/bundle_textures/regrowth.botr.core/textures/things/plant/leafless/rg_creepstern_leafless/creepstern_leaflessa.png,,regrowth.botr.core,n,,n,?,,P_RG_Plant_CreepStern/02.png
creep stern,P_RG_Plant_CreepStern,P_RG_Plant_CreepStern#03,donor-bundle,/mnt/d/Luke/dev/RimMandrake/observed/inventory/bundle_textures/regrowth.botr.core/textures/things/plant/leafless/rg_creepstern_leafless/creepstern_leaflessb.png,,regrowth.botr.core,n,,n,?,,P_RG_Plant_CreepStern/03.png
creep stern,P_RG_Plant_CreepStern,P_RG_Plant_CreepStern#04,donor-bundle,/mnt/d/Luke/dev/RimMandrake/observed/inventory/bundle_textures/regrowth.botr.core/textures/things/plant/leafless/rg_creepstern_leafless/creepstern_leaflessc.png,,regrowth.botr.core,n,,n,?,,P_RG_Plant_CreepStern/04.png
creep stern,P_RG_Plant_CreepStern,P_RG_Plant_CreepStern#05,donor-bundle,/mnt/d/Luke/dev/RimMandrake/observed/inventory/bundle_textures/regrowth.botr.core/textures/things/plant/polluted/rg_creepstern_polluted/creepstern_polluteda.png,,regrowth.botr.core,n,,n,?,,P_RG_Plant_CreepStern/05.png
creep stern,P_RG_Plant_CreepStern,P_RG_Plant_CreepStern#06,donor-bundle,/mnt/d/Luke/dev/RimMandrake/observed/inventory/bundle_textures/regrowth.botr.core/textures/things/plant/polluted/rg_creepstern_polluted/creepstern_pollutedb.png,,regrowth.botr.core,n,,n,?,,P_RG_Plant_CreepStern/06.png
creep stern,P_RG_Plant_CreepStern,P_RG_Plant_CreepStern#07,donor-bundle,/mnt/d/Luke/dev/RimMandrake/observed/inventory/bundle_textures/regrowth.botr.core/textures/things/plant/polluted/rg_creepstern_polluted/creepstern_pollutedc.png,,regrowth.botr.core,n,,n,?,,P_RG_Plant_CreepStern/07.png
creep stern,P_RG_Plant_CreepStern,P_RG_Plant_CreepStern#08,donor-bundle,/mnt/d/Luke/dev/RimMandrake/observed/inventory/bundle_textures/regrowth.botr.core/textures/things/plant/rg_creepstern/creepsterna.png,,regrowth.botr.core,n,,n,?,,P_RG_Plant_CreepStern/08.png
creep stern,P_RG_Plant_CreepStern,P_RG_Plant_CreepStern#09,donor-bundle,/mnt/d/Luke/dev/RimMandrake/observed/inventory/bundle_textures/regrowth.botr.core/textures/things/plant/rg_creepstern/creepsternb.png,,regrowth.botr.core,n,,n,?,,P_RG_Plant_CreepStern/09.png
creep stern,P_RG_Plant_CreepStern,P_RG_Plant_CreepStern#10,donor-bundle,/mnt/d/Luke/dev/RimMandrake/observed/inventory/bundle_textures/regrowth.botr.core/textures/things/plant/rg_creepstern/creepsternc.png,,regrowth.botr.core,n,,n,?,,P_RG_Plant_CreepStern/10.png
crimson cushion,P_RG_Plant_CrimsonCushion,P_RG_Plant_CrimsonCushion#00,artpipe,/mnt/d/Luke/dev/_artpipe/_artsrc/RSW_EmberCarpet/RSW_EmberCarpet.png,2026-09-20,DESERT_FAMILY_PORT_EXECUTION_1 | ,n,,n,n,,P_RG_Plant_CrimsonCushion/00.png
crimson cushion,P_RG_Plant_CrimsonCushion,P_RG_Plant_CrimsonCushion#01,artpipe (png gone),/mnt/d/Luke/dev/_artpipe/_artsrc/crimsoncushion_v1/crimsoncushion_v1.png,2026-09-13,"ART_REGEN_FLORA_WAVE1_QUEUE_1 | Non-SW name, general kind fixed from the defName, flavor free per 'improve' semantics. Source row: flora:arid_shrubland:RG_Plant_CrimsonCush",n,flora_legibility_sheet_2026-09-17/decisions.json:crimsoncushion_v1=works,n,n,,
dervish,P_RG_Plant_Dervish,P_RG_Plant_Dervish#00,artpipe,/mnt/d/Luke/dev/_artpipe/_artsrc/RSW_Whirlbloom/RSW_Whirlbloom.png,2026-09-20,DESERT_FAMILY_PORT_EXECUTION_1 | ,n,,n,n,,P_RG_Plant_Dervish/00.png
dervish,P_RG_Plant_Dervish,P_RG_Plant_Dervish#01,artpipe (png gone),/mnt/d/Luke/dev/_artpipe/_artsrc/dervish_v1/dervish_v1.png,2026-09-13,"ART_REGEN_FLORA_WAVE1_QUEUE_1 | Non-SW name, general kind fixed from the defName, flavor free per 'improve' semantics. Source row: flora:arid_shrubland:RG_Plant_Dervish, si",n,flora_legibility_sheet_2026-09-17/decisions.json:dervish_v1=works,n,n,,
dervish,P_RG_Plant_Dervish,P_RG_Plant_Dervish#02,donor-bundle,/mnt/d/Luke/dev/RimMandrake/observed/inventory/bundle_textures/regrowth.botr.core/textures/things/plant/rg_dervish/dervisha.png,,regrowth.botr.core,n,,n,?,,P_RG_Plant_Dervish/02.png
dervish,P_RG_Plant_Dervish,P_RG_Plant_Dervish#03,donor-bundle,/mnt/d/Luke/dev/RimMandrake/observed/inventory/bundle_textures/regrowth.botr.core/textures/things/plant/rg_dervish/dervishb.png,,regrowth.botr.core,n,,n,?,,P_RG_Plant_Dervish/03.png
dervish,P_RG_Plant_Dervish,P_RG_Plant_Dervish#04,donor-bundle,/mnt/d/Luke/dev/RimMandrake/observed/inventory/bundle_textures/regrowth.botr.core/textures/things/plant/rg_dervish/dervishc.png,,regrowth.botr.core,n,,n,?,,P_RG_Plant_Dervish/04.png
dessert tree,P_AB_DessertTree,P_AB_DessertTree#00,repo-current,src/RimStarWars/SWBestiary/Textures/Things/Plant/RSW_SweetbarkTree/RSW_SweetbarkTreeA.png,2026-09-23,"502b24794 DESERT_PORT_PLACEHOLDER_ART_1: wire the remaining 13 species' already-generated art, fix surra grass | deployed identical | 1 commits touch this path",n,,n,n,"RSW_SweetbarkTree (ahash dist 0/256, weak)",P_AB_DessertTree/00.png
dessert tree,P_AB_DessertTree,P_AB_DessertTree#01,artpipe,/mnt/d/Luke/dev/_artpipe/_artsrc/RSW_SweetbarkTree/RSW_SweetbarkTree.png,2026-09-20,DESERT_FAMILY_PORT_EXECUTION_1 | ,n,,n,n,,P_AB_DessertTree/01.png
dessert tree,P_AB_DessertTree,P_AB_DessertTree#02,donor-loose,/mnt/c/Program Files (x86)/Steam/steamapps/workshop/content/294100/1841354677/Textures/Things/Plants/AB_DessertTree/AB_DessertTreeA.png,,sarg.alphabiomes,n,,n,n,,P_AB_DessertTree/02.png
dessert tree,P_AB_DessertTree,P_AB_DessertTree#03,donor-loose,/mnt/c/Program Files (x86)/Steam/steamapps/workshop/content/294100/1841354677/Textures/Things/Plants/AB_DessertTree/AB_DessertTreeB.png,,sarg.alphabiomes,n,,n,n,,P_AB_DessertTree/03.png
dessert tree,P_AB_DessertTree,P_AB_DessertTree#04,donor-loose,/mnt/c/Program Files (x86)/Steam/steamapps/workshop/content/294100/1841354677/Textures/Things/Plants/AB_DessertTree/AB_DessertTreeC.png,,sarg.alphabiomes,n,,n,n,,P_AB_DessertTree/04.png
grass,P_RG_Plant_AridGrass,P_RG_Plant_AridGrass#00,artpipe,/mnt/d/Luke/dev/_artpipe/_artsrc/RSW_Scrubgrass/RSW_Scrubgrass.png,2026-09-20,DESERT_FAMILY_PORT_EXECUTION_1 | ,n,,n,n,,P_RG_Plant_AridGrass/00.png
grass,P_RG_Plant_AridGrass,P_RG_Plant_AridGrass#01,artpipe (png gone),/mnt/d/Luke/dev/_artpipe/_artsrc/aridgrass_v1/aridgrass_v1.png,2026-09-13,"ART_REGEN_FLORA_WAVE1_QUEUE_1 | Non-SW name, general kind fixed from the defName, flavor free per 'improve' semantics. Source row: flora:arid_shrubland:RG_Plant_AridGrass, ",n,flora_legibility_sheet_2026-09-17/decisions.json:aridgrass_v1=works,n,n,,
hardy grass,P_AB_HardyGrass,P_AB_HardyGrass#00,repo-current,src/RimStarWars/SWBestiary/Textures/Things/Plant/RSW_Dunegrass/RSW_DunegrassA.png,2026-09-23,"502b24794 DESERT_PORT_PLACEHOLDER_ART_1: wire the remaining 13 species' already-generated art, fix surra grass | deployed identical | 1 commits touch this path",n,,n,n,"RSW_Dunegrass (ahash dist 0/256, weak)",P_AB_HardyGrass/00.png
hardy grass,P_AB_HardyGrass,P_AB_HardyGrass#01,artpipe,/mnt/d/Luke/dev/_artpipe/_artsrc/RSW_Dunegrass/RSW_Dunegrass.png,2026-09-20,DESERT_FAMILY_PORT_EXECUTION_1 | ,n,,n,n,,P_AB_HardyGrass/01.png
hardy grass,P_AB_HardyGrass,P_AB_HardyGrass#02,artpipe (png gone),/mnt/d/Luke/dev/_artpipe/_artsrc/hardygrass_v1/hardygrass_v1.png,2026-09-13,"ART_REGEN_FLORA_WAVE1_QUEUE_1 | Non-SW name, general kind fixed from the defName, flavor free per 'improve' semantics. Source row: flora:desert:AB_HardyGrass, sizeBin small",n,flora_legibility_sheet_2026-09-17/decisions.json:hardygrass_v1=works,n,n,,
wild healroot,P_Plant_HealrootWild,P_Plant_HealrootWild#00,repo-current,src/RimMandrake/LeaningScrub/Textures/Things/Plant/RM_WildHealroot/RM_WildHealroot_a.png,2026-09-29,"66dffc905 LEANINGSCRUB_RULED_CONTENT_1: 13 animals, 4 fuzz flora, 4 venomvine forms, 2 items",n,,n,not deployed,"rut_wildhealroot (ahash dist 0/256, weak)",P_Plant_HealrootWild/00.png
wild healroot,P_Plant_HealrootWild,P_Plant_HealrootWild#01,repo-current,src/RimUtinni/AshkarrFlora/Textures/Things/Plant/RUT_WildHealroot/RUT_WildHealroot_a.png,2026-10-02,"48b217923 Wire 105 finished artpipe renders into their defs' texPaths (49 skipped, see log); belt reports | deployed identical | 1 commits touch this path",n,,n,n,"rut_wildhealroot (ahash dist 0/256, weak)",P_Plant_HealrootWild/01.png
wild healroot,P_Plant_HealrootWild,P_Plant_HealrootWild#02,artpipe,/mnt/d/Luke/dev/_artpipe/_artsrc/rut_wildhealroot/rut_wildhealroot.png,2026-09-21,DESERT_FAMILY_PORT_EXECUTION_1 | ,n,,n,n,,P_Plant_HealrootWild/02.png
giant stikehr,P_AB_GiantStikehr,P_AB_GiantStikehr#00,artpipe (png gone),/mnt/d/Luke/dev/_artpipe/_artsrc/giantstikehr_v1/giantstikehr_v1.png,2026-09-13,"ART_REGEN_FLORA_WAVE1_QUEUE_1 | Non-SW name, general kind fixed from the defName, flavor free per 'improve' semantics. Source row: flora:dune_sea + deep_desert:AB_GiantStik",n,flora_legibility_sheet_2026-09-17/decisions.json:giantstikehr_v1=works,n,n,,
giant stikehr,P_AB_GiantStikehr,P_AB_GiantStikehr#01,donor-loose,/mnt/c/Program Files (x86)/Steam/steamapps/workshop/content/294100/1841354677/Textures/Things/Plants/AB_GiantStikehr/AB_GiantStikehrA.png,,sarg.alphabiomes,n,,n,n,,P_AB_GiantStikehr/01.png
giant stikehr,P_AB_GiantStikehr,P_AB_GiantStikehr#02,donor-loose,/mnt/c/Program Files (x86)/Steam/steamapps/workshop/content/294100/1841354677/Textures/Things/Plants/AB_GiantStikehr/AB_GiantStikehrB.png,,sarg.alphabiomes,n,,n,n,,P_AB_GiantStikehr/02.png
giant stikehr,P_AB_GiantStikehr,P_AB_GiantStikehr#03,donor-loose,/mnt/c/Program Files (x86)/Steam/steamapps/workshop/content/294100/1841354677/Textures/Things/Plants/AB_GiantStikehr/AB_GiantStikehrC.png,,sarg.alphabiomes,n,,n,n,,P_AB_GiantStikehr/03.png
giant stikehr,P_AB_GiantStikehr,P_AB_GiantStikehr#04,donor-loose,/mnt/c/Program Files (x86)/Steam/steamapps/workshop/content/294100/1841354677/Textures/Things/Plants/AB_GiantStikehr/AB_GiantStikehrD.png,,sarg.alphabiomes,n,,n,n,,P_AB_GiantStikehr/04.png
low shrubs,P_Plant_ShrubLow,P_Plant_ShrubLow#00,artpipe (png gone),/mnt/d/Luke/dev/_artpipe/_artsrc/shrublow_v1/shrublow_v1.png,2026-09-13,"ART_REGEN_FLORA_WAVE1_QUEUE_1 | Non-SW name, general kind fixed from the defName, flavor free per 'improve' semantics. Source row: flora:arid_shrubland:Plant_ShrubLow, size",n,flora_legibility_sheet_2026-09-17/decisions.json:shrublow_v1=works,n,n,,
low shrubs,P_Plant_ShrubLow,P_Plant_ShrubLow#01,donor-bundle,/mnt/d/Luke/dev/RimMandrake/observed/inventory/bundle_textures/ludeon.rimworld.core/ShrubLowA.png,,ludeon.rimworld.core,n,,n,?,,P_Plant_ShrubLow/01.png
low shrubs,P_Plant_ShrubLow,P_Plant_ShrubLow#02,donor-bundle,/mnt/d/Luke/dev/RimMandrake/observed/inventory/bundle_textures/ludeon.rimworld.core/ShrubLowB.png,,ludeon.rimworld.core,n,,n,?,,P_Plant_ShrubLow/02.png
low shrubs,P_Plant_ShrubLow,P_Plant_ShrubLow#03,donor-bundle,/mnt/d/Luke/dev/RimMandrake/observed/inventory/bundle_textures/mlie.advancedbiomes/textures/plant/poisonshrub/shrublowa.png,,mlie.advancedbiomes,n,,n,?,,P_Plant_ShrubLow/03.png
low shrubs,P_Plant_ShrubLow,P_Plant_ShrubLow#04,donor-bundle,/mnt/d/Luke/dev/RimMandrake/observed/inventory/bundle_textures/mlie.advancedbiomes/textures/plant/poisonshrub/shrublowb.png,,mlie.advancedbiomes,n,,n,?,,P_Plant_ShrubLow/04.png
low shrubs,P_Plant_ShrubLow,P_Plant_ShrubLow#05,donor-bundle,/mnt/d/Luke/dev/RimMandrake/observed/inventory/bundle_textures/regrowth.botr.core/textures/things/plant/rg_shrublow/shrublowa.png,,regrowth.botr.core,n,,n,?,,P_Plant_ShrubLow/05.png
low shrubs,P_Plant_ShrubLow,P_Plant_ShrubLow#06,donor-bundle,/mnt/d/Luke/dev/RimMandrake/observed/inventory/bundle_textures/regrowth.botr.core/textures/things/plant/rg_shrublow/shrublowb.png,,regrowth.botr.core,n,,n,?,,P_Plant_ShrubLow/06.png
ripthorn,P_Plant_Ripthorn,P_Plant_Ripthorn#00,artpipe (png gone),/mnt/d/Luke/dev/_artpipe/_artsrc/ripthorn_v1/ripthorn_v1.png,2026-09-13,"ART_REGEN_FLORA_WAVE1_QUEUE_1 | Non-SW name, general kind fixed from the defName, flavor free per 'improve' semantics. Source row: flora:arid_shrubland:Plant_Ripthorn, size",n,flora_legibility_sheet_2026-09-17/decisions.json:ripthorn_v1=works,n,n,,
ripthorn,P_Plant_Ripthorn,P_Plant_Ripthorn#01,donor-loose,/mnt/c/Program Files (x86)/Steam/steamapps/workshop/content/294100/2260097569/Textures/Things/Plant/Immature/Ripthorn_Immature/Ripthorn_ImmatureA.png,,regrowth.botr.core,n,,n,n,,P_Plant_Ripthorn/01.png
ripthorn,P_Plant_Ripthorn,P_Plant_Ripthorn#02,donor-loose,/mnt/c/Program Files (x86)/Steam/steamapps/workshop/content/294100/2260097569/Textures/Things/Plant/Immature/Ripthorn_Immature/Ripthorn_ImmatureB.png,,regrowth.botr.core,n,,n,n,,P_Plant_Ripthorn/02.png
ripthorn,P_Plant_Ripthorn,P_Plant_Ripthorn#03,donor-bundle,/mnt/d/Luke/dev/RimMandrake/observed/inventory/bundle_textures/regrowth.botr.core/textures/things/plant/immature/rg_ripthorn_immature/ripthorn_immature.png,,regrowth.botr.core,n,,n,?,,P_Plant_Ripthorn/03.png
ripthorn,P_Plant_Ripthorn,P_Plant_Ripthorn#04,donor-bundle,/mnt/d/Luke/dev/RimMandrake/observed/inventory/bundle_textures/regrowth.botr.core/textures/things/plant/leafless/rg_ripthorn_leafless/ripthorn_leafless.png,,regrowth.botr.core,n,,n,?,,P_Plant_Ripthorn/04.png
ripthorn,P_Plant_Ripthorn,P_Plant_Ripthorn#05,donor-bundle,/mnt/d/Luke/dev/RimMandrake/observed/inventory/bundle_textures/regrowth.botr.core/textures/things/plant/rg_ripthorn/ripthorna.png,,regrowth.botr.core,n,,n,?,,P_Plant_Ripthorn/05.png
ripthorn,P_Plant_Ripthorn,P_Plant_Ripthorn#06,donor-bundle,/mnt/d/Luke/dev/RimMandrake/observed/inventory/bundle_textures/regrowth.botr.core/textures/things/plant/rg_ripthorn/ripthornb.png,,regrowth.botr.core,n,,n,?,,P_Plant_Ripthorn/06.png
ripthorn,P_Plant_Ripthorn,P_Plant_Ripthorn#07,donor-bundle,/mnt/d/Luke/dev/RimMandrake/observed/inventory/bundle_textures/regrowth.botr.core/textures/things/plant/rg_ripthorn/ripthornc.png,,regrowth.botr.core,n,,n,?,,P_Plant_Ripthorn/07.png
