
=== 2026-09-03T05:15:20Z  1a7b3aa1
REBUILT 1598 files — red 5, blue 167, green 5, grey 1421, unmeasured 0
  page -> /mnt/d/Luke/dev/Rimworld/Transient/codebase_health_artifact.html
exit 0

=== 2026-09-03T05:16:23Z  caf7e104
SKIP: changed, but only 1 min since the last build — the owner's ceiling is one per 5 min.
exit 3

=== 2026-09-03T05:17:05Z  14ea427e
SKIP: changed, but only 1 min since the last build — the owner's ceiling is one per 5 min.
exit 3

=== 2026-09-03T05:18:44Z  9b556d77
SKIP: changed, but only 3 min since the last build — the owner's ceiling is one per 5 min.
exit 3

=== 2026-09-03T05:20:38Z  42372c35
REBUILT 1598 files — red 5, blue 167, green 23, grey 1403, unmeasured 0
  page -> /mnt/d/Luke/dev/Rimworld/Transient/codebase_health_artifact.html
exit 0

=== 2026-09-03T05:21:21Z  681abcc2
SKIP: changed, but only 0 min since the last build — the owner's ceiling is one per 5 min.
exit 3

=== 2026-09-03T05:24:46Z  d6ccb31e
SKIP: changed, but only 4 min since the last build — the owner's ceiling is one per 5 min.
exit 3

=== 2026-09-03T05:26:59Z  7b68ac3f
REBUILT 1598 files — red 5, blue 168, green 23, grey 1402, unmeasured 0
  page -> /mnt/d/Luke/dev/Rimworld/Transient/codebase_health_artifact.html
exit 0

=== 2026-09-03T05:28:00Z  7b546f9b
SKIP: changed, but only 1 min since the last build — the owner's ceiling is one per 5 min.
exit 3

=== 2026-09-03T05:36:10Z  facd0294
REBUILT 1598 files — red 5, blue 169, green 24, grey 1400, unmeasured 0
  page -> /mnt/d/Luke/dev/Rimworld/Transient/codebase_health_artifact.html
exit 0

=== 2026-09-03T05:40:04Z  e9373f4f
SKIP: changed, but only 1 min since the last build — the owner's ceiling is one per 5 min.
exit 3

=== 2026-09-03T05:49:39Z  f9d51180
REBUILT 1596 files — red 5, blue 169, green 24, grey 1398, unmeasured 0
  page -> /mnt/d/Luke/dev/Rimworld/Transient/codebase_health_artifact.html
exit 0

=== 2026-09-03T05:52:40Z  97871fdb
SKIP: changed, but only 3 min since the last build — the owner's ceiling is one per 5 min.
exit 3

=== 2026-09-03T05:55:03Z  16948032
REBUILT 1596 files — red 5, blue 169, green 27, grey 1395, unmeasured 0
  page -> /mnt/d/Luke/dev/Rimworld/Transient/codebase_health_artifact.html
exit 0

=== 2026-09-03T05:58:17Z  c3f8e8ea
SKIP: changed, but only 3 min since the last build — the owner's ceiling is one per 5 min.
exit 3

=== 2026-09-03T05:59:02Z  ccb9e9ba
SKIP: changed, but only 4 min since the last build — the owner's ceiling is one per 5 min.
exit 3

=== 2026-09-03T06:00:59Z  8d52577c
REBUILT 1596 files — red 7, blue 170, green 30, grey 1389, unmeasured 0
  page -> /mnt/d/Luke/dev/Rimworld/Transient/codebase_health_artifact.html
exit 0

=== 2026-09-03T06:03:12Z  9249d7d3
SKIP: changed, but only 2 min since the last build — the owner's ceiling is one per 5 min.
exit 3

=== 2026-09-03T06:04:25Z  fe90ab46
SKIP: changed, but only 3 min since the last build — the owner's ceiling is one per 5 min.
exit 3

=== 2026-09-03T06:04:37Z  303a9a85
SKIP: changed, but only 3 min since the last build — the owner's ceiling is one per 5 min.
exit 3

=== 2026-09-03T06:04:46Z  58b4dab3
SKIP: changed, but only 3 min since the last build — the owner's ceiling is one per 5 min.
exit 3

=== 2026-09-03T06:07:18Z  9a73c67c
REBUILT 1597 files — red 7, blue 170, green 34, grey 1386, unmeasured 0
  page -> /mnt/d/Luke/dev/Rimworld/Transient/codebase_health_artifact.html
exit 0

=== 2026-09-03T06:07:51Z  ee0b3ad6
SKIP: changed, but only 0 min since the last build — the owner's ceiling is one per 5 min.
exit 3

=== 2026-09-03T06:10:13Z  96a5eb84
SKIP: changed, but only 2 min since the last build — the owner's ceiling is one per 5 min.
exit 3

=== 2026-09-03T06:12:50Z  83437c48
REBUILT 1597 files — red 6, blue 170, green 34, grey 1387, unmeasured 0
  page -> /mnt/d/Luke/dev/Rimworld/Transient/codebase_health_artifact.html
exit 0

=== 2026-09-03T06:20:17Z  69ea9703
REBUILT 1597 files — red 6, blue 170, green 36, grey 1385, unmeasured 0
  page -> /mnt/d/Luke/dev/Rimworld/Transient/codebase_health_artifact.html
exit 0

=== 2026-09-03T06:25:31Z  3569bca9
REBUILT 1597 files — red 6, blue 170, green 37, grey 1384, unmeasured 0
  page -> /mnt/d/Luke/dev/Rimworld/Transient/codebase_health_artifact.html
exit 0

=== 2026-09-03T06:27:32Z  d92ee4cc
SKIP: changed, but only 2 min since the last build — the owner's ceiling is one per 5 min.
exit 3

=== 2026-09-03T06:34:07Z  57d19e08
REBUILT 1597 files — red 6, blue 170, green 40, grey 1381, unmeasured 0
  page -> /mnt/d/Luke/dev/Rimworld/Transient/codebase_health_artifact.html
exit 0

=== 2026-09-03T06:34:45Z  356bc0bb
SKIP: changed, but only 0 min since the last build — the owner's ceiling is one per 5 min.
exit 3

=== 2026-09-03T07:27:47Z  e0551dd5
REBUILT 1597 files — red 6, blue 170, green 27, grey 1394, unmeasured 0
  page -> /mnt/d/Luke/dev/Rimworld/Transient/codebase_health_artifact.html
exit 0

=== 2026-09-03T07:28:49Z  e9b009bf
SKIP: changed, but only 1 min since the last build — the owner's ceiling is one per 5 min.
exit 3

=== 2026-09-03T07:29:18Z  453a5c7b
SKIP: changed, but only 1 min since the last build — the owner's ceiling is one per 5 min.
exit 3

=== 2026-09-03T07:34:25Z  938eabee
REBUILT 1597 files — red 6, blue 163, green 28, grey 1400, unmeasured 0
  page -> /mnt/d/Luke/dev/Rimworld/Transient/codebase_health_artifact.html
exit 0

=== 2026-09-03T07:35:03Z  bd222ca7
SKIP: changed, but only 0 min since the last build — the owner's ceiling is one per 5 min.
exit 3

=== 2026-09-03T07:36:10Z  4c2afe58
SKIP: changed, but only 0 min since the last build — the owner's ceiling is one per 5 min.
exit 3

=== 2026-09-03T07:36:35Z  004a37ea
SKIP: changed, but only 1 min since the last build — the owner's ceiling is one per 5 min.
exit 3

=== 2026-09-03T07:38:14Z  66d742be
SKIP: changed, but only 2 min since the last build — the owner's ceiling is one per 5 min.
exit 3

=== 2026-09-03T07:38:34Z  08e80429
SKIP: changed, but only 3 min since the last build — the owner's ceiling is one per 5 min.
exit 3

=== 2026-09-03T07:40:48Z  312fef89
WARN: the rimflow ledger could not be replayed (NameError: name '_apply' is not defined); bug/doing state is UNMEASURED for every file.
REBUILT 1597 files — red 0, blue 7, green 0, grey 0, unmeasured 1590
  page -> /mnt/d/Luke/dev/Rimworld/Transient/codebase_health_artifact.html
exit 0

=== 2026-09-03T07:47:08Z  19903e09
REBUILT 1597 files — red 6, blue 166, green 31, grey 1394, unmeasured 0
  page -> /mnt/d/Luke/dev/Rimworld/Transient/codebase_health_artifact.html
exit 0

=== 2026-09-03T07:50:16Z  97ffa094
SKIP: changed, but only 3 min since the last build — the owner's ceiling is one per 5 min.
exit 3

=== 2026-09-03T07:50:23Z  5ee98a51
SKIP: changed, but only 3 min since the last build — the owner's ceiling is one per 5 min.
exit 3

=== 2026-09-03T07:54:33Z  e81ca388
REBUILT 1597 files — red 10, blue 164, green 30, grey 1393, unmeasured 0
  page -> /mnt/d/Luke/dev/Rimworld/Transient/codebase_health_artifact.html
exit 0

=== 2026-09-03T08:12:48Z  7488a156
REBUILT 1597 files — red 10, blue 163, green 30, grey 1394, unmeasured 0
  page -> /mnt/d/Luke/dev/Rimworld/Transient/codebase_health_artifact.html
exit 0

=== 2026-09-03T08:22:02Z  ecc86a6f
REBUILT 1597 files — red 10, blue 163, green 30, grey 1394, unmeasured 0
  page -> /mnt/d/Luke/dev/Rimworld/Transient/codebase_health_artifact.html
exit 0

=== 2026-09-03T08:22:37Z  45c38d11
SKIP: changed, but only 0 min since the last build — the owner's ceiling is one per 5 min.
exit 3

=== 2026-09-03T08:25:20Z  5ac921b8
SKIP: changed, but only 3 min since the last build — the owner's ceiling is one per 5 min.
exit 3

=== 2026-09-03T08:25:55Z  7117a37c
SKIP: changed, but only 3 min since the last build — the owner's ceiling is one per 5 min.
exit 3

=== 2026-09-03T08:30:01Z  fc69d781
REBUILT 1597 files — red 10, blue 163, green 59, grey 1365, unmeasured 0
  page -> /mnt/d/Luke/dev/Rimworld/Transient/codebase_health_artifact.html
exit 0

=== 2026-09-03T08:35:05Z  7b9f17a9
REBUILT 1597 files — red 10, blue 163, green 59, grey 1365, unmeasured 0
  page -> /mnt/d/Luke/dev/Rimworld/Transient/codebase_health_artifact.html
exit 0

=== 2026-09-03T08:35:56Z  5d76efd9
SKIP: changed, but only 0 min since the last build — the owner's ceiling is one per 5 min.
exit 3

=== 2026-09-03T08:43:06Z  a03bc3e0
REBUILT 1597 files — red 10, blue 163, green 74, grey 1350, unmeasured 0
  page -> /mnt/d/Luke/dev/Rimworld/Transient/codebase_health_artifact.html
exit 0

=== 2026-09-03T08:51:02Z  e5013227
REBUILT 1597 files — red 10, blue 163, green 83, grey 1341, unmeasured 0
  page -> /mnt/d/Luke/dev/Rimworld/Transient/codebase_health_artifact.html
exit 0

=== 2026-09-03T08:57:16Z  359b0b2c
REBUILT 1597 files — red 10, blue 163, green 93, grey 1331, unmeasured 0
  page -> /mnt/d/Luke/dev/Rimworld/Transient/codebase_health_artifact.html
exit 0

=== 2026-09-03T09:02:32Z  39cd22d5
REBUILT 1597 files — red 10, blue 163, green 107, grey 1317, unmeasured 0
  page -> /mnt/d/Luke/dev/Rimworld/Transient/codebase_health_artifact.html
exit 0

=== 2026-09-03T09:06:50Z  ffdb1ac8
SKIP: changed, but only 4 min since the last build — the owner's ceiling is one per 5 min.
exit 3

=== 2026-09-03T09:11:42Z  377864eb
REBUILT 1597 files — red 10, blue 163, green 117, grey 1307, unmeasured 0
  page -> /mnt/d/Luke/dev/Rimworld/Transient/codebase_health_artifact.html
exit 0

=== 2026-09-03T09:17:00Z  46ac7699
REBUILT 1597 files — red 10, blue 163, green 123, grey 1301, unmeasured 0
  page -> /mnt/d/Luke/dev/Rimworld/Transient/codebase_health_artifact.html
exit 0

=== 2026-09-03T09:24:08Z  43884307
REBUILT 1597 files — red 10, blue 163, green 129, grey 1295, unmeasured 0
  page -> /mnt/d/Luke/dev/Rimworld/Transient/codebase_health_artifact.html
exit 0

=== 2026-09-03T09:32:28Z  e515c1e9
REBUILT 1597 files — red 10, blue 163, green 139, grey 1285, unmeasured 0
  page -> /mnt/d/Luke/dev/Rimworld/Transient/codebase_health_artifact.html
exit 0

=== 2026-09-03T09:33:34Z  42e3721d
SKIP: changed, but only 1 min since the last build — the owner's ceiling is one per 5 min.
exit 3

=== 2026-09-03T09:37:23Z  35c29544
SKIP: changed, but only 4 min since the last build — the owner's ceiling is one per 5 min.
exit 3

=== 2026-09-03T09:39:43Z  0c79213e

=== 2026-09-03T09:39:51Z  216548f0

=== 2026-09-03T09:39:59Z  4fe1e205

=== 2026-09-03T09:40:11Z  4a89b382
REBUILT 1597 files — red 10, blue 167, green 146, grey 1274, unmeasured 0
  page -> /mnt/d/Luke/dev/Rimworld/Transient/codebase_health_artifact.html
exit 0
REBUILT 1597 files — red 10, blue 166, green 146, grey 1275, unmeasured 0
  page -> /mnt/d/Luke/dev/Rimworld/Transient/codebase_health_artifact.html
exit 0
REBUILT 1597 files — red 10, blue 165, green 146, grey 1276, unmeasured 0
  page -> /mnt/d/Luke/dev/Rimworld/Transient/codebase_health_artifact.html
exit 0
REBUILT 1597 files — red 10, blue 164, green 146, grey 1277, unmeasured 0
  page -> /mnt/d/Luke/dev/Rimworld/Transient/codebase_health_artifact.html
exit 0

=== 2026-09-03T09:42:53Z  f0dced3d
SKIP: changed, but only 2 min since the last build — the owner's ceiling is one per 5 min.
exit 3

=== 2026-09-03T09:44:43Z  9f6f93ea
SKIP: changed, but only 4 min since the last build — the owner's ceiling is one per 5 min.
exit 3

=== 2026-09-03T09:49:45Z  c057fb96
REBUILT 1597 files — red 10, blue 163, green 148, grey 1276, unmeasured 0
  page -> /mnt/d/Luke/dev/Rimworld/Transient/codebase_health_artifact.html
exit 0

=== 2026-09-03T09:52:33Z  ca179d05
SKIP: changed, but only 2 min since the last build — the owner's ceiling is one per 5 min.
exit 3

=== 2026-09-03T09:54:04Z  0569c7e0
SKIP: changed, but only 4 min since the last build — the owner's ceiling is one per 5 min.
exit 3

=== 2026-09-03T09:55:20Z  a6117eb7

=== 2026-09-03T09:55:44Z  e471783e
REBUILT 1597 files — red 10, blue 163, green 149, grey 1275, unmeasured 0
  page -> /mnt/d/Luke/dev/Rimworld/Transient/codebase_health_artifact.html
exit 0

=== 2026-09-03T09:56:28Z  fb248793
SKIP: changed, but only 1 min since the last build — the owner's ceiling is one per 5 min.
exit 3
REBUILT 1597 files — red 10, blue 163, green 149, grey 1275, unmeasured 0
  page -> /mnt/d/Luke/dev/Rimworld/Transient/codebase_health_artifact.html
exit 0

=== 2026-09-03T10:06:55Z  5b48ee1b
REBUILT 1597 files — red 10, blue 163, green 158, grey 1266, unmeasured 0
  page -> /mnt/d/Luke/dev/Rimworld/Transient/codebase_health_artifact.html
exit 0

=== 2026-09-03T10:08:15Z  01089550
SKIP: changed, but only 1 min since the last build — the owner's ceiling is one per 5 min.
exit 3

=== 2026-09-03T10:11:56Z  8e8fe001
REBUILT 1597 files — red 10, blue 163, green 161, grey 1263, unmeasured 0
  page -> /mnt/d/Luke/dev/Rimworld/Transient/codebase_health_artifact.html
exit 0

=== 2026-09-03T10:14:16Z  c67fed38
SKIP: changed, but only 2 min since the last build — the owner's ceiling is one per 5 min.
exit 3

=== 2026-09-03T10:16:02Z  332954e8
SKIP: changed, but only 4 min since the last build — the owner's ceiling is one per 5 min.
exit 3

=== 2026-09-03T10:19:03Z  3844808c

=== 2026-09-03T10:20:04Z  d8cd2139
REBUILT 1597 files — red 10, blue 163, green 164, grey 1260, unmeasured 0
  page -> /mnt/d/Luke/dev/Rimworld/Transient/codebase_health_artifact.html
exit 0
REBUILT 1597 files — red 10, blue 163, green 164, grey 1260, unmeasured 0
  page -> /mnt/d/Luke/dev/Rimworld/Transient/codebase_health_artifact.html
exit 0

=== 2026-09-03T10:31:39Z  b8e4171c

=== 2026-09-03T10:31:56Z  7eabd2a4
REBUILT 1597 files — red 10, blue 167, green 169, grey 1251, unmeasured 0
  page -> /mnt/d/Luke/dev/Rimworld/Transient/codebase_health_artifact.html
exit 0
REBUILT 1597 files — red 10, blue 166, green 170, grey 1251, unmeasured 0
  page -> /mnt/d/Luke/dev/Rimworld/Transient/codebase_health_artifact.html
exit 0

=== 2026-09-03T10:33:41Z  f52addaf
SKIP: changed, but only 1 min since the last build — the owner's ceiling is one per 5 min.
exit 3

=== 2026-09-03T10:38:05Z  46cc98d3
REBUILT 1597 files — red 10, blue 163, green 174, grey 1250, unmeasured 0
  page -> /mnt/d/Luke/dev/Rimworld/Transient/codebase_health_artifact.html
exit 0

=== 2026-09-03T10:44:14Z  4de5c0cf
REBUILT 1596 files — red 10, blue 162, green 177, grey 1247, unmeasured 0
  page -> /mnt/d/Luke/dev/Rimworld/Transient/codebase_health_artifact.html
exit 0

=== 2026-09-03T10:48:51Z  5224422b
SKIP: changed, but only 4 min since the last build — the owner's ceiling is one per 5 min.
exit 3

=== 2026-09-03T10:49:45Z  ff6cb898
REBUILT 1596 files — red 10, blue 162, green 180, grey 1244, unmeasured 0
  page -> /mnt/d/Luke/dev/Rimworld/Transient/codebase_health_artifact.html
exit 0

=== 2026-09-03T10:54:00Z  99a4824d
SKIP: changed, but only 4 min since the last build — the owner's ceiling is one per 5 min.
exit 3

=== 2026-09-03T10:56:36Z  eb2cdddd
REBUILT 1596 files — red 10, blue 162, green 180, grey 1244, unmeasured 0
  page -> /mnt/d/Luke/dev/Rimworld/Transient/codebase_health_artifact.html
exit 0

=== 2026-09-03T10:59:20Z  73f54ff6
SKIP: changed, but only 2 min since the last build — the owner's ceiling is one per 5 min.
exit 3

=== 2026-09-03T10:59:37Z  858dbd2f
SKIP: changed, but only 3 min since the last build — the owner's ceiling is one per 5 min.
exit 3

=== 2026-09-03T11:12:35Z  65143047

=== 2026-09-03T11:13:09Z  891d0852
REBUILT 1596 files — red 10, blue 162, green 183, grey 1241, unmeasured 0
  page -> /mnt/d/Luke/dev/Rimworld/Transient/codebase_health_artifact.html
exit 0
REBUILT 1596 files — red 10, blue 162, green 183, grey 1241, unmeasured 0
  page -> /mnt/d/Luke/dev/Rimworld/Transient/codebase_health_artifact.html
exit 0

=== 2026-09-03T11:20:30Z  e70744ea
REBUILT 1596 files — red 10, blue 162, green 191, grey 1233, unmeasured 0
  page -> /mnt/d/Luke/dev/Rimworld/Transient/codebase_health_artifact.html
exit 0

=== 2026-09-03T11:23:28Z  7d65169a
SKIP: changed, but only 2 min since the last build — the owner's ceiling is one per 5 min.
exit 3

=== 2026-09-03T11:23:55Z  79f89e8f
SKIP: changed, but only 3 min since the last build — the owner's ceiling is one per 5 min.
exit 3

=== 2026-09-03T11:24:44Z  29b5c782
SKIP: changed, but only 4 min since the last build — the owner's ceiling is one per 5 min.
exit 3

=== 2026-09-03T11:26:02Z  5ff403d2

=== 2026-09-03T11:26:36Z  b098e3ff
REBUILT 1596 files — red 10, blue 162, green 193, grey 1231, unmeasured 0
  page -> /mnt/d/Luke/dev/Rimworld/Transient/codebase_health_artifact.html
exit 0
REBUILT 1596 files — red 10, blue 162, green 193, grey 1231, unmeasured 0
  page -> /mnt/d/Luke/dev/Rimworld/Transient/codebase_health_artifact.html
exit 0

=== 2026-09-03T11:30:13Z  0f770555
SKIP: changed, but only 3 min since the last build — the owner's ceiling is one per 5 min.
exit 3

=== 2026-09-03T11:32:28Z  f2fdef82

=== 2026-09-03T11:33:07Z  e66b2d31
REBUILT 1596 files — red 10, blue 162, green 196, grey 1228, unmeasured 0
  page -> /mnt/d/Luke/dev/Rimworld/Transient/codebase_health_artifact.html
exit 0
REBUILT 1596 files — red 10, blue 162, green 196, grey 1228, unmeasured 0
  page -> /mnt/d/Luke/dev/Rimworld/Transient/codebase_health_artifact.html
exit 0

=== 2026-09-03T11:35:39Z  0a50879c
SKIP: changed, but only 2 min since the last build — the owner's ceiling is one per 5 min.
exit 3

=== 2026-09-03T11:37:18Z  ee52aad9
SKIP: changed, but only 4 min since the last build — the owner's ceiling is one per 5 min.
exit 3

=== 2026-09-03T11:41:27Z  e74eb1ca

=== 2026-09-03T11:41:48Z  5e515a27
REBUILT 1596 files — red 10, blue 162, green 198, grey 1226, unmeasured 0
  page -> /mnt/d/Luke/dev/Rimworld/Transient/codebase_health_artifact.html
exit 0
REBUILT 1596 files — red 10, blue 162, green 198, grey 1226, unmeasured 0
  page -> /mnt/d/Luke/dev/Rimworld/Transient/codebase_health_artifact.html
exit 0

=== 2026-09-03T11:52:43Z  961554dd
REBUILT 1596 files — red 10, blue 162, green 199, grey 1225, unmeasured 0
  page -> /mnt/d/Luke/dev/Rimworld/Transient/codebase_health_artifact.html
exit 0

=== 2026-09-03T12:04:00Z  fcff58b6

=== 2026-09-03T12:05:18Z  584e2884
REBUILT 1596 files — red 10, blue 162, green 199, grey 1225, unmeasured 0
  page -> /mnt/d/Luke/dev/Rimworld/Transient/codebase_health_artifact.html
exit 0
REBUILT 1596 files — red 10, blue 162, green 199, grey 1225, unmeasured 0
  page -> /mnt/d/Luke/dev/Rimworld/Transient/codebase_health_artifact.html
exit 0

=== 2026-09-03T12:12:59Z  7f61fa27

=== 2026-09-03T12:14:14Z  c5e8ced4
REBUILT 1596 files — red 10, blue 163, green 200, grey 1223, unmeasured 0
  page -> /mnt/d/Luke/dev/Rimworld/Transient/codebase_health_artifact.html
exit 0

=== 2026-09-03T12:15:19Z  995e8237
SKIP: changed, but only 2 min since the last build — the owner's ceiling is one per 5 min.
exit 3
REBUILT 1596 files — red 10, blue 162, green 200, grey 1224, unmeasured 0
  page -> /mnt/d/Luke/dev/Rimworld/Transient/codebase_health_artifact.html
exit 0

=== 2026-09-03T12:18:54Z  1d0653e3
SKIP: changed, but only 4 min since the last build — the owner's ceiling is one per 5 min.
exit 3

=== 2026-09-03T12:20:58Z  77203b8a
REBUILT 1596 files — red 10, blue 163, green 200, grey 1223, unmeasured 0
  page -> /mnt/d/Luke/dev/Rimworld/Transient/codebase_health_artifact.html
exit 0

=== 2026-09-03T12:24:46Z  106de82f
SKIP: changed, but only 3 min since the last build — the owner's ceiling is one per 5 min.
exit 3

=== 2026-09-03T12:27:31Z  51d41c87
REBUILT 1596 files — red 10, blue 162, green 200, grey 1224, unmeasured 0
  page -> /mnt/d/Luke/dev/Rimworld/Transient/codebase_health_artifact.html
exit 0

=== 2026-09-03T12:32:46Z  d0ddfa82
REBUILT 1596 files — red 10, blue 162, green 201, grey 1223, unmeasured 0
  page -> /mnt/d/Luke/dev/Rimworld/Transient/codebase_health_artifact.html
exit 0

=== 2026-09-03T12:38:10Z  cd2516b8

=== 2026-09-03T12:39:16Z  710792ed
REBUILT 1596 files — red 10, blue 162, green 201, grey 1223, unmeasured 0
  page -> /mnt/d/Luke/dev/Rimworld/Transient/codebase_health_artifact.html
exit 0
REBUILT 1596 files — red 10, blue 162, green 201, grey 1223, unmeasured 0
  page -> /mnt/d/Luke/dev/Rimworld/Transient/codebase_health_artifact.html
exit 0

=== 2026-09-03T12:47:55Z  ea42b81d

=== 2026-09-03T12:49:11Z  5c3c0221
REBUILT 1596 files — red 10, blue 162, green 201, grey 1223, unmeasured 0
  page -> /mnt/d/Luke/dev/Rimworld/Transient/codebase_health_artifact.html
exit 0
REBUILT 1596 files — red 10, blue 162, green 201, grey 1223, unmeasured 0
  page -> /mnt/d/Luke/dev/Rimworld/Transient/codebase_health_artifact.html
exit 0

=== 2026-09-03T12:55:56Z  76d0fdca

=== 2026-09-03T12:56:49Z  ae221ed8
REBUILT 1596 files — red 10, blue 163, green 201, grey 1222, unmeasured 0
  page -> /mnt/d/Luke/dev/Rimworld/Transient/codebase_health_artifact.html
exit 0
REBUILT 1596 files — red 10, blue 162, green 201, grey 1223, unmeasured 0
  page -> /mnt/d/Luke/dev/Rimworld/Transient/codebase_health_artifact.html
exit 0

=== 2026-09-03T13:09:08Z  2d25fefc
REBUILT 1596 files — red 10, blue 162, green 201, grey 1223, unmeasured 0
  page -> /mnt/d/Luke/dev/Rimworld/Transient/codebase_health_artifact.html
exit 0

=== 2026-09-03T13:18:00Z  d99d3473
REBUILT 1596 files — red 10, blue 162, green 202, grey 1222, unmeasured 0
  page -> /mnt/d/Luke/dev/Rimworld/Transient/codebase_health_artifact.html
exit 0

=== 2026-09-03T13:28:38Z  b68e0f07
REBUILT 1596 files — red 10, blue 162, green 202, grey 1222, unmeasured 0
  page -> /mnt/d/Luke/dev/Rimworld/Transient/codebase_health_artifact.html
exit 0

=== 2026-09-03T13:39:02Z  554c87ee
REBUILT 1596 files — red 10, blue 162, green 202, grey 1222, unmeasured 0
  page -> /mnt/d/Luke/dev/Rimworld/Transient/codebase_health_artifact.html
exit 0

=== 2026-09-03T13:44:23Z  45ce6f6d
REBUILT 1596 files — red 10, blue 162, green 202, grey 1222, unmeasured 0
  page -> /mnt/d/Luke/dev/Rimworld/Transient/codebase_health_artifact.html
exit 0

=== 2026-09-03T13:55:44Z  1a252c89

=== 2026-09-03T13:57:33Z  43e4cb86
REBUILT 1596 files — red 10, blue 162, green 202, grey 1222, unmeasured 0
  page -> /mnt/d/Luke/dev/Rimworld/Transient/codebase_health_artifact.html
exit 0
REBUILT 1596 files — red 10, blue 162, green 202, grey 1222, unmeasured 0
  page -> /mnt/d/Luke/dev/Rimworld/Transient/codebase_health_artifact.html
exit 0

=== 2026-09-03T14:01:40Z  433687f3
SKIP: changed, but only 4 min since the last build — the owner's ceiling is one per 5 min.
exit 3

=== 2026-09-03T14:02:40Z  695161ea
REBUILT 1596 files — red 10, blue 162, green 203, grey 1221, unmeasured 0
  page -> /mnt/d/Luke/dev/Rimworld/Transient/codebase_health_artifact.html
exit 0

=== 2026-09-03T14:11:13Z  09f1d751

=== 2026-09-03T14:11:47Z  7d273551
REBUILT 1596 files — red 10, blue 162, green 204, grey 1220, unmeasured 0
  page -> /mnt/d/Luke/dev/Rimworld/Transient/codebase_health_artifact.html
exit 0
REBUILT 1596 files — red 10, blue 162, green 204, grey 1220, unmeasured 0
  page -> /mnt/d/Luke/dev/Rimworld/Transient/codebase_health_artifact.html
exit 0

=== 2026-09-03T14:17:14Z  4311a368
REBUILT 1596 files — red 10, blue 162, green 204, grey 1220, unmeasured 0
  page -> /mnt/d/Luke/dev/Rimworld/Transient/codebase_health_artifact.html
exit 0

=== 2026-09-03T14:20:34Z  de146739
SKIP: changed, but only 3 min since the last build — the owner's ceiling is one per 5 min.
exit 3

=== 2026-09-03T14:21:22Z  c4ea71c4
SKIP: changed, but only 4 min since the last build — the owner's ceiling is one per 5 min.
exit 3

=== 2026-09-03T14:26:21Z  0706a2c8
REBUILT 1596 files — red 10, blue 162, green 212, grey 1212, unmeasured 0
  page -> /mnt/d/Luke/dev/Rimworld/Transient/codebase_health_artifact.html
exit 0

=== 2026-09-03T14:30:49Z  e693715a
SKIP: changed, but only 4 min since the last build — the owner's ceiling is one per 5 min.
exit 3

=== 2026-09-03T14:31:21Z  af2d8daa

=== 2026-09-03T14:33:48Z  b7ba2719
REBUILT 1596 files — red 10, blue 162, green 217, grey 1207, unmeasured 0
  page -> /mnt/d/Luke/dev/Rimworld/Transient/codebase_health_artifact.html
exit 0

=== 2026-09-03T14:34:57Z  eab07cf8
SKIP: changed, but only 3 min since the last build — the owner's ceiling is one per 5 min.
exit 3
REBUILT 1596 files — red 10, blue 162, green 222, grey 1202, unmeasured 0
  page -> /mnt/d/Luke/dev/Rimworld/Transient/codebase_health_artifact.html
exit 0

=== 2026-09-03T14:39:27Z  8b25e71d

=== 2026-09-03T14:42:17Z  c2ed2fe6
REBUILT 1596 files — red 10, blue 162, green 223, grey 1201, unmeasured 0
  page -> /mnt/d/Luke/dev/Rimworld/Transient/codebase_health_artifact.html
exit 0

=== 2026-09-03T14:43:29Z  46567cc0
SKIP: changed, but only 4 min since the last build — the owner's ceiling is one per 5 min.
exit 3

=== 2026-09-03T14:44:47Z  05878879
REBUILT 1598 files — red 10, blue 164, green 226, grey 1198, unmeasured 0
  page -> /mnt/d/Luke/dev/Rimworld/Transient/codebase_health_artifact.html
exit 0

=== 2026-09-03T14:46:25Z  2424e896
SKIP: changed, but only 4 min since the last build — the owner's ceiling is one per 5 min.
exit 3

=== 2026-09-03T14:46:43Z  7ad64398
SKIP: changed, but only 4 min since the last build — the owner's ceiling is one per 5 min.
exit 3

=== 2026-09-03T14:47:23Z  865627fb
REBUILT 1598 files — red 10, blue 164, green 227, grey 1197, unmeasured 0
  page -> /mnt/d/Luke/dev/Rimworld/Transient/codebase_health_artifact.html
exit 0

=== 2026-09-03T14:49:05Z  f10e21c4
SKIP: changed, but only 4 min since the last build — the owner's ceiling is one per 5 min.
exit 3
REBUILT 1598 files — red 10, blue 164, green 228, grey 1196, unmeasured 0
  page -> /mnt/d/Luke/dev/Rimworld/Transient/codebase_health_artifact.html
exit 0

=== 2026-09-03T14:52:12Z  dc8febf8
SKIP: changed, but only 4 min since the last build — the owner's ceiling is one per 5 min.
exit 3

=== 2026-09-03T14:53:16Z  0a4533a8

=== 2026-09-03T14:53:42Z  f738ce25
REBUILT 1598 files — red 10, blue 164, green 231, grey 1193, unmeasured 0
  page -> /mnt/d/Luke/dev/Rimworld/Transient/codebase_health_artifact.html
exit 0
REBUILT 1598 files — red 10, blue 164, green 231, grey 1193, unmeasured 0
  page -> /mnt/d/Luke/dev/Rimworld/Transient/codebase_health_artifact.html
exit 0

=== 2026-09-03T14:58:37Z  6775cce5
SKIP: changed, but only 4 min since the last build — the owner's ceiling is one per 5 min.
exit 3

=== 2026-09-03T14:58:46Z  9437c787

=== 2026-09-03T14:58:57Z  efa145ce

=== 2026-09-03T14:59:21Z  def68525

=== 2026-09-03T15:00:55Z  bf439fda
SKIP: changed, but only 4 min since the last build — the owner's ceiling is one per 5 min.
exit 3

=== 2026-09-03T15:01:54Z  1a5078e1
REBUILT 1598 files — red 10, blue 168, green 231, grey 1189, unmeasured 0
  page -> /mnt/d/Luke/dev/Rimworld/Transient/codebase_health_artifact.html
exit 0
REBUILT 1598 files — red 10, blue 167, green 231, grey 1190, unmeasured 0
  page -> /mnt/d/Luke/dev/Rimworld/Transient/codebase_health_artifact.html
exit 0
REBUILT 1598 files — red 10, blue 166, green 231, grey 1191, unmeasured 0
  page -> /mnt/d/Luke/dev/Rimworld/Transient/codebase_health_artifact.html
exit 0
REBUILT 1598 files — red 10, blue 164, green 231, grey 1193, unmeasured 0
  page -> /mnt/d/Luke/dev/Rimworld/Transient/codebase_health_artifact.html
exit 0

=== 2026-09-03T15:08:10Z  b9435727

=== 2026-09-03T15:08:39Z  e7206369

=== 2026-09-03T15:09:59Z  0ba800c6

=== 2026-09-03T15:10:27Z  8223dd5b

=== 2026-09-03T15:11:14Z  b5aa0e5c

=== 2026-09-03T15:11:39Z  406eff08
REBUILT 1598 files — red 10, blue 164, green 234, grey 1190, unmeasured 0
  page -> /mnt/d/Luke/dev/Rimworld/Transient/codebase_health_artifact.html
exit 0
REBUILT 1598 files — red 10, blue 164, green 234, grey 1190, unmeasured 0
  page -> /mnt/d/Luke/dev/Rimworld/Transient/codebase_health_artifact.html
exit 0
REBUILT 1601 files — red 10, blue 168, green 234, grey 1189, unmeasured 0
  page -> /mnt/d/Luke/dev/Rimworld/Transient/codebase_health_artifact.html
exit 0
REBUILT 1601 files — red 10, blue 165, green 234, grey 1192, unmeasured 0
  page -> /mnt/d/Luke/dev/Rimworld/Transient/codebase_health_artifact.html
exit 0
REBUILT 1601 files — red 10, blue 167, green 234, grey 1190, unmeasured 0
  page -> /mnt/d/Luke/dev/Rimworld/Transient/codebase_health_artifact.html
exit 0
REBUILT 1601 files — red 10, blue 166, green 234, grey 1191, unmeasured 0
  page -> /mnt/d/Luke/dev/Rimworld/Transient/codebase_health_artifact.html
exit 0

=== 2026-09-03T15:16:17Z  51a39209
SKIP: changed, but only 4 min since the last build — the owner's ceiling is one per 5 min.
exit 3

=== 2026-09-03T15:19:01Z  7b4a5d37

=== 2026-09-03T15:22:16Z  e66c487e
REBUILT 1601 files — red 10, blue 176, green 233, grey 1182, unmeasured 0
  page -> /mnt/d/Luke/dev/Rimworld/Transient/codebase_health_artifact.html
exit 0

=== 2026-09-03T15:27:39Z  03dc8a44

=== 2026-09-03T15:29:20Z  a0612403
REBUILT 1601 files — red 10, blue 178, green 232, grey 1181, unmeasured 0
  page -> /mnt/d/Luke/dev/Rimworld/Transient/codebase_health_artifact.html
exit 0

=== 2026-09-03T15:31:17Z  8cbe627d
SKIP: changed, but only 3 min since the last build — the owner's ceiling is one per 5 min.
exit 3
REBUILT 1601 files — red 10, blue 177, green 232, grey 1182, unmeasured 0
  page -> /mnt/d/Luke/dev/Rimworld/Transient/codebase_health_artifact.html
exit 0

=== 2026-09-03T15:32:53Z  275928c6
SKIP: changed, but only 3 min since the last build — the owner's ceiling is one per 5 min.
exit 3

=== 2026-09-03T15:35:17Z  44fc3ddc

=== 2026-09-03T15:35:38Z  1a5f8ecf

=== 2026-09-03T15:36:30Z  1acd1615
REBUILT 1601 files — red 10, blue 178, green 233, grey 1180, unmeasured 0
  page -> /mnt/d/Luke/dev/Rimworld/Transient/codebase_health_artifact.html
exit 0
REBUILT 1603 files — red 10, blue 179, green 233, grey 1181, unmeasured 0
  page -> /mnt/d/Luke/dev/Rimworld/Transient/codebase_health_artifact.html
exit 0
REBUILT 1601 files — red 10, blue 177, green 234, grey 1180, unmeasured 0
  page -> /mnt/d/Luke/dev/Rimworld/Transient/codebase_health_artifact.html
exit 0

=== 2026-09-03T15:45:59Z  482d36ef

=== 2026-09-03T15:47:51Z  86ac78d7

=== 2026-09-03T15:49:44Z  782e971e

=== 2026-09-03T15:50:14Z  edd6e501
REBUILT 1602 files — red 10, blue 177, green 234, grey 1181, unmeasured 0
  page -> /mnt/d/Luke/dev/Rimworld/Transient/codebase_health_artifact.html
exit 0

=== 2026-09-03T15:51:08Z  0c92d790
REBUILT 1602 files — red 10, blue 177, green 234, grey 1181, unmeasured 0
  page -> /mnt/d/Luke/dev/Rimworld/Transient/codebase_health_artifact.html
exit 0
REBUILT 1604 files — red 10, blue 179, green 235, grey 1180, unmeasured 0
  page -> /mnt/d/Luke/dev/Rimworld/Transient/codebase_health_artifact.html
exit 0
REBUILT 1604 files — red 10, blue 176, green 235, grey 1183, unmeasured 0
  page -> /mnt/d/Luke/dev/Rimworld/Transient/codebase_health_artifact.html
exit 0
REBUILT 1604 files — red 10, blue 176, green 235, grey 1183, unmeasured 0
  page -> /mnt/d/Luke/dev/Rimworld/Transient/codebase_health_artifact.html
exit 0

=== 2026-09-03T15:58:45Z  d4993d9e
REBUILT 1604 files — red 10, blue 176, green 235, grey 1183, unmeasured 0
  page -> /mnt/d/Luke/dev/Rimworld/Transient/codebase_health_artifact.html
exit 0

=== 2026-09-03T16:03:58Z  d17af88d
REBUILT 1604 files — red 10, blue 176, green 235, grey 1183, unmeasured 0
  page -> /mnt/d/Luke/dev/Rimworld/Transient/codebase_health_artifact.html
exit 0

=== 2026-09-03T16:07:51Z  26ae3a31
SKIP: changed, but only 3 min since the last build — the owner's ceiling is one per 5 min.
exit 3

=== 2026-09-03T16:09:14Z  3d60b716

=== 2026-09-03T16:11:14Z  3089b753
REBUILT 1604 files — red 10, blue 177, green 235, grey 1182, unmeasured 0
  page -> /mnt/d/Luke/dev/Rimworld/Transient/codebase_health_artifact.html
exit 0

=== 2026-09-03T16:14:37Z  3b008bf7
REBUILT 1604 files — red 10, blue 176, green 235, grey 1183, unmeasured 0
  page -> /mnt/d/Luke/dev/Rimworld/Transient/codebase_health_artifact.html
exit 0

=== 2026-09-03T16:15:16Z  1792d101
SKIP: changed, but only 4 min since the last build — the owner's ceiling is one per 5 min.
exit 3

=== 2026-09-03T16:17:25Z  52e37885

=== 2026-09-03T16:17:49Z  32787112
REBUILT 1604 files — red 10, blue 176, green 235, grey 1183, unmeasured 0
  page -> /mnt/d/Luke/dev/Rimworld/Transient/codebase_health_artifact.html
exit 0

=== 2026-09-03T16:19:36Z  5eced8aa
REBUILT 1604 files — red 10, blue 176, green 235, grey 1183, unmeasured 0
  page -> /mnt/d/Luke/dev/Rimworld/Transient/codebase_health_artifact.html
exit 0
REBUILT 1604 files — red 10, blue 176, green 235, grey 1183, unmeasured 0
  page -> /mnt/d/Luke/dev/Rimworld/Transient/codebase_health_artifact.html
exit 0
REBUILT 1604 files — red 10, blue 176, green 235, grey 1183, unmeasured 0
  page -> /mnt/d/Luke/dev/Rimworld/Transient/codebase_health_artifact.html
exit 0

=== 2026-09-03T16:25:32Z  7f3bea8c

=== 2026-09-03T16:27:39Z  85ae1cdc
REBUILT 1605 files — red 10, blue 176, green 235, grey 1184, unmeasured 0
  page -> /mnt/d/Luke/dev/Rimworld/Transient/codebase_health_artifact.html
exit 0
REBUILT 1605 files — red 10, blue 176, green 235, grey 1184, unmeasured 0
  page -> /mnt/d/Luke/dev/Rimworld/Transient/codebase_health_artifact.html
exit 0

=== 2026-09-03T16:34:32Z  f18b77ac
REBUILT 1605 files — red 10, blue 176, green 235, grey 1184, unmeasured 0
  page -> /mnt/d/Luke/dev/Rimworld/Transient/codebase_health_artifact.html
exit 0

=== 2026-09-03T17:38:22Z  11be1f36
REBUILT 1605 files — red 10, blue 176, green 235, grey 1184, unmeasured 0
  page -> /mnt/d/Luke/dev/Rimworld/Transient/codebase_health_artifact.html
exit 0

=== 2026-09-03T17:50:18Z  882663c1

=== 2026-09-03T17:50:55Z  9cea7333

=== 2026-09-03T17:51:29Z  5e4d0f75

=== 2026-09-03T17:52:05Z  13f35cfb
REBUILT 1605 files — red 10, blue 176, green 235, grey 1184, unmeasured 0
  page -> /mnt/d/Luke/dev/Rimworld/Transient/codebase_health_artifact.html
exit 0
REBUILT 1605 files — red 10, blue 176, green 235, grey 1184, unmeasured 0
  page -> /mnt/d/Luke/dev/Rimworld/Transient/codebase_health_artifact.html
exit 0
REBUILT 1605 files — red 10, blue 166, green 240, grey 1189, unmeasured 0
  page -> /mnt/d/Luke/dev/Rimworld/Transient/codebase_health_artifact.html
exit 0
REBUILT 1605 files — red 10, blue 166, green 240, grey 1189, unmeasured 0
  page -> /mnt/d/Luke/dev/Rimworld/Transient/codebase_health_artifact.html
exit 0

=== 2026-09-03T17:58:54Z  5ee8fbcd

=== 2026-09-03T17:59:25Z  c8acf8bb
REBUILT 1606 files — red 10, blue 167, green 239, grey 1190, unmeasured 0
  page -> /mnt/d/Luke/dev/Rimworld/Transient/codebase_health_artifact.html
exit 0
REBUILT 1606 files — red 10, blue 167, green 239, grey 1190, unmeasured 0
  page -> /mnt/d/Luke/dev/Rimworld/Transient/codebase_health_artifact.html
exit 0

=== 2026-09-03T18:04:33Z  36929c9e

=== 2026-09-03T18:06:47Z  be50c9d3

=== 2026-09-03T18:06:57Z  d6006ced

=== 2026-09-03T18:07:09Z  dac99fb5
REBUILT 1606 files — red 10, blue 166, green 239, grey 1191, unmeasured 0
  page -> /mnt/d/Luke/dev/Rimworld/Transient/codebase_health_artifact.html
exit 0
REBUILT 1608 files — red 10, blue 166, green 239, grey 1193, unmeasured 0
  page -> /mnt/d/Luke/dev/Rimworld/Transient/codebase_health_artifact.html
exit 0
REBUILT 1608 files — red 10, blue 166, green 239, grey 1193, unmeasured 0
  page -> /mnt/d/Luke/dev/Rimworld/Transient/codebase_health_artifact.html
exit 0
REBUILT 1608 files — red 10, blue 166, green 239, grey 1193, unmeasured 0
  page -> /mnt/d/Luke/dev/Rimworld/Transient/codebase_health_artifact.html
exit 0

=== 2026-09-03T19:12:29Z  cfd26b81

=== 2026-09-03T19:12:43Z  bd8a2a1b
REBUILT 1609 files — red 10, blue 166, green 239, grey 1194, unmeasured 0
  page -> /mnt/d/Luke/dev/Rimworld/Transient/codebase_health_artifact.html
exit 0
REBUILT 1609 files — red 10, blue 166, green 239, grey 1194, unmeasured 0
  page -> /mnt/d/Luke/dev/Rimworld/Transient/codebase_health_artifact.html
exit 0

=== 2026-09-03T19:31:20Z  171ebf61

=== 2026-09-03T19:31:42Z  9cfa328a
REBUILT 1610 files — red 6, blue 166, green 241, grey 1197, unmeasured 0
  page -> /mnt/d/Luke/dev/Rimworld/Transient/codebase_health_artifact.html
exit 0
REBUILT 1610 files — red 6, blue 166, green 241, grey 1197, unmeasured 0
  page -> /mnt/d/Luke/dev/Rimworld/Transient/codebase_health_artifact.html
exit 0

=== 2026-09-03T19:38:06Z  9cb52f85

=== 2026-09-03T19:40:40Z  4470d495
REBUILT 1610 files — red 6, blue 166, green 241, grey 1197, unmeasured 0
  page -> /mnt/d/Luke/dev/Rimworld/Transient/codebase_health_artifact.html
exit 0
REBUILT 1610 files — red 6, blue 166, green 241, grey 1197, unmeasured 0
  page -> /mnt/d/Luke/dev/Rimworld/Transient/codebase_health_artifact.html
exit 0

=== 2026-09-03T19:46:33Z  50d9809a
REBUILT 1610 files — red 6, blue 166, green 241, grey 1197, unmeasured 0
  page -> /mnt/d/Luke/dev/Rimworld/Transient/codebase_health_artifact.html
exit 0

=== 2026-09-03T19:47:19Z  d075693a
SKIP: changed, but only 0 min since the last build — the owner's ceiling is one per 5 min.
exit 3

=== 2026-09-03T19:56:44Z  a494344f

=== 2026-09-03T19:56:54Z  eb9303f7

=== 2026-09-03T19:57:04Z  42c76948

=== 2026-09-03T19:57:16Z  ab054e21
REBUILT 1610 files — red 6, blue 174, green 237, grey 1193, unmeasured 0
  page -> /mnt/d/Luke/dev/Rimworld/Transient/codebase_health_artifact.html
exit 0
REBUILT 1610 files — red 6, blue 174, green 237, grey 1193, unmeasured 0
  page -> /mnt/d/Luke/dev/Rimworld/Transient/codebase_health_artifact.html
exit 0

=== 2026-09-03T19:57:32Z  1c0aeca4
SKIP: changed, but only 0 min since the last build — the owner's ceiling is one per 5 min.
exit 3
REBUILT 1610 files — red 6, blue 173, green 237, grey 1194, unmeasured 0
  page -> /mnt/d/Luke/dev/Rimworld/Transient/codebase_health_artifact.html
exit 0

=== 2026-09-03T19:57:40Z  de83ee4d
SKIP: changed, but only 0 min since the last build — the owner's ceiling is one per 5 min.
exit 3
REBUILT 1610 files — red 6, blue 173, green 237, grey 1194, unmeasured 0
  page -> /mnt/d/Luke/dev/Rimworld/Transient/codebase_health_artifact.html
exit 0

=== 2026-09-03T19:58:28Z  6d79d0a0
SKIP: changed, but only 1 min since the last build — the owner's ceiling is one per 5 min.
exit 3

=== 2026-09-03T20:02:59Z  42e9676e

=== 2026-09-03T20:03:19Z  309a29bf
REBUILT 1610 files — red 6, blue 166, green 242, grey 1196, unmeasured 0
  page -> /mnt/d/Luke/dev/Rimworld/Transient/codebase_health_artifact.html
exit 0
REBUILT 1610 files — red 6, blue 166, green 242, grey 1196, unmeasured 0
  page -> /mnt/d/Luke/dev/Rimworld/Transient/codebase_health_artifact.html
exit 0

=== 2026-09-03T20:32:52Z  e8333b2b
REBUILT 1610 files — red 6, blue 166, green 242, grey 1196, unmeasured 0
  page -> /mnt/d/Luke/dev/Rimworld/Transient/codebase_health_artifact.html
exit 0

=== 2026-09-03T21:00:06Z  9cbc3257

=== 2026-09-03T21:00:40Z  95266a5b
REBUILT 1611 files — red 6, blue 170, green 240, grey 1195, unmeasured 0
  page -> /mnt/d/Luke/dev/Rimworld/Transient/codebase_health_artifact.html
exit 0
REBUILT 1611 files — red 6, blue 170, green 240, grey 1195, unmeasured 0
  page -> /mnt/d/Luke/dev/Rimworld/Transient/codebase_health_artifact.html
exit 0

=== 2026-09-03T21:01:47Z  4eff671d
SKIP: changed, but only 1 min since the last build — the owner's ceiling is one per 5 min.
exit 3

=== 2026-09-03T21:02:02Z  af66b41c
SKIP: changed, but only 1 min since the last build — the owner's ceiling is one per 5 min.
exit 3

=== 2026-09-03T21:07:28Z  f1368ad0

=== 2026-09-03T21:07:40Z  dc7d9d40

=== 2026-09-03T21:08:01Z  2a6c4dae
REBUILT 1613 files — red 6, blue 171, green 241, grey 1195, unmeasured 0
  page -> /mnt/d/Luke/dev/Rimworld/Transient/codebase_health_artifact.html
exit 0
REBUILT 1613 files — red 6, blue 170, green 243, grey 1194, unmeasured 0
  page -> /mnt/d/Luke/dev/Rimworld/Transient/codebase_health_artifact.html
exit 0
REBUILT 1613 files — red 6, blue 170, green 243, grey 1194, unmeasured 0
  page -> /mnt/d/Luke/dev/Rimworld/Transient/codebase_health_artifact.html
exit 0

=== 2026-09-03T21:09:13Z  682b62fa
SKIP: changed, but only 1 min since the last build — the owner's ceiling is one per 5 min.
exit 3

=== 2026-09-03T21:20:08Z  003dc88f

=== 2026-09-03T21:20:19Z  ebdcc128

=== 2026-09-03T21:20:31Z  df166bc9

=== 2026-09-03T21:20:52Z  6c02c40e
REBUILT 1613 files — red 6, blue 172, green 243, grey 1192, unmeasured 0
  page -> /mnt/d/Luke/dev/Rimworld/Transient/codebase_health_artifact.html
exit 0
REBUILT 1613 files — red 6, blue 171, green 243, grey 1193, unmeasured 0
  page -> /mnt/d/Luke/dev/Rimworld/Transient/codebase_health_artifact.html
exit 0
REBUILT 1613 files — red 6, blue 170, green 246, grey 1191, unmeasured 0
  page -> /mnt/d/Luke/dev/Rimworld/Transient/codebase_health_artifact.html
exit 0
REBUILT 1613 files — red 6, blue 170, green 246, grey 1191, unmeasured 0
  page -> /mnt/d/Luke/dev/Rimworld/Transient/codebase_health_artifact.html
exit 0

=== 2026-09-03T21:40:43Z  cd0acfb3

=== 2026-09-03T21:40:57Z  2b385860
REBUILT 1614 files — red 6, blue 170, green 246, grey 1192, unmeasured 0
  page -> /mnt/d/Luke/dev/Rimworld/Transient/codebase_health_artifact.html
exit 0
REBUILT 1614 files — red 6, blue 170, green 246, grey 1192, unmeasured 0
  page -> /mnt/d/Luke/dev/Rimworld/Transient/codebase_health_artifact.html
exit 0

=== 2026-09-03T21:54:19Z  6f7b50fb

=== 2026-09-03T21:54:29Z  efbb8bd4

=== 2026-09-03T21:54:50Z  2b988f1c

=== 2026-09-03T21:55:11Z  f34d7f1b
REBUILT 1614 files — red 6, blue 172, green 247, grey 1189, unmeasured 0
  page -> /mnt/d/Luke/dev/Rimworld/Transient/codebase_health_artifact.html
exit 0
REBUILT 1614 files — red 6, blue 171, green 247, grey 1190, unmeasured 0
  page -> /mnt/d/Luke/dev/Rimworld/Transient/codebase_health_artifact.html
exit 0
REBUILT 1614 files — red 6, blue 170, green 250, grey 1188, unmeasured 0
  page -> /mnt/d/Luke/dev/Rimworld/Transient/codebase_health_artifact.html
exit 0
REBUILT 1614 files — red 6, blue 170, green 250, grey 1188, unmeasured 0
  page -> /mnt/d/Luke/dev/Rimworld/Transient/codebase_health_artifact.html
exit 0

=== 2026-09-03T21:59:59Z  fec6cddb
SKIP: changed, but only 4 min since the last build — the owner's ceiling is one per 5 min.
exit 3

=== 2026-09-03T22:01:22Z  a84ccb0b
REBUILT 1615 files — red 6, blue 172, green 250, grey 1187, unmeasured 0
  page -> /mnt/d/Luke/dev/Rimworld/Transient/codebase_health_artifact.html
exit 0

=== 2026-09-03T22:20:15Z  3c86d6ef
REBUILT 1615 files — red 6, blue 172, green 251, grey 1186, unmeasured 0
  page -> /mnt/d/Luke/dev/Rimworld/Transient/codebase_health_artifact.html
exit 0

=== 2026-09-03T22:23:29Z  43c5c459
SKIP: changed, but only 3 min since the last build — the owner's ceiling is one per 5 min.
exit 3

=== 2026-09-03T22:23:37Z  0b68b28c
SKIP: changed, but only 3 min since the last build — the owner's ceiling is one per 5 min.
exit 3

=== 2026-09-03T22:23:52Z  e8d6f243
SKIP: changed, but only 3 min since the last build — the owner's ceiling is one per 5 min.
exit 3

=== 2026-09-03T22:45:17Z  45a85ebf

=== 2026-09-03T22:45:59Z  01dcfe30
REBUILT 1615 files — red 6, blue 170, green 252, grey 1187, unmeasured 0
  page -> /mnt/d/Luke/dev/Rimworld/Transient/codebase_health_artifact.html
exit 0
REBUILT 1615 files — red 6, blue 170, green 252, grey 1187, unmeasured 0
  page -> /mnt/d/Luke/dev/Rimworld/Transient/codebase_health_artifact.html
exit 0

=== 2026-09-04T00:07:12Z  872db59d
REBUILT 1615 files — red 6, blue 166, green 254, grey 1189, unmeasured 0
  page -> /mnt/d/Luke/dev/Rimworld/Transient/codebase_health_artifact.html
exit 0

=== 2026-09-04T00:20:33Z  ac24cd52
REBUILT 1615 files — red 6, blue 166, green 258, grey 1185, unmeasured 0
  page -> /mnt/d/Luke/dev/Rimworld/Transient/codebase_health_artifact.html
exit 0

=== 2026-09-04T00:23:38Z  7672f1bd
REBUILT 1615 files — red 6, blue 166, green 261, grey 1182, unmeasured 0
  page -> /mnt/d/Luke/dev/Rimworld/Transient/codebase_health_artifact.html
exit 0

=== 2026-09-04T00:25:30Z  0975db76
REBUILT 1615 files — red 6, blue 181, green 253, grey 1175, unmeasured 0
  page -> /mnt/d/Luke/dev/Rimworld/Transient/codebase_health_artifact.html
exit 0

=== 2026-09-04T00:29:16Z  1e4fe0eb
SKIP: changed, but only 3 min since the last build — the owner's ceiling is one per 5 min.
exit 3

=== 2026-09-04T00:30:14Z  75a5f517
SKIP: changed, but only 4 min since the last build — the owner's ceiling is one per 5 min.
exit 3

=== 2026-09-04T00:30:24Z  ceeaebb1
REBUILT 1615 files — red 6, blue 181, green 255, grey 1173, unmeasured 0
  page -> /mnt/d/Luke/dev/Rimworld/Transient/codebase_health_artifact.html
exit 0

=== 2026-09-04T00:33:57Z  8a24dcd7
SKIP: changed, but only 3 min since the last build — the owner's ceiling is one per 5 min.
exit 3

=== 2026-09-04T00:37:48Z  5a040901
REBUILT 1615 files — red 6, blue 181, green 257, grey 1171, unmeasured 0
  page -> /mnt/d/Luke/dev/Rimworld/Transient/codebase_health_artifact.html
exit 0

=== 2026-09-04T00:41:14Z  b0db3c45
SKIP: changed, but only 3 min since the last build — the owner's ceiling is one per 5 min.
exit 3

=== 2026-09-04T00:41:40Z  0fb4936c
REBUILT 1615 files — red 6, blue 181, green 258, grey 1170, unmeasured 0
  page -> /mnt/d/Luke/dev/Rimworld/Transient/codebase_health_artifact.html
exit 0

=== 2026-09-04T00:45:15Z  4c801874

=== 2026-09-04T00:46:54Z  ad3be0a3
REBUILT 1615 files — red 6, blue 181, green 260, grey 1168, unmeasured 0
  page -> /mnt/d/Luke/dev/Rimworld/Transient/codebase_health_artifact.html
exit 0

=== 2026-09-04T00:47:14Z  f9da3de0
SKIP: changed, but only 1 min since the last build — the owner's ceiling is one per 5 min.
exit 3
REBUILT 1615 files — red 6, blue 192, green 253, grey 1164, unmeasured 0
  page -> /mnt/d/Luke/dev/Rimworld/Transient/codebase_health_artifact.html
exit 0

=== 2026-09-04T00:50:33Z  5d44b598
SKIP: changed, but only 3 min since the last build — the owner's ceiling is one per 5 min.
exit 3

=== 2026-09-04T00:51:02Z  9c1523eb
SKIP: changed, but only 4 min since the last build — the owner's ceiling is one per 5 min.
exit 3

=== 2026-09-04T00:54:52Z  ec953fe5
REBUILT 1615 files — red 6, blue 192, green 253, grey 1164, unmeasured 0
  page -> /mnt/d/Luke/dev/Rimworld/Transient/codebase_health_artifact.html
exit 0

=== 2026-09-04T00:57:30Z  c131ce7b
SKIP: changed, but only 2 min since the last build — the owner's ceiling is one per 5 min.
exit 3

=== 2026-09-04T01:03:46Z  12ad4c44
REBUILT 1615 files — red 6, blue 192, green 260, grey 1157, unmeasured 0
  page -> /mnt/d/Luke/dev/Rimworld/Transient/codebase_health_artifact.html
exit 0

=== 2026-09-04T01:17:58Z  2ab6b097

=== 2026-09-04T01:18:12Z  a6c78782

=== 2026-09-04T01:19:22Z  27f48818

=== 2026-09-04T01:19:45Z  0dbe9397
REBUILT 1615 files — red 6, blue 192, green 260, grey 1157, unmeasured 0
  page -> /mnt/d/Luke/dev/Rimworld/Transient/codebase_health_artifact.html
exit 0
REBUILT 1615 files — red 6, blue 192, green 260, grey 1157, unmeasured 0
  page -> /mnt/d/Luke/dev/Rimworld/Transient/codebase_health_artifact.html
exit 0
REBUILT 1615 files — red 6, blue 192, green 261, grey 1156, unmeasured 0
  page -> /mnt/d/Luke/dev/Rimworld/Transient/codebase_health_artifact.html
exit 0
REBUILT 1615 files — red 6, blue 192, green 261, grey 1156, unmeasured 0
  page -> /mnt/d/Luke/dev/Rimworld/Transient/codebase_health_artifact.html
exit 0

=== 2026-09-04T01:39:54Z  7dcefbc7
REBUILT 1615 files — red 6, blue 192, green 261, grey 1156, unmeasured 0
  page -> /mnt/d/Luke/dev/Rimworld/Transient/codebase_health_artifact.html
exit 0

=== 2026-09-04T01:42:14Z  308a6ec7
SKIP: changed, but only 2 min since the last build — the owner's ceiling is one per 5 min.
exit 3

=== 2026-09-04T01:49:36Z  da780c23
REBUILT 1615 files — red 6, blue 182, green 278, grey 1149, unmeasured 0
  page -> /mnt/d/Luke/dev/Rimworld/Transient/codebase_health_artifact.html
exit 0

=== 2026-09-04T01:55:33Z  4e362542

=== 2026-09-04T01:56:27Z  ced8a5e0

=== 2026-09-04T01:56:52Z  e056475f
REBUILT 1615 files — red 6, blue 182, green 295, grey 1132, unmeasured 0
  page -> /mnt/d/Luke/dev/Rimworld/Transient/codebase_health_artifact.html
exit 0
REBUILT 1615 files — red 6, blue 182, green 298, grey 1129, unmeasured 0
  page -> /mnt/d/Luke/dev/Rimworld/Transient/codebase_health_artifact.html
exit 0
REBUILT 1615 files — red 6, blue 182, green 298, grey 1129, unmeasured 0
  page -> /mnt/d/Luke/dev/Rimworld/Transient/codebase_health_artifact.html
exit 0

=== 2026-09-04T02:01:37Z  246700a6
SKIP: changed, but only 4 min since the last build — the owner's ceiling is one per 5 min.
exit 3

=== 2026-09-04T02:03:15Z  2a1b73cc

=== 2026-09-04T02:03:39Z  9c6daf17

=== 2026-09-04T02:04:39Z  46f0afd2
REBUILT 1615 files — red 6, blue 183, green 307, grey 1119, unmeasured 0
  page -> /mnt/d/Luke/dev/Rimworld/Transient/codebase_health_artifact.html
exit 0

=== 2026-09-04T02:05:57Z  b19a8ce2
SKIP: changed, but only 2 min since the last build — the owner's ceiling is one per 5 min.
exit 3
REBUILT 1615 files — red 6, blue 182, green 312, grey 1115, unmeasured 0
  page -> /mnt/d/Luke/dev/Rimworld/Transient/codebase_health_artifact.html
exit 0

=== 2026-09-04T02:06:31Z  6a4499e0
SKIP: changed, but only 2 min since the last build — the owner's ceiling is one per 5 min.
exit 3
REBUILT 1615 files — red 6, blue 182, green 312, grey 1115, unmeasured 0
  page -> /mnt/d/Luke/dev/Rimworld/Transient/codebase_health_artifact.html
exit 0

=== 2026-09-04T02:07:06Z  6cfa2886
SKIP: changed, but only 2 min since the last build — the owner's ceiling is one per 5 min.
exit 3

=== 2026-09-04T02:07:24Z  8a1974f3
SKIP: changed, but only 2 min since the last build — the owner's ceiling is one per 5 min.
exit 3

=== 2026-09-04T02:10:13Z  64472218

=== 2026-09-04T02:10:38Z  6b3d1ea3
REBUILT 1615 files — red 6, blue 182, green 318, grey 1109, unmeasured 0
  page -> /mnt/d/Luke/dev/Rimworld/Transient/codebase_health_artifact.html
exit 0
REBUILT 1615 files — red 6, blue 182, green 318, grey 1109, unmeasured 0
  page -> /mnt/d/Luke/dev/Rimworld/Transient/codebase_health_artifact.html
exit 0

=== 2026-09-04T02:26:37Z  93e14628

=== 2026-09-04T02:28:39Z  19d9ad5a
REBUILT 1615 files — red 6, blue 182, green 318, grey 1109, unmeasured 0
  page -> /mnt/d/Luke/dev/Rimworld/Transient/codebase_health_artifact.html
exit 0
REBUILT 1615 files — red 6, blue 182, green 318, grey 1109, unmeasured 0
  page -> /mnt/d/Luke/dev/Rimworld/Transient/codebase_health_artifact.html
exit 0

=== 2026-09-04T02:36:00Z  70cd2206
REBUILT 1615 files — red 6, blue 190, green 312, grey 1107, unmeasured 0
  page -> /mnt/d/Luke/dev/Rimworld/Transient/codebase_health_artifact.html
exit 0

=== 2026-09-04T02:40:55Z  b0b0c049
SKIP: changed, but only 4 min since the last build — the owner's ceiling is one per 5 min.
exit 3

=== 2026-09-04T02:43:43Z  934df369

=== 2026-09-04T02:44:46Z  0a8d8761

=== 2026-09-04T02:45:32Z  b4c6bc9d

=== 2026-09-04T02:46:21Z  3d3ceeae
REBUILT 1615 files — red 6, blue 190, green 321, grey 1098, unmeasured 0
  page -> /mnt/d/Luke/dev/Rimworld/Transient/codebase_health_artifact.html
exit 0

=== 2026-09-04T02:47:01Z  bcc6776e
SKIP: changed, but only 3 min since the last build — the owner's ceiling is one per 5 min.
exit 3

=== 2026-09-04T02:47:53Z  8ca0c78f
SKIP: changed, but only 4 min since the last build — the owner's ceiling is one per 5 min.
exit 3
REBUILT 1615 files — red 6, blue 192, green 322, grey 1095, unmeasured 0
  page -> /mnt/d/Luke/dev/Rimworld/Transient/codebase_health_artifact.html
exit 0
REBUILT 1615 files — red 6, blue 191, green 324, grey 1094, unmeasured 0
  page -> /mnt/d/Luke/dev/Rimworld/Transient/codebase_health_artifact.html
exit 0
REBUILT 1615 files — red 6, blue 190, green 325, grey 1094, unmeasured 0
  page -> /mnt/d/Luke/dev/Rimworld/Transient/codebase_health_artifact.html
exit 0

=== 2026-09-04T03:12:45Z  d994e8e4

=== 2026-09-04T03:15:30Z  0631624b
REBUILT 1615 files — red 6, blue 193, green 322, grey 1094, unmeasured 0
  page -> /mnt/d/Luke/dev/Rimworld/Transient/codebase_health_artifact.html
exit 0

=== 2026-09-04T03:15:47Z  1f14e03d
SKIP: changed, but only 3 min since the last build — the owner's ceiling is one per 5 min.
exit 3

=== 2026-09-04T03:16:31Z  1ec59b50
SKIP: changed, but only 3 min since the last build — the owner's ceiling is one per 5 min.
exit 3

=== 2026-09-04T03:16:41Z  d8984eb2
SKIP: changed, but only 3 min since the last build — the owner's ceiling is one per 5 min.
exit 3

=== 2026-09-04T03:18:38Z  5c97b5c1
REBUILT 1615 files — red 6, blue 195, green 323, grey 1091, unmeasured 0
  page -> /mnt/d/Luke/dev/Rimworld/Transient/codebase_health_artifact.html
exit 0

=== 2026-09-04T03:19:26Z  2cd6af00
REBUILT 1615 files — red 6, blue 193, green 338, grey 1078, unmeasured 0
  page -> /mnt/d/Luke/dev/Rimworld/Transient/codebase_health_artifact.html
exit 0
REBUILT 1615 files — red 6, blue 193, green 338, grey 1078, unmeasured 0
  page -> /mnt/d/Luke/dev/Rimworld/Transient/codebase_health_artifact.html
exit 0

=== 2026-09-04T03:24:04Z  86de40c5
SKIP: changed, but only 4 min since the last build — the owner's ceiling is one per 5 min.
exit 3

=== 2026-09-04T03:24:19Z  c170a4ee
SKIP: changed, but only 4 min since the last build — the owner's ceiling is one per 5 min.
exit 3

=== 2026-09-04T03:24:35Z  aaa8cf89

=== 2026-09-04T03:26:43Z  8193b35c

=== 2026-09-04T03:27:25Z  1a239723
REBUILT 1615 files — red 6, blue 193, green 345, grey 1071, unmeasured 0
  page -> /mnt/d/Luke/dev/Rimworld/Transient/codebase_health_artifact.html
exit 0

=== 2026-09-04T03:29:13Z  57ce5707
SKIP: changed, but only 4 min since the last build — the owner's ceiling is one per 5 min.
exit 3
REBUILT 1615 files — red 6, blue 193, green 348, grey 1068, unmeasured 0
  page -> /mnt/d/Luke/dev/Rimworld/Transient/codebase_health_artifact.html
exit 0
REBUILT 1615 files — red 6, blue 193, green 348, grey 1068, unmeasured 0
  page -> /mnt/d/Luke/dev/Rimworld/Transient/codebase_health_artifact.html
exit 0

=== 2026-09-04T03:32:51Z  250be7a3

=== 2026-09-04T03:33:32Z  685b9681
REBUILT 1615 files — red 6, blue 209, green 342, grey 1058, unmeasured 0
  page -> /mnt/d/Luke/dev/Rimworld/Transient/codebase_health_artifact.html
exit 0
REBUILT 1615 files — red 6, blue 209, green 342, grey 1058, unmeasured 0
  page -> /mnt/d/Luke/dev/Rimworld/Transient/codebase_health_artifact.html
exit 0

=== 2026-09-04T03:37:43Z  93d7b641
SKIP: changed, but only 4 min since the last build — the owner's ceiling is one per 5 min.
exit 3

=== 2026-09-04T03:39:34Z  fa367562

=== 2026-09-04T03:40:23Z  a94bc803

=== 2026-09-04T03:40:58Z  471c0741

=== 2026-09-04T03:41:56Z  b294390b
REBUILT 1615 files — red 6, blue 210, green 346, grey 1053, unmeasured 0
  page -> /mnt/d/Luke/dev/Rimworld/Transient/codebase_health_artifact.html
exit 0
REBUILT 1615 files — red 6, blue 210, green 353, grey 1046, unmeasured 0
  page -> /mnt/d/Luke/dev/Rimworld/Transient/codebase_health_artifact.html
exit 0
REBUILT 1615 files — red 6, blue 209, green 353, grey 1047, unmeasured 0
  page -> /mnt/d/Luke/dev/Rimworld/Transient/codebase_health_artifact.html
exit 0
REBUILT 1615 files — red 6, blue 209, green 358, grey 1042, unmeasured 0
  page -> /mnt/d/Luke/dev/Rimworld/Transient/codebase_health_artifact.html
exit 0

=== 2026-09-04T03:47:26Z  c6ede2aa

=== 2026-09-04T03:49:09Z  8803d5fe

=== 2026-09-04T03:51:15Z  04f27682
REBUILT 1615 files — red 6, blue 209, green 368, grey 1032, unmeasured 0
  page -> /mnt/d/Luke/dev/Rimworld/Transient/codebase_health_artifact.html
exit 0
REBUILT 1615 files — red 6, blue 209, green 370, grey 1030, unmeasured 0
  page -> /mnt/d/Luke/dev/Rimworld/Transient/codebase_health_artifact.html
exit 0
REBUILT 1615 files — red 6, blue 216, green 364, grey 1029, unmeasured 0
  page -> /mnt/d/Luke/dev/Rimworld/Transient/codebase_health_artifact.html
exit 0

=== 2026-09-04T04:19:35Z  560162dd
REBUILT 1615 files — red 6, blue 216, green 364, grey 1029, unmeasured 0
  page -> /mnt/d/Luke/dev/Rimworld/Transient/codebase_health_artifact.html
exit 0

=== 2026-09-04T04:24:37Z  78916ea7

=== 2026-09-04T04:25:00Z  e57a41a5
REBUILT 1615 files — red 6, blue 216, green 363, grey 1030, unmeasured 0
  page -> /mnt/d/Luke/dev/Rimworld/Transient/codebase_health_artifact.html
exit 0
REBUILT 1615 files — red 10, blue 214, green 361, grey 1030, unmeasured 0
  page -> /mnt/d/Luke/dev/Rimworld/Transient/codebase_health_artifact.html
exit 0

=== 2026-09-04T04:48:00Z  8afa5bb0

=== 2026-09-04T04:48:24Z  6f696fd1

=== 2026-09-04T04:49:15Z  cfd0b038
REBUILT 1612 files — red 10, blue 214, green 359, grey 1029, unmeasured 0
  page -> /mnt/d/Luke/dev/Rimworld/Transient/codebase_health_artifact.html
exit 0
REBUILT 1612 files — red 10, blue 211, green 361, grey 1030, unmeasured 0
  page -> /mnt/d/Luke/dev/Rimworld/Transient/codebase_health_artifact.html
exit 0

=== 2026-09-04T04:53:09Z  353b3c33
SKIP: changed, but only 4 min since the last build — the owner's ceiling is one per 5 min.
exit 3
REBUILT 1612 files — red 10, blue 211, green 361, grey 1030, unmeasured 0
  page -> /mnt/d/Luke/dev/Rimworld/Transient/codebase_health_artifact.html
exit 0

=== 2026-09-04T04:54:55Z  c5e14f29

=== 2026-09-04T04:56:05Z  1fb0888b

=== 2026-09-04T04:59:25Z  d6ae0f49

=== 2026-09-04T04:59:49Z  17dd0cf9

=== 2026-09-04T05:00:05Z  9681117f
REBUILT 1612 files — red 10, blue 212, green 368, grey 1022, unmeasured 0
  page -> /mnt/d/Luke/dev/Rimworld/Transient/codebase_health_artifact.html
exit 0

=== 2026-09-04T05:01:08Z  e12b6b63
REBUILT 1612 files — red 10, blue 213, green 372, grey 1017, unmeasured 0
  page -> /mnt/d/Luke/dev/Rimworld/Transient/codebase_health_artifact.html
exit 0

=== 2026-09-04T05:02:25Z  54b0c270
REBUILT 1612 files — red 10, blue 215, green 373, grey 1014, unmeasured 0
  page -> /mnt/d/Luke/dev/Rimworld/Transient/codebase_health_artifact.html
exit 0
REBUILT 1612 files — red 10, blue 214, green 373, grey 1015, unmeasured 0
  page -> /mnt/d/Luke/dev/Rimworld/Transient/codebase_health_artifact.html
exit 0
REBUILT 1612 files — red 10, blue 211, green 377, grey 1014, unmeasured 0
  page -> /mnt/d/Luke/dev/Rimworld/Transient/codebase_health_artifact.html
exit 0
REBUILT 1612 files — red 10, blue 211, green 377, grey 1014, unmeasured 0
  page -> /mnt/d/Luke/dev/Rimworld/Transient/codebase_health_artifact.html
exit 0
REBUILT 1612 files — red 10, blue 219, green 369, grey 1014, unmeasured 0
  page -> /mnt/d/Luke/dev/Rimworld/Transient/codebase_health_artifact.html
exit 0

=== 2026-09-04T05:15:02Z  5ca81587

=== 2026-09-04T05:16:24Z  c3acc21a
REBUILT 1612 files — red 10, blue 165, green 420, grey 1017, unmeasured 0
  page -> /mnt/d/Luke/dev/Rimworld/Transient/codebase_health_artifact.html
exit 0
REBUILT 1612 files — red 10, blue 165, green 420, grey 1017, unmeasured 0
  page -> /mnt/d/Luke/dev/Rimworld/Transient/codebase_health_artifact.html
exit 0

=== 2026-09-04T05:59:02Z  c0a28153
REBUILT 1582 files — red 10, blue 165, green 420, grey 987, unmeasured 0
  page -> /mnt/d/Luke/dev/Rimworld/Transient/codebase_health_artifact.html
exit 0

=== 2026-09-04T06:50:01Z  34885539
REBUILT 1588 files — red 10, blue 171, green 420, grey 987, unmeasured 0
  page -> /mnt/d/Luke/dev/Rimworld/Transient/codebase_health_artifact.html
exit 0

=== 2026-09-04T07:58:47Z  9d8700f9
REBUILT 1588 files — red 10, blue 171, green 418, grey 989, unmeasured 0
  page -> /mnt/d/Luke/dev/Rimworld/Transient/codebase_health_artifact.html
exit 0

=== 2026-09-04T08:09:58Z  815df8fd

=== 2026-09-04T08:14:45Z  4217267e
REBUILT 1589 files — red 10, blue 171, green 418, grey 990, unmeasured 0
  page -> /mnt/d/Luke/dev/Rimworld/Transient/codebase_health_artifact.html
exit 0
REBUILT 1589 files — red 10, blue 165, green 418, grey 996, unmeasured 0
  page -> /mnt/d/Luke/dev/Rimworld/Transient/codebase_health_artifact.html
exit 0

=== 2026-09-04T08:23:23Z  c59f93ff

=== 2026-09-04T08:24:32Z  46cdec42

=== 2026-09-04T08:24:53Z  866d1f8f
REBUILT 1589 files — red 10, blue 165, green 418, grey 996, unmeasured 0
  page -> /mnt/d/Luke/dev/Rimworld/Transient/codebase_health_artifact.html
exit 0
REBUILT 1589 files — red 10, blue 165, green 423, grey 991, unmeasured 0
  page -> /mnt/d/Luke/dev/Rimworld/Transient/codebase_health_artifact.html
exit 0
REBUILT 1589 files — red 10, blue 165, green 424, grey 990, unmeasured 0
  page -> /mnt/d/Luke/dev/Rimworld/Transient/codebase_health_artifact.html
exit 0

=== 2026-09-04T08:46:27Z  925bb3d2

=== 2026-09-04T08:46:41Z  467998c4
REBUILT 1590 files — red 10, blue 165, green 424, grey 991, unmeasured 0
  page -> /mnt/d/Luke/dev/Rimworld/Transient/codebase_health_artifact.html
exit 0
REBUILT 1590 files — red 10, blue 165, green 426, grey 989, unmeasured 0
  page -> /mnt/d/Luke/dev/Rimworld/Transient/codebase_health_artifact.html
exit 0

=== 2026-09-04T08:57:01Z  5ab6eec4

=== 2026-09-04T08:57:29Z  bf41228e

=== 2026-09-04T08:57:34Z  01fbbd16
REBUILT 1590 files — red 9, blue 166, green 426, grey 989, unmeasured 0
  page -> /mnt/d/Luke/dev/Rimworld/Transient/codebase_health_artifact.html
exit 0
REBUILT 1589 files — red 9, blue 165, green 426, grey 989, unmeasured 0
  page -> /mnt/d/Luke/dev/Rimworld/Transient/codebase_health_artifact.html
exit 0
REBUILT 1589 files — red 9, blue 165, green 426, grey 989, unmeasured 0
  page -> /mnt/d/Luke/dev/Rimworld/Transient/codebase_health_artifact.html
exit 0

=== 2026-09-04T09:06:15Z  bcdf7ff8

=== 2026-09-04T09:06:37Z  4d23fe80

=== 2026-09-04T09:06:43Z  88c3e210
REBUILT 1589 files — red 9, blue 165, green 426, grey 989, unmeasured 0
  page -> /mnt/d/Luke/dev/Rimworld/Transient/codebase_health_artifact.html
exit 0
REBUILT 1589 files — red 9, blue 165, green 426, grey 989, unmeasured 0
  page -> /mnt/d/Luke/dev/Rimworld/Transient/codebase_health_artifact.html
exit 0
REBUILT 1589 files — red 9, blue 165, green 426, grey 989, unmeasured 0
  page -> /mnt/d/Luke/dev/Rimworld/Transient/codebase_health_artifact.html
exit 0

=== 2026-09-04T09:17:37Z  b2c50c1f

=== 2026-09-04T09:18:14Z  237dd1da

=== 2026-09-04T09:23:30Z  8cadb52f
REBUILT 1589 files — red 9, blue 165, green 426, grey 989, unmeasured 0
  page -> /mnt/d/Luke/dev/Rimworld/Transient/codebase_health_artifact.html
exit 0

=== 2026-09-04T09:27:34Z  40dbdb57

=== 2026-09-04T09:28:28Z  75dc435c
REBUILT 1589 files — red 9, blue 165, green 425, grey 989, unmeasured 1
  page -> /mnt/d/Luke/dev/Rimworld/Transient/codebase_health_artifact.html
exit 0

=== 2026-09-04T09:32:21Z  ea1cb4c9

=== 2026-09-04T09:40:32Z  90c1399a

=== 2026-09-04T09:40:35Z  fa437162

=== 2026-09-04T09:40:40Z  336bb7b7

=== 2026-09-04T09:41:16Z  43f96b1b
REBUILT 1590 files — red 9, blue 166, green 426, grey 988, unmeasured 1
  page -> /mnt/d/Luke/dev/Rimworld/Transient/codebase_health_artifact.html
exit 0
REBUILT 1379 files — red 9, blue 170, green 426, grey 773, unmeasured 1
  page -> /mnt/d/Luke/dev/Rimworld/Transient/codebase_health_artifact.html
exit 0
REBUILT 1373 files — red 9, blue 170, green 426, grey 767, unmeasured 1
  page -> /mnt/d/Luke/dev/Rimworld/Transient/codebase_health_artifact.html
exit 0
REBUILT 1373 files — red 9, blue 165, green 426, grey 772, unmeasured 1
  page -> /mnt/d/Luke/dev/Rimworld/Transient/codebase_health_artifact.html
exit 0

=== 2026-09-04T09:54:09Z  e438ce03
REBUILT 1372 files — red 9, blue 166, green 426, grey 771, unmeasured 0
  page -> /mnt/d/Luke/dev/Rimworld/Transient/codebase_health_artifact.html
exit 0
REBUILT 1372 files — red 9, blue 166, green 426, grey 771, unmeasured 0
  page -> /mnt/d/Luke/dev/Rimworld/Transient/codebase_health_artifact.html
exit 0
REBUILT 1372 files — red 9, blue 166, green 426, grey 771, unmeasured 0
  page -> /mnt/d/Luke/dev/Rimworld/Transient/codebase_health_artifact.html
exit 0
REBUILT 1372 files — red 9, blue 165, green 426, grey 772, unmeasured 0
  page -> /mnt/d/Luke/dev/Rimworld/Transient/codebase_health_artifact.html
exit 0
REBUILT 1372 files — red 9, blue 165, green 530, grey 668, unmeasured 0
  page -> /mnt/d/Luke/dev/Rimworld/Transient/codebase_health_artifact.html
exit 0

=== 2026-09-04T10:10:48Z  7fdf3a48

=== 2026-09-04T10:11:45Z  bc9d2bb2

=== 2026-09-04T10:13:00Z  dceaf8d5

=== 2026-09-04T10:15:08Z  a81e8fba

=== 2026-09-04T10:15:44Z  a651c907
REBUILT 1372 files — red 9, blue 171, green 526, grey 666, unmeasured 0
  page -> /mnt/d/Luke/dev/Rimworld/Transient/codebase_health_artifact.html
exit 0

=== 2026-09-04T10:23:00Z  776cc6ed
REBUILT 1372 files — red 11, blue 169, green 526, grey 666, unmeasured 0
  page -> /mnt/d/Luke/dev/Rimworld/Transient/codebase_health_artifact.html
exit 0

=== 2026-09-04T10:24:10Z  9d08618e
REBUILT 1372 files — red 16, blue 167, green 526, grey 663, unmeasured 0
  page -> /mnt/d/Luke/dev/Rimworld/Transient/codebase_health_artifact.html
exit 0

=== 2026-09-04T10:26:57Z  ef84aa31
REBUILT 1372 files — red 16, blue 161, green 530, grey 665, unmeasured 0
  page -> /mnt/d/Luke/dev/Rimworld/Transient/codebase_health_artifact.html
exit 0
REBUILT 1372 files — red 16, blue 163, green 530, grey 663, unmeasured 0
  page -> /mnt/d/Luke/dev/Rimworld/Transient/codebase_health_artifact.html
exit 0
REBUILT 1373 files — red 16, blue 163, green 530, grey 664, unmeasured 0
  page -> /mnt/d/Luke/dev/Rimworld/Transient/codebase_health_artifact.html
exit 0
REBUILT 1373 files — red 16, blue 163, green 530, grey 664, unmeasured 0
  page -> /mnt/d/Luke/dev/Rimworld/Transient/codebase_health_artifact.html
exit 0
REBUILT 1373 files — red 16, blue 163, green 530, grey 664, unmeasured 0
  page -> /mnt/d/Luke/dev/Rimworld/Transient/codebase_health_artifact.html
exit 0

=== 2026-09-04T14:29:34Z  b2685cbc

=== 2026-09-04T14:30:19Z  b23d1012

=== 2026-09-04T14:32:08Z  908fdc8a

=== 2026-09-04T14:32:33Z  a37b8ce5

=== 2026-09-04T14:36:09Z  1931db8e
REBUILT 1373 files — red 16, blue 163, green 530, grey 664, unmeasured 0
  page -> /mnt/d/Luke/dev/Rimworld/Transient/codebase_health_artifact.html
exit 0

=== 2026-09-04T14:36:34Z  9adfd29c
REBUILT 1373 files — red 16, blue 163, green 530, grey 664, unmeasured 0
  page -> /mnt/d/Luke/dev/Rimworld/Transient/codebase_health_artifact.html
exit 0
REBUILT 1373 files — red 15, blue 163, green 530, grey 665, unmeasured 0
  page -> /mnt/d/Luke/dev/Rimworld/Transient/codebase_health_artifact.html
exit 0
REBUILT 1373 files — red 14, blue 164, green 530, grey 665, unmeasured 0
  page -> /mnt/d/Luke/dev/Rimworld/Transient/codebase_health_artifact.html
exit 0

=== 2026-09-04T14:40:37Z  a28d4970
REBUILT 1373 files — red 11, blue 167, green 530, grey 665, unmeasured 0
  page -> /mnt/d/Luke/dev/Rimworld/Transient/codebase_health_artifact.html
exit 0
REBUILT 1373 files — red 9, blue 167, green 530, grey 667, unmeasured 0
  page -> /mnt/d/Luke/dev/Rimworld/Transient/codebase_health_artifact.html
exit 0
REBUILT 1373 files — red 9, blue 167, green 530, grey 667, unmeasured 0
  page -> /mnt/d/Luke/dev/Rimworld/Transient/codebase_health_artifact.html
exit 0

=== 2026-09-04T14:47:05Z  151e2118
REBUILT 1373 files — red 9, blue 167, green 530, grey 667, unmeasured 0
  page -> /mnt/d/Luke/dev/Rimworld/Transient/codebase_health_artifact.html
exit 0

=== 2026-09-04T15:54:36Z  f19b5f54
REBUILT 1373 files — red 9, blue 167, green 530, grey 667, unmeasured 0
  page -> /mnt/d/Luke/dev/Rimworld/Transient/codebase_health_artifact.html
exit 0

=== 2026-09-04T17:20:04Z  ccaeeb60
REBUILT 1373 files — red 9, blue 167, green 530, grey 667, unmeasured 0
  page -> /mnt/d/Luke/dev/Rimworld/Transient/codebase_health_artifact.html
exit 0

=== 2026-09-04T17:39:51Z  d033bb48
REBUILT 1373 files — red 9, blue 167, green 530, grey 667, unmeasured 0
  page -> /mnt/d/Luke/dev/Rimworld/Transient/codebase_health_artifact.html
exit 0

=== 2026-09-04T18:02:43Z  3bda4125

=== 2026-09-04T18:02:56Z  fd70020d

=== 2026-09-04T18:08:36Z  0f1568c6

=== 2026-09-04T18:09:37Z  9b1c487a

=== 2026-09-04T18:10:00Z  fbff08a8
REBUILT 1373 files — red 12, blue 167, green 529, grey 665, unmeasured 0
  page -> /mnt/d/Luke/dev/Rimworld/Transient/codebase_health_artifact.html
exit 0
REBUILT 1373 files — red 12, blue 167, green 529, grey 665, unmeasured 0
  page -> /mnt/d/Luke/dev/Rimworld/Transient/codebase_health_artifact.html
exit 0
REBUILT 1373 files — red 12, blue 167, green 529, grey 665, unmeasured 0
  page -> /mnt/d/Luke/dev/Rimworld/Transient/codebase_health_artifact.html
exit 0
REBUILT 1373 files — red 12, blue 167, green 529, grey 665, unmeasured 0
  page -> /mnt/d/Luke/dev/Rimworld/Transient/codebase_health_artifact.html
exit 0
REBUILT 1373 files — red 12, blue 167, green 529, grey 665, unmeasured 0
  page -> /mnt/d/Luke/dev/Rimworld/Transient/codebase_health_artifact.html
exit 0

=== 2026-09-04T18:33:20Z  f81e6031
REBUILT 1373 files — red 12, blue 167, green 529, grey 665, unmeasured 0
  page -> /mnt/d/Luke/dev/Rimworld/Transient/codebase_health_artifact.html
exit 0

=== 2026-09-04T18:48:27Z  e7cf3658

=== 2026-09-04T18:50:56Z  57457bef

=== 2026-09-04T18:57:55Z  913d7836

=== 2026-09-04T19:00:23Z  1d907e2b
SKIP: another rebuild is already in flight.
exit 3
REBUILT 1373 files — red 12, blue 167, green 529, grey 665, unmeasured 0
  page -> /mnt/d/Luke/dev/Rimworld/Transient/codebase_health_artifact.html
exit 0

=== 2026-09-04T19:01:19Z  19e0fdb5
SKIP: another rebuild is already in flight.
exit 3
REBUILT 1373 files — red 12, blue 167, green 529, grey 665, unmeasured 0
  page -> /mnt/d/Luke/dev/Rimworld/Transient/codebase_health_artifact.html
exit 0
REBUILT 1373 files — red 12, blue 170, green 526, grey 665, unmeasured 0
  page -> /mnt/d/Luke/dev/Rimworld/Transient/codebase_health_artifact.html
exit 0

=== 2026-09-04T19:09:27Z  13cfe26e

=== 2026-09-04T19:18:31Z  f94c40ce
SKIP: another rebuild is already in flight.
exit 3
REBUILT 1373 files — red 12, blue 171, green 526, grey 664, unmeasured 0
  page -> /mnt/d/Luke/dev/Rimworld/Transient/codebase_health_artifact.html
exit 0

=== 2026-09-04T19:23:17Z  6b2ed45b

=== 2026-09-04T19:27:00Z  e50e8194
SKIP: another rebuild is already in flight.
exit 3

=== 2026-09-04T19:28:41Z  9843d5ad
SKIP: another rebuild is already in flight.
exit 3
REBUILT 1370 files — red 12, blue 172, green 523, grey 663, unmeasured 0
  page -> /mnt/d/Luke/dev/Rimworld/Transient/codebase_health_artifact.html
exit 0

=== 2026-09-04T19:32:10Z  8b94be35

=== 2026-09-04T19:33:36Z  f5a36c79
SKIP: another rebuild is already in flight.
exit 3

=== 2026-09-04T19:34:17Z  f30ed141
SKIP: another rebuild is already in flight.
exit 3

=== 2026-09-04T19:36:23Z  d77e2a57
SKIP: another rebuild is already in flight.
exit 3

=== 2026-09-04T19:37:52Z  f8b647e7
SKIP: another rebuild is already in flight.
exit 3
REBUILT 1370 files — red 12, blue 172, green 523, grey 654, unmeasured 9
  page -> /mnt/d/Luke/dev/Rimworld/Transient/codebase_health_artifact.html
exit 0

=== 2026-09-04T19:52:38Z  4fd4800b
REBUILT 1366 files — red 12, blue 177, green 523, grey 654, unmeasured 0
  page -> /mnt/d/Luke/dev/Rimworld/Transient/codebase_health_artifact.html
exit 0

=== 2026-09-04T19:53:44Z  47a55555
SKIP: changed, but only 1 min since the last build — the owner's ceiling is one per 5 min.
exit 3

=== 2026-09-04T19:59:31Z  ec1e35c9
SKIP: changed, but only 0 min since the last build — the owner's ceiling is one per 5 min.
exit 3

=== 2026-09-04T20:01:42Z  9ed4bb58
SKIP: changed, but only 3 min since the last build — the owner's ceiling is one per 5 min.
exit 3

=== 2026-09-04T20:07:59Z  c4edccb5
SKIP: changed, but only 4 min since the last build — the owner's ceiling is one per 15 min.
exit 3

=== 2026-09-04T20:08:41Z  5acbedd5
SKIP: changed, but only 4 min since the last build — the owner's ceiling is one per 15 min.
exit 3

=== 2026-09-04T20:10:06Z  71cceeb1
SKIP: changed, but only 6 min since the last build — the owner's ceiling is one per 15 min.
exit 3
SKIP: changed, but only 11 min since the last build — the owner's ceiling is one per 15 min.
SKIP: changed, but only 11 min since the last build — the owner's ceiling is one per 15 min.
SKIP: changed, but only 11 min since the last build — the owner's ceiling is one per 15 min.
SKIP: changed, but only 11 min since the last build — the owner's ceiling is one per 15 min.
SKIP: changed, but only 11 min since the last build — the owner's ceiling is one per 15 min.
SKIP: changed, but only 11 min since the last build — the owner's ceiling is one per 15 min.
SKIP: changed, but only 11 min since the last build — the owner's ceiling is one per 15 min.
SKIP: changed, but only 11 min since the last build — the owner's ceiling is one per 15 min.
SKIP: changed, but only 11 min since the last build — the owner's ceiling is one per 15 min.
SKIP: changed, but only 11 min since the last build — the owner's ceiling is one per 15 min.
SKIP: changed, but only 11 min since the last build — the owner's ceiling is one per 15 min.
SKIP: changed, but only 11 min since the last build — the owner's ceiling is one per 15 min.
SKIP: changed, but only 11 min since the last build — the owner's ceiling is one per 15 min.

=== 2026-09-04T20:16:10Z  795ea658
SKIP: changed, but only 12 min since the last build — the owner's ceiling is one per 15 min.
exit 3

=== 2026-09-04T20:32:59Z  f8b4e2fb
SKIP: changed, but only 12 min since the last build — the owner's ceiling is one per 15 min.
exit 3

=== 2026-09-04T20:33:23Z  91bf54cf
SKIP: changed, but only 13 min since the last build — the owner's ceiling is one per 15 min.
exit 3

=== 2026-09-04T20:51:49Z  6007e0fd
SKIP: changed, but only 4 min since the last build — the owner's ceiling is one per 15 min.
exit 3

=== 2026-09-04T21:01:14Z  7e7564c1
SKIP: changed, but only 13 min since the last build — the owner's ceiling is one per 15 min.
exit 3

=== 2026-09-04T21:10:29Z  468f36b7
SKIP: changed, but only 5 min since the last build — the owner's ceiling is one per 15 min.
exit 3

=== 2026-09-04T21:13:39Z  7340d4a4
SKIP: changed, but only 8 min since the last build — the owner's ceiling is one per 15 min.
exit 3

=== 2026-09-04T21:14:32Z  211e16d0
SKIP: changed, but only 9 min since the last build — the owner's ceiling is one per 15 min.
exit 3

=== 2026-09-04T21:17:14Z  171001db
SKIP: changed, but only 12 min since the last build — the owner's ceiling is one per 15 min.
exit 3

=== 2026-09-04T21:19:18Z  51e3808b
SKIP: changed, but only 14 min since the last build — the owner's ceiling is one per 15 min.
exit 3

=== 2026-09-04T21:23:17Z  3f67cd1e
REBUILT 1364 files — red 11, blue 165, green 535, grey 653, unmeasured 0
  page -> /mnt/d/Luke/dev/Rimworld/Transient/codebase_health_artifact.html
exit 0

=== 2026-09-04T21:28:43Z  39050abc
SKIP: changed, but only 5 min since the last build — the owner's ceiling is one per 15 min.
exit 3

=== 2026-09-04T21:32:36Z  369081aa
SKIP: changed, but only 9 min since the last build — the owner's ceiling is one per 15 min.
exit 3

=== 2026-09-04T21:36:43Z  49ad92fe
SKIP: changed, but only 13 min since the last build — the owner's ceiling is one per 15 min.
exit 3

=== 2026-09-04T21:40:40Z  b616bbbe
SKIP: changed, but only 0 min since the last build — the owner's ceiling is one per 15 min.
exit 3

=== 2026-09-04T21:48:37Z  4a526219
SKIP: changed, but only 8 min since the last build — the owner's ceiling is one per 15 min.
exit 3

=== 2026-09-04T21:49:04Z  fb9e3711
SKIP: changed, but only 8 min since the last build — the owner's ceiling is one per 15 min.
exit 3

=== 2026-09-04T21:51:16Z  3468e2a0
SKIP: changed, but only 11 min since the last build — the owner's ceiling is one per 15 min.
exit 3

=== 2026-09-04T21:52:23Z  fe15fae0
SKIP: changed, but only 12 min since the last build — the owner's ceiling is one per 15 min.
exit 3

=== 2026-09-04T22:05:44Z  2385af29
SKIP: changed, but only 2 min since the last build — the owner's ceiling is one per 15 min.
exit 3

=== 2026-09-04T22:06:10Z  8eb89e1c
SKIP: changed, but only 2 min since the last build — the owner's ceiling is one per 15 min.
exit 3

=== 2026-09-04T22:06:35Z  61b3ac2a
SKIP: changed, but only 3 min since the last build — the owner's ceiling is one per 15 min.
exit 3

=== 2026-09-04T22:07:21Z  9beb4140
SKIP: changed, but only 4 min since the last build — the owner's ceiling is one per 15 min.
exit 3

=== 2026-09-04T22:08:13Z  b030d4fa
SKIP: changed, but only 5 min since the last build — the owner's ceiling is one per 15 min.
exit 3

=== 2026-09-04T22:11:24Z  6c5329ba
SKIP: changed, but only 8 min since the last build — the owner's ceiling is one per 15 min.
exit 3

=== 2026-09-04T22:12:37Z  0e56a933
SKIP: changed, but only 9 min since the last build — the owner's ceiling is one per 15 min.
exit 3

=== 2026-09-04T22:13:07Z  f914ab5a
SKIP: changed, but only 9 min since the last build — the owner's ceiling is one per 15 min.
exit 3
SKIP: changed, but only 10 min since the last build — the owner's ceiling is one per 15 min.
SKIP: changed, but only 10 min since the last build — the owner's ceiling is one per 15 min.
SKIP: changed, but only 10 min since the last build — the owner's ceiling is one per 15 min.

=== 2026-09-04T22:18:29Z  8d16272d
REBUILT 1380 files — red 11, blue 167, green 532, grey 670, unmeasured 0
  page -> /mnt/d/Luke/dev/Rimworld/Transient/codebase_health_artifact.html
exit 0

=== 2026-09-04T22:22:09Z  5d004bd9
SKIP: changed, but only 3 min since the last build — the owner's ceiling is one per 15 min.
exit 3

=== 2026-09-04T22:32:14Z  909b3043
SKIP: changed, but only 13 min since the last build — the owner's ceiling is one per 15 min.
exit 3

=== 2026-09-04T22:36:09Z  e8345594

=== 2026-09-04T22:36:51Z  433bee83
REBUILT 1380 files — red 11, blue 168, green 532, grey 669, unmeasured 0
  page -> /mnt/d/Luke/dev/Rimworld/Transient/codebase_health_artifact.html
exit 0
SKIP: changed, but only 0 min since the last build — the owner's ceiling is one per 15 min.
exit 3

=== 2026-09-04T22:39:59Z  342f5655
SKIP: changed, but only 3 min since the last build — the owner's ceiling is one per 15 min.
exit 3

=== 2026-09-04T22:44:56Z  d4af33c4
SKIP: changed, but only 8 min since the last build — the owner's ceiling is one per 15 min.
exit 3
SKIP: changed, but only 8 min since the last build — the owner's ceiling is one per 15 min.

=== 2026-09-04T22:45:11Z  6893fccc
SKIP: changed, but only 8 min since the last build — the owner's ceiling is one per 15 min.
exit 3

=== 2026-09-04T22:52:27Z  25a86efc
SKIP: changed, but only 0 min since the last build — the owner's ceiling is one per 15 min.
exit 3

=== 2026-09-04T23:11:37Z  83d54f12
SKIP: another rebuild is already in flight.
exit 3

=== 2026-09-04T23:33:09Z  f1ebc8c1
SKIP: changed, but only 0 min since the last build — the owner's ceiling is one per 15 min.
exit 3

=== 2026-09-04T23:50:38Z  c2d3ab9e
SKIP: changed, but only 0 min since the last build — the owner's ceiling is one per 15 min.
exit 3

=== 2026-09-05T03:30:02Z  16183808
REBUILT 1381 files — red 11, blue 164, green 534, grey 672, unmeasured 0
  page -> /mnt/d/Luke/dev/Rimworld/Transient/codebase_health_artifact.html
exit 0

=== 2026-09-05T03:33:10Z  83d68c56
SKIP: changed, but only 3 min since the last build — the owner's ceiling is one per 15 min.
exit 3

=== 2026-09-05T03:34:07Z  42166e1a
SKIP: changed, but only 4 min since the last build — the owner's ceiling is one per 15 min.
exit 3

=== 2026-09-05T03:34:23Z  94e43d37
SKIP: changed, but only 4 min since the last build — the owner's ceiling is one per 15 min.
exit 3

=== 2026-09-05T03:35:38Z  e21690cf
SKIP: changed, but only 5 min since the last build — the owner's ceiling is one per 15 min.
exit 3

=== 2026-09-05T03:36:06Z  99103a5e
SKIP: changed, but only 6 min since the last build — the owner's ceiling is one per 15 min.
exit 3

=== 2026-09-05T03:41:19Z  3e6a2d5a
SKIP: changed, but only 11 min since the last build — the owner's ceiling is one per 15 min.
exit 3

=== 2026-09-05T03:42:26Z  f1a99184
SKIP: changed, but only 12 min since the last build — the owner's ceiling is one per 15 min.
exit 3
SKIP: another rebuild is already in flight.
SKIP: another rebuild is already in flight.
SKIP: another rebuild is already in flight.
SKIP: another rebuild is already in flight.
REBUILT 1383 files — red 8, blue 163, green 539, grey 673, unmeasured 0
  page -> /mnt/d/Luke/dev/Rimworld/Transient/codebase_health_artifact.html

=== 2026-09-05T03:47:43Z  e81a98b8
SKIP: changed, but only 0 min since the last build — the owner's ceiling is one per 15 min.
exit 3

=== 2026-09-05T03:49:05Z  0f2bb308
SKIP: changed, but only 1 min since the last build — the owner's ceiling is one per 15 min.
exit 3

=== 2026-09-05T03:51:31Z  6136f0bf
SKIP: changed, but only 4 min since the last build — the owner's ceiling is one per 15 min.
exit 3

=== 2026-09-05T03:51:49Z  53661e66
SKIP: changed, but only 4 min since the last build — the owner's ceiling is one per 15 min.
exit 3
SKIP: changed, but only 7 min since the last build — the owner's ceiling is one per 15 min.
SKIP: changed, but only 7 min since the last build — the owner's ceiling is one per 15 min.

=== 2026-09-05T03:54:46Z  5b4d9e0f
SKIP: changed, but only 7 min since the last build — the owner's ceiling is one per 15 min.
exit 3

=== 2026-09-05T03:55:01Z  612b9263
SKIP: changed, but only 7 min since the last build — the owner's ceiling is one per 15 min.
exit 3
SKIP: changed, but only 9 min since the last build — the owner's ceiling is one per 15 min.
SKIP: changed, but only 9 min since the last build — the owner's ceiling is one per 15 min.

=== 2026-09-05T03:56:49Z  74bcf52b
SKIP: changed, but only 9 min since the last build — the owner's ceiling is one per 15 min.
exit 3

=== 2026-09-05T03:57:35Z  8e996f86
SKIP: changed, but only 10 min since the last build — the owner's ceiling is one per 15 min.
exit 3

=== 2026-09-05T04:01:29Z  8c1cece8
SKIP: changed, but only 14 min since the last build — the owner's ceiling is one per 15 min.
exit 3

=== 2026-09-05T04:04:11Z  2e3336f4
SKIP: another rebuild is already in flight.
SKIP: another rebuild is already in flight.
SKIP: another rebuild is already in flight.
SKIP: another rebuild is already in flight.
SKIP: another rebuild is already in flight.
SKIP: another rebuild is already in flight.
REBUILT 1383 files — red 9, blue 161, green 547, grey 666, unmeasured 0
  page -> /mnt/d/Luke/dev/Rimworld/Transient/codebase_health_artifact.html
exit 0

=== 2026-09-05T04:04:43Z  1e84334b
SKIP: changed, but only 0 min since the last build — the owner's ceiling is one per 15 min.
exit 3

=== 2026-09-05T04:05:22Z  d27125d2
SKIP: changed, but only 1 min since the last build — the owner's ceiling is one per 15 min.
exit 3
SKIP: another rebuild is already in flight.
SKIP: another rebuild is already in flight.
SKIP: another rebuild is already in flight.
SKIP: another rebuild is already in flight.
REBUILT 1382 files — red 9, blue 161, green 552, grey 660, unmeasured 0
  page -> /mnt/d/Luke/dev/Rimworld/Transient/codebase_health_artifact.html

=== 2026-09-05T04:31:40Z  bbe9b305
SKIP: changed, but only 0 min since the last build — the owner's ceiling is one per 15 min.
exit 3

=== 2026-09-05T04:32:14Z  1cb620ea
REBUILT 1382 files — red 9, blue 160, green 553, grey 660, unmeasured 0
  page -> /mnt/d/Luke/dev/Rimworld/Transient/codebase_health_artifact.html
SKIP: changed, but only 1 min since the last build — the owner's ceiling is one per 15 min.
exit 3

=== 2026-09-05T04:35:04Z  c0fe2bb5
SKIP: changed, but only 3 min since the last build — the owner's ceiling is one per 15 min.
exit 3

=== 2026-09-05T04:35:21Z  4848041e
SKIP: changed, but only 3 min since the last build — the owner's ceiling is one per 15 min.
exit 3

=== 2026-09-05T04:36:48Z  7fe89943
SKIP: changed, but only 5 min since the last build — the owner's ceiling is one per 15 min.
exit 3

=== 2026-09-05T04:42:44Z  254c201d
SKIP: changed, but only 11 min since the last build — the owner's ceiling is one per 15 min.
exit 3

=== 2026-09-05T04:49:19Z  33e2833d
SKIP: changed, but only 0 min since the last build — the owner's ceiling is one per 15 min.
exit 3

=== 2026-09-05T04:54:41Z  1d2cfd97
SKIP: changed, but only 6 min since the last build — the owner's ceiling is one per 15 min.
exit 3

=== 2026-09-05T05:03:36Z  72b423c8
REBUILT 1382 files — red 12, blue 160, green 556, grey 654, unmeasured 0
  page -> /mnt/d/Luke/dev/Rimworld/Transient/codebase_health_artifact.html
exit 0

=== 2026-09-05T05:04:21Z  38899ba5
SKIP: changed, but only 0 min since the last build — the owner's ceiling is one per 15 min.
exit 3

=== 2026-09-05T05:20:46Z  b5da9f9b
REBUILT 1382 files — red 12, blue 160, green 556, grey 654, unmeasured 0
  page -> /mnt/d/Luke/dev/Rimworld/Transient/codebase_health_artifact.html
exit 0

=== 2026-09-05T05:21:25Z  c605e9cd
SKIP: changed, but only 0 min since the last build — the owner's ceiling is one per 15 min.
exit 3

=== 2026-09-05T05:52:23Z  69561422
SKIP: changed, but only 5 min since the last build — the owner's ceiling is one per 15 min.
exit 3

=== 2026-09-05T06:16:44Z  94f8c6a9
REBUILT 1382 files — red 17, blue 158, green 554, grey 653, unmeasured 0
  page -> /mnt/d/Luke/dev/Rimworld/Transient/codebase_health_artifact.html
exit 0

=== 2026-09-05T06:19:17Z  ed416189
SKIP: changed, but only 2 min since the last build — the owner's ceiling is one per 15 min.
exit 3
SKIP: another rebuild is already in flight.
SKIP: another rebuild is already in flight.
SKIP: another rebuild is already in flight.
SKIP: another rebuild is already in flight.
SKIP: another rebuild is already in flight.
SKIP: another rebuild is already in flight.
SKIP: another rebuild is already in flight.
SKIP: another rebuild is already in flight.
SKIP: another rebuild is already in flight.
REBUILT 1382 files — red 18, blue 158, green 563, grey 643, unmeasured 0
  page -> /mnt/d/Luke/dev/Rimworld/Transient/codebase_health_artifact.html

=== 2026-09-05T06:55:36Z  d92f5459
SKIP: changed, but only 5 min since the last build — the owner's ceiling is one per 15 min.
exit 3
SKIP: changed, but only 5 min since the last build — the owner's ceiling is one per 15 min.
SKIP: changed, but only 9 min since the last build — the owner's ceiling is one per 15 min.
SKIP: changed, but only 9 min since the last build — the owner's ceiling is one per 15 min.
SKIP: changed, but only 9 min since the last build — the owner's ceiling is one per 15 min.
SKIP: changed, but only 9 min since the last build — the owner's ceiling is one per 15 min.
SKIP: changed, but only 9 min since the last build — the owner's ceiling is one per 15 min.
SKIP: changed, but only 9 min since the last build — the owner's ceiling is one per 15 min.
SKIP: changed, but only 9 min since the last build — the owner's ceiling is one per 15 min.
SKIP: changed, but only 9 min since the last build — the owner's ceiling is one per 15 min.
SKIP: changed, but only 9 min since the last build — the owner's ceiling is one per 15 min.
SKIP: changed, but only 9 min since the last build — the owner's ceiling is one per 15 min.
SKIP: changed, but only 9 min since the last build — the owner's ceiling is one per 15 min.

=== 2026-09-05T06:59:35Z  aee34d6e
SKIP: changed, but only 9 min since the last build — the owner's ceiling is one per 15 min.
exit 3
SKIP: changed, but only 10 min since the last build — the owner's ceiling is one per 15 min.
SKIP: changed, but only 10 min since the last build — the owner's ceiling is one per 15 min.
SKIP: changed, but only 10 min since the last build — the owner's ceiling is one per 15 min.
SKIP: changed, but only 10 min since the last build — the owner's ceiling is one per 15 min.
SKIP: changed, but only 10 min since the last build — the owner's ceiling is one per 15 min.
SKIP: changed, but only 10 min since the last build — the owner's ceiling is one per 15 min.
SKIP: changed, but only 10 min since the last build — the owner's ceiling is one per 15 min.
SKIP: changed, but only 10 min since the last build — the owner's ceiling is one per 15 min.
SKIP: changed, but only 10 min since the last build — the owner's ceiling is one per 15 min.
SKIP: changed, but only 10 min since the last build — the owner's ceiling is one per 15 min.
REBUILT 1382 files — red 17, blue 159, green 588, grey 618, unmeasured 0
  page -> /mnt/d/Luke/dev/Rimworld/Transient/codebase_health_artifact.html

=== 2026-09-05T07:06:27Z  010cad4e
SKIP: changed, but only 1 min since the last build — the owner's ceiling is one per 15 min.
exit 3

=== 2026-09-05T07:09:53Z  dc88ace7
SKIP: changed, but only 4 min since the last build — the owner's ceiling is one per 15 min.
exit 3

=== 2026-09-05T07:09:59Z  7efd6114
SKIP: changed, but only 4 min since the last build — the owner's ceiling is one per 15 min.
exit 3

=== 2026-09-05T07:10:59Z  948cdbc9
SKIP: changed, but only 5 min since the last build — the owner's ceiling is one per 15 min.
exit 3
SKIP: changed, but only 13 min since the last build — the owner's ceiling is one per 15 min.
SKIP: changed, but only 13 min since the last build — the owner's ceiling is one per 15 min.
SKIP: changed, but only 13 min since the last build — the owner's ceiling is one per 15 min.
SKIP: changed, but only 13 min since the last build — the owner's ceiling is one per 15 min.
SKIP: changed, but only 13 min since the last build — the owner's ceiling is one per 15 min.
SKIP: changed, but only 13 min since the last build — the owner's ceiling is one per 15 min.
SKIP: changed, but only 13 min since the last build — the owner's ceiling is one per 15 min.
SKIP: changed, but only 14 min since the last build — the owner's ceiling is one per 15 min.
SKIP: changed, but only 14 min since the last build — the owner's ceiling is one per 15 min.
SKIP: changed, but only 14 min since the last build — the owner's ceiling is one per 15 min.
SKIP: changed, but only 14 min since the last build — the owner's ceiling is one per 15 min.
SKIP: changed, but only 14 min since the last build — the owner's ceiling is one per 15 min.
SKIP: changed, but only 14 min since the last build — the owner's ceiling is one per 15 min.
SKIP: changed, but only 14 min since the last build — the owner's ceiling is one per 15 min.

=== 2026-09-05T07:24:26Z  6cb41e45
SKIP: another rebuild is already in flight.
SKIP: another rebuild is already in flight.
SKIP: another rebuild is already in flight.
SKIP: another rebuild is already in flight.
SKIP: another rebuild is already in flight.
REBUILT 1382 files — red 24, blue 157, green 602, grey 599, unmeasured 0
  page -> /mnt/d/Luke/dev/Rimworld/Transient/codebase_health_artifact.html
exit 0

=== 2026-09-05T07:43:28Z  889cb19b
REBUILT 1382 files — red 24, blue 155, green 603, grey 600, unmeasured 0
  page -> /mnt/d/Luke/dev/Rimworld/Transient/codebase_health_artifact.html
exit 0

=== 2026-09-05T07:45:25Z  8d065e0b
SKIP: changed, but only 1 min since the last build — the owner's ceiling is one per 15 min.
exit 3

=== 2026-09-05T07:51:41Z  f3293888
SKIP: changed, but only 8 min since the last build — the owner's ceiling is one per 15 min.
exit 3

=== 2026-09-05T07:52:06Z  1efdbd83
SKIP: changed, but only 8 min since the last build — the owner's ceiling is one per 15 min.
exit 3

=== 2026-09-05T07:53:23Z  adb336f6
SKIP: changed, but only 9 min since the last build — the owner's ceiling is one per 15 min.
exit 3

=== 2026-09-05T07:54:50Z  f2633241
SKIP: changed, but only 11 min since the last build — the owner's ceiling is one per 15 min.
exit 3

=== 2026-09-05T07:56:46Z  0fe4c26e
SKIP: changed, but only 13 min since the last build — the owner's ceiling is one per 15 min.
exit 3

=== 2026-09-05T08:02:29Z  16a8f160
SKIP: changed, but only 3 min since the last build — the owner's ceiling is one per 15 min.
exit 3

=== 2026-09-05T08:16:14Z  a00fafd0
REBUILT 1383 files — red 28, blue 154, green 598, grey 603, unmeasured 0
  page -> /mnt/d/Luke/dev/Rimworld/Transient/codebase_health_artifact.html
exit 0

=== 2026-09-05T08:25:18Z  9f6ba81b
SKIP: changed, but only 9 min since the last build — the owner's ceiling is one per 15 min.
exit 3

=== 2026-09-05T08:31:13Z  2f04d3cd
SKIP: changed, but only 14 min since the last build — the owner's ceiling is one per 15 min.
exit 3

=== 2026-09-05T08:41:29Z  f0fa7ed1
REBUILT 1400 files — red 28, blue 155, green 598, grey 619, unmeasured 0
  page -> /mnt/d/Luke/dev/Rimworld/Transient/codebase_health_artifact.html
exit 0

=== 2026-09-05T08:49:09Z  b18edcac
SKIP: changed, but only 5 min since the last build — the owner's ceiling is one per 15 min.
exit 3

=== 2026-09-05T08:49:48Z  239af5dc
SKIP: changed, but only 6 min since the last build — the owner's ceiling is one per 15 min.
exit 3

=== 2026-09-05T08:49:56Z  caf92a95
SKIP: changed, but only 6 min since the last build — the owner's ceiling is one per 15 min.
exit 3

=== 2026-09-05T08:54:53Z  dd8bab96
SKIP: changed, but only 11 min since the last build — the owner's ceiling is one per 15 min.
exit 3

=== 2026-09-05T08:56:08Z  14cf4186
SKIP: changed, but only 12 min since the last build — the owner's ceiling is one per 15 min.
exit 3

=== 2026-09-05T09:01:10Z  fe5dfe7d
REBUILT 1399 files — red 22, blue 160, green 598, grey 619, unmeasured 0
  page -> /mnt/d/Luke/dev/Rimworld/Transient/codebase_health_artifact.html
exit 0

=== 2026-09-05T09:18:45Z  ca345136
REBUILT 1399 files — red 20, blue 160, green 598, grey 621, unmeasured 0
  page -> /mnt/d/Luke/dev/Rimworld/Transient/codebase_health_artifact.html
exit 0

=== 2026-09-05T09:26:14Z  34cc5907
SKIP: changed, but only 7 min since the last build — the owner's ceiling is one per 15 min.
exit 3

=== 2026-09-05T09:33:50Z  98863702
REBUILT 1401 files — red 20, blue 160, green 596, grey 625, unmeasured 0
  page -> /mnt/d/Luke/dev/Rimworld/Transient/codebase_health_artifact.html
exit 0
SKIP: changed, but only 14 min since the last build — the owner's ceiling is one per 15 min.
SKIP: changed, but only 14 min since the last build — the owner's ceiling is one per 15 min.
SKIP: changed, but only 14 min since the last build — the owner's ceiling is one per 15 min.
SKIP: changed, but only 14 min since the last build — the owner's ceiling is one per 15 min.
SKIP: changed, but only 14 min since the last build — the owner's ceiling is one per 15 min.
SKIP: changed, but only 14 min since the last build — the owner's ceiling is one per 15 min.
SKIP: changed, but only 14 min since the last build — the owner's ceiling is one per 15 min.
SKIP: changed, but only 14 min since the last build — the owner's ceiling is one per 15 min.
SKIP: changed, but only 14 min since the last build — the owner's ceiling is one per 15 min.
SKIP: changed, but only 14 min since the last build — the owner's ceiling is one per 15 min.
SKIP: changed, but only 14 min since the last build — the owner's ceiling is one per 15 min.
SKIP: changed, but only 14 min since the last build — the owner's ceiling is one per 15 min.
SKIP: changed, but only 14 min since the last build — the owner's ceiling is one per 15 min.
SKIP: changed, but only 14 min since the last build — the owner's ceiling is one per 15 min.
SKIP: changed, but only 14 min since the last build — the owner's ceiling is one per 15 min.

=== 2026-09-05T10:05:53Z  4d72cce3
REBUILT 1405 files — red 17, blue 167, green 610, grey 611, unmeasured 0
  page -> /mnt/d/Luke/dev/Rimworld/Transient/codebase_health_artifact.html
exit 0

=== 2026-09-05T10:06:51Z  51b24772
SKIP: changed, but only 0 min since the last build — the owner's ceiling is one per 15 min.
exit 3

=== 2026-09-05T10:07:14Z  57fbeb39
SKIP: changed, but only 1 min since the last build — the owner's ceiling is one per 15 min.
exit 3

=== 2026-09-05T10:07:31Z  555430a2
SKIP: changed, but only 1 min since the last build — the owner's ceiling is one per 15 min.
exit 3

=== 2026-09-05T10:07:47Z  ab3a825e
SKIP: changed, but only 1 min since the last build — the owner's ceiling is one per 15 min.
exit 3

=== 2026-09-05T10:11:42Z  978a5b2c
SKIP: changed, but only 5 min since the last build — the owner's ceiling is one per 15 min.
exit 3

=== 2026-09-05T10:11:58Z  3c8d5d73
SKIP: changed, but only 6 min since the last build — the owner's ceiling is one per 15 min.
exit 3
SKIP: changed, but only 12 min since the last build — the owner's ceiling is one per 15 min.
SKIP: changed, but only 12 min since the last build — the owner's ceiling is one per 15 min.
SKIP: changed, but only 12 min since the last build — the owner's ceiling is one per 15 min.
SKIP: changed, but only 12 min since the last build — the owner's ceiling is one per 15 min.
SKIP: changed, but only 12 min since the last build — the owner's ceiling is one per 15 min.
SKIP: changed, but only 12 min since the last build — the owner's ceiling is one per 15 min.
SKIP: changed, but only 12 min since the last build — the owner's ceiling is one per 15 min.
SKIP: changed, but only 12 min since the last build — the owner's ceiling is one per 15 min.
SKIP: changed, but only 12 min since the last build — the owner's ceiling is one per 15 min.
SKIP: changed, but only 12 min since the last build — the owner's ceiling is one per 15 min.
SKIP: changed, but only 12 min since the last build — the owner's ceiling is one per 15 min.
SKIP: changed, but only 12 min since the last build — the owner's ceiling is one per 15 min.
SKIP: changed, but only 12 min since the last build — the owner's ceiling is one per 15 min.
SKIP: changed, but only 12 min since the last build — the owner's ceiling is one per 15 min.

=== 2026-09-05T10:20:23Z  92593652
SKIP: changed, but only 14 min since the last build — the owner's ceiling is one per 15 min.
exit 3

=== 2026-09-05T10:21:14Z  293db671
REBUILT 1405 files — red 19, blue 161, green 621, grey 604, unmeasured 0
  page -> /mnt/d/Luke/dev/Rimworld/Transient/codebase_health_artifact.html
exit 0

=== 2026-09-05T11:03:07Z  ade756fc
REBUILT 1411 files — red 19, blue 161, green 620, grey 611, unmeasured 0
  page -> /mnt/d/Luke/dev/Rimworld/Transient/codebase_health_artifact.html
exit 0

=== 2026-09-05T11:11:15Z  bba9dde9
SKIP: changed, but only 8 min since the last build — the owner's ceiling is one per 15 min.
exit 3

=== 2026-09-05T11:11:59Z  854d97dc
SKIP: changed, but only 8 min since the last build — the owner's ceiling is one per 15 min.
exit 3

=== 2026-09-05T11:30:14Z  30e4e27f
REBUILT 1417 files — red 20, blue 166, green 619, grey 612, unmeasured 0
  page -> /mnt/d/Luke/dev/Rimworld/Transient/codebase_health_artifact.html
exit 0

=== 2026-09-05T11:30:33Z  529bce62
SKIP: changed, but only 0 min since the last build — the owner's ceiling is one per 15 min.
exit 3

=== 2026-09-05T11:40:53Z  e94b70a9
SKIP: changed, but only 10 min since the last build — the owner's ceiling is one per 15 min.
exit 3

=== 2026-09-05T11:48:38Z  09cd3916
REBUILT 1417 files — red 19, blue 164, green 618, grey 616, unmeasured 0
  page -> /mnt/d/Luke/dev/Rimworld/Transient/codebase_health_artifact.html
exit 0

=== 2026-09-05T12:21:54Z  4102beeb
SKIP: changed, but only 0 min since the last build — the owner's ceiling is one per 15 min.
exit 3

=== 2026-09-05T12:23:15Z  dfa5bdd3
SKIP: changed, but only 1 min since the last build — the owner's ceiling is one per 15 min.
exit 3
SKIP: another rebuild is already in flight.
SKIP: another rebuild is already in flight.
SKIP: another rebuild is already in flight.
SKIP: another rebuild is already in flight.
SKIP: another rebuild is already in flight.
SKIP: another rebuild is already in flight.
SKIP: another rebuild is already in flight.
REBUILT 1423 files — red 17, blue 175, green 626, grey 605, unmeasured 0
  page -> /mnt/d/Luke/dev/Rimworld/Transient/codebase_health_artifact.html

=== 2026-09-05T12:41:22Z  1db48f7d
SKIP: changed, but only 3 min since the last build — the owner's ceiling is one per 15 min.
exit 3

=== 2026-09-05T12:45:42Z  ceb732ad
SKIP: changed, but only 8 min since the last build — the owner's ceiling is one per 15 min.
exit 3

=== 2026-09-05T12:52:24Z  dcf6cc54
SKIP: changed, but only 14 min since the last build — the owner's ceiling is one per 15 min.
exit 3

=== 2026-09-05T12:55:56Z  7a39f271
SKIP: changed, but only 1 min since the last build — the owner's ceiling is one per 15 min.
exit 3

=== 2026-09-05T12:56:28Z  4625b122
SKIP: changed, but only 1 min since the last build — the owner's ceiling is one per 15 min.
exit 3

=== 2026-09-05T12:58:14Z  e95b0610
SKIP: changed, but only 3 min since the last build — the owner's ceiling is one per 15 min.
exit 3

=== 2026-09-05T13:04:25Z  0e986f2a
SKIP: changed, but only 9 min since the last build — the owner's ceiling is one per 15 min.
exit 3
SKIP: changed, but only 10 min since the last build — the owner's ceiling is one per 15 min.
SKIP: changed, but only 10 min since the last build — the owner's ceiling is one per 15 min.
SKIP: changed, but only 10 min since the last build — the owner's ceiling is one per 15 min.
SKIP: changed, but only 10 min since the last build — the owner's ceiling is one per 15 min.
SKIP: changed, but only 10 min since the last build — the owner's ceiling is one per 15 min.
SKIP: changed, but only 10 min since the last build — the owner's ceiling is one per 15 min.
SKIP: changed, but only 10 min since the last build — the owner's ceiling is one per 15 min.
SKIP: changed, but only 10 min since the last build — the owner's ceiling is one per 15 min.
SKIP: changed, but only 10 min since the last build — the owner's ceiling is one per 15 min.
SKIP: changed, but only 10 min since the last build — the owner's ceiling is one per 15 min.
SKIP: changed, but only 10 min since the last build — the owner's ceiling is one per 15 min.
SKIP: changed, but only 10 min since the last build — the owner's ceiling is one per 15 min.

=== 2026-09-05T13:05:33Z  56fc6ecf
SKIP: changed, but only 10 min since the last build — the owner's ceiling is one per 15 min.
exit 3
SKIP: changed, but only 11 min since the last build — the owner's ceiling is one per 15 min.
SKIP: changed, but only 11 min since the last build — the owner's ceiling is one per 15 min.
SKIP: changed, but only 11 min since the last build — the owner's ceiling is one per 15 min.
SKIP: changed, but only 11 min since the last build — the owner's ceiling is one per 15 min.
SKIP: changed, but only 11 min since the last build — the owner's ceiling is one per 15 min.
SKIP: changed, but only 11 min since the last build — the owner's ceiling is one per 15 min.
SKIP: changed, but only 11 min since the last build — the owner's ceiling is one per 15 min.
SKIP: changed, but only 11 min since the last build — the owner's ceiling is one per 15 min.
SKIP: changed, but only 11 min since the last build — the owner's ceiling is one per 15 min.
SKIP: changed, but only 11 min since the last build — the owner's ceiling is one per 15 min.
SKIP: changed, but only 11 min since the last build — the owner's ceiling is one per 15 min.

=== 2026-09-05T13:06:56Z  e01583ae
SKIP: changed, but only 12 min since the last build — the owner's ceiling is one per 15 min.
exit 3
SKIP: another rebuild is already in flight.
SKIP: another rebuild is already in flight.
SKIP: another rebuild is already in flight.
SKIP: another rebuild is already in flight.
SKIP: another rebuild is already in flight.
SKIP: another rebuild is already in flight.
SKIP: another rebuild is already in flight.
REBUILT 1423 files — red 23, blue 168, green 655, grey 577, unmeasured 0
  page -> /mnt/d/Luke/dev/Rimworld/Transient/codebase_health_artifact.html

=== 2026-09-05T13:11:44Z  8ef8a0ce
SKIP: changed, but only 0 min since the last build — the owner's ceiling is one per 15 min.
exit 3

=== 2026-09-05T13:16:48Z  78944107
SKIP: changed, but only 5 min since the last build — the owner's ceiling is one per 15 min.
exit 3
SKIP: changed, but only 6 min since the last build — the owner's ceiling is one per 15 min.
SKIP: changed, but only 6 min since the last build — the owner's ceiling is one per 15 min.
SKIP: changed, but only 6 min since the last build — the owner's ceiling is one per 15 min.
SKIP: changed, but only 6 min since the last build — the owner's ceiling is one per 15 min.
SKIP: changed, but only 6 min since the last build — the owner's ceiling is one per 15 min.
SKIP: changed, but only 6 min since the last build — the owner's ceiling is one per 15 min.
SKIP: changed, but only 6 min since the last build — the owner's ceiling is one per 15 min.
SKIP: changed, but only 6 min since the last build — the owner's ceiling is one per 15 min.
SKIP: changed, but only 6 min since the last build — the owner's ceiling is one per 15 min.
SKIP: changed, but only 6 min since the last build — the owner's ceiling is one per 15 min.
SKIP: changed, but only 6 min since the last build — the owner's ceiling is one per 15 min.
SKIP: changed, but only 6 min since the last build — the owner's ceiling is one per 15 min.
SKIP: changed, but only 6 min since the last build — the owner's ceiling is one per 15 min.
SKIP: changed, but only 6 min since the last build — the owner's ceiling is one per 15 min.
SKIP: changed, but only 6 min since the last build — the owner's ceiling is one per 15 min.
SKIP: changed, but only 6 min since the last build — the owner's ceiling is one per 15 min.
SKIP: changed, but only 6 min since the last build — the owner's ceiling is one per 15 min.
SKIP: changed, but only 6 min since the last build — the owner's ceiling is one per 15 min.
SKIP: changed, but only 6 min since the last build — the owner's ceiling is one per 15 min.
SKIP: changed, but only 6 min since the last build — the owner's ceiling is one per 15 min.
SKIP: changed, but only 6 min since the last build — the owner's ceiling is one per 15 min.
SKIP: changed, but only 6 min since the last build — the owner's ceiling is one per 15 min.
SKIP: changed, but only 6 min since the last build — the owner's ceiling is one per 15 min.
SKIP: changed, but only 6 min since the last build — the owner's ceiling is one per 15 min.
SKIP: changed, but only 6 min since the last build — the owner's ceiling is one per 15 min.
SKIP: changed, but only 6 min since the last build — the owner's ceiling is one per 15 min.
SKIP: changed, but only 6 min since the last build — the owner's ceiling is one per 15 min.
SKIP: changed, but only 6 min since the last build — the owner's ceiling is one per 15 min.
SKIP: changed, but only 6 min since the last build — the owner's ceiling is one per 15 min.
SKIP: changed, but only 6 min since the last build — the owner's ceiling is one per 15 min.
SKIP: changed, but only 6 min since the last build — the owner's ceiling is one per 15 min.
SKIP: changed, but only 6 min since the last build — the owner's ceiling is one per 15 min.
SKIP: changed, but only 6 min since the last build — the owner's ceiling is one per 15 min.
SKIP: changed, but only 6 min since the last build — the owner's ceiling is one per 15 min.
SKIP: changed, but only 6 min since the last build — the owner's ceiling is one per 15 min.
SKIP: changed, but only 6 min since the last build — the owner's ceiling is one per 15 min.
SKIP: changed, but only 6 min since the last build — the owner's ceiling is one per 15 min.
SKIP: changed, but only 6 min since the last build — the owner's ceiling is one per 15 min.
SKIP: changed, but only 6 min since the last build — the owner's ceiling is one per 15 min.
SKIP: changed, but only 6 min since the last build — the owner's ceiling is one per 15 min.
SKIP: changed, but only 6 min since the last build — the owner's ceiling is one per 15 min.

=== 2026-09-05T13:18:09Z  842a8227
SKIP: changed, but only 7 min since the last build — the owner's ceiling is one per 15 min.
exit 3

=== 2026-09-05T13:18:31Z  c9acb340
SKIP: changed, but only 7 min since the last build — the owner's ceiling is one per 15 min.
exit 3
SKIP: changed, but only 7 min since the last build — the owner's ceiling is one per 15 min.
SKIP: changed, but only 7 min since the last build — the owner's ceiling is one per 15 min.
SKIP: changed, but only 7 min since the last build — the owner's ceiling is one per 15 min.
SKIP: changed, but only 7 min since the last build — the owner's ceiling is one per 15 min.
SKIP: changed, but only 7 min since the last build — the owner's ceiling is one per 15 min.
SKIP: changed, but only 7 min since the last build — the owner's ceiling is one per 15 min.
SKIP: changed, but only 8 min since the last build — the owner's ceiling is one per 15 min.

=== 2026-09-05T13:21:51Z  85352886
SKIP: changed, but only 10 min since the last build — the owner's ceiling is one per 15 min.
exit 3
SKIP: changed, but only 12 min since the last build — the owner's ceiling is one per 15 min.
SKIP: changed, but only 12 min since the last build — the owner's ceiling is one per 15 min.
SKIP: another rebuild is already in flight.
SKIP: another rebuild is already in flight.
SKIP: another rebuild is already in flight.

=== 2026-09-05T13:26:46Z  deb54d02
SKIP: another rebuild is already in flight.
exit 3
REBUILT 1423 files — red 23, blue 166, green 679, grey 555, unmeasured 0
  page -> /mnt/d/Luke/dev/Rimworld/Transient/codebase_health_artifact.html

=== 2026-09-05T13:30:15Z  7049570c
SKIP: changed, but only 3 min since the last build — the owner's ceiling is one per 15 min.
exit 3

=== 2026-09-05T13:30:41Z  8c69faa6
SKIP: changed, but only 4 min since the last build — the owner's ceiling is one per 15 min.
exit 3
SKIP: changed, but only 7 min since the last build — the owner's ceiling is one per 15 min.
SKIP: changed, but only 7 min since the last build — the owner's ceiling is one per 15 min.
SKIP: changed, but only 7 min since the last build — the owner's ceiling is one per 15 min.
SKIP: changed, but only 7 min since the last build — the owner's ceiling is one per 15 min.

=== 2026-09-05T13:35:00Z  e19208c0
SKIP: changed, but only 8 min since the last build — the owner's ceiling is one per 15 min.
exit 3
SKIP: changed, but only 10 min since the last build — the owner's ceiling is one per 15 min.
SKIP: changed, but only 10 min since the last build — the owner's ceiling is one per 15 min.
SKIP: changed, but only 10 min since the last build — the owner's ceiling is one per 15 min.
SKIP: changed, but only 10 min since the last build — the owner's ceiling is one per 15 min.
SKIP: changed, but only 10 min since the last build — the owner's ceiling is one per 15 min.
SKIP: changed, but only 10 min since the last build — the owner's ceiling is one per 15 min.
SKIP: changed, but only 10 min since the last build — the owner's ceiling is one per 15 min.
SKIP: changed, but only 10 min since the last build — the owner's ceiling is one per 15 min.

=== 2026-09-05T13:37:19Z  4201a45a
SKIP: changed, but only 11 min since the last build — the owner's ceiling is one per 15 min.
exit 3
SKIP: changed, but only 13 min since the last build — the owner's ceiling is one per 15 min.
SKIP: changed, but only 13 min since the last build — the owner's ceiling is one per 15 min.
SKIP: changed, but only 14 min since the last build — the owner's ceiling is one per 15 min.
SKIP: changed, but only 14 min since the last build — the owner's ceiling is one per 15 min.
SKIP: changed, but only 14 min since the last build — the owner's ceiling is one per 15 min.

=== 2026-09-05T13:40:55Z  1478cedd
SKIP: changed, but only 14 min since the last build — the owner's ceiling is one per 15 min.
exit 3
SKIP: changed, but only 14 min since the last build — the owner's ceiling is one per 15 min.
SKIP: changed, but only 14 min since the last build — the owner's ceiling is one per 15 min.
SKIP: changed, but only 14 min since the last build — the owner's ceiling is one per 15 min.
SKIP: changed, but only 14 min since the last build — the owner's ceiling is one per 15 min.
SKIP: changed, but only 14 min since the last build — the owner's ceiling is one per 15 min.
SKIP: changed, but only 14 min since the last build — the owner's ceiling is one per 15 min.
SKIP: changed, but only 14 min since the last build — the owner's ceiling is one per 15 min.
SKIP: changed, but only 14 min since the last build — the owner's ceiling is one per 15 min.
SKIP: changed, but only 14 min since the last build — the owner's ceiling is one per 15 min.
SKIP: changed, but only 14 min since the last build — the owner's ceiling is one per 15 min.
SKIP: changed, but only 14 min since the last build — the owner's ceiling is one per 15 min.
SKIP: changed, but only 14 min since the last build — the owner's ceiling is one per 15 min.

=== 2026-09-05T13:41:34Z  0dfb4daa
REBUILT 1423 files — red 23, blue 166, green 708, grey 526, unmeasured 0
  page -> /mnt/d/Luke/dev/Rimworld/Transient/codebase_health_artifact.html
exit 0

=== 2026-09-05T13:42:57Z  e69e40f3
SKIP: changed, but only 1 min since the last build — the owner's ceiling is one per 15 min.
exit 3

=== 2026-09-05T13:44:31Z  a492396b
SKIP: changed, but only 2 min since the last build — the owner's ceiling is one per 15 min.
exit 3

=== 2026-09-05T13:44:44Z  ff35f27f
SKIP: changed, but only 3 min since the last build — the owner's ceiling is one per 15 min.
exit 3

=== 2026-09-05T13:45:08Z  905bc6f4
SKIP: changed, but only 3 min since the last build — the owner's ceiling is one per 15 min.
exit 3

=== 2026-09-05T13:46:01Z  e4070c91
SKIP: changed, but only 4 min since the last build — the owner's ceiling is one per 15 min.
exit 3

=== 2026-09-05T13:46:22Z  e27aac5d
SKIP: changed, but only 4 min since the last build — the owner's ceiling is one per 15 min.
exit 3
SKIP: changed, but only 6 min since the last build — the owner's ceiling is one per 15 min.
SKIP: changed, but only 6 min since the last build — the owner's ceiling is one per 15 min.
SKIP: changed, but only 6 min since the last build — the owner's ceiling is one per 15 min.
SKIP: changed, but only 6 min since the last build — the owner's ceiling is one per 15 min.
SKIP: changed, but only 6 min since the last build — the owner's ceiling is one per 15 min.
SKIP: changed, but only 6 min since the last build — the owner's ceiling is one per 15 min.
SKIP: changed, but only 6 min since the last build — the owner's ceiling is one per 15 min.
SKIP: changed, but only 6 min since the last build — the owner's ceiling is one per 15 min.

=== 2026-09-05T13:49:27Z  2b76a3f8
SKIP: changed, but only 7 min since the last build — the owner's ceiling is one per 15 min.
exit 3

=== 2026-09-05T13:51:17Z  3e9a9f20
SKIP: changed, but only 9 min since the last build — the owner's ceiling is one per 15 min.
exit 3
SKIP: changed, but only 11 min since the last build — the owner's ceiling is one per 15 min.
SKIP: changed, but only 11 min since the last build — the owner's ceiling is one per 15 min.
SKIP: changed, but only 11 min since the last build — the owner's ceiling is one per 15 min.
SKIP: changed, but only 11 min since the last build — the owner's ceiling is one per 15 min.
SKIP: changed, but only 11 min since the last build — the owner's ceiling is one per 15 min.
SKIP: changed, but only 11 min since the last build — the owner's ceiling is one per 15 min.

=== 2026-09-05T13:53:22Z  c39be2da
SKIP: changed, but only 11 min since the last build — the owner's ceiling is one per 15 min.
exit 3

=== 2026-09-05T13:53:47Z  921b71df
SKIP: changed, but only 12 min since the last build — the owner's ceiling is one per 15 min.
exit 3

=== 2026-09-05T14:02:30Z  c2cbcb09
SKIP: changed, but only 2 min since the last build — the owner's ceiling is one per 15 min.
exit 3

=== 2026-09-05T14:04:25Z  6e222c8c
SKIP: changed, but only 3 min since the last build — the owner's ceiling is one per 15 min.
exit 3

=== 2026-09-05T14:04:47Z  703b03d7
SKIP: changed, but only 4 min since the last build — the owner's ceiling is one per 15 min.
exit 3

=== 2026-09-05T14:06:51Z  30f4d18a
SKIP: changed, but only 6 min since the last build — the owner's ceiling is one per 15 min.
exit 3
SKIP: changed, but only 8 min since the last build — the owner's ceiling is one per 15 min.
SKIP: changed, but only 8 min since the last build — the owner's ceiling is one per 15 min.
SKIP: changed, but only 8 min since the last build — the owner's ceiling is one per 15 min.
SKIP: changed, but only 9 min since the last build — the owner's ceiling is one per 15 min.
SKIP: changed, but only 9 min since the last build — the owner's ceiling is one per 15 min.

=== 2026-09-05T14:11:08Z  e7fa0af5
SKIP: changed, but only 10 min since the last build — the owner's ceiling is one per 15 min.
exit 3
SKIP: changed, but only 12 min since the last build — the owner's ceiling is one per 15 min.
SKIP: changed, but only 12 min since the last build — the owner's ceiling is one per 15 min.
SKIP: changed, but only 12 min since the last build — the owner's ceiling is one per 15 min.
SKIP: changed, but only 12 min since the last build — the owner's ceiling is one per 15 min.
SKIP: changed, but only 12 min since the last build — the owner's ceiling is one per 15 min.
SKIP: changed, but only 12 min since the last build — the owner's ceiling is one per 15 min.
SKIP: changed, but only 12 min since the last build — the owner's ceiling is one per 15 min.

=== 2026-09-05T14:12:43Z  1904ee38
SKIP: changed, but only 12 min since the last build — the owner's ceiling is one per 15 min.
exit 3
SKIP: another rebuild is already in flight.
SKIP: another rebuild is already in flight.
SKIP: another rebuild is already in flight.
REBUILT 1423 files — red 23, blue 166, green 759, grey 475, unmeasured 0
  page -> /mnt/d/Luke/dev/Rimworld/Transient/codebase_health_artifact.html

=== 2026-09-05T14:17:15Z  b2bb07cc
SKIP: changed, but only 1 min since the last build — the owner's ceiling is one per 15 min.
exit 3

=== 2026-09-05T14:17:35Z  ef7ff505
SKIP: changed, but only 1 min since the last build — the owner's ceiling is one per 15 min.
exit 3

=== 2026-09-05T14:21:27Z  fcaa3a32
SKIP: changed, but only 5 min since the last build — the owner's ceiling is one per 15 min.
exit 3

=== 2026-09-05T14:22:10Z  7abf4a85
SKIP: changed, but only 6 min since the last build — the owner's ceiling is one per 15 min.
exit 3
SKIP: changed, but only 6 min since the last build — the owner's ceiling is one per 15 min.
SKIP: changed, but only 6 min since the last build — the owner's ceiling is one per 15 min.
SKIP: changed, but only 6 min since the last build — the owner's ceiling is one per 15 min.
SKIP: changed, but only 6 min since the last build — the owner's ceiling is one per 15 min.
SKIP: changed, but only 6 min since the last build — the owner's ceiling is one per 15 min.

=== 2026-09-05T14:24:13Z  2595de18
SKIP: changed, but only 8 min since the last build — the owner's ceiling is one per 15 min.
exit 3

=== 2026-09-05T14:24:35Z  ebdca39a
SKIP: changed, but only 8 min since the last build — the owner's ceiling is one per 15 min.
exit 3

=== 2026-09-05T14:24:51Z  86a41dfa
SKIP: changed, but only 8 min since the last build — the owner's ceiling is one per 15 min.
exit 3
SKIP: changed, but only 13 min since the last build — the owner's ceiling is one per 15 min.
SKIP: changed, but only 13 min since the last build — the owner's ceiling is one per 15 min.
SKIP: changed, but only 13 min since the last build — the owner's ceiling is one per 15 min.
SKIP: changed, but only 13 min since the last build — the owner's ceiling is one per 15 min.
SKIP: changed, but only 13 min since the last build — the owner's ceiling is one per 15 min.
SKIP: changed, but only 13 min since the last build — the owner's ceiling is one per 15 min.
SKIP: changed, but only 13 min since the last build — the owner's ceiling is one per 15 min.
SKIP: changed, but only 13 min since the last build — the owner's ceiling is one per 15 min.
SKIP: changed, but only 13 min since the last build — the owner's ceiling is one per 15 min.
SKIP: changed, but only 13 min since the last build — the owner's ceiling is one per 15 min.
SKIP: changed, but only 13 min since the last build — the owner's ceiling is one per 15 min.

=== 2026-09-05T14:29:50Z  9752fe9c
SKIP: changed, but only 13 min since the last build — the owner's ceiling is one per 15 min.
exit 3
SKIP: another rebuild is already in flight.
SKIP: another rebuild is already in flight.
REBUILT 1429 files — red 23, blue 166, green 762, grey 478, unmeasured 0
  page -> /mnt/d/Luke/dev/Rimworld/Transient/codebase_health_artifact.html

=== 2026-09-05T14:31:26Z  58ed85b3
SKIP: changed, but only 0 min since the last build — the owner's ceiling is one per 15 min.
exit 3

=== 2026-09-05T14:33:21Z  0292abdc
SKIP: changed, but only 2 min since the last build — the owner's ceiling is one per 15 min.
exit 3

=== 2026-09-05T14:33:35Z  677e365d
SKIP: changed, but only 2 min since the last build — the owner's ceiling is one per 15 min.
exit 3

=== 2026-09-05T14:35:27Z  963446c1
SKIP: changed, but only 4 min since the last build — the owner's ceiling is one per 15 min.
exit 3

=== 2026-09-05T14:38:44Z  c7533abb
SKIP: changed, but only 7 min since the last build — the owner's ceiling is one per 15 min.
exit 3

=== 2026-09-05T14:44:38Z  5a68d1a6
SKIP: changed, but only 13 min since the last build — the owner's ceiling is one per 15 min.
exit 3
SKIP: changed, but only 13 min since the last build — the owner's ceiling is one per 15 min.
SKIP: changed, but only 13 min since the last build — the owner's ceiling is one per 15 min.
SKIP: changed, but only 13 min since the last build — the owner's ceiling is one per 15 min.
SKIP: changed, but only 13 min since the last build — the owner's ceiling is one per 15 min.
SKIP: changed, but only 13 min since the last build — the owner's ceiling is one per 15 min.
SKIP: changed, but only 13 min since the last build — the owner's ceiling is one per 15 min.
SKIP: changed, but only 13 min since the last build — the owner's ceiling is one per 15 min.
SKIP: changed, but only 13 min since the last build — the owner's ceiling is one per 15 min.
SKIP: changed, but only 13 min since the last build — the owner's ceiling is one per 15 min.
SKIP: changed, but only 13 min since the last build — the owner's ceiling is one per 15 min.
SKIP: changed, but only 14 min since the last build — the owner's ceiling is one per 15 min.
SKIP: changed, but only 14 min since the last build — the owner's ceiling is one per 15 min.
SKIP: changed, but only 14 min since the last build — the owner's ceiling is one per 15 min.
SKIP: changed, but only 14 min since the last build — the owner's ceiling is one per 15 min.
SKIP: changed, but only 14 min since the last build — the owner's ceiling is one per 15 min.
SKIP: changed, but only 14 min since the last build — the owner's ceiling is one per 15 min.
SKIP: changed, but only 14 min since the last build — the owner's ceiling is one per 15 min.
SKIP: changed, but only 14 min since the last build — the owner's ceiling is one per 15 min.
SKIP: changed, but only 14 min since the last build — the owner's ceiling is one per 15 min.
SKIP: changed, but only 14 min since the last build — the owner's ceiling is one per 15 min.
SKIP: changed, but only 14 min since the last build — the owner's ceiling is one per 15 min.
SKIP: changed, but only 14 min since the last build — the owner's ceiling is one per 15 min.
SKIP: changed, but only 14 min since the last build — the owner's ceiling is one per 15 min.
SKIP: changed, but only 14 min since the last build — the owner's ceiling is one per 15 min.
SKIP: changed, but only 14 min since the last build — the owner's ceiling is one per 15 min.
SKIP: changed, but only 14 min since the last build — the owner's ceiling is one per 15 min.
SKIP: changed, but only 14 min since the last build — the owner's ceiling is one per 15 min.
SKIP: changed, but only 14 min since the last build — the owner's ceiling is one per 15 min.
SKIP: changed, but only 14 min since the last build — the owner's ceiling is one per 15 min.

=== 2026-09-05T14:45:44Z  ca76d0ea
SKIP: changed, but only 14 min since the last build — the owner's ceiling is one per 15 min.
exit 3

=== 2026-09-05T14:48:15Z  abbc07f7
SKIP: another rebuild is already in flight.
exit 3

=== 2026-09-05T14:48:35Z  413c0c73
SKIP: changed, but only 0 min since the last build — the owner's ceiling is one per 15 min.
exit 3

=== 2026-09-05T14:50:22Z  7721b524
SKIP: changed, but only 2 min since the last build — the owner's ceiling is one per 15 min.
exit 3

=== 2026-09-05T14:52:48Z  806c069d
SKIP: changed, but only 4 min since the last build — the owner's ceiling is one per 15 min.
exit 3

=== 2026-09-05T14:53:04Z  82eb3394
SKIP: changed, but only 5 min since the last build — the owner's ceiling is one per 15 min.
exit 3

=== 2026-09-05T15:04:06Z  51c947a3
REBUILT 1453 files — red 23, blue 176, green 762, grey 492, unmeasured 0
  page -> /mnt/d/Luke/dev/Rimworld/Transient/codebase_health_artifact.html
exit 0

=== 2026-09-05T15:06:30Z  30fa2e35
SKIP: changed, but only 2 min since the last build — the owner's ceiling is one per 15 min.
exit 3

=== 2026-09-05T15:07:49Z  346d2cd7
SKIP: changed, but only 3 min since the last build — the owner's ceiling is one per 15 min.
exit 3

=== 2026-09-05T15:08:24Z  2a365969
SKIP: changed, but only 4 min since the last build — the owner's ceiling is one per 15 min.
exit 3

=== 2026-09-05T15:11:20Z  2c3eee7b
SKIP: changed, but only 7 min since the last build — the owner's ceiling is one per 15 min.
exit 3

=== 2026-09-05T15:11:58Z  53df436b
SKIP: changed, but only 7 min since the last build — the owner's ceiling is one per 15 min.
exit 3

=== 2026-09-05T15:14:30Z  f12c9bdb
SKIP: changed, but only 10 min since the last build — the owner's ceiling is one per 15 min.
exit 3

=== 2026-09-05T15:16:47Z  2003769c
SKIP: changed, but only 12 min since the last build — the owner's ceiling is one per 15 min.
exit 3

=== 2026-09-05T15:17:51Z  8784699f
SKIP: changed, but only 13 min since the last build — the owner's ceiling is one per 15 min.
exit 3

=== 2026-09-05T15:18:54Z  87c6c6ee
SKIP: changed, but only 14 min since the last build — the owner's ceiling is one per 15 min.
exit 3

=== 2026-09-05T15:28:12Z  e54bea4a
SKIP: changed, but only 6 min since the last build — the owner's ceiling is one per 15 min.
exit 3

=== 2026-09-05T15:30:23Z  7a2ad74e
SKIP: changed, but only 8 min since the last build — the owner's ceiling is one per 15 min.
exit 3

=== 2026-09-05T15:37:00Z  6406e93b
REBUILT 1469 files — red 25, blue 105, green 809, grey 530, unmeasured 0
  page -> /mnt/d/Luke/dev/Rimworld/Transient/codebase_health_artifact.html
exit 0

=== 2026-09-05T15:37:51Z  1e4ae18c
SKIP: changed, but only 0 min since the last build — the owner's ceiling is one per 15 min.
exit 3

=== 2026-09-05T15:39:12Z  4e4e34fe
SKIP: changed, but only 2 min since the last build — the owner's ceiling is one per 15 min.
exit 3

=== 2026-09-05T15:39:20Z  b577a68f
SKIP: changed, but only 2 min since the last build — the owner's ceiling is one per 15 min.
exit 3

=== 2026-09-05T15:39:50Z  e0e4c064
SKIP: changed, but only 2 min since the last build — the owner's ceiling is one per 15 min.
exit 3

=== 2026-09-05T15:42:35Z  d9200771
SKIP: changed, but only 5 min since the last build — the owner's ceiling is one per 15 min.
exit 3

=== 2026-09-05T15:44:13Z  db5d8270
SKIP: changed, but only 7 min since the last build — the owner's ceiling is one per 15 min.
exit 3

=== 2026-09-05T15:44:40Z  21d72dc5
SKIP: changed, but only 7 min since the last build — the owner's ceiling is one per 15 min.
exit 3
SKIP: changed, but only 7 min since the last build — the owner's ceiling is one per 15 min.
SKIP: changed, but only 7 min since the last build — the owner's ceiling is one per 15 min.
SKIP: changed, but only 7 min since the last build — the owner's ceiling is one per 15 min.
SKIP: changed, but only 7 min since the last build — the owner's ceiling is one per 15 min.
SKIP: changed, but only 7 min since the last build — the owner's ceiling is one per 15 min.
SKIP: changed, but only 7 min since the last build — the owner's ceiling is one per 15 min.
SKIP: changed, but only 7 min since the last build — the owner's ceiling is one per 15 min.
SKIP: changed, but only 7 min since the last build — the owner's ceiling is one per 15 min.
SKIP: changed, but only 8 min since the last build — the owner's ceiling is one per 15 min.

=== 2026-09-05T15:45:11Z  fc27cbf5
SKIP: changed, but only 8 min since the last build — the owner's ceiling is one per 15 min.
exit 3

=== 2026-09-05T15:52:46Z  4c830bfd
SKIP: changed, but only 5 min since the last build — the owner's ceiling is one per 15 min.
exit 3

=== 2026-09-05T15:58:34Z  ffb4d9ab
SKIP: changed, but only 11 min since the last build — the owner's ceiling is one per 15 min.
exit 3

=== 2026-09-05T16:10:43Z  fbe5976c
REBUILT 1471 files — red 24, blue 104, green 816, grey 527, unmeasured 0
  page -> /mnt/d/Luke/dev/Rimworld/Transient/codebase_health_artifact.html
exit 0

=== 2026-09-05T16:12:36Z  d9ff62d8
SKIP: changed, but only 1 min since the last build — the owner's ceiling is one per 15 min.
exit 3
SKIP: changed, but only 13 min since the last build — the owner's ceiling is one per 15 min.
SKIP: changed, but only 13 min since the last build — the owner's ceiling is one per 15 min.
SKIP: changed, but only 13 min since the last build — the owner's ceiling is one per 15 min.

=== 2026-09-05T16:28:45Z  9ed835fb
SKIP: changed, but only 4 min since the last build — the owner's ceiling is one per 15 min.
exit 3

=== 2026-09-05T16:30:48Z  d484dc6a
SKIP: changed, but only 1 min since the last build — the owner's ceiling is one per 15 min.
exit 3

=== 2026-09-05T16:35:42Z  3511ef83
SKIP: changed, but only 5 min since the last build — the owner's ceiling is one per 15 min.
exit 3

=== 2026-09-05T16:39:01Z  4f1b3074
SKIP: changed, but only 9 min since the last build — the owner's ceiling is one per 15 min.
exit 3

=== 2026-09-05T16:39:27Z  35a69ed7
SKIP: changed, but only 9 min since the last build — the owner's ceiling is one per 15 min.
exit 3

=== 2026-09-05T16:50:40Z  a9f228d8
REBUILT 1475 files — red 25, blue 111, green 812, grey 527, unmeasured 0
  page -> /mnt/d/Luke/dev/Rimworld/Transient/codebase_health_artifact.html
exit 0

=== 2026-09-05T17:09:39Z  cbc0580d
REBUILT 1477 files — red 25, blue 112, green 812, grey 528, unmeasured 0
  page -> /mnt/d/Luke/dev/Rimworld/Transient/codebase_health_artifact.html
exit 0

=== 2026-09-05T17:11:02Z  75d66394
SKIP: changed, but only 1 min since the last build — the owner's ceiling is one per 15 min.
exit 3

=== 2026-09-05T17:23:07Z  0d434678
SKIP: changed, but only 13 min since the last build — the owner's ceiling is one per 15 min.
exit 3

=== 2026-09-05T17:44:15Z  79a288b3
SKIP: changed, but only 3 min since the last build — the owner's ceiling is one per 15 min.
exit 3

=== 2026-09-05T17:47:21Z  861e65fa
SKIP: changed, but only 6 min since the last build — the owner's ceiling is one per 15 min.
exit 3
SKIP: changed, but only 6 min since the last build — the owner's ceiling is one per 15 min.
SKIP: changed, but only 6 min since the last build — the owner's ceiling is one per 15 min.
SKIP: changed, but only 6 min since the last build — the owner's ceiling is one per 15 min.
SKIP: changed, but only 8 min since the last build — the owner's ceiling is one per 15 min.
SKIP: changed, but only 8 min since the last build — the owner's ceiling is one per 15 min.
SKIP: changed, but only 8 min since the last build — the owner's ceiling is one per 15 min.
SKIP: changed, but only 8 min since the last build — the owner's ceiling is one per 15 min.
SKIP: changed, but only 8 min since the last build — the owner's ceiling is one per 15 min.
SKIP: changed, but only 8 min since the last build — the owner's ceiling is one per 15 min.
SKIP: changed, but only 8 min since the last build — the owner's ceiling is one per 15 min.
SKIP: changed, but only 8 min since the last build — the owner's ceiling is one per 15 min.
SKIP: changed, but only 8 min since the last build — the owner's ceiling is one per 15 min.
SKIP: changed, but only 8 min since the last build — the owner's ceiling is one per 15 min.
SKIP: changed, but only 8 min since the last build — the owner's ceiling is one per 15 min.
SKIP: changed, but only 8 min since the last build — the owner's ceiling is one per 15 min.
SKIP: changed, but only 8 min since the last build — the owner's ceiling is one per 15 min.
SKIP: changed, but only 8 min since the last build — the owner's ceiling is one per 15 min.
SKIP: changed, but only 8 min since the last build — the owner's ceiling is one per 15 min.
SKIP: changed, but only 8 min since the last build — the owner's ceiling is one per 15 min.
SKIP: changed, but only 9 min since the last build — the owner's ceiling is one per 15 min.
SKIP: changed, but only 9 min since the last build — the owner's ceiling is one per 15 min.
SKIP: changed, but only 9 min since the last build — the owner's ceiling is one per 15 min.
SKIP: changed, but only 9 min since the last build — the owner's ceiling is one per 15 min.
SKIP: changed, but only 9 min since the last build — the owner's ceiling is one per 15 min.
SKIP: changed, but only 9 min since the last build — the owner's ceiling is one per 15 min.
SKIP: changed, but only 9 min since the last build — the owner's ceiling is one per 15 min.
SKIP: changed, but only 9 min since the last build — the owner's ceiling is one per 15 min.
SKIP: changed, but only 9 min since the last build — the owner's ceiling is one per 15 min.
SKIP: changed, but only 9 min since the last build — the owner's ceiling is one per 15 min.
SKIP: changed, but only 9 min since the last build — the owner's ceiling is one per 15 min.
SKIP: changed, but only 9 min since the last build — the owner's ceiling is one per 15 min.
SKIP: changed, but only 9 min since the last build — the owner's ceiling is one per 15 min.
SKIP: changed, but only 9 min since the last build — the owner's ceiling is one per 15 min.

=== 2026-09-05T17:50:34Z  d4c8e13f
SKIP: changed, but only 9 min since the last build — the owner's ceiling is one per 15 min.
exit 3
SKIP: changed, but only 9 min since the last build — the owner's ceiling is one per 15 min.

=== 2026-09-05T17:50:48Z  57c00854
SKIP: changed, but only 9 min since the last build — the owner's ceiling is one per 15 min.
exit 3
SKIP: changed, but only 9 min since the last build — the owner's ceiling is one per 15 min.

=== 2026-09-05T17:51:06Z  18e0094e
SKIP: changed, but only 9 min since the last build — the owner's ceiling is one per 15 min.
exit 3
SKIP: changed, but only 9 min since the last build — the owner's ceiling is one per 15 min.
SKIP: changed, but only 9 min since the last build — the owner's ceiling is one per 15 min.

=== 2026-09-05T17:51:28Z  3287ca65
SKIP: changed, but only 10 min since the last build — the owner's ceiling is one per 15 min.
exit 3
SKIP: changed, but only 10 min since the last build — the owner's ceiling is one per 15 min.
SKIP: changed, but only 10 min since the last build — the owner's ceiling is one per 15 min.
SKIP: changed, but only 10 min since the last build — the owner's ceiling is one per 15 min.
SKIP: changed, but only 10 min since the last build — the owner's ceiling is one per 15 min.
SKIP: changed, but only 10 min since the last build — the owner's ceiling is one per 15 min.
SKIP: changed, but only 10 min since the last build — the owner's ceiling is one per 15 min.
SKIP: changed, but only 10 min since the last build — the owner's ceiling is one per 15 min.
SKIP: changed, but only 10 min since the last build — the owner's ceiling is one per 15 min.

=== 2026-09-05T17:52:26Z  6488e357
SKIP: changed, but only 11 min since the last build — the owner's ceiling is one per 15 min.
exit 3

=== 2026-09-05T17:55:25Z  2c1fd987
SKIP: changed, but only 14 min since the last build — the owner's ceiling is one per 15 min.
exit 3

=== 2026-09-05T18:04:40Z  10b33434
SKIP: changed, but only 4 min since the last build — the owner's ceiling is one per 15 min.
exit 3

=== 2026-09-05T18:05:47Z  e2a935de
SKIP: changed, but only 5 min since the last build — the owner's ceiling is one per 15 min.
exit 3

=== 2026-09-05T18:06:15Z  564bd122
SKIP: changed, but only 6 min since the last build — the owner's ceiling is one per 15 min.
exit 3
SKIP: changed, but only 6 min since the last build — the owner's ceiling is one per 15 min.

=== 2026-09-05T18:08:18Z  e11e9073
SKIP: changed, but only 8 min since the last build — the owner's ceiling is one per 15 min.
exit 3

=== 2026-09-05T18:08:53Z  be00e2c2
SKIP: changed, but only 9 min since the last build — the owner's ceiling is one per 15 min.
exit 3

=== 2026-09-05T18:12:21Z  9e5a639b
SKIP: changed, but only 12 min since the last build — the owner's ceiling is one per 15 min.
exit 3
SKIP: changed, but only 12 min since the last build — the owner's ceiling is one per 15 min.

=== 2026-09-05T18:12:43Z  f203d6f3
SKIP: changed, but only 12 min since the last build — the owner's ceiling is one per 15 min.
exit 3
SKIP: changed, but only 13 min since the last build — the owner's ceiling is one per 15 min.
SKIP: changed, but only 13 min since the last build — the owner's ceiling is one per 15 min.
SKIP: changed, but only 13 min since the last build — the owner's ceiling is one per 15 min.
SKIP: changed, but only 13 min since the last build — the owner's ceiling is one per 15 min.
SKIP: changed, but only 13 min since the last build — the owner's ceiling is one per 15 min.
SKIP: changed, but only 13 min since the last build — the owner's ceiling is one per 15 min.

=== 2026-09-05T18:13:46Z  f6bac63c
SKIP: changed, but only 14 min since the last build — the owner's ceiling is one per 15 min.
exit 3
SKIP: changed, but only 14 min since the last build — the owner's ceiling is one per 15 min.
SKIP: changed, but only 14 min since the last build — the owner's ceiling is one per 15 min.

=== 2026-09-05T18:15:28Z  cbeff2d3
SKIP: another rebuild is already in flight.
SKIP: another rebuild is already in flight.
REBUILT 1486 files — red 21, blue 116, green 856, grey 493, unmeasured 0
  page -> /mnt/d/Luke/dev/Rimworld/Transient/codebase_health_artifact.html
exit 0

=== 2026-09-05T18:15:57Z  ccf12e3b
SKIP: changed, but only 0 min since the last build — the owner's ceiling is one per 15 min.
exit 3

=== 2026-09-05T18:19:23Z  d0cbc176
SKIP: changed, but only 3 min since the last build — the owner's ceiling is one per 15 min.
exit 3

=== 2026-09-05T18:20:00Z  02b330e6
SKIP: changed, but only 4 min since the last build — the owner's ceiling is one per 15 min.
exit 3

=== 2026-09-05T18:20:23Z  967759c8
SKIP: changed, but only 4 min since the last build — the owner's ceiling is one per 15 min.
exit 3

=== 2026-09-05T18:20:50Z  cca257a3
SKIP: changed, but only 5 min since the last build — the owner's ceiling is one per 15 min.
exit 3

=== 2026-09-05T18:24:28Z  d304bc01
SKIP: changed, but only 8 min since the last build — the owner's ceiling is one per 15 min.
exit 3

=== 2026-09-05T18:25:45Z  7a98a1a3
SKIP: changed, but only 10 min since the last build — the owner's ceiling is one per 15 min.
exit 3

=== 2026-09-05T18:30:31Z  24ce3baf
REBUILT 1486 files — red 21, blue 116, green 857, grey 492, unmeasured 0
  page -> /mnt/d/Luke/dev/Rimworld/Transient/codebase_health_artifact.html
exit 0

=== 2026-09-05T18:31:38Z  32d0e0da
SKIP: changed, but only 1 min since the last build — the owner's ceiling is one per 15 min.
exit 3

=== 2026-09-05T18:32:58Z  48e3e4e4
SKIP: changed, but only 2 min since the last build — the owner's ceiling is one per 15 min.
exit 3

=== 2026-09-05T18:33:57Z  a724d99a
SKIP: changed, but only 3 min since the last build — the owner's ceiling is one per 15 min.
exit 3

=== 2026-09-05T18:34:21Z  a6789f7e
SKIP: changed, but only 3 min since the last build — the owner's ceiling is one per 15 min.
exit 3

=== 2026-09-05T18:38:25Z  d401c253
SKIP: changed, but only 7 min since the last build — the owner's ceiling is one per 15 min.
exit 3
SKIP: changed, but only 8 min since the last build — the owner's ceiling is one per 15 min.
SKIP: changed, but only 8 min since the last build — the owner's ceiling is one per 15 min.

=== 2026-09-05T18:54:52Z  e913f599
SKIP: changed, but only 4 min since the last build — the owner's ceiling is one per 15 min.
exit 3

=== 2026-09-05T18:57:38Z  0fc9c581
SKIP: changed, but only 6 min since the last build — the owner's ceiling is one per 15 min.
exit 3

=== 2026-09-05T19:01:23Z  ee7fd7ba
SKIP: changed, but only 10 min since the last build — the owner's ceiling is one per 15 min.
exit 3

=== 2026-09-05T19:01:49Z  4f4d7067
SKIP: changed, but only 11 min since the last build — the owner's ceiling is one per 15 min.
exit 3

=== 2026-09-05T19:04:03Z  1cb8a561
SKIP: changed, but only 13 min since the last build — the owner's ceiling is one per 15 min.
exit 3

=== 2026-09-05T19:21:15Z  af910ad4
REBUILT 1488 files — red 21, blue 116, green 858, grey 493, unmeasured 0
  page -> /mnt/d/Luke/dev/Rimworld/Transient/codebase_health_artifact.html
exit 0

=== 2026-09-05T19:32:28Z  0ed7f524
SKIP: changed, but only 11 min since the last build — the owner's ceiling is one per 15 min.
exit 3

=== 2026-09-05T19:36:50Z  abd9fba2
SKIP: another rebuild is already in flight.
SKIP: another rebuild is already in flight.
REBUILT 1488 files — red 21, blue 112, green 858, grey 497, unmeasured 0
  page -> /mnt/d/Luke/dev/Rimworld/Transient/codebase_health_artifact.html
exit 0

=== 2026-09-05T19:37:29Z  6c612af0
SKIP: changed, but only 0 min since the last build — the owner's ceiling is one per 15 min.
exit 3

=== 2026-09-05T19:38:48Z  0af81609
SKIP: changed, but only 2 min since the last build — the owner's ceiling is one per 15 min.
exit 3

=== 2026-09-05T19:50:19Z  7fcc7e79
SKIP: changed, but only 13 min since the last build — the owner's ceiling is one per 15 min.
exit 3

=== 2026-09-05T20:05:34Z  5e247735
REBUILT 1488 files — red 21, blue 115, green 859, grey 493, unmeasured 0
  page -> /mnt/d/Luke/dev/Rimworld/Transient/codebase_health_artifact.html
exit 0

=== 2026-09-05T20:37:49Z  d7484cda
SKIP: changed, but only 0 min since the last build — the owner's ceiling is one per 15 min.
exit 3

=== 2026-09-05T20:38:06Z  bce16c9c
SKIP: changed, but only 0 min since the last build — the owner's ceiling is one per 15 min.
exit 3

=== 2026-09-05T20:51:00Z  7e4b0bd0
SKIP: changed, but only 13 min since the last build — the owner's ceiling is one per 15 min.
exit 3

=== 2026-09-05T20:51:18Z  e7182b8a
SKIP: changed, but only 13 min since the last build — the owner's ceiling is one per 15 min.
exit 3

=== 2026-09-05T20:53:10Z  972c64ae
REBUILT 1489 files — red 21, blue 115, green 859, grey 494, unmeasured 0
  page -> /mnt/d/Luke/dev/Rimworld/Transient/codebase_health_artifact.html
exit 0

=== 2026-09-05T21:09:06Z  6db14f3c
SKIP: changed, but only 0 min since the last build — the owner's ceiling is one per 15 min.
exit 3

=== 2026-09-05T21:10:19Z  50a098c3
SKIP: changed, but only 1 min since the last build — the owner's ceiling is one per 15 min.
exit 3

=== 2026-09-05T21:32:02Z  632b8f07
SKIP: changed, but only 3 min since the last build — the owner's ceiling is one per 15 min.
exit 3

=== 2026-09-05T21:32:36Z  ea2840e5
SKIP: changed, but only 3 min since the last build — the owner's ceiling is one per 15 min.
exit 3

=== 2026-09-05T21:32:53Z  ddb317ce
SKIP: changed, but only 4 min since the last build — the owner's ceiling is one per 15 min.
exit 3

=== 2026-09-05T22:00:41Z  04a15ddb
SKIP: changed, but only 12 min since the last build — the owner's ceiling is one per 15 min.
exit 3

=== 2026-09-05T22:01:04Z  2552df90
SKIP: changed, but only 13 min since the last build — the owner's ceiling is one per 15 min.
exit 3

=== 2026-09-05T22:04:22Z  d61d5909
SKIP: changed, but only 0 min since the last build — the owner's ceiling is one per 15 min.
exit 3

=== 2026-09-05T22:05:39Z  483bd79c
SKIP: changed, but only 2 min since the last build — the owner's ceiling is one per 15 min.
exit 3

=== 2026-09-05T22:15:28Z  3e1a978c
SKIP: changed, but only 11 min since the last build — the owner's ceiling is one per 15 min.
exit 3

=== 2026-09-05T22:23:46Z  015a05fd
SKIP: changed, but only 5 min since the last build — the owner's ceiling is one per 15 min.
exit 3

=== 2026-09-05T22:26:11Z  65ce9563
SKIP: changed, but only 7 min since the last build — the owner's ceiling is one per 15 min.
exit 3

=== 2026-09-05T22:30:10Z  d4f3dfac
SKIP: changed, but only 11 min since the last build — the owner's ceiling is one per 15 min.
exit 3

=== 2026-09-05T22:49:08Z  327781d2
REBUILT 1494 files — red 21, blue 116, green 859, grey 498, unmeasured 0
  page -> /mnt/d/Luke/dev/Rimworld/Transient/codebase_health_artifact.html
exit 0

=== 2026-09-05T22:52:21Z  bddeddb0
SKIP: changed, but only 3 min since the last build — the owner's ceiling is one per 15 min.
exit 3

=== 2026-09-05T22:53:56Z  042a50d8
SKIP: changed, but only 4 min since the last build — the owner's ceiling is one per 15 min.
exit 3

=== 2026-09-05T22:58:00Z  37ad035d
SKIP: changed, but only 8 min since the last build — the owner's ceiling is one per 15 min.
exit 3

=== 2026-09-05T22:58:20Z  56f6612b
SKIP: changed, but only 9 min since the last build — the owner's ceiling is one per 15 min.
exit 3

=== 2026-09-05T22:59:03Z  56755866
SKIP: changed, but only 9 min since the last build — the owner's ceiling is one per 15 min.
exit 3

=== 2026-09-05T23:00:19Z  dea2f921
SKIP: changed, but only 11 min since the last build — the owner's ceiling is one per 15 min.
exit 3

=== 2026-09-05T23:02:04Z  a13fa4f2
SKIP: changed, but only 12 min since the last build — the owner's ceiling is one per 15 min.
exit 3

=== 2026-09-05T23:16:27Z  0147bee0
REBUILT 1500 files — red 21, blue 120, green 858, grey 501, unmeasured 0
  page -> /mnt/d/Luke/dev/Rimworld/Transient/codebase_health_artifact.html
exit 0

=== 2026-09-05T23:20:38Z  6abab30f
SKIP: changed, but only 4 min since the last build — the owner's ceiling is one per 15 min.
exit 3

=== 2026-09-05T23:21:23Z  3740e718
SKIP: changed, but only 4 min since the last build — the owner's ceiling is one per 15 min.
exit 3

=== 2026-09-05T23:21:53Z  ce4b593c
SKIP: changed, but only 5 min since the last build — the owner's ceiling is one per 15 min.
exit 3

=== 2026-09-05T23:23:10Z  69c0bf49
SKIP: changed, but only 6 min since the last build — the owner's ceiling is one per 15 min.
exit 3

=== 2026-09-05T23:23:34Z  8ebb5423
SKIP: changed, but only 7 min since the last build — the owner's ceiling is one per 15 min.
exit 3

=== 2026-09-05T23:23:54Z  3f46e9a3
SKIP: changed, but only 7 min since the last build — the owner's ceiling is one per 15 min.
exit 3

=== 2026-09-05T23:35:15Z  985a479c
REBUILT 1506 files — red 21, blue 112, green 858, grey 515, unmeasured 0
  page -> /mnt/d/Luke/dev/Rimworld/Transient/codebase_health_artifact.html
exit 0

=== 2026-09-05T23:40:00Z  b0c87e28
SKIP: changed, but only 4 min since the last build — the owner's ceiling is one per 15 min.
exit 3

=== 2026-09-05T23:49:23Z  15fa2767
SKIP: changed, but only 14 min since the last build — the owner's ceiling is one per 15 min.
exit 3

=== 2026-09-06T00:04:44Z  38fbccb7
REBUILT 1507 files — red 21, blue 111, green 858, grey 517, unmeasured 0
  page -> /mnt/d/Luke/dev/Rimworld/Transient/codebase_health_artifact.html
exit 0

=== 2026-09-06T00:13:53Z  4b0d7ed2
SKIP: changed, but only 9 min since the last build — the owner's ceiling is one per 15 min.
exit 3

=== 2026-09-06T00:25:31Z  fdea36b4
REBUILT 1507 files — red 21, blue 111, green 858, grey 517, unmeasured 0
  page -> /mnt/d/Luke/dev/Rimworld/Transient/codebase_health_artifact.html
exit 0

=== 2026-09-06T00:26:25Z  5dd2263f
SKIP: changed, but only 0 min since the last build — the owner's ceiling is one per 15 min.
exit 3

=== 2026-09-06T00:44:55Z  8766d1e2
REBUILT 1507 files — red 21, blue 111, green 858, grey 517, unmeasured 0
  page -> /mnt/d/Luke/dev/Rimworld/Transient/codebase_health_artifact.html
exit 0

=== 2026-09-06T00:53:16Z  506daf52
SKIP: changed, but only 8 min since the last build — the owner's ceiling is one per 15 min.
exit 3

=== 2026-09-06T00:54:32Z  fbe0f7e9
SKIP: changed, but only 9 min since the last build — the owner's ceiling is one per 15 min.
exit 3

=== 2026-09-06T00:57:36Z  c50f8f68
SKIP: changed, but only 12 min since the last build — the owner's ceiling is one per 15 min.
exit 3
SKIP: changed, but only 12 min since the last build — the owner's ceiling is one per 15 min.

=== 2026-09-06T00:59:33Z  188d14d3
SKIP: changed, but only 14 min since the last build — the owner's ceiling is one per 15 min.
exit 3

=== 2026-09-06T00:59:53Z  91cc5ab0
SKIP: changed, but only 14 min since the last build — the owner's ceiling is one per 15 min.
exit 3

=== 2026-09-06T01:01:31Z  3cd22631
SKIP: changed, but only 1 min since the last build — the owner's ceiling is one per 15 min.
exit 3

=== 2026-09-06T01:03:21Z  6d60a241
SKIP: changed, but only 3 min since the last build — the owner's ceiling is one per 15 min.
exit 3

=== 2026-09-06T01:06:13Z  eccd1b14
SKIP: changed, but only 6 min since the last build — the owner's ceiling is one per 15 min.
exit 3
SKIP: changed, but only 6 min since the last build — the owner's ceiling is one per 15 min.

=== 2026-09-06T01:08:35Z  eefaf5e9
SKIP: changed, but only 8 min since the last build — the owner's ceiling is one per 15 min.
exit 3

=== 2026-09-06T01:09:47Z  fe75a6a2
SKIP: changed, but only 9 min since the last build — the owner's ceiling is one per 15 min.
exit 3

=== 2026-09-06T01:15:54Z  b0d7cdb8
REBUILT 1508 files — red 21, blue 114, green 861, grey 512, unmeasured 0
  page -> /mnt/d/Luke/dev/Rimworld/Transient/codebase_health_artifact.html
exit 0

=== 2026-09-06T01:17:57Z  32847506
SKIP: changed, but only 2 min since the last build — the owner's ceiling is one per 15 min.
exit 3

=== 2026-09-06T01:18:31Z  ef81a0b7
SKIP: changed, but only 2 min since the last build — the owner's ceiling is one per 15 min.
exit 3
SKIP: changed, but only 6 min since the last build — the owner's ceiling is one per 15 min.
SKIP: changed, but only 6 min since the last build — the owner's ceiling is one per 15 min.
SKIP: changed, but only 6 min since the last build — the owner's ceiling is one per 15 min.
SKIP: changed, but only 6 min since the last build — the owner's ceiling is one per 15 min.
SKIP: changed, but only 6 min since the last build — the owner's ceiling is one per 15 min.
SKIP: changed, but only 6 min since the last build — the owner's ceiling is one per 15 min.
SKIP: changed, but only 6 min since the last build — the owner's ceiling is one per 15 min.
SKIP: changed, but only 6 min since the last build — the owner's ceiling is one per 15 min.
SKIP: changed, but only 6 min since the last build — the owner's ceiling is one per 15 min.
SKIP: changed, but only 6 min since the last build — the owner's ceiling is one per 15 min.
SKIP: changed, but only 6 min since the last build — the owner's ceiling is one per 15 min.
SKIP: changed, but only 6 min since the last build — the owner's ceiling is one per 15 min.
SKIP: changed, but only 6 min since the last build — the owner's ceiling is one per 15 min.
SKIP: changed, but only 6 min since the last build — the owner's ceiling is one per 15 min.
SKIP: changed, but only 6 min since the last build — the owner's ceiling is one per 15 min.
SKIP: changed, but only 6 min since the last build — the owner's ceiling is one per 15 min.
SKIP: changed, but only 6 min since the last build — the owner's ceiling is one per 15 min.
SKIP: changed, but only 7 min since the last build — the owner's ceiling is one per 15 min.
SKIP: changed, but only 7 min since the last build — the owner's ceiling is one per 15 min.
SKIP: changed, but only 7 min since the last build — the owner's ceiling is one per 15 min.
SKIP: changed, but only 7 min since the last build — the owner's ceiling is one per 15 min.
SKIP: changed, but only 7 min since the last build — the owner's ceiling is one per 15 min.
SKIP: changed, but only 7 min since the last build — the owner's ceiling is one per 15 min.
SKIP: changed, but only 7 min since the last build — the owner's ceiling is one per 15 min.
SKIP: changed, but only 7 min since the last build — the owner's ceiling is one per 15 min.
SKIP: changed, but only 7 min since the last build — the owner's ceiling is one per 15 min.
SKIP: changed, but only 7 min since the last build — the owner's ceiling is one per 15 min.
SKIP: changed, but only 7 min since the last build — the owner's ceiling is one per 15 min.
SKIP: changed, but only 7 min since the last build — the owner's ceiling is one per 15 min.
SKIP: changed, but only 7 min since the last build — the owner's ceiling is one per 15 min.
SKIP: changed, but only 7 min since the last build — the owner's ceiling is one per 15 min.
SKIP: changed, but only 7 min since the last build — the owner's ceiling is one per 15 min.
SKIP: changed, but only 7 min since the last build — the owner's ceiling is one per 15 min.
SKIP: changed, but only 7 min since the last build — the owner's ceiling is one per 15 min.
SKIP: changed, but only 7 min since the last build — the owner's ceiling is one per 15 min.
SKIP: changed, but only 7 min since the last build — the owner's ceiling is one per 15 min.
SKIP: changed, but only 7 min since the last build — the owner's ceiling is one per 15 min.
SKIP: changed, but only 7 min since the last build — the owner's ceiling is one per 15 min.
SKIP: changed, but only 7 min since the last build — the owner's ceiling is one per 15 min.
SKIP: changed, but only 7 min since the last build — the owner's ceiling is one per 15 min.
SKIP: changed, but only 7 min since the last build — the owner's ceiling is one per 15 min.
SKIP: changed, but only 7 min since the last build — the owner's ceiling is one per 15 min.
SKIP: changed, but only 7 min since the last build — the owner's ceiling is one per 15 min.
SKIP: changed, but only 7 min since the last build — the owner's ceiling is one per 15 min.
SKIP: changed, but only 7 min since the last build — the owner's ceiling is one per 15 min.
SKIP: changed, but only 7 min since the last build — the owner's ceiling is one per 15 min.
SKIP: changed, but only 7 min since the last build — the owner's ceiling is one per 15 min.
SKIP: changed, but only 7 min since the last build — the owner's ceiling is one per 15 min.
SKIP: changed, but only 7 min since the last build — the owner's ceiling is one per 15 min.
SKIP: changed, but only 7 min since the last build — the owner's ceiling is one per 15 min.
SKIP: changed, but only 7 min since the last build — the owner's ceiling is one per 15 min.
SKIP: changed, but only 7 min since the last build — the owner's ceiling is one per 15 min.
SKIP: changed, but only 7 min since the last build — the owner's ceiling is one per 15 min.
SKIP: changed, but only 7 min since the last build — the owner's ceiling is one per 15 min.
SKIP: changed, but only 7 min since the last build — the owner's ceiling is one per 15 min.
SKIP: changed, but only 7 min since the last build — the owner's ceiling is one per 15 min.
SKIP: changed, but only 7 min since the last build — the owner's ceiling is one per 15 min.
SKIP: changed, but only 7 min since the last build — the owner's ceiling is one per 15 min.
SKIP: changed, but only 7 min since the last build — the owner's ceiling is one per 15 min.
SKIP: changed, but only 7 min since the last build — the owner's ceiling is one per 15 min.
SKIP: changed, but only 7 min since the last build — the owner's ceiling is one per 15 min.
SKIP: changed, but only 7 min since the last build — the owner's ceiling is one per 15 min.
SKIP: changed, but only 7 min since the last build — the owner's ceiling is one per 15 min.
SKIP: changed, but only 7 min since the last build — the owner's ceiling is one per 15 min.
SKIP: changed, but only 7 min since the last build — the owner's ceiling is one per 15 min.
SKIP: changed, but only 7 min since the last build — the owner's ceiling is one per 15 min.
SKIP: changed, but only 8 min since the last build — the owner's ceiling is one per 15 min.
SKIP: changed, but only 8 min since the last build — the owner's ceiling is one per 15 min.
SKIP: changed, but only 8 min since the last build — the owner's ceiling is one per 15 min.
SKIP: changed, but only 8 min since the last build — the owner's ceiling is one per 15 min.
SKIP: changed, but only 8 min since the last build — the owner's ceiling is one per 15 min.
SKIP: changed, but only 8 min since the last build — the owner's ceiling is one per 15 min.
SKIP: changed, but only 8 min since the last build — the owner's ceiling is one per 15 min.
SKIP: changed, but only 8 min since the last build — the owner's ceiling is one per 15 min.
SKIP: changed, but only 8 min since the last build — the owner's ceiling is one per 15 min.
SKIP: changed, but only 8 min since the last build — the owner's ceiling is one per 15 min.
SKIP: changed, but only 8 min since the last build — the owner's ceiling is one per 15 min.
SKIP: changed, but only 8 min since the last build — the owner's ceiling is one per 15 min.
SKIP: changed, but only 8 min since the last build — the owner's ceiling is one per 15 min.
SKIP: changed, but only 8 min since the last build — the owner's ceiling is one per 15 min.
SKIP: changed, but only 8 min since the last build — the owner's ceiling is one per 15 min.
SKIP: changed, but only 8 min since the last build — the owner's ceiling is one per 15 min.
SKIP: changed, but only 8 min since the last build — the owner's ceiling is one per 15 min.
SKIP: changed, but only 8 min since the last build — the owner's ceiling is one per 15 min.
SKIP: changed, but only 8 min since the last build — the owner's ceiling is one per 15 min.
SKIP: changed, but only 8 min since the last build — the owner's ceiling is one per 15 min.
SKIP: changed, but only 8 min since the last build — the owner's ceiling is one per 15 min.
SKIP: changed, but only 8 min since the last build — the owner's ceiling is one per 15 min.
SKIP: changed, but only 8 min since the last build — the owner's ceiling is one per 15 min.
SKIP: changed, but only 8 min since the last build — the owner's ceiling is one per 15 min.
SKIP: changed, but only 8 min since the last build — the owner's ceiling is one per 15 min.
SKIP: changed, but only 8 min since the last build — the owner's ceiling is one per 15 min.
SKIP: changed, but only 8 min since the last build — the owner's ceiling is one per 15 min.
SKIP: changed, but only 8 min since the last build — the owner's ceiling is one per 15 min.
SKIP: changed, but only 8 min since the last build — the owner's ceiling is one per 15 min.
SKIP: changed, but only 8 min since the last build — the owner's ceiling is one per 15 min.
SKIP: changed, but only 8 min since the last build — the owner's ceiling is one per 15 min.
SKIP: changed, but only 8 min since the last build — the owner's ceiling is one per 15 min.
SKIP: changed, but only 8 min since the last build — the owner's ceiling is one per 15 min.
SKIP: changed, but only 8 min since the last build — the owner's ceiling is one per 15 min.
SKIP: changed, but only 8 min since the last build — the owner's ceiling is one per 15 min.
SKIP: changed, but only 8 min since the last build — the owner's ceiling is one per 15 min.
SKIP: changed, but only 8 min since the last build — the owner's ceiling is one per 15 min.
SKIP: changed, but only 8 min since the last build — the owner's ceiling is one per 15 min.
SKIP: changed, but only 8 min since the last build — the owner's ceiling is one per 15 min.
SKIP: changed, but only 8 min since the last build — the owner's ceiling is one per 15 min.
SKIP: changed, but only 8 min since the last build — the owner's ceiling is one per 15 min.
SKIP: changed, but only 8 min since the last build — the owner's ceiling is one per 15 min.
SKIP: changed, but only 8 min since the last build — the owner's ceiling is one per 15 min.
SKIP: changed, but only 8 min since the last build — the owner's ceiling is one per 15 min.
SKIP: changed, but only 8 min since the last build — the owner's ceiling is one per 15 min.
SKIP: changed, but only 8 min since the last build — the owner's ceiling is one per 15 min.
SKIP: changed, but only 8 min since the last build — the owner's ceiling is one per 15 min.
SKIP: changed, but only 9 min since the last build — the owner's ceiling is one per 15 min.
SKIP: changed, but only 9 min since the last build — the owner's ceiling is one per 15 min.
SKIP: changed, but only 9 min since the last build — the owner's ceiling is one per 15 min.
SKIP: changed, but only 9 min since the last build — the owner's ceiling is one per 15 min.
SKIP: changed, but only 9 min since the last build — the owner's ceiling is one per 15 min.
SKIP: changed, but only 9 min since the last build — the owner's ceiling is one per 15 min.
SKIP: changed, but only 9 min since the last build — the owner's ceiling is one per 15 min.
SKIP: changed, but only 9 min since the last build — the owner's ceiling is one per 15 min.
SKIP: changed, but only 9 min since the last build — the owner's ceiling is one per 15 min.
SKIP: changed, but only 9 min since the last build — the owner's ceiling is one per 15 min.
SKIP: changed, but only 9 min since the last build — the owner's ceiling is one per 15 min.
SKIP: changed, but only 9 min since the last build — the owner's ceiling is one per 15 min.
SKIP: changed, but only 9 min since the last build — the owner's ceiling is one per 15 min.
SKIP: changed, but only 9 min since the last build — the owner's ceiling is one per 15 min.
SKIP: changed, but only 9 min since the last build — the owner's ceiling is one per 15 min.
SKIP: changed, but only 9 min since the last build — the owner's ceiling is one per 15 min.
SKIP: changed, but only 9 min since the last build — the owner's ceiling is one per 15 min.
SKIP: changed, but only 9 min since the last build — the owner's ceiling is one per 15 min.
SKIP: changed, but only 9 min since the last build — the owner's ceiling is one per 15 min.
SKIP: changed, but only 9 min since the last build — the owner's ceiling is one per 15 min.
SKIP: changed, but only 9 min since the last build — the owner's ceiling is one per 15 min.
SKIP: changed, but only 9 min since the last build — the owner's ceiling is one per 15 min.
SKIP: changed, but only 9 min since the last build — the owner's ceiling is one per 15 min.
SKIP: changed, but only 9 min since the last build — the owner's ceiling is one per 15 min.
SKIP: changed, but only 9 min since the last build — the owner's ceiling is one per 15 min.
SKIP: changed, but only 9 min since the last build — the owner's ceiling is one per 15 min.
SKIP: changed, but only 9 min since the last build — the owner's ceiling is one per 15 min.
SKIP: changed, but only 9 min since the last build — the owner's ceiling is one per 15 min.
SKIP: changed, but only 9 min since the last build — the owner's ceiling is one per 15 min.
SKIP: changed, but only 9 min since the last build — the owner's ceiling is one per 15 min.
SKIP: changed, but only 9 min since the last build — the owner's ceiling is one per 15 min.
SKIP: changed, but only 9 min since the last build — the owner's ceiling is one per 15 min.
SKIP: changed, but only 9 min since the last build — the owner's ceiling is one per 15 min.
SKIP: changed, but only 9 min since the last build — the owner's ceiling is one per 15 min.
SKIP: changed, but only 9 min since the last build — the owner's ceiling is one per 15 min.
SKIP: changed, but only 9 min since the last build — the owner's ceiling is one per 15 min.
SKIP: changed, but only 9 min since the last build — the owner's ceiling is one per 15 min.
SKIP: changed, but only 9 min since the last build — the owner's ceiling is one per 15 min.
SKIP: changed, but only 9 min since the last build — the owner's ceiling is one per 15 min.
SKIP: changed, but only 9 min since the last build — the owner's ceiling is one per 15 min.
SKIP: changed, but only 9 min since the last build — the owner's ceiling is one per 15 min.
SKIP: changed, but only 9 min since the last build — the owner's ceiling is one per 15 min.
SKIP: changed, but only 9 min since the last build — the owner's ceiling is one per 15 min.
SKIP: changed, but only 9 min since the last build — the owner's ceiling is one per 15 min.
SKIP: changed, but only 9 min since the last build — the owner's ceiling is one per 15 min.
SKIP: changed, but only 9 min since the last build — the owner's ceiling is one per 15 min.
SKIP: changed, but only 9 min since the last build — the owner's ceiling is one per 15 min.
SKIP: changed, but only 9 min since the last build — the owner's ceiling is one per 15 min.
SKIP: changed, but only 10 min since the last build — the owner's ceiling is one per 15 min.
SKIP: changed, but only 10 min since the last build — the owner's ceiling is one per 15 min.
SKIP: changed, but only 10 min since the last build — the owner's ceiling is one per 15 min.
SKIP: changed, but only 10 min since the last build — the owner's ceiling is one per 15 min.
SKIP: changed, but only 10 min since the last build — the owner's ceiling is one per 15 min.
SKIP: changed, but only 10 min since the last build — the owner's ceiling is one per 15 min.
SKIP: changed, but only 10 min since the last build — the owner's ceiling is one per 15 min.
SKIP: changed, but only 10 min since the last build — the owner's ceiling is one per 15 min.
SKIP: changed, but only 10 min since the last build — the owner's ceiling is one per 15 min.
SKIP: changed, but only 10 min since the last build — the owner's ceiling is one per 15 min.
SKIP: changed, but only 10 min since the last build — the owner's ceiling is one per 15 min.
SKIP: changed, but only 10 min since the last build — the owner's ceiling is one per 15 min.
SKIP: changed, but only 10 min since the last build — the owner's ceiling is one per 15 min.
SKIP: changed, but only 10 min since the last build — the owner's ceiling is one per 15 min.
SKIP: changed, but only 10 min since the last build — the owner's ceiling is one per 15 min.
SKIP: changed, but only 10 min since the last build — the owner's ceiling is one per 15 min.
SKIP: changed, but only 10 min since the last build — the owner's ceiling is one per 15 min.
SKIP: changed, but only 10 min since the last build — the owner's ceiling is one per 15 min.
SKIP: changed, but only 10 min since the last build — the owner's ceiling is one per 15 min.
SKIP: changed, but only 10 min since the last build — the owner's ceiling is one per 15 min.
SKIP: changed, but only 10 min since the last build — the owner's ceiling is one per 15 min.
SKIP: changed, but only 10 min since the last build — the owner's ceiling is one per 15 min.
SKIP: changed, but only 10 min since the last build — the owner's ceiling is one per 15 min.
SKIP: changed, but only 10 min since the last build — the owner's ceiling is one per 15 min.
SKIP: changed, but only 10 min since the last build — the owner's ceiling is one per 15 min.
SKIP: changed, but only 10 min since the last build — the owner's ceiling is one per 15 min.
SKIP: changed, but only 10 min since the last build — the owner's ceiling is one per 15 min.
SKIP: changed, but only 10 min since the last build — the owner's ceiling is one per 15 min.
SKIP: changed, but only 10 min since the last build — the owner's ceiling is one per 15 min.
SKIP: changed, but only 10 min since the last build — the owner's ceiling is one per 15 min.
SKIP: changed, but only 10 min since the last build — the owner's ceiling is one per 15 min.
SKIP: changed, but only 10 min since the last build — the owner's ceiling is one per 15 min.
SKIP: changed, but only 10 min since the last build — the owner's ceiling is one per 15 min.
SKIP: changed, but only 10 min since the last build — the owner's ceiling is one per 15 min.
SKIP: changed, but only 10 min since the last build — the owner's ceiling is one per 15 min.
SKIP: changed, but only 10 min since the last build — the owner's ceiling is one per 15 min.
SKIP: changed, but only 10 min since the last build — the owner's ceiling is one per 15 min.
SKIP: changed, but only 10 min since the last build — the owner's ceiling is one per 15 min.
SKIP: changed, but only 10 min since the last build — the owner's ceiling is one per 15 min.
SKIP: changed, but only 10 min since the last build — the owner's ceiling is one per 15 min.
SKIP: changed, but only 10 min since the last build — the owner's ceiling is one per 15 min.
SKIP: changed, but only 10 min since the last build — the owner's ceiling is one per 15 min.
SKIP: changed, but only 10 min since the last build — the owner's ceiling is one per 15 min.
SKIP: changed, but only 10 min since the last build — the owner's ceiling is one per 15 min.
SKIP: changed, but only 10 min since the last build — the owner's ceiling is one per 15 min.
SKIP: changed, but only 11 min since the last build — the owner's ceiling is one per 15 min.
SKIP: changed, but only 11 min since the last build — the owner's ceiling is one per 15 min.
SKIP: changed, but only 11 min since the last build — the owner's ceiling is one per 15 min.
SKIP: changed, but only 11 min since the last build — the owner's ceiling is one per 15 min.
SKIP: changed, but only 11 min since the last build — the owner's ceiling is one per 15 min.
SKIP: changed, but only 11 min since the last build — the owner's ceiling is one per 15 min.
SKIP: changed, but only 11 min since the last build — the owner's ceiling is one per 15 min.
SKIP: changed, but only 11 min since the last build — the owner's ceiling is one per 15 min.
SKIP: changed, but only 11 min since the last build — the owner's ceiling is one per 15 min.
SKIP: changed, but only 11 min since the last build — the owner's ceiling is one per 15 min.
SKIP: changed, but only 11 min since the last build — the owner's ceiling is one per 15 min.
SKIP: changed, but only 11 min since the last build — the owner's ceiling is one per 15 min.
SKIP: changed, but only 11 min since the last build — the owner's ceiling is one per 15 min.
SKIP: changed, but only 11 min since the last build — the owner's ceiling is one per 15 min.
SKIP: changed, but only 11 min since the last build — the owner's ceiling is one per 15 min.
SKIP: changed, but only 11 min since the last build — the owner's ceiling is one per 15 min.
SKIP: changed, but only 11 min since the last build — the owner's ceiling is one per 15 min.
SKIP: changed, but only 11 min since the last build — the owner's ceiling is one per 15 min.
SKIP: changed, but only 11 min since the last build — the owner's ceiling is one per 15 min.
SKIP: changed, but only 11 min since the last build — the owner's ceiling is one per 15 min.
SKIP: changed, but only 11 min since the last build — the owner's ceiling is one per 15 min.
SKIP: changed, but only 11 min since the last build — the owner's ceiling is one per 15 min.
SKIP: changed, but only 11 min since the last build — the owner's ceiling is one per 15 min.
SKIP: changed, but only 11 min since the last build — the owner's ceiling is one per 15 min.
SKIP: changed, but only 11 min since the last build — the owner's ceiling is one per 15 min.
SKIP: changed, but only 11 min since the last build — the owner's ceiling is one per 15 min.
SKIP: changed, but only 11 min since the last build — the owner's ceiling is one per 15 min.
SKIP: changed, but only 11 min since the last build — the owner's ceiling is one per 15 min.
SKIP: changed, but only 11 min since the last build — the owner's ceiling is one per 15 min.
SKIP: changed, but only 11 min since the last build — the owner's ceiling is one per 15 min.
SKIP: changed, but only 11 min since the last build — the owner's ceiling is one per 15 min.
SKIP: changed, but only 11 min since the last build — the owner's ceiling is one per 15 min.
SKIP: changed, but only 11 min since the last build — the owner's ceiling is one per 15 min.
SKIP: changed, but only 11 min since the last build — the owner's ceiling is one per 15 min.
SKIP: changed, but only 11 min since the last build — the owner's ceiling is one per 15 min.
SKIP: changed, but only 11 min since the last build — the owner's ceiling is one per 15 min.
SKIP: changed, but only 11 min since the last build — the owner's ceiling is one per 15 min.
SKIP: changed, but only 11 min since the last build — the owner's ceiling is one per 15 min.
SKIP: changed, but only 11 min since the last build — the owner's ceiling is one per 15 min.
SKIP: changed, but only 11 min since the last build — the owner's ceiling is one per 15 min.
SKIP: changed, but only 11 min since the last build — the owner's ceiling is one per 15 min.
SKIP: changed, but only 11 min since the last build — the owner's ceiling is one per 15 min.
SKIP: changed, but only 11 min since the last build — the owner's ceiling is one per 15 min.
SKIP: changed, but only 11 min since the last build — the owner's ceiling is one per 15 min.
SKIP: changed, but only 11 min since the last build — the owner's ceiling is one per 15 min.
SKIP: changed, but only 11 min since the last build — the owner's ceiling is one per 15 min.
SKIP: changed, but only 11 min since the last build — the owner's ceiling is one per 15 min.
SKIP: changed, but only 11 min since the last build — the owner's ceiling is one per 15 min.

=== 2026-09-06T01:27:51Z  d487818d
SKIP: changed, but only 11 min since the last build — the owner's ceiling is one per 15 min.
SKIP: changed, but only 11 min since the last build — the owner's ceiling is one per 15 min.
SKIP: changed, but only 11 min since the last build — the owner's ceiling is one per 15 min.
SKIP: changed, but only 11 min since the last build — the owner's ceiling is one per 15 min.
SKIP: changed, but only 11 min since the last build — the owner's ceiling is one per 15 min.
SKIP: changed, but only 11 min since the last build — the owner's ceiling is one per 15 min.
exit 3

=== 2026-09-06T01:27:57Z  629956d2
SKIP: changed, but only 12 min since the last build — the owner's ceiling is one per 15 min.
exit 3
SKIP: another rebuild is already in flight.
SKIP: another rebuild is already in flight.
SKIP: another rebuild is already in flight.
SKIP: another rebuild is already in flight.
SKIP: another rebuild is already in flight.
WARN: `git status` failed; every file's 'in dev' state is UNMEASURED.
SKIP: another rebuild is already in flight.
SKIP: another rebuild is already in flight.
SKIP: another rebuild is already in flight.
SKIP: another rebuild is already in flight.
SKIP: another rebuild is already in flight.
SKIP: another rebuild is already in flight.
SKIP: another rebuild is already in flight.
SKIP: another rebuild is already in flight.
SKIP: another rebuild is already in flight.
SKIP: another rebuild is already in flight.
SKIP: another rebuild is already in flight.
SKIP: another rebuild is already in flight.
SKIP: another rebuild is already in flight.
SKIP: another rebuild is already in flight.
SKIP: another rebuild is already in flight.
SKIP: another rebuild is already in flight.
SKIP: another rebuild is already in flight.
SKIP: another rebuild is already in flight.
SKIP: another rebuild is already in flight.
SKIP: another rebuild is already in flight.
SKIP: another rebuild is already in flight.
SKIP: another rebuild is already in flight.
SKIP: another rebuild is already in flight.
SKIP: another rebuild is already in flight.
SKIP: another rebuild is already in flight.
SKIP: another rebuild is already in flight.
SKIP: another rebuild is already in flight.
SKIP: another rebuild is already in flight.
SKIP: another rebuild is already in flight.
REBUILT 1504 files — red 21, blue 107, green 0, grey 0, unmeasured 1376
  page -> /mnt/d/Luke/dev/Rimworld/Transient/codebase_health_artifact.html
SKIP: another rebuild is already in flight.
SKIP: another rebuild is already in flight.
SKIP: another rebuild is already in flight.
SKIP: another rebuild is already in flight.
SKIP: another rebuild is already in flight.
SKIP: another rebuild is already in flight.
SKIP: another rebuild is already in flight.
SKIP: another rebuild is already in flight.
SKIP: another rebuild is already in flight.
SKIP: another rebuild is already in flight.
SKIP: another rebuild is already in flight.
SKIP: another rebuild is already in flight.
SKIP: another rebuild is already in flight.
SKIP: another rebuild is already in flight.
SKIP: another rebuild is already in flight.

=== 2026-09-06T01:35:26Z  790444a3
REBUILT 1508 files — red 21, blue 124, green 1163, grey 200, unmeasured 0
  page -> /mnt/d/Luke/dev/Rimworld/Transient/codebase_health_artifact.html
SKIP: changed, but only 1 min since the last build — the owner's ceiling is one per 15 min.
exit 3

=== 2026-09-06T01:38:18Z  5452b38e
SKIP: changed, but only 3 min since the last build — the owner's ceiling is one per 15 min.
exit 3

=== 2026-09-06T01:38:27Z  64b75417
SKIP: changed, but only 3 min since the last build — the owner's ceiling is one per 15 min.
exit 3

=== 2026-09-06T01:40:19Z  5e85a8a0
SKIP: changed, but only 5 min since the last build — the owner's ceiling is one per 15 min.
exit 3
SKIP: changed, but only 5 min since the last build — the owner's ceiling is one per 15 min.

=== 2026-09-06T01:41:07Z  8994703f
SKIP: changed, but only 5 min since the last build — the owner's ceiling is one per 15 min.
exit 3
SKIP: changed, but only 6 min since the last build — the owner's ceiling is one per 15 min.
SKIP: changed, but only 6 min since the last build — the owner's ceiling is one per 15 min.
SKIP: changed, but only 6 min since the last build — the owner's ceiling is one per 15 min.

=== 2026-09-06T01:41:33Z  a8231a70
SKIP: changed, but only 6 min since the last build — the owner's ceiling is one per 15 min.
exit 3

=== 2026-09-06T01:45:23Z  95a9174d
SKIP: changed, but only 10 min since the last build — the owner's ceiling is one per 15 min.
exit 3

=== 2026-09-06T01:50:01Z  bbf66830
SKIP: changed, but only 14 min since the last build — the owner's ceiling is one per 15 min.
exit 3

=== 2026-09-06T01:53:16Z  d14404a4
REBUILT 1521 files — red 21, blue 113, green 1173, grey 214, unmeasured 0
  page -> /mnt/d/Luke/dev/Rimworld/Transient/codebase_health_artifact.html
exit 0

=== 2026-09-06T01:55:34Z  48d6774e
SKIP: changed, but only 2 min since the last build — the owner's ceiling is one per 15 min.
exit 3

=== 2026-09-06T02:05:03Z  6d2e4ff4
SKIP: changed, but only 11 min since the last build — the owner's ceiling is one per 15 min.
exit 3

=== 2026-09-06T02:06:07Z  7812f76c
SKIP: changed, but only 12 min since the last build — the owner's ceiling is one per 15 min.
exit 3

=== 2026-09-06T02:08:55Z  47774d65
REBUILT 1527 files — red 21, blue 112, green 1173, grey 221, unmeasured 0
  page -> /mnt/d/Luke/dev/Rimworld/Transient/codebase_health_artifact.html
exit 0
SKIP: changed, but only 5 min since the last build — the owner's ceiling is one per 15 min.

=== 2026-09-06T02:15:06Z  d512cc3c
SKIP: changed, but only 6 min since the last build — the owner's ceiling is one per 15 min.
exit 3
SKIP: changed, but only 6 min since the last build — the owner's ceiling is one per 15 min.
SKIP: changed, but only 6 min since the last build — the owner's ceiling is one per 15 min.
SKIP: changed, but only 6 min since the last build — the owner's ceiling is one per 15 min.

=== 2026-09-06T02:15:21Z  41822a65
SKIP: changed, but only 6 min since the last build — the owner's ceiling is one per 15 min.
exit 3

=== 2026-09-06T02:19:56Z  4ca47aaa
SKIP: changed, but only 11 min since the last build — the owner's ceiling is one per 15 min.
exit 3

=== 2026-09-06T02:25:35Z  c5340ca2
REBUILT 1526 files — red 21, blue 112, green 1173, grey 220, unmeasured 0
  page -> /mnt/d/Luke/dev/Rimworld/Transient/codebase_health_artifact.html
exit 0

=== 2026-09-06T02:35:40Z  4913b92c
SKIP: changed, but only 10 min since the last build — the owner's ceiling is one per 15 min.
exit 3

=== 2026-09-06T02:36:05Z  a1373c96
SKIP: changed, but only 10 min since the last build — the owner's ceiling is one per 15 min.
exit 3

=== 2026-09-06T02:44:54Z  5c118f7f
SKIP: changed, but only 0 min since the last build — the owner's ceiling is one per 15 min.
exit 3

=== 2026-09-06T03:06:47Z  31dcb130
SKIP: changed, but only 4 min since the last build — the owner's ceiling is one per 15 min.
exit 3

=== 2026-09-06T03:13:10Z  82b52718
SKIP: changed, but only 10 min since the last build — the owner's ceiling is one per 15 min.
exit 3

=== 2026-09-06T03:13:38Z  7d73d671
SKIP: changed, but only 11 min since the last build — the owner's ceiling is one per 15 min.
exit 3

=== 2026-09-06T03:22:02Z  65162cb1
SKIP: changed, but only 3 min since the last build — the owner's ceiling is one per 15 min.
exit 3

=== 2026-09-06T03:24:49Z  7cfe9cd8
SKIP: changed, but only 5 min since the last build — the owner's ceiling is one per 15 min.
exit 3

=== 2026-09-06T03:25:56Z  50a2bb94
SKIP: changed, but only 6 min since the last build — the owner's ceiling is one per 15 min.
exit 3

=== 2026-09-06T03:27:09Z  4bb0803d
SKIP: changed, but only 8 min since the last build — the owner's ceiling is one per 15 min.
exit 3

=== 2026-09-06T03:37:27Z  6eb57b96
SKIP: changed, but only 0 min since the last build — the owner's ceiling is one per 15 min.
exit 3

=== 2026-09-06T03:38:30Z  74433a27
SKIP: changed, but only 1 min since the last build — the owner's ceiling is one per 15 min.
exit 3

=== 2026-09-06T03:47:17Z  388d9e96
SKIP: changed, but only 10 min since the last build — the owner's ceiling is one per 15 min.
exit 3

=== 2026-09-06T03:49:24Z  bbdaf444
SKIP: changed, but only 12 min since the last build — the owner's ceiling is one per 15 min.
exit 3

=== 2026-09-06T04:00:12Z  d2b5beed
REBUILT 1526 files — red 21, blue 114, green 1153, grey 238, unmeasured 0
  page -> /mnt/d/Luke/dev/Rimworld/Transient/codebase_health_artifact.html
exit 0

=== 2026-09-06T04:01:19Z  4cd460f6
SKIP: changed, but only 1 min since the last build — the owner's ceiling is one per 15 min.
exit 3

=== 2026-09-06T04:22:36Z  a4a35f56
SKIP: changed, but only 5 min since the last build — the owner's ceiling is one per 15 min.
exit 3

=== 2026-09-06T04:42:12Z  2da764a8
SKIP: changed, but only 0 min since the last build — the owner's ceiling is one per 15 min.
exit 3

=== 2026-09-06T04:50:52Z  5a1a2415
SKIP: changed, but only 9 min since the last build — the owner's ceiling is one per 15 min.
exit 3

=== 2026-09-06T05:08:22Z  461a157f
SKIP: changed, but only 0 min since the last build — the owner's ceiling is one per 15 min.
exit 3

=== 2026-09-06T05:24:11Z  595d45b9
SKIP: changed, but only 0 min since the last build — the owner's ceiling is one per 15 min.
exit 3

=== 2026-09-06T05:33:38Z  045a9031
SKIP: changed, but only 10 min since the last build — the owner's ceiling is one per 15 min.
exit 3

=== 2026-09-06T05:51:36Z  46883311
REBUILT 1521 files — red 21, blue 115, green 1153, grey 232, unmeasured 0
  page -> /mnt/d/Luke/dev/Rimworld/Transient/codebase_health_artifact.html
exit 0

=== 2026-09-06T05:52:24Z  582b937e
SKIP: changed, but only 0 min since the last build — the owner's ceiling is one per 15 min.
exit 3

=== 2026-09-06T05:52:43Z  01d1b3dd
SKIP: changed, but only 1 min since the last build — the owner's ceiling is one per 15 min.
exit 3

=== 2026-09-06T05:54:47Z  059fde38
SKIP: changed, but only 3 min since the last build — the owner's ceiling is one per 15 min.
exit 3

=== 2026-09-06T06:16:17Z  1957c17e
SKIP: changed, but only 0 min since the last build — the owner's ceiling is one per 15 min.
exit 3

=== 2026-09-06T06:18:00Z  981cc212
SKIP: changed, but only 2 min since the last build — the owner's ceiling is one per 15 min.
exit 3

=== 2026-09-06T06:24:21Z  8d42d00e
SKIP: changed, but only 8 min since the last build — the owner's ceiling is one per 15 min.
exit 3

=== 2026-09-06T06:24:45Z  275434fc
SKIP: changed, but only 8 min since the last build — the owner's ceiling is one per 15 min.
exit 3

=== 2026-09-06T06:46:13Z  c3a75960

=== 2026-09-06T06:46:28Z  7cc76c82
REBUILT 1527 files — red 21, blue 115, green 1153, grey 238, unmeasured 0
  page -> /mnt/d/Luke/dev/Rimworld/Transient/codebase_health_artifact.html
exit 0
REBUILT 1527 files — red 21, blue 115, green 1153, grey 238, unmeasured 0
  page -> /mnt/d/Luke/dev/Rimworld/Transient/codebase_health_artifact.html
exit 0

=== 2026-09-06T06:50:23Z  e17e976a

=== 2026-09-06T06:50:27Z  9e39b37e
SKIP: changed, but only 3 min since the last build — the owner's ceiling is one per 15 min.
exit 3
SKIP: changed, but only 3 min since the last build — the owner's ceiling is one per 15 min.
exit 3

=== 2026-09-06T06:53:46Z  78d21c3e
SKIP: changed, but only 7 min since the last build — the owner's ceiling is one per 15 min.
exit 3

=== 2026-09-06T06:55:34Z  5b1a2b46
SKIP: changed, but only 9 min since the last build — the owner's ceiling is one per 15 min.
exit 3

=== 2026-09-06T06:57:47Z  1a5bf47b
SKIP: changed, but only 11 min since the last build — the owner's ceiling is one per 15 min.
exit 3
SKIP: changed, but only 12 min since the last build — the owner's ceiling is one per 15 min.

=== 2026-09-06T06:58:37Z  df3d5398
SKIP: changed, but only 12 min since the last build — the owner's ceiling is one per 15 min.
exit 3

=== 2026-09-06T06:58:54Z  5a1f89a6
SKIP: changed, but only 12 min since the last build — the owner's ceiling is one per 15 min.
SKIP: changed, but only 12 min since the last build — the owner's ceiling is one per 15 min.
SKIP: changed, but only 12 min since the last build — the owner's ceiling is one per 15 min.
SKIP: changed, but only 12 min since the last build — the owner's ceiling is one per 15 min.
SKIP: changed, but only 12 min since the last build — the owner's ceiling is one per 15 min.
SKIP: changed, but only 12 min since the last build — the owner's ceiling is one per 15 min.
SKIP: changed, but only 12 min since the last build — the owner's ceiling is one per 15 min.
SKIP: changed, but only 12 min since the last build — the owner's ceiling is one per 15 min.
exit 3
SKIP: changed, but only 12 min since the last build — the owner's ceiling is one per 15 min.
SKIP: changed, but only 12 min since the last build — the owner's ceiling is one per 15 min.
SKIP: changed, but only 12 min since the last build — the owner's ceiling is one per 15 min.
SKIP: changed, but only 12 min since the last build — the owner's ceiling is one per 15 min.
SKIP: changed, but only 12 min since the last build — the owner's ceiling is one per 15 min.
SKIP: changed, but only 12 min since the last build — the owner's ceiling is one per 15 min.
SKIP: changed, but only 12 min since the last build — the owner's ceiling is one per 15 min.
SKIP: changed, but only 12 min since the last build — the owner's ceiling is one per 15 min.
SKIP: changed, but only 12 min since the last build — the owner's ceiling is one per 15 min.
SKIP: changed, but only 12 min since the last build — the owner's ceiling is one per 15 min.
SKIP: changed, but only 12 min since the last build — the owner's ceiling is one per 15 min.
SKIP: changed, but only 12 min since the last build — the owner's ceiling is one per 15 min.
SKIP: changed, but only 12 min since the last build — the owner's ceiling is one per 15 min.
SKIP: changed, but only 12 min since the last build — the owner's ceiling is one per 15 min.
SKIP: changed, but only 12 min since the last build — the owner's ceiling is one per 15 min.
SKIP: changed, but only 13 min since the last build — the owner's ceiling is one per 15 min.
SKIP: changed, but only 13 min since the last build — the owner's ceiling is one per 15 min.
SKIP: changed, but only 13 min since the last build — the owner's ceiling is one per 15 min.
SKIP: changed, but only 13 min since the last build — the owner's ceiling is one per 15 min.
SKIP: changed, but only 13 min since the last build — the owner's ceiling is one per 15 min.
SKIP: changed, but only 13 min since the last build — the owner's ceiling is one per 15 min.
SKIP: changed, but only 13 min since the last build — the owner's ceiling is one per 15 min.
SKIP: changed, but only 13 min since the last build — the owner's ceiling is one per 15 min.
SKIP: changed, but only 13 min since the last build — the owner's ceiling is one per 15 min.
SKIP: changed, but only 13 min since the last build — the owner's ceiling is one per 15 min.
SKIP: changed, but only 13 min since the last build — the owner's ceiling is one per 15 min.
SKIP: changed, but only 13 min since the last build — the owner's ceiling is one per 15 min.
SKIP: changed, but only 13 min since the last build — the owner's ceiling is one per 15 min.
SKIP: changed, but only 13 min since the last build — the owner's ceiling is one per 15 min.
SKIP: changed, but only 13 min since the last build — the owner's ceiling is one per 15 min.
SKIP: changed, but only 13 min since the last build — the owner's ceiling is one per 15 min.
SKIP: changed, but only 13 min since the last build — the owner's ceiling is one per 15 min.
SKIP: changed, but only 13 min since the last build — the owner's ceiling is one per 15 min.
SKIP: changed, but only 13 min since the last build — the owner's ceiling is one per 15 min.
SKIP: changed, but only 13 min since the last build — the owner's ceiling is one per 15 min.
SKIP: changed, but only 13 min since the last build — the owner's ceiling is one per 15 min.
SKIP: changed, but only 13 min since the last build — the owner's ceiling is one per 15 min.
SKIP: changed, but only 13 min since the last build — the owner's ceiling is one per 15 min.
SKIP: changed, but only 13 min since the last build — the owner's ceiling is one per 15 min.

=== 2026-09-06T07:01:03Z  f55ea0a8
SKIP: changed, but only 14 min since the last build — the owner's ceiling is one per 15 min.
exit 3

=== 2026-09-06T07:04:11Z  de817c2a
SKIP: changed, but only 0 min since the last build — the owner's ceiling is one per 15 min.
exit 3

=== 2026-09-06T07:06:07Z  ea9e7123
SKIP: changed, but only 2 min since the last build — the owner's ceiling is one per 15 min.
exit 3

=== 2026-09-06T07:06:29Z  39d749c7
SKIP: changed, but only 2 min since the last build — the owner's ceiling is one per 15 min.
exit 3

=== 2026-09-06T07:07:31Z  621f0f0c
SKIP: changed, but only 3 min since the last build — the owner's ceiling is one per 15 min.
exit 3

=== 2026-09-06T07:07:57Z  73720471
SKIP: changed, but only 4 min since the last build — the owner's ceiling is one per 15 min.
exit 3

=== 2026-09-06T07:08:46Z  00b2e638
SKIP: changed, but only 5 min since the last build — the owner's ceiling is one per 15 min.
exit 3

=== 2026-09-06T07:08:55Z  feaff12b
SKIP: changed, but only 5 min since the last build — the owner's ceiling is one per 15 min.
exit 3
SKIP: changed, but only 5 min since the last build — the owner's ceiling is one per 15 min.

=== 2026-09-06T07:09:11Z  e5ad1e91
SKIP: changed, but only 5 min since the last build — the owner's ceiling is one per 15 min.
exit 3

=== 2026-09-06T07:23:29Z  a12758af
SKIP: changed, but only 2 min since the last build — the owner's ceiling is one per 15 min.
exit 3

=== 2026-09-06T07:25:59Z  0a0cf255
SKIP: changed, but only 5 min since the last build — the owner's ceiling is one per 15 min.
exit 3

=== 2026-09-06T07:26:45Z  a4a1a50f
SKIP: changed, but only 6 min since the last build — the owner's ceiling is one per 15 min.
exit 3

=== 2026-09-06T07:36:49Z  5173076c

=== 2026-09-06T07:37:03Z  5271cf9a
REBUILT 1527 files — red 30, blue 124, green 1147, grey 226, unmeasured 0
  page -> /mnt/d/Luke/dev/Rimworld/Transient/codebase_health_artifact.html
exit 0
REBUILT 1527 files — red 30, blue 124, green 1147, grey 226, unmeasured 0
  page -> /mnt/d/Luke/dev/Rimworld/Transient/codebase_health_artifact.html
exit 0

=== 2026-09-06T08:06:07Z  0d42dd16
SKIP: changed, but only 12 min since the last build — the owner's ceiling is one per 15 min.
exit 3

=== 2026-09-06T08:06:57Z  59e294dd
SKIP: changed, but only 12 min since the last build — the owner's ceiling is one per 15 min.
exit 3

=== 2026-09-06T08:09:23Z  2df48c3e
REBUILT 1530 files — red 30, blue 138, green 1135, grey 227, unmeasured 0
  page -> /mnt/d/Luke/dev/Rimworld/Transient/codebase_health_artifact.html
exit 0

=== 2026-09-06T08:09:54Z  96812d3c
SKIP: changed, but only 0 min since the last build — the owner's ceiling is one per 15 min.
exit 3

=== 2026-09-06T08:24:35Z  646f244c
REBUILT 1530 files — red 30, blue 137, green 1135, grey 228, unmeasured 0
  page -> /mnt/d/Luke/dev/Rimworld/Transient/codebase_health_artifact.html
exit 0

=== 2026-09-06T08:46:54Z  85401ce7
SKIP: changed, but only 5 min since the last build — the owner's ceiling is one per 15 min.
exit 3
SKIP: changed, but only 6 min since the last build — the owner's ceiling is one per 15 min.
SKIP: changed, but only 7 min since the last build — the owner's ceiling is one per 15 min.
SKIP: changed, but only 7 min since the last build — the owner's ceiling is one per 15 min.
SKIP: changed, but only 7 min since the last build — the owner's ceiling is one per 15 min.
SKIP: changed, but only 7 min since the last build — the owner's ceiling is one per 15 min.
SKIP: changed, but only 7 min since the last build — the owner's ceiling is one per 15 min.
SKIP: changed, but only 7 min since the last build — the owner's ceiling is one per 15 min.
SKIP: changed, but only 7 min since the last build — the owner's ceiling is one per 15 min.
SKIP: changed, but only 7 min since the last build — the owner's ceiling is one per 15 min.
SKIP: changed, but only 7 min since the last build — the owner's ceiling is one per 15 min.
SKIP: changed, but only 7 min since the last build — the owner's ceiling is one per 15 min.
SKIP: changed, but only 7 min since the last build — the owner's ceiling is one per 15 min.
SKIP: changed, but only 7 min since the last build — the owner's ceiling is one per 15 min.
SKIP: changed, but only 7 min since the last build — the owner's ceiling is one per 15 min.
SKIP: changed, but only 7 min since the last build — the owner's ceiling is one per 15 min.
SKIP: changed, but only 7 min since the last build — the owner's ceiling is one per 15 min.
SKIP: changed, but only 7 min since the last build — the owner's ceiling is one per 15 min.
SKIP: changed, but only 7 min since the last build — the owner's ceiling is one per 15 min.
SKIP: changed, but only 7 min since the last build — the owner's ceiling is one per 15 min.
SKIP: changed, but only 7 min since the last build — the owner's ceiling is one per 15 min.
SKIP: changed, but only 7 min since the last build — the owner's ceiling is one per 15 min.
SKIP: changed, but only 7 min since the last build — the owner's ceiling is one per 15 min.
SKIP: changed, but only 7 min since the last build — the owner's ceiling is one per 15 min.
SKIP: changed, but only 7 min since the last build — the owner's ceiling is one per 15 min.
SKIP: changed, but only 7 min since the last build — the owner's ceiling is one per 15 min.
SKIP: changed, but only 7 min since the last build — the owner's ceiling is one per 15 min.
SKIP: changed, but only 7 min since the last build — the owner's ceiling is one per 15 min.
SKIP: changed, but only 7 min since the last build — the owner's ceiling is one per 15 min.
SKIP: changed, but only 7 min since the last build — the owner's ceiling is one per 15 min.
SKIP: changed, but only 7 min since the last build — the owner's ceiling is one per 15 min.
SKIP: changed, but only 7 min since the last build — the owner's ceiling is one per 15 min.
SKIP: changed, but only 7 min since the last build — the owner's ceiling is one per 15 min.
SKIP: changed, but only 7 min since the last build — the owner's ceiling is one per 15 min.
SKIP: changed, but only 7 min since the last build — the owner's ceiling is one per 15 min.
SKIP: changed, but only 7 min since the last build — the owner's ceiling is one per 15 min.
SKIP: changed, but only 7 min since the last build — the owner's ceiling is one per 15 min.
SKIP: changed, but only 7 min since the last build — the owner's ceiling is one per 15 min.
SKIP: changed, but only 7 min since the last build — the owner's ceiling is one per 15 min.
SKIP: changed, but only 7 min since the last build — the owner's ceiling is one per 15 min.
SKIP: changed, but only 7 min since the last build — the owner's ceiling is one per 15 min.
SKIP: changed, but only 7 min since the last build — the owner's ceiling is one per 15 min.
SKIP: changed, but only 7 min since the last build — the owner's ceiling is one per 15 min.
SKIP: changed, but only 7 min since the last build — the owner's ceiling is one per 15 min.
SKIP: changed, but only 8 min since the last build — the owner's ceiling is one per 15 min.
SKIP: changed, but only 8 min since the last build — the owner's ceiling is one per 15 min.
SKIP: changed, but only 8 min since the last build — the owner's ceiling is one per 15 min.
SKIP: changed, but only 8 min since the last build — the owner's ceiling is one per 15 min.
SKIP: changed, but only 8 min since the last build — the owner's ceiling is one per 15 min.
SKIP: changed, but only 8 min since the last build — the owner's ceiling is one per 15 min.
SKIP: changed, but only 8 min since the last build — the owner's ceiling is one per 15 min.
SKIP: changed, but only 8 min since the last build — the owner's ceiling is one per 15 min.
SKIP: changed, but only 8 min since the last build — the owner's ceiling is one per 15 min.
SKIP: changed, but only 8 min since the last build — the owner's ceiling is one per 15 min.
SKIP: changed, but only 8 min since the last build — the owner's ceiling is one per 15 min.
SKIP: changed, but only 8 min since the last build — the owner's ceiling is one per 15 min.
SKIP: changed, but only 8 min since the last build — the owner's ceiling is one per 15 min.
SKIP: changed, but only 8 min since the last build — the owner's ceiling is one per 15 min.
SKIP: changed, but only 8 min since the last build — the owner's ceiling is one per 15 min.
SKIP: changed, but only 8 min since the last build — the owner's ceiling is one per 15 min.
SKIP: changed, but only 8 min since the last build — the owner's ceiling is one per 15 min.
SKIP: changed, but only 8 min since the last build — the owner's ceiling is one per 15 min.
SKIP: changed, but only 8 min since the last build — the owner's ceiling is one per 15 min.
SKIP: changed, but only 8 min since the last build — the owner's ceiling is one per 15 min.
SKIP: changed, but only 8 min since the last build — the owner's ceiling is one per 15 min.
SKIP: changed, but only 8 min since the last build — the owner's ceiling is one per 15 min.
SKIP: changed, but only 8 min since the last build — the owner's ceiling is one per 15 min.
SKIP: changed, but only 8 min since the last build — the owner's ceiling is one per 15 min.
SKIP: changed, but only 8 min since the last build — the owner's ceiling is one per 15 min.
SKIP: changed, but only 8 min since the last build — the owner's ceiling is one per 15 min.
SKIP: changed, but only 8 min since the last build — the owner's ceiling is one per 15 min.
SKIP: changed, but only 8 min since the last build — the owner's ceiling is one per 15 min.
SKIP: changed, but only 8 min since the last build — the owner's ceiling is one per 15 min.
SKIP: changed, but only 8 min since the last build — the owner's ceiling is one per 15 min.
SKIP: changed, but only 8 min since the last build — the owner's ceiling is one per 15 min.
SKIP: changed, but only 8 min since the last build — the owner's ceiling is one per 15 min.
SKIP: changed, but only 8 min since the last build — the owner's ceiling is one per 15 min.
SKIP: changed, but only 8 min since the last build — the owner's ceiling is one per 15 min.
SKIP: changed, but only 8 min since the last build — the owner's ceiling is one per 15 min.
SKIP: changed, but only 8 min since the last build — the owner's ceiling is one per 15 min.
SKIP: changed, but only 8 min since the last build — the owner's ceiling is one per 15 min.
SKIP: changed, but only 8 min since the last build — the owner's ceiling is one per 15 min.
SKIP: changed, but only 8 min since the last build — the owner's ceiling is one per 15 min.
SKIP: changed, but only 8 min since the last build — the owner's ceiling is one per 15 min.
SKIP: changed, but only 8 min since the last build — the owner's ceiling is one per 15 min.
SKIP: changed, but only 8 min since the last build — the owner's ceiling is one per 15 min.
SKIP: changed, but only 8 min since the last build — the owner's ceiling is one per 15 min.
SKIP: changed, but only 9 min since the last build — the owner's ceiling is one per 15 min.
SKIP: changed, but only 9 min since the last build — the owner's ceiling is one per 15 min.
SKIP: changed, but only 9 min since the last build — the owner's ceiling is one per 15 min.
SKIP: changed, but only 9 min since the last build — the owner's ceiling is one per 15 min.
SKIP: changed, but only 9 min since the last build — the owner's ceiling is one per 15 min.
SKIP: changed, but only 9 min since the last build — the owner's ceiling is one per 15 min.
SKIP: changed, but only 9 min since the last build — the owner's ceiling is one per 15 min.
SKIP: changed, but only 9 min since the last build — the owner's ceiling is one per 15 min.
SKIP: changed, but only 9 min since the last build — the owner's ceiling is one per 15 min.
SKIP: changed, but only 9 min since the last build — the owner's ceiling is one per 15 min.
SKIP: changed, but only 9 min since the last build — the owner's ceiling is one per 15 min.
SKIP: changed, but only 9 min since the last build — the owner's ceiling is one per 15 min.
SKIP: changed, but only 9 min since the last build — the owner's ceiling is one per 15 min.
SKIP: changed, but only 9 min since the last build — the owner's ceiling is one per 15 min.
SKIP: changed, but only 9 min since the last build — the owner's ceiling is one per 15 min.
SKIP: changed, but only 9 min since the last build — the owner's ceiling is one per 15 min.
SKIP: changed, but only 9 min since the last build — the owner's ceiling is one per 15 min.
SKIP: changed, but only 9 min since the last build — the owner's ceiling is one per 15 min.
SKIP: changed, but only 9 min since the last build — the owner's ceiling is one per 15 min.
SKIP: changed, but only 9 min since the last build — the owner's ceiling is one per 15 min.
SKIP: changed, but only 9 min since the last build — the owner's ceiling is one per 15 min.
SKIP: changed, but only 9 min since the last build — the owner's ceiling is one per 15 min.
SKIP: changed, but only 9 min since the last build — the owner's ceiling is one per 15 min.
SKIP: changed, but only 9 min since the last build — the owner's ceiling is one per 15 min.
SKIP: changed, but only 9 min since the last build — the owner's ceiling is one per 15 min.
SKIP: changed, but only 9 min since the last build — the owner's ceiling is one per 15 min.
SKIP: changed, but only 9 min since the last build — the owner's ceiling is one per 15 min.
SKIP: changed, but only 9 min since the last build — the owner's ceiling is one per 15 min.
SKIP: changed, but only 9 min since the last build — the owner's ceiling is one per 15 min.
SKIP: changed, but only 9 min since the last build — the owner's ceiling is one per 15 min.
SKIP: changed, but only 9 min since the last build — the owner's ceiling is one per 15 min.
SKIP: changed, but only 9 min since the last build — the owner's ceiling is one per 15 min.
SKIP: changed, but only 9 min since the last build — the owner's ceiling is one per 15 min.
SKIP: changed, but only 9 min since the last build — the owner's ceiling is one per 15 min.
SKIP: changed, but only 9 min since the last build — the owner's ceiling is one per 15 min.
SKIP: changed, but only 9 min since the last build — the owner's ceiling is one per 15 min.
SKIP: changed, but only 9 min since the last build — the owner's ceiling is one per 15 min.
SKIP: changed, but only 9 min since the last build — the owner's ceiling is one per 15 min.
SKIP: changed, but only 9 min since the last build — the owner's ceiling is one per 15 min.
SKIP: changed, but only 9 min since the last build — the owner's ceiling is one per 15 min.
SKIP: changed, but only 9 min since the last build — the owner's ceiling is one per 15 min.
SKIP: changed, but only 9 min since the last build — the owner's ceiling is one per 15 min.
SKIP: changed, but only 10 min since the last build — the owner's ceiling is one per 15 min.
SKIP: changed, but only 10 min since the last build — the owner's ceiling is one per 15 min.
SKIP: changed, but only 10 min since the last build — the owner's ceiling is one per 15 min.
SKIP: changed, but only 10 min since the last build — the owner's ceiling is one per 15 min.
SKIP: changed, but only 10 min since the last build — the owner's ceiling is one per 15 min.
SKIP: changed, but only 10 min since the last build — the owner's ceiling is one per 15 min.
SKIP: changed, but only 10 min since the last build — the owner's ceiling is one per 15 min.
SKIP: changed, but only 10 min since the last build — the owner's ceiling is one per 15 min.
SKIP: changed, but only 10 min since the last build — the owner's ceiling is one per 15 min.
SKIP: changed, but only 10 min since the last build — the owner's ceiling is one per 15 min.
SKIP: changed, but only 10 min since the last build — the owner's ceiling is one per 15 min.
SKIP: changed, but only 10 min since the last build — the owner's ceiling is one per 15 min.
SKIP: changed, but only 10 min since the last build — the owner's ceiling is one per 15 min.
SKIP: changed, but only 10 min since the last build — the owner's ceiling is one per 15 min.
SKIP: changed, but only 10 min since the last build — the owner's ceiling is one per 15 min.
SKIP: changed, but only 10 min since the last build — the owner's ceiling is one per 15 min.
SKIP: changed, but only 10 min since the last build — the owner's ceiling is one per 15 min.
SKIP: changed, but only 10 min since the last build — the owner's ceiling is one per 15 min.
SKIP: changed, but only 10 min since the last build — the owner's ceiling is one per 15 min.
SKIP: changed, but only 10 min since the last build — the owner's ceiling is one per 15 min.
SKIP: changed, but only 10 min since the last build — the owner's ceiling is one per 15 min.
SKIP: changed, but only 10 min since the last build — the owner's ceiling is one per 15 min.
SKIP: changed, but only 10 min since the last build — the owner's ceiling is one per 15 min.
SKIP: changed, but only 10 min since the last build — the owner's ceiling is one per 15 min.
SKIP: changed, but only 10 min since the last build — the owner's ceiling is one per 15 min.
SKIP: changed, but only 10 min since the last build — the owner's ceiling is one per 15 min.
SKIP: changed, but only 10 min since the last build — the owner's ceiling is one per 15 min.
SKIP: changed, but only 10 min since the last build — the owner's ceiling is one per 15 min.
SKIP: changed, but only 10 min since the last build — the owner's ceiling is one per 15 min.
SKIP: changed, but only 10 min since the last build — the owner's ceiling is one per 15 min.
SKIP: changed, but only 10 min since the last build — the owner's ceiling is one per 15 min.
SKIP: changed, but only 10 min since the last build — the owner's ceiling is one per 15 min.
SKIP: changed, but only 10 min since the last build — the owner's ceiling is one per 15 min.
SKIP: changed, but only 10 min since the last build — the owner's ceiling is one per 15 min.
SKIP: changed, but only 10 min since the last build — the owner's ceiling is one per 15 min.
SKIP: changed, but only 10 min since the last build — the owner's ceiling is one per 15 min.
SKIP: changed, but only 10 min since the last build — the owner's ceiling is one per 15 min.
SKIP: changed, but only 10 min since the last build — the owner's ceiling is one per 15 min.
SKIP: changed, but only 10 min since the last build — the owner's ceiling is one per 15 min.
SKIP: changed, but only 10 min since the last build — the owner's ceiling is one per 15 min.
SKIP: changed, but only 10 min since the last build — the owner's ceiling is one per 15 min.
SKIP: changed, but only 11 min since the last build — the owner's ceiling is one per 15 min.
SKIP: changed, but only 11 min since the last build — the owner's ceiling is one per 15 min.
SKIP: changed, but only 11 min since the last build — the owner's ceiling is one per 15 min.
SKIP: changed, but only 11 min since the last build — the owner's ceiling is one per 15 min.
SKIP: changed, but only 11 min since the last build — the owner's ceiling is one per 15 min.
SKIP: changed, but only 11 min since the last build — the owner's ceiling is one per 15 min.
SKIP: changed, but only 11 min since the last build — the owner's ceiling is one per 15 min.
SKIP: changed, but only 11 min since the last build — the owner's ceiling is one per 15 min.
SKIP: changed, but only 11 min since the last build — the owner's ceiling is one per 15 min.
SKIP: changed, but only 11 min since the last build — the owner's ceiling is one per 15 min.
SKIP: changed, but only 11 min since the last build — the owner's ceiling is one per 15 min.
SKIP: changed, but only 11 min since the last build — the owner's ceiling is one per 15 min.
SKIP: changed, but only 11 min since the last build — the owner's ceiling is one per 15 min.
SKIP: changed, but only 11 min since the last build — the owner's ceiling is one per 15 min.
SKIP: changed, but only 11 min since the last build — the owner's ceiling is one per 15 min.
SKIP: changed, but only 11 min since the last build — the owner's ceiling is one per 15 min.
SKIP: changed, but only 11 min since the last build — the owner's ceiling is one per 15 min.
SKIP: changed, but only 11 min since the last build — the owner's ceiling is one per 15 min.
SKIP: changed, but only 11 min since the last build — the owner's ceiling is one per 15 min.
SKIP: changed, but only 11 min since the last build — the owner's ceiling is one per 15 min.
SKIP: changed, but only 11 min since the last build — the owner's ceiling is one per 15 min.
SKIP: changed, but only 11 min since the last build — the owner's ceiling is one per 15 min.
SKIP: changed, but only 11 min since the last build — the owner's ceiling is one per 15 min.
SKIP: changed, but only 11 min since the last build — the owner's ceiling is one per 15 min.
SKIP: changed, but only 11 min since the last build — the owner's ceiling is one per 15 min.
SKIP: changed, but only 11 min since the last build — the owner's ceiling is one per 15 min.
SKIP: changed, but only 11 min since the last build — the owner's ceiling is one per 15 min.
SKIP: changed, but only 11 min since the last build — the owner's ceiling is one per 15 min.
SKIP: changed, but only 11 min since the last build — the owner's ceiling is one per 15 min.
SKIP: changed, but only 11 min since the last build — the owner's ceiling is one per 15 min.
SKIP: changed, but only 11 min since the last build — the owner's ceiling is one per 15 min.
SKIP: changed, but only 11 min since the last build — the owner's ceiling is one per 15 min.
SKIP: changed, but only 11 min since the last build — the owner's ceiling is one per 15 min.
SKIP: changed, but only 11 min since the last build — the owner's ceiling is one per 15 min.
SKIP: changed, but only 11 min since the last build — the owner's ceiling is one per 15 min.
SKIP: changed, but only 11 min since the last build — the owner's ceiling is one per 15 min.
SKIP: changed, but only 11 min since the last build — the owner's ceiling is one per 15 min.
SKIP: changed, but only 11 min since the last build — the owner's ceiling is one per 15 min.
SKIP: changed, but only 11 min since the last build — the owner's ceiling is one per 15 min.
SKIP: changed, but only 11 min since the last build — the owner's ceiling is one per 15 min.
SKIP: changed, but only 11 min since the last build — the owner's ceiling is one per 15 min.
SKIP: changed, but only 11 min since the last build — the owner's ceiling is one per 15 min.
SKIP: changed, but only 11 min since the last build — the owner's ceiling is one per 15 min.
SKIP: changed, but only 11 min since the last build — the owner's ceiling is one per 15 min.
SKIP: changed, but only 11 min since the last build — the owner's ceiling is one per 15 min.
SKIP: changed, but only 11 min since the last build — the owner's ceiling is one per 15 min.
SKIP: changed, but only 11 min since the last build — the owner's ceiling is one per 15 min.
SKIP: changed, but only 11 min since the last build — the owner's ceiling is one per 15 min.
SKIP: changed, but only 11 min since the last build — the owner's ceiling is one per 15 min.
SKIP: changed, but only 11 min since the last build — the owner's ceiling is one per 15 min.
SKIP: changed, but only 11 min since the last build — the owner's ceiling is one per 15 min.
SKIP: changed, but only 11 min since the last build — the owner's ceiling is one per 15 min.
SKIP: changed, but only 11 min since the last build — the owner's ceiling is one per 15 min.
SKIP: changed, but only 11 min since the last build — the owner's ceiling is one per 15 min.
SKIP: changed, but only 11 min since the last build — the owner's ceiling is one per 15 min.
SKIP: changed, but only 11 min since the last build — the owner's ceiling is one per 15 min.
SKIP: changed, but only 12 min since the last build — the owner's ceiling is one per 15 min.

=== 2026-09-06T08:54:16Z  7d3fc860
SKIP: changed, but only 12 min since the last build — the owner's ceiling is one per 15 min.
exit 3

=== 2026-09-06T08:57:21Z  2631624a
REBUILT 1530 files — red 42, blue 137, green 1140, grey 211, unmeasured 0
  page -> /mnt/d/Luke/dev/Rimworld/Transient/codebase_health_artifact.html
exit 0

=== 2026-09-06T08:58:10Z  aed69b49
SKIP: changed, but only 0 min since the last build — the owner's ceiling is one per 15 min.
exit 3

=== 2026-09-06T08:59:33Z  c92fb64f
SKIP: changed, but only 2 min since the last build — the owner's ceiling is one per 15 min.
exit 3

=== 2026-09-06T12:48:00Z  02e31957
REBUILT 1530 files — red 42, blue 137, green 1140, grey 211, unmeasured 0
  page -> /mnt/d/Luke/dev/Rimworld/Transient/codebase_health_artifact.html
exit 0

=== 2026-09-06T12:50:15Z  e69aa509
SKIP: changed, but only 2 min since the last build — the owner's ceiling is one per 15 min.
exit 3

=== 2026-09-06T12:56:11Z  3c587c03
SKIP: changed, but only 8 min since the last build — the owner's ceiling is one per 15 min.
exit 3

=== 2026-09-06T13:19:02Z  b5483674
SKIP: changed, but only 0 min since the last build — the owner's ceiling is one per 15 min.
exit 3

=== 2026-09-06T14:10:37Z  7664b739
SKIP: changed, but only 12 min since the last build — the owner's ceiling is one per 15 min.
exit 3

=== 2026-09-06T14:20:52Z  659736ef
REBUILT 1533 files — red 42, blue 142, green 1138, grey 211, unmeasured 0
  page -> /mnt/d/Luke/dev/Rimworld/Transient/codebase_health_artifact.html
exit 0

=== 2026-09-06T14:27:45Z  7f466e79
SKIP: changed, but only 6 min since the last build — the owner's ceiling is one per 15 min.
exit 3

=== 2026-09-06T15:10:03Z  4f28dd77
SKIP: another rebuild is already in flight.
exit 3

=== 2026-09-06T15:16:20Z  45d52403
SKIP: changed, but only 6 min since the last build — the owner's ceiling is one per 15 min.
exit 3

=== 2026-09-06T15:16:53Z  1549dec6
SKIP: changed, but only 7 min since the last build — the owner's ceiling is one per 15 min.
exit 3

=== 2026-09-06T15:17:01Z  8ac9760f
SKIP: changed, but only 7 min since the last build — the owner's ceiling is one per 15 min.
exit 3

=== 2026-09-06T15:17:22Z  46512f36
SKIP: changed, but only 7 min since the last build — the owner's ceiling is one per 15 min.
exit 3

=== 2026-09-06T15:33:11Z  1dad3345
REBUILT 1533 files — red 42, blue 142, green 1138, grey 211, unmeasured 0
  page -> /mnt/d/Luke/dev/Rimworld/Transient/codebase_health_artifact.html
exit 0

=== 2026-09-06T15:35:51Z  f9f6f69c
SKIP: changed, but only 2 min since the last build — the owner's ceiling is one per 15 min.
exit 3

=== 2026-09-06T15:59:41Z  9ce6f734
SKIP: changed, but only 0 min since the last build — the owner's ceiling is one per 15 min.
exit 3

=== 2026-09-06T16:13:33Z  2ddb2b96
SKIP: changed, but only 14 min since the last build — the owner's ceiling is one per 15 min.
exit 3

=== 2026-09-06T16:19:57Z  b385bd8c
REBUILT 1533 files — red 42, blue 142, green 1138, grey 211, unmeasured 0
  page -> /mnt/d/Luke/dev/Rimworld/Transient/codebase_health_artifact.html
exit 0

=== 2026-09-06T16:21:18Z  f0f0ca80
SKIP: changed, but only 1 min since the last build — the owner's ceiling is one per 15 min.
exit 3

=== 2026-09-06T16:21:49Z  d0203bfb
SKIP: changed, but only 1 min since the last build — the owner's ceiling is one per 15 min.
exit 3

=== 2026-09-06T16:47:43Z  e8183f34
REBUILT 1533 files — red 42, blue 142, green 1138, grey 211, unmeasured 0
  page -> /mnt/d/Luke/dev/Rimworld/Transient/codebase_health_artifact.html
exit 0

=== 2026-09-06T16:51:04Z  5df0dc72
SKIP: changed, but only 3 min since the last build — the owner's ceiling is one per 15 min.
exit 3

=== 2026-09-06T16:52:26Z  53864475
SKIP: changed, but only 4 min since the last build — the owner's ceiling is one per 15 min.
exit 3

=== 2026-09-06T17:00:53Z  3a711943
SKIP: changed, but only 13 min since the last build — the owner's ceiling is one per 15 min.
exit 3

=== 2026-09-06T17:02:41Z  ee01883a
SKIP: changed, but only 14 min since the last build — the owner's ceiling is one per 15 min.
exit 3

=== 2026-09-06T17:05:55Z  0f386f80
REBUILT 1533 files — red 42, blue 142, green 1138, grey 211, unmeasured 0
  page -> /mnt/d/Luke/dev/Rimworld/Transient/codebase_health_artifact.html
exit 0

=== 2026-09-06T17:06:14Z  6f5e6040
SKIP: changed, but only 0 min since the last build — the owner's ceiling is one per 15 min.
exit 3

=== 2026-09-06T17:10:45Z  44605c13
SKIP: changed, but only 4 min since the last build — the owner's ceiling is one per 15 min.
exit 3

=== 2026-09-06T17:30:22Z  258f199c
SKIP: changed, but only 7 min since the last build — the owner's ceiling is one per 15 min.
exit 3

=== 2026-09-06T18:06:55Z  4bbc9547
REBUILT 1533 files — red 42, blue 142, green 1138, grey 211, unmeasured 0
  page -> /mnt/d/Luke/dev/Rimworld/Transient/codebase_health_artifact.html
exit 0

=== 2026-09-06T18:15:33Z  4b4188d5
SKIP: changed, but only 8 min since the last build — the owner's ceiling is one per 15 min.
exit 3

=== 2026-09-06T18:23:28Z  4c8865aa
REBUILT 1533 files — red 42, blue 142, green 1138, grey 211, unmeasured 0
  page -> /mnt/d/Luke/dev/Rimworld/Transient/codebase_health_artifact.html
exit 0

=== 2026-09-06T18:59:57Z  f58a7d56
REBUILT 1533 files — red 42, blue 142, green 1138, grey 211, unmeasured 0
  page -> /mnt/d/Luke/dev/Rimworld/Transient/codebase_health_artifact.html
exit 0

=== 2026-09-06T19:12:47Z  732a7f33
SKIP: changed, but only 12 min since the last build — the owner's ceiling is one per 15 min.
exit 3

=== 2026-09-06T19:14:15Z  b37b9b00
SKIP: changed, but only 14 min since the last build — the owner's ceiling is one per 15 min.
exit 3

=== 2026-09-06T19:22:00Z  2a71e3a1
SKIP: changed, but only 6 min since the last build — the owner's ceiling is one per 15 min.
exit 3

=== 2026-09-06T19:27:42Z  f28586a6
SKIP: changed, but only 12 min since the last build — the owner's ceiling is one per 15 min.
exit 3

=== 2026-09-06T19:27:48Z  5840b61d
SKIP: changed, but only 12 min since the last build — the owner's ceiling is one per 15 min.
exit 3

=== 2026-09-06T19:36:06Z  1594e828
SKIP: changed, but only 0 min since the last build — the owner's ceiling is one per 15 min.
exit 3

=== 2026-09-06T19:41:06Z  0ad8ecb5
SKIP: changed, but only 5 min since the last build — the owner's ceiling is one per 15 min.
exit 3

=== 2026-09-06T19:41:24Z  04a6609c
SKIP: changed, but only 6 min since the last build — the owner's ceiling is one per 15 min.
exit 3

=== 2026-09-06T19:42:03Z  03350f10
SKIP: changed, but only 6 min since the last build — the owner's ceiling is one per 15 min.
exit 3

=== 2026-09-06T19:42:50Z  c405e7e3
SKIP: changed, but only 7 min since the last build — the owner's ceiling is one per 15 min.
exit 3

=== 2026-09-06T19:44:08Z  e29c40c9
SKIP: changed, but only 9 min since the last build — the owner's ceiling is one per 15 min.
exit 3

=== 2026-09-06T19:44:51Z  0c868c54
SKIP: changed, but only 9 min since the last build — the owner's ceiling is one per 15 min.
exit 3

=== 2026-09-06T19:49:37Z  363bae74
SKIP: changed, but only 14 min since the last build — the owner's ceiling is one per 15 min.
exit 3
SKIP: another rebuild is already in flight.
SKIP: another rebuild is already in flight.
SKIP: another rebuild is already in flight.
SKIP: another rebuild is already in flight.
REBUILT 1537 files — red 42, blue 144, green 1139, grey 212, unmeasured 0
  page -> /mnt/d/Luke/dev/Rimworld/Transient/codebase_health_artifact.html

=== 2026-09-06T19:52:59Z  7fbb1af5
SKIP: changed, but only 0 min since the last build — the owner's ceiling is one per 15 min.
exit 3

=== 2026-09-06T20:01:44Z  b87a3622
SKIP: changed, but only 9 min since the last build — the owner's ceiling is one per 15 min.
exit 3
SKIP: changed, but only 9 min since the last build — the owner's ceiling is one per 15 min.
SKIP: changed, but only 9 min since the last build — the owner's ceiling is one per 15 min.
SKIP: changed, but only 9 min since the last build — the owner's ceiling is one per 15 min.
SKIP: changed, but only 9 min since the last build — the owner's ceiling is one per 15 min.
SKIP: changed, but only 10 min since the last build — the owner's ceiling is one per 15 min.
SKIP: changed, but only 10 min since the last build — the owner's ceiling is one per 15 min.
SKIP: changed, but only 10 min since the last build — the owner's ceiling is one per 15 min.
SKIP: changed, but only 10 min since the last build — the owner's ceiling is one per 15 min.
SKIP: changed, but only 10 min since the last build — the owner's ceiling is one per 15 min.
SKIP: changed, but only 10 min since the last build — the owner's ceiling is one per 15 min.
SKIP: changed, but only 10 min since the last build — the owner's ceiling is one per 15 min.
SKIP: changed, but only 10 min since the last build — the owner's ceiling is one per 15 min.
SKIP: changed, but only 10 min since the last build — the owner's ceiling is one per 15 min.
SKIP: changed, but only 10 min since the last build — the owner's ceiling is one per 15 min.
SKIP: changed, but only 10 min since the last build — the owner's ceiling is one per 15 min.
SKIP: changed, but only 10 min since the last build — the owner's ceiling is one per 15 min.
SKIP: changed, but only 10 min since the last build — the owner's ceiling is one per 15 min.
SKIP: changed, but only 10 min since the last build — the owner's ceiling is one per 15 min.
SKIP: changed, but only 10 min since the last build — the owner's ceiling is one per 15 min.
SKIP: changed, but only 10 min since the last build — the owner's ceiling is one per 15 min.
SKIP: changed, but only 10 min since the last build — the owner's ceiling is one per 15 min.
SKIP: changed, but only 10 min since the last build — the owner's ceiling is one per 15 min.
SKIP: changed, but only 10 min since the last build — the owner's ceiling is one per 15 min.
SKIP: changed, but only 10 min since the last build — the owner's ceiling is one per 15 min.
SKIP: changed, but only 10 min since the last build — the owner's ceiling is one per 15 min.
SKIP: changed, but only 10 min since the last build — the owner's ceiling is one per 15 min.
SKIP: changed, but only 10 min since the last build — the owner's ceiling is one per 15 min.
SKIP: changed, but only 10 min since the last build — the owner's ceiling is one per 15 min.

=== 2026-09-06T20:02:39Z  42f5861e
SKIP: changed, but only 10 min since the last build — the owner's ceiling is one per 15 min.
exit 3

=== 2026-09-06T20:03:16Z  3ef2e7f5
SKIP: changed, but only 11 min since the last build — the owner's ceiling is one per 15 min.
exit 3

=== 2026-09-06T20:03:33Z  0bbd894d
SKIP: changed, but only 11 min since the last build — the owner's ceiling is one per 15 min.
exit 3

=== 2026-09-06T20:04:30Z  7c908160
SKIP: changed, but only 12 min since the last build — the owner's ceiling is one per 15 min.
exit 3

=== 2026-09-06T20:06:47Z  f3a684e1
SKIP: changed, but only 14 min since the last build — the owner's ceiling is one per 15 min.
exit 3
SKIP: changed, but only 14 min since the last build — the owner's ceiling is one per 15 min.
SKIP: another rebuild is already in flight.
SKIP: another rebuild is already in flight.
SKIP: another rebuild is already in flight.
SKIP: another rebuild is already in flight.
SKIP: another rebuild is already in flight.
SKIP: another rebuild is already in flight.
SKIP: another rebuild is already in flight.
SKIP: another rebuild is already in flight.
SKIP: another rebuild is already in flight.
SKIP: another rebuild is already in flight.
SKIP: another rebuild is already in flight.
SKIP: another rebuild is already in flight.
SKIP: another rebuild is already in flight.
SKIP: another rebuild is already in flight.
SKIP: another rebuild is already in flight.

=== 2026-09-06T20:08:52Z  4a8fe6b2
SKIP: another rebuild is already in flight.
exit 3
REBUILT 1537 files — red 42, blue 149, green 1177, grey 169, unmeasured 0
  page -> /mnt/d/Luke/dev/Rimworld/Transient/codebase_health_artifact.html

=== 2026-09-06T20:10:11Z  bd07c0e6
SKIP: changed, but only 1 min since the last build — the owner's ceiling is one per 15 min.
exit 3

=== 2026-09-06T20:10:23Z  3c08fbef
SKIP: changed, but only 1 min since the last build — the owner's ceiling is one per 15 min.
exit 3

=== 2026-09-06T20:11:54Z  4d8f4d79
SKIP: changed, but only 3 min since the last build — the owner's ceiling is one per 15 min.
exit 3

=== 2026-09-06T20:12:13Z  4da68360
SKIP: changed, but only 3 min since the last build — the owner's ceiling is one per 15 min.
exit 3

=== 2026-09-06T20:12:34Z  72a87ae7
SKIP: changed, but only 4 min since the last build — the owner's ceiling is one per 15 min.
exit 3

=== 2026-09-06T20:13:25Z  a88c45b6
SKIP: changed, but only 4 min since the last build — the owner's ceiling is one per 15 min.
exit 3

=== 2026-09-06T20:21:04Z  e67f2cc0
SKIP: changed, but only 12 min since the last build — the owner's ceiling is one per 15 min.
exit 3
SKIP: changed, but only 12 min since the last build — the owner's ceiling is one per 15 min.
SKIP: changed, but only 12 min since the last build — the owner's ceiling is one per 15 min.
SKIP: changed, but only 12 min since the last build — the owner's ceiling is one per 15 min.
SKIP: changed, but only 12 min since the last build — the owner's ceiling is one per 15 min.
SKIP: changed, but only 12 min since the last build — the owner's ceiling is one per 15 min.
SKIP: changed, but only 12 min since the last build — the owner's ceiling is one per 15 min.
SKIP: changed, but only 12 min since the last build — the owner's ceiling is one per 15 min.
SKIP: changed, but only 12 min since the last build — the owner's ceiling is one per 15 min.
SKIP: changed, but only 12 min since the last build — the owner's ceiling is one per 15 min.
SKIP: changed, but only 12 min since the last build — the owner's ceiling is one per 15 min.
SKIP: changed, but only 12 min since the last build — the owner's ceiling is one per 15 min.
SKIP: changed, but only 12 min since the last build — the owner's ceiling is one per 15 min.
SKIP: changed, but only 12 min since the last build — the owner's ceiling is one per 15 min.
SKIP: changed, but only 13 min since the last build — the owner's ceiling is one per 15 min.
SKIP: changed, but only 13 min since the last build — the owner's ceiling is one per 15 min.
SKIP: changed, but only 13 min since the last build — the owner's ceiling is one per 15 min.
SKIP: changed, but only 13 min since the last build — the owner's ceiling is one per 15 min.
SKIP: changed, but only 13 min since the last build — the owner's ceiling is one per 15 min.
SKIP: changed, but only 13 min since the last build — the owner's ceiling is one per 15 min.
SKIP: changed, but only 13 min since the last build — the owner's ceiling is one per 15 min.
SKIP: changed, but only 13 min since the last build — the owner's ceiling is one per 15 min.
SKIP: changed, but only 13 min since the last build — the owner's ceiling is one per 15 min.
SKIP: changed, but only 13 min since the last build — the owner's ceiling is one per 15 min.
SKIP: changed, but only 13 min since the last build — the owner's ceiling is one per 15 min.
SKIP: changed, but only 13 min since the last build — the owner's ceiling is one per 15 min.
SKIP: changed, but only 13 min since the last build — the owner's ceiling is one per 15 min.
SKIP: changed, but only 13 min since the last build — the owner's ceiling is one per 15 min.
SKIP: changed, but only 13 min since the last build — the owner's ceiling is one per 15 min.
SKIP: changed, but only 13 min since the last build — the owner's ceiling is one per 15 min.
SKIP: changed, but only 13 min since the last build — the owner's ceiling is one per 15 min.
SKIP: changed, but only 13 min since the last build — the owner's ceiling is one per 15 min.
SKIP: changed, but only 13 min since the last build — the owner's ceiling is one per 15 min.
SKIP: changed, but only 13 min since the last build — the owner's ceiling is one per 15 min.

=== 2026-09-06T20:21:55Z  a3e653bf
SKIP: changed, but only 13 min since the last build — the owner's ceiling is one per 15 min.
exit 3

=== 2026-09-06T20:22:46Z  ef4db906
SKIP: changed, but only 14 min since the last build — the owner's ceiling is one per 15 min.
exit 3

=== 2026-09-06T20:24:52Z  a5c6eb4f
SKIP: changed, but only 0 min since the last build — the owner's ceiling is one per 15 min.
exit 3

=== 2026-09-06T20:25:13Z  abc0bb2d
SKIP: changed, but only 0 min since the last build — the owner's ceiling is one per 15 min.
exit 3

=== 2026-09-06T20:46:09Z  52dee04f
SKIP: changed, but only 0 min since the last build — the owner's ceiling is one per 15 min.
exit 3

=== 2026-09-06T20:46:21Z  20dcf3b1
SKIP: changed, but only 0 min since the last build — the owner's ceiling is one per 15 min.
exit 3

=== 2026-09-06T20:47:30Z  07aa01d7
SKIP: changed, but only 1 min since the last build — the owner's ceiling is one per 15 min.
exit 3

=== 2026-09-06T20:49:47Z  8d643a15
SKIP: changed, but only 4 min since the last build — the owner's ceiling is one per 15 min.
exit 3

=== 2026-09-06T20:52:51Z  b28f6e2b
SKIP: changed, but only 7 min since the last build — the owner's ceiling is one per 15 min.
exit 3
SKIP: changed, but only 7 min since the last build — the owner's ceiling is one per 15 min.

=== 2026-09-06T20:56:57Z  33e2e681
SKIP: changed, but only 11 min since the last build — the owner's ceiling is one per 15 min.
exit 3

=== 2026-09-06T20:57:36Z  07f7158a
SKIP: changed, but only 11 min since the last build — the owner's ceiling is one per 15 min.
exit 3

=== 2026-09-06T21:03:39Z  8886be66
SKIP: changed, but only 0 min since the last build — the owner's ceiling is one per 15 min.
exit 3

=== 2026-09-06T21:09:51Z  dafe7fb6
SKIP: changed, but only 6 min since the last build — the owner's ceiling is one per 15 min.
exit 3

=== 2026-09-06T21:13:16Z  9279da37
SKIP: changed, but only 9 min since the last build — the owner's ceiling is one per 15 min.
exit 3

=== 2026-09-06T21:30:37Z  2ef0cfe5
SKIP: changed, but only 10 min since the last build — the owner's ceiling is one per 15 min.
exit 3

=== 2026-09-06T21:32:41Z  a89efb78
SKIP: changed, but only 12 min since the last build — the owner's ceiling is one per 15 min.
exit 3

=== 2026-09-06T21:33:08Z  3144962a
SKIP: changed, but only 12 min since the last build — the owner's ceiling is one per 15 min.
exit 3

=== 2026-09-06T21:37:58Z  ab3c2f31
SKIP: changed, but only 1 min since the last build — the owner's ceiling is one per 15 min.
exit 3

=== 2026-09-06T21:48:40Z  69a90f9e
SKIP: changed, but only 11 min since the last build — the owner's ceiling is one per 15 min.
exit 3

=== 2026-09-06T21:53:50Z  548432d9
SKIP: changed, but only 0 min since the last build — the owner's ceiling is one per 15 min.
exit 3

=== 2026-09-06T21:54:06Z  74a53711

=== 2026-09-06T21:54:09Z  da3a06e8
SKIP: changed, but only 0 min since the last build — the owner's ceiling is one per 15 min.
exit 3
SKIP: changed, but only 0 min since the last build — the owner's ceiling is one per 15 min.
exit 3

=== 2026-09-06T21:54:28Z  566220ce
SKIP: changed, but only 1 min since the last build — the owner's ceiling is one per 15 min.
exit 3

=== 2026-09-06T21:54:52Z  104bb236
SKIP: changed, but only 1 min since the last build — the owner's ceiling is one per 15 min.
exit 3

=== 2026-09-06T21:59:29Z  69669220
SKIP: changed, but only 6 min since the last build — the owner's ceiling is one per 15 min.
exit 3

=== 2026-09-06T22:00:18Z  78224ac9
SKIP: changed, but only 6 min since the last build — the owner's ceiling is one per 15 min.
exit 3

=== 2026-09-06T22:05:07Z  7e937f14
SKIP: changed, but only 11 min since the last build — the owner's ceiling is one per 15 min.
exit 3

=== 2026-09-06T22:09:52Z  06120a4a
REBUILT 1544 files — red 50, blue 130, green 1218, grey 146, unmeasured 0
  page -> /mnt/d/Luke/dev/Rimworld/Transient/codebase_health_artifact.html
exit 0

=== 2026-09-06T22:10:35Z  1f6781c2
SKIP: changed, but only 0 min since the last build — the owner's ceiling is one per 15 min.
exit 3

=== 2026-09-06T22:16:24Z  589d9c9b
SKIP: changed, but only 6 min since the last build — the owner's ceiling is one per 15 min.
exit 3

=== 2026-09-06T22:16:59Z  acbee113

=== 2026-09-06T22:17:05Z  a9bfce40
SKIP: changed, but only 7 min since the last build — the owner's ceiling is one per 15 min.
exit 3
SKIP: changed, but only 7 min since the last build — the owner's ceiling is one per 15 min.
exit 3

=== 2026-09-06T22:20:29Z  086d3d8e
SKIP: changed, but only 10 min since the last build — the owner's ceiling is one per 15 min.
exit 3

=== 2026-09-06T22:21:29Z  3c26ea84
SKIP: changed, but only 11 min since the last build — the owner's ceiling is one per 15 min.
exit 3

=== 2026-09-06T22:22:04Z  c411d40d
SKIP: changed, but only 12 min since the last build — the owner's ceiling is one per 15 min.
exit 3

=== 2026-09-06T22:22:45Z  b0f6be9e
SKIP: changed, but only 12 min since the last build — the owner's ceiling is one per 15 min.
exit 3

=== 2026-09-06T22:23:22Z  af539d5a
SKIP: changed, but only 13 min since the last build — the owner's ceiling is one per 15 min.
exit 3

=== 2026-09-06T22:23:42Z  c5f88b65
SKIP: changed, but only 13 min since the last build — the owner's ceiling is one per 15 min.
exit 3

=== 2026-09-06T22:29:24Z  f95eacfc
REBUILT 1545 files — red 50, blue 131, green 1217, grey 147, unmeasured 0
  page -> /mnt/d/Luke/dev/Rimworld/Transient/codebase_health_artifact.html
exit 0

=== 2026-09-06T22:29:49Z  7f781d1e
SKIP: changed, but only 0 min since the last build — the owner's ceiling is one per 15 min.
exit 3

=== 2026-09-06T22:31:58Z  ab4294d2
SKIP: changed, but only 2 min since the last build — the owner's ceiling is one per 15 min.
exit 3

=== 2026-09-06T22:43:57Z  a24cda4d
SKIP: changed, but only 14 min since the last build — the owner's ceiling is one per 15 min.
exit 3

=== 2026-09-06T22:44:22Z  634234c5
SKIP: changed, but only 14 min since the last build — the owner's ceiling is one per 15 min.
exit 3

=== 2026-09-06T22:44:45Z  0f430178

=== 2026-09-06T22:45:08Z  40a4a1cd
REBUILT 1547 files — red 46, blue 128, green 1220, grey 153, unmeasured 0
  page -> /mnt/d/Luke/dev/Rimworld/Transient/codebase_health_artifact.html
exit 0
SKIP: another rebuild is already in flight.
exit 3

=== 2026-09-06T22:47:13Z  58eeb012
SKIP: changed, but only 2 min since the last build — the owner's ceiling is one per 15 min.
exit 3

=== 2026-09-06T22:49:14Z  bf99382b
SKIP: changed, but only 4 min since the last build — the owner's ceiling is one per 15 min.
exit 3

=== 2026-09-06T22:49:54Z  372ef8da
SKIP: changed, but only 4 min since the last build — the owner's ceiling is one per 15 min.
exit 3

=== 2026-09-06T23:02:04Z  62fbc541
REBUILT 1547 files — red 50, blue 128, green 1217, grey 152, unmeasured 0
  page -> /mnt/d/Luke/dev/Rimworld/Transient/codebase_health_artifact.html
exit 0

=== 2026-09-06T23:03:26Z  78981b01
SKIP: changed, but only 1 min since the last build — the owner's ceiling is one per 15 min.
exit 3

=== 2026-09-06T23:03:47Z  355736bd
SKIP: changed, but only 1 min since the last build — the owner's ceiling is one per 15 min.
exit 3

=== 2026-09-06T23:07:59Z  22824143
SKIP: changed, but only 5 min since the last build — the owner's ceiling is one per 15 min.
exit 3

=== 2026-09-06T23:18:23Z  89e16e40
SKIP: changed, but only 0 min since the last build — the owner's ceiling is one per 15 min.
exit 3

=== 2026-09-06T23:24:00Z  585fe05c
SKIP: changed, but only 5 min since the last build — the owner's ceiling is one per 15 min.
exit 3

=== 2026-09-06T23:25:24Z  ded2fd4a
SKIP: changed, but only 7 min since the last build — the owner's ceiling is one per 15 min.
exit 3

=== 2026-09-06T23:25:53Z  019884a8
SKIP: changed, but only 7 min since the last build — the owner's ceiling is one per 15 min.
exit 3

=== 2026-09-06T23:26:20Z  d1055e88
SKIP: changed, but only 8 min since the last build — the owner's ceiling is one per 15 min.
exit 3

=== 2026-09-06T23:28:22Z  8c980100
SKIP: changed, but only 10 min since the last build — the owner's ceiling is one per 15 min.
exit 3

=== 2026-09-06T23:42:26Z  34b021c2
SKIP: changed, but only 2 min since the last build — the owner's ceiling is one per 15 min.
exit 3

=== 2026-09-06T23:42:41Z  ac911c58
SKIP: changed, but only 2 min since the last build — the owner's ceiling is one per 15 min.
exit 3

=== 2026-09-06T23:44:15Z  d6807c4b
SKIP: changed, but only 4 min since the last build — the owner's ceiling is one per 15 min.
exit 3

=== 2026-09-06T23:48:38Z  8e06a11e
SKIP: changed, but only 8 min since the last build — the owner's ceiling is one per 15 min.
exit 3

=== 2026-09-06T23:48:55Z  c215533f
SKIP: changed, but only 8 min since the last build — the owner's ceiling is one per 15 min.
exit 3

=== 2026-09-06T23:50:02Z  f11ca284
SKIP: changed, but only 9 min since the last build — the owner's ceiling is one per 15 min.
exit 3

=== 2026-09-06T23:50:18Z  f74d7e27
SKIP: changed, but only 10 min since the last build — the owner's ceiling is one per 15 min.
exit 3

=== 2026-09-06T23:58:21Z  06b8880a
REBUILT 1549 files — red 48, blue 132, green 1212, grey 157, unmeasured 0
  page -> /mnt/d/Luke/dev/Rimworld/Transient/codebase_health_artifact.html
exit 0

=== 2026-09-07T00:01:47Z  b3298eee
SKIP: changed, but only 3 min since the last build — the owner's ceiling is one per 15 min.
exit 3

=== 2026-09-07T00:05:09Z  abc1e7cd
SKIP: changed, but only 6 min since the last build — the owner's ceiling is one per 15 min.
exit 3

=== 2026-09-07T00:05:55Z  f89eac71
SKIP: changed, but only 7 min since the last build — the owner's ceiling is one per 15 min.
exit 3

=== 2026-09-07T00:26:34Z  c5e44c24
SKIP: changed, but only 6 min since the last build — the owner's ceiling is one per 15 min.
exit 3

=== 2026-09-07T00:31:33Z  d99aba4a
SKIP: changed, but only 11 min since the last build — the owner's ceiling is one per 15 min.
exit 3

=== 2026-09-07T00:32:23Z  b0fdd21a
SKIP: changed, but only 11 min since the last build — the owner's ceiling is one per 15 min.
exit 3

=== 2026-09-07T00:46:30Z  87331ff7
SKIP: changed, but only 1 min since the last build — the owner's ceiling is one per 15 min.
exit 3

=== 2026-09-07T00:47:49Z  22c43313
SKIP: changed, but only 3 min since the last build — the owner's ceiling is one per 15 min.
exit 3

=== 2026-09-07T00:50:17Z  ae21392d
SKIP: changed, but only 5 min since the last build — the owner's ceiling is one per 15 min.
exit 3

=== 2026-09-07T00:53:17Z  89ef5813
SKIP: changed, but only 8 min since the last build — the owner's ceiling is one per 15 min.
exit 3

=== 2026-09-07T00:57:34Z  09552b98
SKIP: changed, but only 13 min since the last build — the owner's ceiling is one per 15 min.
exit 3

=== 2026-09-07T00:58:41Z  7e08f3af
SKIP: changed, but only 14 min since the last build — the owner's ceiling is one per 15 min.
exit 3

=== 2026-09-07T01:03:41Z  bc1ccdb4
REBUILT 1549 files — red 48, blue 143, green 1200, grey 158, unmeasured 0
  page -> /mnt/d/Luke/dev/Rimworld/Transient/codebase_health_artifact.html
exit 0

=== 2026-09-07T01:08:00Z  4af94dfb
SKIP: changed, but only 4 min since the last build — the owner's ceiling is one per 15 min.
exit 3

=== 2026-09-07T01:08:16Z  56f07f2d
SKIP: changed, but only 4 min since the last build — the owner's ceiling is one per 15 min.
exit 3

=== 2026-09-07T01:14:17Z  95cf8525
SKIP: changed, but only 10 min since the last build — the owner's ceiling is one per 15 min.
exit 3

=== 2026-09-07T01:17:05Z  36d7e0b6
SKIP: changed, but only 13 min since the last build — the owner's ceiling is one per 15 min.
exit 3

=== 2026-09-07T01:32:29Z  4df56038
SKIP: another rebuild is already in flight.
exit 3

=== 2026-09-07T01:32:43Z  dd8c7c71
SKIP: changed, but only 0 min since the last build — the owner's ceiling is one per 15 min.
exit 3

=== 2026-09-07T01:32:53Z  504093ef
SKIP: changed, but only 0 min since the last build — the owner's ceiling is one per 15 min.
exit 3

=== 2026-09-07T01:42:14Z  5c1f7df9
SKIP: changed, but only 9 min since the last build — the owner's ceiling is one per 15 min.
exit 3

=== 2026-09-07T01:50:04Z  50e9677f
REBUILT 1551 files — red 48, blue 146, green 1197, grey 160, unmeasured 0
  page -> /mnt/d/Luke/dev/Rimworld/Transient/codebase_health_artifact.html
exit 0

=== 2026-09-07T02:06:17Z  6e6ce2d9
REBUILT 1551 files — red 48, blue 146, green 1196, grey 161, unmeasured 0
  page -> /mnt/d/Luke/dev/Rimworld/Transient/codebase_health_artifact.html
exit 0

=== 2026-09-07T02:08:41Z  ad6fef13
SKIP: changed, but only 2 min since the last build — the owner's ceiling is one per 15 min.
exit 3

=== 2026-09-07T02:09:13Z  e2d042e2
SKIP: changed, but only 2 min since the last build — the owner's ceiling is one per 15 min.
exit 3

=== 2026-09-07T02:19:23Z  572413c0
SKIP: changed, but only 13 min since the last build — the owner's ceiling is one per 15 min.
exit 3
SKIP: changed, but only 13 min since the last build — the owner's ceiling is one per 15 min.
SKIP: changed, but only 13 min since the last build — the owner's ceiling is one per 15 min.
SKIP: changed, but only 13 min since the last build — the owner's ceiling is one per 15 min.
SKIP: changed, but only 13 min since the last build — the owner's ceiling is one per 15 min.
SKIP: changed, but only 13 min since the last build — the owner's ceiling is one per 15 min.
SKIP: changed, but only 13 min since the last build — the owner's ceiling is one per 15 min.

=== 2026-09-07T02:19:53Z  64e09460
SKIP: changed, but only 13 min since the last build — the owner's ceiling is one per 15 min.
exit 3

=== 2026-09-07T02:39:38Z  4de79033
SKIP: changed, but only 3 min since the last build — the owner's ceiling is one per 15 min.
exit 3

=== 2026-09-07T02:44:24Z  a42e5a62
SKIP: changed, but only 8 min since the last build — the owner's ceiling is one per 15 min.
exit 3

=== 2026-09-07T02:47:01Z  3c186e88
SKIP: changed, but only 11 min since the last build — the owner's ceiling is one per 15 min.
exit 3

=== 2026-09-07T02:50:19Z  40dbc7f9
SKIP: changed, but only 14 min since the last build — the owner's ceiling is one per 15 min.
exit 3

=== 2026-09-07T02:56:14Z  7c4407da
SKIP: changed, but only 4 min since the last build — the owner's ceiling is one per 15 min.
exit 3

=== 2026-09-07T02:58:20Z  86f19843
SKIP: changed, but only 6 min since the last build — the owner's ceiling is one per 15 min.
exit 3

=== 2026-09-07T03:14:34Z  3a8978bf
SKIP: changed, but only 7 min since the last build — the owner's ceiling is one per 15 min.
exit 3

=== 2026-09-07T03:14:52Z  473f1cb6
SKIP: changed, but only 7 min since the last build — the owner's ceiling is one per 15 min.
exit 3

=== 2026-09-07T03:18:10Z  a6a44980
SKIP: changed, but only 10 min since the last build — the owner's ceiling is one per 15 min.
exit 3

=== 2026-09-07T03:22:43Z  431e0c1e
REBUILT 1556 files — red 37, blue 171, green 1183, grey 165, unmeasured 0
  page -> /mnt/d/Luke/dev/Rimworld/Transient/codebase_health_artifact.html
exit 0

=== 2026-09-07T03:23:11Z  1b083990
SKIP: changed, but only 0 min since the last build — the owner's ceiling is one per 15 min.
exit 3

=== 2026-09-07T03:24:16Z  620be27e
SKIP: changed, but only 1 min since the last build — the owner's ceiling is one per 15 min.
exit 3

=== 2026-09-07T03:25:12Z  30ec13f2
SKIP: changed, but only 2 min since the last build — the owner's ceiling is one per 15 min.
exit 3

=== 2026-09-07T03:27:17Z  3e095082
SKIP: changed, but only 4 min since the last build — the owner's ceiling is one per 15 min.
exit 3

=== 2026-09-07T03:27:58Z  ee2c5248
SKIP: changed, but only 5 min since the last build — the owner's ceiling is one per 15 min.
exit 3

=== 2026-09-07T03:35:19Z  8ab4d5a6
SKIP: changed, but only 12 min since the last build — the owner's ceiling is one per 15 min.
exit 3

=== 2026-09-07T03:35:38Z  b28e8481
SKIP: changed, but only 12 min since the last build — the owner's ceiling is one per 15 min.
exit 3

=== 2026-09-07T03:57:24Z  b5974870
SKIP: changed, but only 11 min since the last build — the owner's ceiling is one per 15 min.
exit 3

=== 2026-09-07T03:58:13Z  e5a344af
SKIP: changed, but only 11 min since the last build — the owner's ceiling is one per 15 min.
exit 3

=== 2026-09-07T03:58:40Z  618e700e
SKIP: changed, but only 12 min since the last build — the owner's ceiling is one per 15 min.
exit 3

=== 2026-09-07T04:08:30Z  04e05aa5
SKIP: changed, but only 1 min since the last build — the owner's ceiling is one per 15 min.
exit 3

=== 2026-09-07T04:09:09Z  eaa7d02e
SKIP: changed, but only 2 min since the last build — the owner's ceiling is one per 15 min.
exit 3

=== 2026-09-07T04:30:33Z  14590c59
SKIP: changed, but only 0 min since the last build — the owner's ceiling is one per 15 min.
exit 3

=== 2026-09-07T04:30:49Z  f491c303
SKIP: changed, but only 1 min since the last build — the owner's ceiling is one per 15 min.
exit 3

=== 2026-09-07T04:31:01Z  3b19bf5b
SKIP: changed, but only 1 min since the last build — the owner's ceiling is one per 15 min.
exit 3

=== 2026-09-07T04:34:18Z  38de8a10
SKIP: changed, but only 4 min since the last build — the owner's ceiling is one per 15 min.
exit 3

=== 2026-09-07T04:37:16Z  d83bca5b
SKIP: changed, but only 7 min since the last build — the owner's ceiling is one per 15 min.
exit 3

=== 2026-09-07T04:37:52Z  0a8e1b58
SKIP: changed, but only 8 min since the last build — the owner's ceiling is one per 15 min.
exit 3

=== 2026-09-07T04:38:07Z  8a2cad43
SKIP: changed, but only 8 min since the last build — the owner's ceiling is one per 15 min.
exit 3

=== 2026-09-07T04:39:26Z  330951bd
SKIP: changed, but only 9 min since the last build — the owner's ceiling is one per 15 min.
exit 3

=== 2026-09-07T04:55:06Z  6bca1783
SKIP: changed, but only 0 min since the last build — the owner's ceiling is one per 15 min.
exit 3

=== 2026-09-07T05:07:54Z  e421a75e
SKIP: changed, but only 13 min since the last build — the owner's ceiling is one per 15 min.
exit 3

=== 2026-09-07T05:18:08Z  cae9fb68
SKIP: changed, but only 9 min since the last build — the owner's ceiling is one per 15 min.
exit 3

=== 2026-09-07T05:25:20Z  f4e7b6d3
SKIP: changed, but only 0 min since the last build — the owner's ceiling is one per 15 min.
exit 3

=== 2026-09-07T05:26:00Z  ebe38fbe
SKIP: changed, but only 1 min since the last build — the owner's ceiling is one per 15 min.
exit 3

=== 2026-09-07T05:27:47Z  05d21125
SKIP: changed, but only 2 min since the last build — the owner's ceiling is one per 15 min.
exit 3

=== 2026-09-07T05:40:50Z  d5a290b8
SKIP: changed, but only 0 min since the last build — the owner's ceiling is one per 15 min.
exit 3

=== 2026-09-07T05:44:56Z  76b485ae
SKIP: changed, but only 4 min since the last build — the owner's ceiling is one per 15 min.
exit 3

=== 2026-09-07T05:45:53Z  1ee4001d
SKIP: changed, but only 5 min since the last build — the owner's ceiling is one per 15 min.
exit 3

=== 2026-09-07T05:48:13Z  ad219169
SKIP: changed, but only 7 min since the last build — the owner's ceiling is one per 15 min.
exit 3

=== 2026-09-07T05:55:30Z  08ecf392
REBUILT 1558 files — red 27, blue 182, green 1172, grey 177, unmeasured 0
  page -> /mnt/d/Luke/dev/Rimworld/Transient/codebase_health_artifact.html
exit 0

=== 2026-09-07T05:56:07Z  6f123b17
SKIP: changed, but only 0 min since the last build — the owner's ceiling is one per 15 min.
exit 3

=== 2026-09-07T05:57:36Z  3678700d
SKIP: changed, but only 1 min since the last build — the owner's ceiling is one per 15 min.
exit 3

=== 2026-09-07T06:05:12Z  77c041a4
SKIP: changed, but only 9 min since the last build — the owner's ceiling is one per 15 min.
exit 3

=== 2026-09-07T06:05:46Z  693d24e9
SKIP: changed, but only 9 min since the last build — the owner's ceiling is one per 15 min.
exit 3

=== 2026-09-07T06:09:29Z  eb4c22d1
SKIP: changed, but only 13 min since the last build — the owner's ceiling is one per 15 min.
exit 3

=== 2026-09-07T06:10:13Z  ed6d2b8d
SKIP: changed, but only 14 min since the last build — the owner's ceiling is one per 15 min.
exit 3

=== 2026-09-07T06:12:01Z  73393c46
SKIP: changed, but only 0 min since the last build — the owner's ceiling is one per 15 min.
exit 3

=== 2026-09-07T06:15:34Z  064d8c99
SKIP: changed, but only 3 min since the last build — the owner's ceiling is one per 15 min.
exit 3

=== 2026-09-07T06:15:53Z  7b8a0b37
SKIP: changed, but only 4 min since the last build — the owner's ceiling is one per 15 min.
exit 3

=== 2026-09-07T06:17:36Z  7e8a390c
SKIP: changed, but only 5 min since the last build — the owner's ceiling is one per 15 min.
exit 3

=== 2026-09-07T06:25:15Z  23cadd0d
SKIP: changed, but only 13 min since the last build — the owner's ceiling is one per 15 min.
exit 3

=== 2026-09-07T06:25:40Z  0a5f43ca
SKIP: changed, but only 14 min since the last build — the owner's ceiling is one per 15 min.
exit 3

=== 2026-09-07T06:32:31Z  527d7763
REBUILT 1563 files — red 27, blue 177, green 1175, grey 184, unmeasured 0
  page -> /mnt/d/Luke/dev/Rimworld/Transient/codebase_health_artifact.html
exit 0

=== 2026-09-07T06:39:26Z  c0f0b602
SKIP: changed, but only 6 min since the last build — the owner's ceiling is one per 15 min.
exit 3

=== 2026-09-07T06:40:07Z  b25b9839
SKIP: changed, but only 7 min since the last build — the owner's ceiling is one per 15 min.
exit 3

=== 2026-09-07T06:40:19Z  a4f4493b
SKIP: changed, but only 7 min since the last build — the owner's ceiling is one per 15 min.
exit 3

=== 2026-09-07T06:46:27Z  bb437a16
SKIP: changed, but only 13 min since the last build — the owner's ceiling is one per 15 min.
exit 3

=== 2026-09-07T06:48:06Z  f9043a52
SKIP: changed, but only 0 min since the last build — the owner's ceiling is one per 15 min.
exit 3

=== 2026-09-07T06:50:42Z  182c6984
SKIP: changed, but only 2 min since the last build — the owner's ceiling is one per 15 min.
exit 3

=== 2026-09-07T06:51:01Z  f3533d85
SKIP: changed, but only 3 min since the last build — the owner's ceiling is one per 15 min.
exit 3

=== 2026-09-07T06:51:41Z  882478f1
SKIP: changed, but only 3 min since the last build — the owner's ceiling is one per 15 min.
exit 3

=== 2026-09-07T06:56:00Z  9faf0e43
SKIP: changed, but only 8 min since the last build — the owner's ceiling is one per 15 min.
exit 3

=== 2026-09-07T06:56:14Z  83d0cfe0
SKIP: changed, but only 8 min since the last build — the owner's ceiling is one per 15 min.
exit 3

=== 2026-09-07T06:58:09Z  72ce6a2d
SKIP: changed, but only 10 min since the last build — the owner's ceiling is one per 15 min.
exit 3

=== 2026-09-07T07:01:54Z  b84a5b9e
SKIP: changed, but only 14 min since the last build — the owner's ceiling is one per 15 min.
exit 3

=== 2026-09-07T07:32:07Z  6f7f3eea
SKIP: changed, but only 0 min since the last build — the owner's ceiling is one per 15 min.
exit 3

=== 2026-09-07T07:40:06Z  cdaffdcd
SKIP: changed, but only 8 min since the last build — the owner's ceiling is one per 15 min.
exit 3

=== 2026-09-07T07:40:26Z  71c3e0b7
SKIP: changed, but only 8 min since the last build — the owner's ceiling is one per 15 min.
exit 3

=== 2026-09-07T07:43:13Z  6a882ede
SKIP: changed, but only 11 min since the last build — the owner's ceiling is one per 15 min.
exit 3

=== 2026-09-07T07:47:32Z  ada283e9
SKIP: changed, but only 0 min since the last build — the owner's ceiling is one per 15 min.
exit 3

=== 2026-09-07T07:52:17Z  e58b94f2
SKIP: changed, but only 5 min since the last build — the owner's ceiling is one per 15 min.
exit 3

=== 2026-09-07T07:52:31Z  fa90e018
SKIP: changed, but only 5 min since the last build — the owner's ceiling is one per 15 min.
exit 3

=== 2026-09-07T08:00:59Z  d5ec1418
SKIP: changed, but only 13 min since the last build — the owner's ceiling is one per 15 min.
exit 3

=== 2026-09-07T08:07:29Z  f42e1cb9
REBUILT 1569 files — red 27, blue 174, green 1175, grey 193, unmeasured 0
  page -> /mnt/d/Luke/dev/Rimworld/Transient/codebase_health_artifact.html
exit 0

=== 2026-09-07T08:19:08Z  5cf66cda
SKIP: changed, but only 11 min since the last build — the owner's ceiling is one per 15 min.
exit 3

=== 2026-09-07T08:19:23Z  ed4d7038
SKIP: changed, but only 11 min since the last build — the owner's ceiling is one per 15 min.
exit 3

=== 2026-09-07T08:20:16Z  212eec22
SKIP: changed, but only 12 min since the last build — the owner's ceiling is one per 15 min.
exit 3

=== 2026-09-07T08:21:10Z  bf70b43b
SKIP: changed, but only 13 min since the last build — the owner's ceiling is one per 15 min.
exit 3

=== 2026-09-07T08:25:28Z  cb0f7506
SKIP: changed, but only 0 min since the last build — the owner's ceiling is one per 15 min.
exit 3

=== 2026-09-07T08:25:45Z  bd4afd0f
SKIP: changed, but only 1 min since the last build — the owner's ceiling is one per 15 min.
exit 3

=== 2026-09-07T08:28:24Z  a7dd7782
SKIP: changed, but only 3 min since the last build — the owner's ceiling is one per 15 min.
exit 3

=== 2026-09-07T08:28:42Z  febf29c3
SKIP: changed, but only 4 min since the last build — the owner's ceiling is one per 15 min.
exit 3

=== 2026-09-07T08:41:58Z  123fac9d
SKIP: changed, but only 2 min since the last build — the owner's ceiling is one per 15 min.
exit 3

=== 2026-09-07T08:42:20Z  71304431
SKIP: changed, but only 2 min since the last build — the owner's ceiling is one per 15 min.
exit 3

=== 2026-09-07T08:44:29Z  d6095c09
SKIP: changed, but only 4 min since the last build — the owner's ceiling is one per 15 min.
exit 3

=== 2026-09-07T08:45:44Z  b12aafb0
SKIP: changed, but only 6 min since the last build — the owner's ceiling is one per 15 min.
exit 3

=== 2026-09-07T09:22:29Z  45c051fb
SKIP: changed, but only 11 min since the last build — the owner's ceiling is one per 15 min.
exit 3

=== 2026-09-07T09:22:49Z  a87af067
SKIP: changed, but only 11 min since the last build — the owner's ceiling is one per 15 min.
exit 3

=== 2026-09-07T09:26:58Z  4f987088
SKIP: changed, but only 0 min since the last build — the owner's ceiling is one per 15 min.
exit 3
SKIP: changed, but only 5 min since the last build — the owner's ceiling is one per 15 min.
SKIP: changed, but only 5 min since the last build — the owner's ceiling is one per 15 min.
SKIP: changed, but only 5 min since the last build — the owner's ceiling is one per 15 min.
SKIP: changed, but only 5 min since the last build — the owner's ceiling is one per 15 min.
SKIP: changed, but only 5 min since the last build — the owner's ceiling is one per 15 min.

=== 2026-09-07T17:27:05Z  972798af
SKIP: changed, but only 1 min since the last build — the owner's ceiling is one per 15 min.
exit 3

=== 2026-09-07T17:27:52Z  21ff8f46
SKIP: changed, but only 2 min since the last build — the owner's ceiling is one per 15 min.
exit 3

=== 2026-09-07T17:33:03Z  57154c18
SKIP: changed, but only 7 min since the last build — the owner's ceiling is one per 15 min.
exit 3

=== 2026-09-07T17:43:31Z  82f0beb7
SKIP: changed, but only 0 min since the last build — the owner's ceiling is one per 15 min.
exit 3

=== 2026-09-07T17:49:38Z  d4fcfcf2
SKIP: changed, but only 7 min since the last build — the owner's ceiling is one per 15 min.
exit 3

=== 2026-09-07T17:49:59Z  ffe8710f
SKIP: changed, but only 7 min since the last build — the owner's ceiling is one per 15 min.
exit 3

=== 2026-09-07T17:55:18Z  fc63c56f
SKIP: changed, but only 12 min since the last build — the owner's ceiling is one per 15 min.
exit 3

=== 2026-09-07T18:07:27Z  ea9333a0
SKIP: changed, but only 7 min since the last build — the owner's ceiling is one per 15 min.
exit 3

=== 2026-09-07T18:15:43Z  04597ab2
REBUILT 1576 files — red 28, blue 179, green 1173, grey 196, unmeasured 0
  page -> /mnt/d/Luke/dev/Rimworld/Transient/codebase_health_artifact.html
exit 0

=== 2026-09-07T18:20:39Z  0d199cbd
SKIP: changed, but only 4 min since the last build — the owner's ceiling is one per 15 min.
exit 3

=== 2026-09-07T18:23:23Z  898fbf8f
SKIP: changed, but only 7 min since the last build — the owner's ceiling is one per 15 min.
exit 3

=== 2026-09-07T18:29:10Z  f4ee97b6
SKIP: changed, but only 13 min since the last build — the owner's ceiling is one per 15 min.
exit 3

=== 2026-09-07T18:30:04Z  01e13dc9
SKIP: changed, but only 14 min since the last build — the owner's ceiling is one per 15 min.
exit 3

=== 2026-09-07T18:40:24Z  abdd9343
SKIP: changed, but only 8 min since the last build — the owner's ceiling is one per 15 min.
exit 3

=== 2026-09-07T18:40:37Z  f2c9ee5f
SKIP: changed, but only 8 min since the last build — the owner's ceiling is one per 15 min.
exit 3

=== 2026-09-07T18:44:28Z  dfbebcff
SKIP: changed, but only 12 min since the last build — the owner's ceiling is one per 15 min.
exit 3

=== 2026-09-07T18:48:00Z  aaa7cf15
REBUILT 1580 files — red 28, blue 181, green 1172, grey 199, unmeasured 0
  page -> /mnt/d/Luke/dev/Rimworld/Transient/codebase_health_artifact.html
exit 0

=== 2026-09-07T18:57:03Z  855cb4e6
SKIP: changed, but only 9 min since the last build — the owner's ceiling is one per 15 min.
exit 3

=== 2026-09-07T18:57:38Z  3d288c12
SKIP: changed, but only 9 min since the last build — the owner's ceiling is one per 15 min.
exit 3

=== 2026-09-07T19:11:14Z  368cec1d
SKIP: changed, but only 0 min since the last build — the owner's ceiling is one per 15 min.
exit 3

=== 2026-09-07T19:13:05Z  16167308
SKIP: changed, but only 2 min since the last build — the owner's ceiling is one per 15 min.
exit 3

=== 2026-09-07T19:15:25Z  64a52a6c
SKIP: changed, but only 4 min since the last build — the owner's ceiling is one per 15 min.
exit 3

=== 2026-09-07T19:16:15Z  803338da
SKIP: changed, but only 5 min since the last build — the owner's ceiling is one per 15 min.
exit 3

=== 2026-09-07T19:39:50Z  e3fe4617
SKIP: changed, but only 0 min since the last build — the owner's ceiling is one per 15 min.
exit 3
REBUILT 1580 files — red 30, blue 177, green 1174, grey 199, unmeasured 0
  page -> /mnt/d/Luke/dev/Rimworld/Transient/codebase_health_artifact.html

=== 2026-09-07T20:09:01Z  0f2ac051
SKIP: changed, but only 2 min since the last build — the owner's ceiling is one per 15 min.
exit 3
SKIP: another rebuild is already in flight.
SKIP: another rebuild is already in flight.
REBUILT 1580 files — red 30, blue 177, green 1181, grey 192, unmeasured 0
  page -> /mnt/d/Luke/dev/Rimworld/Transient/codebase_health_artifact.html
SKIP: changed, but only 7 min since the last build — the owner's ceiling is one per 15 min.

=== 2026-09-07T20:44:19Z  f51159cb
SKIP: changed, but only 7 min since the last build — the owner's ceiling is one per 15 min.
exit 3
SKIP: changed, but only 8 min since the last build — the owner's ceiling is one per 15 min.
SKIP: changed, but only 8 min since the last build — the owner's ceiling is one per 15 min.

=== 2026-09-07T20:44:39Z  c745301c
SKIP: changed, but only 8 min since the last build — the owner's ceiling is one per 15 min.
exit 3
SKIP: changed, but only 11 min since the last build — the owner's ceiling is one per 15 min.
SKIP: changed, but only 12 min since the last build — the owner's ceiling is one per 15 min.
SKIP: changed, but only 12 min since the last build — the owner's ceiling is one per 15 min.
SKIP: changed, but only 12 min since the last build — the owner's ceiling is one per 15 min.
SKIP: changed, but only 13 min since the last build — the owner's ceiling is one per 15 min.
SKIP: changed, but only 13 min since the last build — the owner's ceiling is one per 15 min.

=== 2026-09-07T20:50:23Z  b1655903
SKIP: changed, but only 14 min since the last build — the owner's ceiling is one per 15 min.
exit 3
SKIP: another rebuild is already in flight.
SKIP: another rebuild is already in flight.
SKIP: another rebuild is already in flight.
REBUILT 1580 files — red 30, blue 177, green 1190, grey 183, unmeasured 0
  page -> /mnt/d/Luke/dev/Rimworld/Transient/codebase_health_artifact.html

=== 2026-09-07T21:00:38Z  79d533fe
SKIP: changed, but only 4 min since the last build — the owner's ceiling is one per 15 min.
exit 3

=== 2026-09-07T21:00:53Z  a07448e6
SKIP: changed, but only 4 min since the last build — the owner's ceiling is one per 15 min.
exit 3
REBUILT 1580 files — red 30, blue 177, green 1197, grey 176, unmeasured 0
  page -> /mnt/d/Luke/dev/Rimworld/Transient/codebase_health_artifact.html

=== 2026-09-07T21:20:17Z  3f430593
SKIP: changed, but only 3 min since the last build — the owner's ceiling is one per 15 min.
exit 3
SKIP: changed, but only 5 min since the last build — the owner's ceiling is one per 15 min.
SKIP: changed, but only 5 min since the last build — the owner's ceiling is one per 15 min.
SKIP: changed, but only 5 min since the last build — the owner's ceiling is one per 15 min.
SKIP: changed, but only 5 min since the last build — the owner's ceiling is one per 15 min.
SKIP: changed, but only 10 min since the last build — the owner's ceiling is one per 15 min.

=== 2026-09-07T21:28:49Z  5820943b
SKIP: changed, but only 12 min since the last build — the owner's ceiling is one per 15 min.
exit 3

=== 2026-09-07T21:29:32Z  65dfc154
SKIP: changed, but only 12 min since the last build — the owner's ceiling is one per 15 min.
exit 3
SKIP: changed, but only 13 min since the last build — the owner's ceiling is one per 15 min.
SKIP: changed, but only 13 min since the last build — the owner's ceiling is one per 15 min.

=== 2026-09-07T21:30:02Z  b82cdab2
SKIP: changed, but only 13 min since the last build — the owner's ceiling is one per 15 min.
exit 3

=== 2026-09-07T21:31:40Z  e7672cc2
REBUILT 1580 files — red 30, blue 177, green 1210, grey 163, unmeasured 0
  page -> /mnt/d/Luke/dev/Rimworld/Transient/codebase_health_artifact.html
exit 0

=== 2026-09-07T21:32:18Z  dd0ed072
SKIP: changed, but only 0 min since the last build — the owner's ceiling is one per 15 min.
exit 3

=== 2026-09-07T21:34:45Z  58fe2807
SKIP: changed, but only 3 min since the last build — the owner's ceiling is one per 15 min.
exit 3

=== 2026-09-07T21:42:02Z  7d5bc53c
SKIP: changed, but only 10 min since the last build — the owner's ceiling is one per 15 min.
exit 3

=== 2026-09-07T21:44:20Z  9897eb63
SKIP: changed, but only 12 min since the last build — the owner's ceiling is one per 15 min.
exit 3

=== 2026-09-07T21:53:42Z  20477dce
SKIP: changed, but only 3 min since the last build — the owner's ceiling is one per 15 min.
exit 3

=== 2026-09-07T21:55:03Z  ed79d53a
SKIP: changed, but only 4 min since the last build — the owner's ceiling is one per 15 min.
exit 3

=== 2026-09-07T21:58:56Z  b110e188
SKIP: changed, but only 8 min since the last build — the owner's ceiling is one per 15 min.
exit 3

=== 2026-09-07T22:09:45Z  8e4bce2b
SKIP: changed, but only 4 min since the last build — the owner's ceiling is one per 15 min.
exit 3

=== 2026-09-07T22:10:42Z  931dde5a
SKIP: changed, but only 5 min since the last build — the owner's ceiling is one per 15 min.
exit 3

=== 2026-09-07T22:23:08Z  dfa58f0e
REBUILT 1580 files — red 30, blue 177, green 1206, grey 167, unmeasured 0
  page -> /mnt/d/Luke/dev/Rimworld/Transient/codebase_health_artifact.html
exit 0

=== 2026-09-07T22:25:05Z  ccbe3809
SKIP: changed, but only 1 min since the last build — the owner's ceiling is one per 15 min.
exit 3

=== 2026-09-07T22:33:12Z  ea547771
SKIP: changed, but only 10 min since the last build — the owner's ceiling is one per 15 min.
exit 3

=== 2026-09-07T22:33:44Z  77752af7
SKIP: changed, but only 10 min since the last build — the owner's ceiling is one per 15 min.
exit 3

=== 2026-09-07T22:53:12Z  234da798
SKIP: changed, but only 3 min since the last build — the owner's ceiling is one per 15 min.
exit 3

=== 2026-09-07T22:53:45Z  ac8ae245
SKIP: changed, but only 3 min since the last build — the owner's ceiling is one per 15 min.
exit 3

=== 2026-09-07T23:01:05Z  6733b891
SKIP: changed, but only 11 min since the last build — the owner's ceiling is one per 15 min.
exit 3

=== 2026-09-07T23:03:19Z  864ac9a5
SKIP: changed, but only 13 min since the last build — the owner's ceiling is one per 15 min.
exit 3

=== 2026-09-07T23:05:22Z  78697ca1
SKIP: another rebuild is already in flight.
exit 3

=== 2026-09-07T23:07:57Z  3e063c2f
SKIP: changed, but only 2 min since the last build — the owner's ceiling is one per 15 min.
exit 3

=== 2026-09-07T23:15:47Z  f9717f5a
SKIP: changed, but only 10 min since the last build — the owner's ceiling is one per 15 min.
exit 3

=== 2026-09-07T23:19:37Z  4b164065
SKIP: changed, but only 14 min since the last build — the owner's ceiling is one per 15 min.
exit 3

=== 2026-09-07T23:19:55Z  466e7595
SKIP: changed, but only 14 min since the last build — the owner's ceiling is one per 15 min.
exit 3

=== 2026-09-08T01:46:30Z  361dddfd
REBUILT 1581 files — red 33, blue 177, green 1201, grey 170, unmeasured 0
  page -> /mnt/d/Luke/dev/Rimworld/Transient/codebase_health_artifact.html
exit 0

=== 2026-09-08T01:50:26Z  0b1ad5a5
SKIP: changed, but only 3 min since the last build — the owner's ceiling is one per 15 min.
exit 3

=== 2026-09-08T03:06:16Z  5b0fb464
SKIP: changed, but only 3 min since the last build — the owner's ceiling is one per 15 min.
exit 3

=== 2026-09-08T03:39:24Z  9ec29669
REBUILT 1582 files — red 33, blue 177, green 1200, grey 172, unmeasured 0
  page -> /mnt/d/Luke/dev/Rimworld/Transient/codebase_health_artifact.html
exit 0

=== 2026-09-08T03:51:14Z  aa0380ce
SKIP: changed, but only 11 min since the last build — the owner's ceiling is one per 15 min.
exit 3

=== 2026-09-08T04:08:22Z  12e0766f
SKIP: changed, but only 7 min since the last build — the owner's ceiling is one per 15 min.
exit 3

=== 2026-09-08T04:13:21Z  34bb9156
SKIP: changed, but only 12 min since the last build — the owner's ceiling is one per 15 min.
exit 3

=== 2026-09-08T04:17:35Z  bdaaf62a
REBUILT 1583 files — red 33, blue 177, green 1200, grey 173, unmeasured 0
  page -> /mnt/d/Luke/dev/Rimworld/Transient/codebase_health_artifact.html
exit 0

=== 2026-09-08T04:37:09Z  052b07b5
SKIP: changed, but only 2 min since the last build — the owner's ceiling is one per 15 min.
exit 3

=== 2026-09-08T04:40:44Z  c77a003b
SKIP: changed, but only 6 min since the last build — the owner's ceiling is one per 15 min.
exit 3

=== 2026-09-08T04:43:17Z  582e9432
SKIP: changed, but only 8 min since the last build — the owner's ceiling is one per 15 min.
exit 3
SKIP: changed, but only 9 min since the last build — the owner's ceiling is one per 15 min.

=== 2026-09-08T04:45:16Z  9f9a2e77
SKIP: changed, but only 10 min since the last build — the owner's ceiling is one per 15 min.
exit 3

=== 2026-09-08T04:45:48Z  492df215

=== 2026-09-08T04:45:49Z  bcccb196
SKIP: changed, but only 11 min since the last build — the owner's ceiling is one per 15 min.
exit 3
SKIP: changed, but only 11 min since the last build — the owner's ceiling is one per 15 min.
exit 3

=== 2026-09-08T04:46:36Z  5cc2750f
SKIP: changed, but only 12 min since the last build — the owner's ceiling is one per 15 min.
exit 3

=== 2026-09-08T04:47:40Z  c7cec91e
SKIP: changed, but only 13 min since the last build — the owner's ceiling is one per 15 min.
exit 3

=== 2026-09-08T04:49:24Z  e373ce75
SKIP: changed, but only 14 min since the last build — the owner's ceiling is one per 15 min.
exit 3

=== 2026-09-08T04:50:39Z  a0728d4b
SKIP: another rebuild is already in flight.
REBUILT 1594 files — red 33, blue 178, green 1200, grey 183, unmeasured 0
  page -> /mnt/d/Luke/dev/Rimworld/Transient/codebase_health_artifact.html
exit 0

=== 2026-09-08T04:51:18Z  56b17db2
SKIP: changed, but only 0 min since the last build — the owner's ceiling is one per 15 min.
exit 3

=== 2026-09-08T04:57:58Z  a0e9f2d6
SKIP: changed, but only 7 min since the last build — the owner's ceiling is one per 15 min.
exit 3
SKIP: changed, but only 7 min since the last build — the owner's ceiling is one per 15 min.

=== 2026-09-08T04:58:31Z  7c25926e
SKIP: changed, but only 7 min since the last build — the owner's ceiling is one per 15 min.
exit 3

=== 2026-09-08T05:05:47Z  8f031a0b
SKIP: another rebuild is already in flight.
REBUILT 1595 files — red 33, blue 183, green 1197, grey 182, unmeasured 0
  page -> /mnt/d/Luke/dev/Rimworld/Transient/codebase_health_artifact.html
exit 0

=== 2026-09-08T05:06:29Z  7e861e9c
SKIP: changed, but only 0 min since the last build — the owner's ceiling is one per 15 min.
exit 3

=== 2026-09-08T05:06:43Z  ed29e8c3
SKIP: changed, but only 0 min since the last build — the owner's ceiling is one per 15 min.
exit 3

=== 2026-09-08T05:07:56Z  7c295d7d
SKIP: changed, but only 1 min since the last build — the owner's ceiling is one per 15 min.
exit 3

=== 2026-09-08T05:09:23Z  5932b583
SKIP: changed, but only 3 min since the last build — the owner's ceiling is one per 15 min.
exit 3

=== 2026-09-08T05:10:28Z  9d53fe45
SKIP: changed, but only 4 min since the last build — the owner's ceiling is one per 15 min.
exit 3
SKIP: changed, but only 7 min since the last build — the owner's ceiling is one per 15 min.
SKIP: changed, but only 7 min since the last build — the owner's ceiling is one per 15 min.

=== 2026-09-08T05:14:12Z  a181ce51
SKIP: changed, but only 8 min since the last build — the owner's ceiling is one per 15 min.
exit 3

=== 2026-09-08T05:15:57Z  4e707a01
SKIP: changed, but only 9 min since the last build — the owner's ceiling is one per 15 min.
exit 3
SKIP: changed, but only 10 min since the last build — the owner's ceiling is one per 15 min.

=== 2026-09-08T05:16:43Z  a1653e02
SKIP: changed, but only 10 min since the last build — the owner's ceiling is one per 15 min.
exit 3

=== 2026-09-08T05:19:48Z  f8f51187
SKIP: changed, but only 13 min since the last build — the owner's ceiling is one per 15 min.
exit 3
SKIP: changed, but only 13 min since the last build — the owner's ceiling is one per 15 min.

=== 2026-09-08T05:20:03Z  7d70dfae
SKIP: changed, but only 13 min since the last build — the owner's ceiling is one per 15 min.
exit 3

=== 2026-09-08T05:20:47Z  22e91195
SKIP: changed, but only 14 min since the last build — the owner's ceiling is one per 15 min.
exit 3

=== 2026-09-08T05:21:09Z  09ce5b8f
REBUILT 1595 files — red 33, blue 187, green 1196, grey 179, unmeasured 0
  page -> /mnt/d/Luke/dev/Rimworld/Transient/codebase_health_artifact.html
exit 0
SKIP: changed, but only 5 min since the last build — the owner's ceiling is one per 15 min.

=== 2026-09-08T05:26:34Z  2861b94d
SKIP: changed, but only 5 min since the last build — the owner's ceiling is one per 15 min.
exit 3

=== 2026-09-08T05:26:52Z  279e2e00
SKIP: changed, but only 5 min since the last build — the owner's ceiling is one per 15 min.
exit 3
SKIP: changed, but only 5 min since the last build — the owner's ceiling is one per 15 min.
SKIP: changed, but only 5 min since the last build — the owner's ceiling is one per 15 min.

=== 2026-09-08T05:27:18Z  7bedead6
SKIP: changed, but only 6 min since the last build — the owner's ceiling is one per 15 min.
exit 3
SKIP: changed, but only 8 min since the last build — the owner's ceiling is one per 15 min.

=== 2026-09-08T05:30:55Z  5f75d12d
SKIP: changed, but only 9 min since the last build — the owner's ceiling is one per 15 min.
exit 3
SKIP: changed, but only 9 min since the last build — the owner's ceiling is one per 15 min.
SKIP: changed, but only 10 min since the last build — the owner's ceiling is one per 15 min.

=== 2026-09-08T05:35:30Z  9698e721
SKIP: changed, but only 14 min since the last build — the owner's ceiling is one per 15 min.
exit 3
SKIP: changed, but only 14 min since the last build — the owner's ceiling is one per 15 min.

=== 2026-09-08T05:35:47Z  07e9ab0e
SKIP: changed, but only 14 min since the last build — the owner's ceiling is one per 15 min.
exit 3

=== 2026-09-08T05:41:26Z  4bba5f26
SKIP: another rebuild is already in flight.
REBUILT 1595 files — red 33, blue 195, green 1196, grey 171, unmeasured 0
  page -> /mnt/d/Luke/dev/Rimworld/Transient/codebase_health_artifact.html
exit 0

=== 2026-09-08T05:42:05Z  5fd66fbb
SKIP: changed, but only 0 min since the last build — the owner's ceiling is one per 15 min.
exit 3

=== 2026-09-08T05:43:45Z  9cf1c2ed
SKIP: changed, but only 2 min since the last build — the owner's ceiling is one per 15 min.
exit 3

=== 2026-09-08T05:44:25Z  7d0a56cf
SKIP: changed, but only 2 min since the last build — the owner's ceiling is one per 15 min.
exit 3

=== 2026-09-08T05:45:10Z  b8ec4d2a
SKIP: changed, but only 3 min since the last build — the owner's ceiling is one per 15 min.
exit 3

=== 2026-09-08T05:45:34Z  fd42abf0
SKIP: changed, but only 4 min since the last build — the owner's ceiling is one per 15 min.
exit 3

=== 2026-09-08T05:47:58Z  d712072d
SKIP: changed, but only 6 min since the last build — the owner's ceiling is one per 15 min.
exit 3

=== 2026-09-08T05:49:48Z  5fa1c5d7
SKIP: changed, but only 8 min since the last build — the owner's ceiling is one per 15 min.
exit 3

=== 2026-09-08T06:01:17Z  c195170c
REBUILT 1595 files — red 34, blue 197, green 1195, grey 169, unmeasured 0
  page -> /mnt/d/Luke/dev/Rimworld/Transient/codebase_health_artifact.html
exit 0

=== 2026-09-08T13:01:33Z  e67982b0
SKIP: changed, but only 2 min since the last build — the owner's ceiling is one per 15 min.
exit 3

=== 2026-09-08T13:04:10Z  b65f3cd0
SKIP: changed, but only 5 min since the last build — the owner's ceiling is one per 15 min.
exit 3

=== 2026-09-08T13:09:37Z  3537473e
SKIP: changed, but only 10 min since the last build — the owner's ceiling is one per 15 min.
exit 3

=== 2026-09-08T13:12:30Z  547d1c2b
SKIP: changed, but only 13 min since the last build — the owner's ceiling is one per 15 min.
exit 3

=== 2026-09-08T13:13:42Z  06da6f34
SKIP: changed, but only 14 min since the last build — the owner's ceiling is one per 15 min.
exit 3
REBUILT 1595 files — red 34, blue 196, green 1196, grey 169, unmeasured 0
  page -> /mnt/d/Luke/dev/Rimworld/Transient/codebase_health_artifact.html

=== 2026-09-08T13:14:09Z  f8c40667
SKIP: changed, but only 0 min since the last build — the owner's ceiling is one per 15 min.
exit 3

=== 2026-09-08T13:15:25Z  2038f864
SKIP: changed, but only 1 min since the last build — the owner's ceiling is one per 15 min.
exit 3

=== 2026-09-08T13:16:28Z  09041ee2
SKIP: changed, but only 2 min since the last build — the owner's ceiling is one per 15 min.
exit 3

=== 2026-09-08T13:17:35Z  2fc434a8
SKIP: changed, but only 3 min since the last build — the owner's ceiling is one per 15 min.
exit 3

=== 2026-09-08T13:19:40Z  859f4533
SKIP: changed, but only 5 min since the last build — the owner's ceiling is one per 15 min.
exit 3

=== 2026-09-08T13:19:54Z  738795eb
SKIP: changed, but only 6 min since the last build — the owner's ceiling is one per 15 min.
exit 3

=== 2026-09-08T13:26:47Z  0c9f0618
SKIP: changed, but only 13 min since the last build — the owner's ceiling is one per 15 min.
exit 3

=== 2026-09-08T13:29:27Z  37c96a19
REBUILT 1595 files — red 34, blue 198, green 1194, grey 169, unmeasured 0
  page -> /mnt/d/Luke/dev/Rimworld/Transient/codebase_health_artifact.html
exit 0

=== 2026-09-08T13:42:49Z  c4ce219a
SKIP: changed, but only 13 min since the last build — the owner's ceiling is one per 15 min.
exit 3

=== 2026-09-08T13:44:52Z  b9a1d9a2
SKIP: another rebuild is already in flight.
SKIP: another rebuild is already in flight.

=== 2026-09-08T13:45:11Z  97794051
REBUILT 1596 files — red 34, blue 202, green 1193, grey 167, unmeasured 0
  page -> /mnt/d/Luke/dev/Rimworld/Transient/codebase_health_artifact.html
exit 0
REBUILT 1596 files — red 34, blue 202, green 1193, grey 167, unmeasured 0
  page -> /mnt/d/Luke/dev/Rimworld/Transient/codebase_health_artifact.html
exit 0

=== 2026-09-08T13:48:52Z  328b4b65
SKIP: changed, but only 3 min since the last build — the owner's ceiling is one per 15 min.
exit 3

=== 2026-09-08T13:55:31Z  c66f9f47
SKIP: changed, but only 10 min since the last build — the owner's ceiling is one per 15 min.
exit 3

=== 2026-09-08T13:59:04Z  c69177b8
SKIP: changed, but only 13 min since the last build — the owner's ceiling is one per 15 min.
exit 3

=== 2026-09-08T14:00:07Z  9e901b86
SKIP: changed, but only 14 min since the last build — the owner's ceiling is one per 15 min.
exit 3

=== 2026-09-08T14:08:04Z  a35e4f62
SKIP: changed, but only 4 min since the last build — the owner's ceiling is one per 15 min.
exit 3

=== 2026-09-08T14:09:13Z  29101eae
SKIP: changed, but only 5 min since the last build — the owner's ceiling is one per 15 min.
exit 3

=== 2026-09-08T14:10:18Z  e3212aae
SKIP: changed, but only 6 min since the last build — the owner's ceiling is one per 15 min.
exit 3
SKIP: changed, but only 8 min since the last build — the owner's ceiling is one per 15 min.
SKIP: changed, but only 9 min since the last build — the owner's ceiling is one per 15 min.
SKIP: changed, but only 9 min since the last build — the owner's ceiling is one per 15 min.
SKIP: changed, but only 9 min since the last build — the owner's ceiling is one per 15 min.
SKIP: changed, but only 9 min since the last build — the owner's ceiling is one per 15 min.
SKIP: changed, but only 10 min since the last build — the owner's ceiling is one per 15 min.

=== 2026-09-08T14:14:10Z  51e7846d
SKIP: changed, but only 10 min since the last build — the owner's ceiling is one per 15 min.
exit 3

=== 2026-09-08T14:14:44Z  2174503f
SKIP: changed, but only 11 min since the last build — the owner's ceiling is one per 15 min.
exit 3
SKIP: changed, but only 12 min since the last build — the owner's ceiling is one per 15 min.
SKIP: changed, but only 13 min since the last build — the owner's ceiling is one per 15 min.
SKIP: changed, but only 13 min since the last build — the owner's ceiling is one per 15 min.
SKIP: changed, but only 14 min since the last build — the owner's ceiling is one per 15 min.
SKIP: changed, but only 14 min since the last build — the owner's ceiling is one per 15 min.

=== 2026-09-08T14:18:28Z  435b69dc

=== 2026-09-08T14:18:42Z  2aeb5193
SKIP: another rebuild is already in flight.
exit 3
REBUILT 1597 files — red 34, blue 204, green 1200, grey 159, unmeasured 0
  page -> /mnt/d/Luke/dev/Rimworld/Transient/codebase_health_artifact.html
exit 0

=== 2026-09-08T14:20:33Z  f020cfc6
SKIP: changed, but only 2 min since the last build — the owner's ceiling is one per 15 min.
exit 3
SKIP: changed, but only 5 min since the last build — the owner's ceiling is one per 15 min.

=== 2026-09-08T14:24:26Z  aa15a74c
SKIP: changed, but only 5 min since the last build — the owner's ceiling is one per 15 min.
SKIP: changed, but only 5 min since the last build — the owner's ceiling is one per 15 min.
exit 3

=== 2026-09-08T14:28:08Z  edd54728
SKIP: changed, but only 9 min since the last build — the owner's ceiling is one per 15 min.
exit 3

=== 2026-09-08T14:29:52Z  c323e30a
SKIP: changed, but only 11 min since the last build — the owner's ceiling is one per 15 min.
exit 3

=== 2026-09-08T14:31:00Z  7bbd4b6a
SKIP: changed, but only 12 min since the last build — the owner's ceiling is one per 15 min.
exit 3

=== 2026-09-08T14:31:26Z  2691a1e3
SKIP: changed, but only 12 min since the last build — the owner's ceiling is one per 15 min.
exit 3
SKIP: changed, but only 13 min since the last build — the owner's ceiling is one per 15 min.
SKIP: changed, but only 13 min since the last build — the owner's ceiling is one per 15 min.
SKIP: changed, but only 13 min since the last build — the owner's ceiling is one per 15 min.

=== 2026-09-08T14:33:02Z  0850ef10
SKIP: changed, but only 14 min since the last build — the owner's ceiling is one per 15 min.
exit 3

=== 2026-09-08T14:33:13Z  f658d7a0
SKIP: changed, but only 14 min since the last build — the owner's ceiling is one per 15 min.
exit 3
REBUILT 1597 files — red 36, blue 199, green 1208, grey 154, unmeasured 0
  page -> /mnt/d/Luke/dev/Rimworld/Transient/codebase_health_artifact.html

=== 2026-09-08T14:36:01Z  cc18032c
SKIP: changed, but only 1 min since the last build — the owner's ceiling is one per 15 min.
exit 3

=== 2026-09-08T14:36:10Z  64eb8f3e
SKIP: changed, but only 1 min since the last build — the owner's ceiling is one per 15 min.
exit 3
SKIP: changed, but only 8 min since the last build — the owner's ceiling is one per 15 min.
SKIP: changed, but only 8 min since the last build — the owner's ceiling is one per 15 min.
SKIP: changed, but only 8 min since the last build — the owner's ceiling is one per 15 min.

=== 2026-09-08T14:43:40Z  68a09c9a
SKIP: changed, but only 9 min since the last build — the owner's ceiling is one per 15 min.
exit 3

=== 2026-09-08T14:43:52Z  ea1ac484
SKIP: changed, but only 9 min since the last build — the owner's ceiling is one per 15 min.
SKIP: changed, but only 9 min since the last build — the owner's ceiling is one per 15 min.
exit 3

=== 2026-09-08T14:47:51Z  9609eb9d
REBUILT 1597 files — red 37, blue 198, green 1212, grey 150, unmeasured 0
  page -> /mnt/d/Luke/dev/Rimworld/Transient/codebase_health_artifact.html
exit 0

=== 2026-09-08T14:51:14Z  7e650936
SKIP: changed, but only 3 min since the last build — the owner's ceiling is one per 15 min.
exit 3

=== 2026-09-08T14:52:37Z  6204e16b
SKIP: changed, but only 4 min since the last build — the owner's ceiling is one per 15 min.
exit 3

=== 2026-09-08T14:53:31Z  076f2185
SKIP: changed, but only 5 min since the last build — the owner's ceiling is one per 15 min.
exit 3

=== 2026-09-08T14:55:08Z  0057dd3c
SKIP: changed, but only 7 min since the last build — the owner's ceiling is one per 15 min.
exit 3

=== 2026-09-08T14:56:06Z  78fe3b38
SKIP: changed, but only 8 min since the last build — the owner's ceiling is one per 15 min.
exit 3

=== 2026-09-08T14:56:32Z  6b8739da
SKIP: changed, but only 8 min since the last build — the owner's ceiling is one per 15 min.
exit 3

=== 2026-09-08T15:06:48Z  c672bfda
REBUILT 1597 files — red 37, blue 198, green 1212, grey 150, unmeasured 0
  page -> /mnt/d/Luke/dev/Rimworld/Transient/codebase_health_artifact.html
exit 0

=== 2026-09-08T15:13:53Z  77dccf02
SKIP: changed, but only 7 min since the last build — the owner's ceiling is one per 15 min.
exit 3

=== 2026-09-08T15:15:47Z  f56dc9d4
SKIP: changed, but only 9 min since the last build — the owner's ceiling is one per 15 min.
exit 3
SKIP: changed, but only 12 min since the last build — the owner's ceiling is one per 15 min.

=== 2026-09-08T15:21:01Z  807ce1c9
SKIP: changed, but only 14 min since the last build — the owner's ceiling is one per 15 min.
exit 3

=== 2026-09-08T15:22:43Z  cbd371cc
REBUILT 1594 files — red 37, blue 198, green 1208, grey 151, unmeasured 0
  page -> /mnt/d/Luke/dev/Rimworld/Transient/codebase_health_artifact.html
exit 0

=== 2026-09-08T15:33:47Z  c8c206a9
SKIP: changed, but only 11 min since the last build — the owner's ceiling is one per 15 min.
exit 3

=== 2026-09-08T15:34:00Z  03c9db14
SKIP: changed, but only 11 min since the last build — the owner's ceiling is one per 15 min.
exit 3

=== 2026-09-08T15:34:27Z  571b3370
SKIP: changed, but only 11 min since the last build — the owner's ceiling is one per 15 min.
exit 3

=== 2026-09-08T15:34:44Z  cbc0a871
SKIP: changed, but only 12 min since the last build — the owner's ceiling is one per 15 min.
exit 3

=== 2026-09-08T15:35:13Z  e4e32de0
SKIP: changed, but only 12 min since the last build — the owner's ceiling is one per 15 min.
exit 3

=== 2026-09-08T15:39:46Z  a7c1dc2c
REBUILT 1595 files — red 35, blue 199, green 1209, grey 152, unmeasured 0
  page -> /mnt/d/Luke/dev/Rimworld/Transient/codebase_health_artifact.html
exit 0

=== 2026-09-08T15:41:02Z  80e38de9
SKIP: changed, but only 1 min since the last build — the owner's ceiling is one per 15 min.
exit 3

=== 2026-09-08T15:42:03Z  71753752
SKIP: changed, but only 2 min since the last build — the owner's ceiling is one per 15 min.
exit 3

=== 2026-09-08T15:43:29Z  6180f961
SKIP: changed, but only 3 min since the last build — the owner's ceiling is one per 15 min.
exit 3

=== 2026-09-08T15:44:50Z  1974a7c6
SKIP: changed, but only 5 min since the last build — the owner's ceiling is one per 15 min.
exit 3

=== 2026-09-08T15:46:11Z  b8b65eb4
SKIP: changed, but only 6 min since the last build — the owner's ceiling is one per 15 min.
exit 3

=== 2026-09-08T15:49:44Z  b380f413
SKIP: changed, but only 10 min since the last build — the owner's ceiling is one per 15 min.
exit 3

=== 2026-09-08T15:52:53Z  b81a023b
SKIP: changed, but only 13 min since the last build — the owner's ceiling is one per 15 min.
exit 3

=== 2026-09-08T15:53:19Z  e3333bed
SKIP: changed, but only 13 min since the last build — the owner's ceiling is one per 15 min.
exit 3

=== 2026-09-08T15:56:32Z  7c5f48b2
SKIP: changed, but only 0 min since the last build — the owner's ceiling is one per 15 min.
exit 3

=== 2026-09-08T15:56:56Z  cb7c9057
SKIP: changed, but only 0 min since the last build — the owner's ceiling is one per 15 min.
exit 3

=== 2026-09-08T15:57:53Z  72c58ea2
SKIP: changed, but only 1 min since the last build — the owner's ceiling is one per 15 min.
exit 3

=== 2026-09-08T15:59:33Z  2f60c5dc
SKIP: changed, but only 3 min since the last build — the owner's ceiling is one per 15 min.
exit 3

=== 2026-09-08T16:00:25Z  c6b9b7d9
SKIP: changed, but only 4 min since the last build — the owner's ceiling is one per 15 min.
exit 3

=== 2026-09-08T16:00:46Z  fbd74868
SKIP: changed, but only 4 min since the last build — the owner's ceiling is one per 15 min.
exit 3

=== 2026-09-08T16:03:51Z  4ae1ac59
SKIP: changed, but only 7 min since the last build — the owner's ceiling is one per 15 min.
exit 3

=== 2026-09-08T16:07:26Z  a9d5d251
SKIP: changed, but only 11 min since the last build — the owner's ceiling is one per 15 min.
exit 3

=== 2026-09-08T16:08:47Z  804a817c
SKIP: changed, but only 12 min since the last build — the owner's ceiling is one per 15 min.
exit 3

=== 2026-09-08T16:10:17Z  acfdbd05
SKIP: changed, but only 14 min since the last build — the owner's ceiling is one per 15 min.
exit 3

=== 2026-09-08T16:11:10Z  2175f938
SKIP: changed, but only 14 min since the last build — the owner's ceiling is one per 15 min.
exit 3

=== 2026-09-08T16:13:25Z  46cafe02
SKIP: changed, but only 1 min since the last build — the owner's ceiling is one per 15 min.
exit 3

=== 2026-09-08T16:13:48Z  a5cae96c
SKIP: changed, but only 2 min since the last build — the owner's ceiling is one per 15 min.
exit 3

=== 2026-09-08T16:15:01Z  2a76e9e0
SKIP: changed, but only 3 min since the last build — the owner's ceiling is one per 15 min.
exit 3

=== 2026-09-08T16:17:32Z  4de53d06
SKIP: changed, but only 5 min since the last build — the owner's ceiling is one per 15 min.
exit 3

=== 2026-09-08T16:19:21Z  c13d35c0
SKIP: changed, but only 7 min since the last build — the owner's ceiling is one per 15 min.
exit 3

=== 2026-09-08T16:34:46Z  8d64f329
REBUILT 1605 files — red 41, blue 203, green 1201, grey 160, unmeasured 0
  page -> /mnt/d/Luke/dev/Rimworld/Transient/codebase_health_artifact.html
exit 0

=== 2026-09-08T16:36:29Z  017d2c52
SKIP: changed, but only 1 min since the last build — the owner's ceiling is one per 15 min.
exit 3

=== 2026-09-08T16:49:07Z  7df58354
SKIP: changed, but only 14 min since the last build — the owner's ceiling is one per 15 min.
exit 3

=== 2026-09-08T17:15:01Z  e55a9854
SKIP: changed, but only 1 min since the last build — the owner's ceiling is one per 15 min.
exit 3

=== 2026-09-08T17:27:53Z  d884dd8f
SKIP: changed, but only 14 min since the last build — the owner's ceiling is one per 15 min.
exit 3

=== 2026-09-08T17:28:19Z  75b2cc0a
SKIP: changed, but only 14 min since the last build — the owner's ceiling is one per 15 min.
exit 3

=== 2026-09-08T17:31:22Z  147e370c
SKIP: changed, but only 2 min since the last build — the owner's ceiling is one per 15 min.
exit 3

=== 2026-09-08T17:34:09Z  40387d95
SKIP: changed, but only 5 min since the last build — the owner's ceiling is one per 15 min.
exit 3

=== 2026-09-08T18:00:39Z  c0e4e014
SKIP: changed, but only 6 min since the last build — the owner's ceiling is one per 15 min.
exit 3

=== 2026-09-08T18:00:59Z  0e816ff4
SKIP: changed, but only 7 min since the last build — the owner's ceiling is one per 15 min.
exit 3

=== 2026-09-08T18:13:18Z  2d9b14e3
SKIP: changed, but only 0 min since the last build — the owner's ceiling is one per 15 min.
exit 3

=== 2026-09-08T18:13:45Z  5c5f8ded
SKIP: changed, but only 1 min since the last build — the owner's ceiling is one per 15 min.
exit 3

=== 2026-09-08T18:31:58Z  fbed4101
SKIP: changed, but only 1 min since the last build — the owner's ceiling is one per 15 min.
exit 3

=== 2026-09-08T18:32:10Z  6eea8d07
SKIP: changed, but only 1 min since the last build — the owner's ceiling is one per 15 min.
exit 3

=== 2026-09-08T18:40:09Z  6556f223
SKIP: changed, but only 9 min since the last build — the owner's ceiling is one per 15 min.
exit 3

=== 2026-09-08T18:40:16Z  d46d5bdd
SKIP: changed, but only 9 min since the last build — the owner's ceiling is one per 15 min.
exit 3

=== 2026-09-08T18:48:44Z  b329e342
SKIP: changed, but only 0 min since the last build — the owner's ceiling is one per 15 min.
exit 3

=== 2026-09-08T18:48:50Z  2d25018e
SKIP: changed, but only 0 min since the last build — the owner's ceiling is one per 15 min.
exit 3

=== 2026-09-08T19:19:35Z  ac7c941f
SKIP: changed, but only 8 min since the last build — the owner's ceiling is one per 15 min.
exit 3

=== 2026-09-08T19:19:51Z  edeb0c9e
SKIP: changed, but only 9 min since the last build — the owner's ceiling is one per 15 min.
exit 3

=== 2026-09-08T19:24:41Z  07db7373
SKIP: changed, but only 13 min since the last build — the owner's ceiling is one per 15 min.
exit 3

=== 2026-09-08T19:25:06Z  4b2fcb39
SKIP: changed, but only 14 min since the last build — the owner's ceiling is one per 15 min.
exit 3

=== 2026-09-08T19:28:20Z  5b5c6d60
SKIP: changed, but only 0 min since the last build — the owner's ceiling is one per 15 min.
exit 3

=== 2026-09-08T19:28:46Z  5c80b179
SKIP: changed, but only 1 min since the last build — the owner's ceiling is one per 15 min.
exit 3

=== 2026-09-08T19:29:28Z  e7d83fc3
SKIP: changed, but only 1 min since the last build — the owner's ceiling is one per 15 min.
exit 3

=== 2026-09-08T19:31:33Z  3b970039
SKIP: changed, but only 3 min since the last build — the owner's ceiling is one per 15 min.
exit 3

=== 2026-09-08T19:31:40Z  b317ef4c
SKIP: changed, but only 4 min since the last build — the owner's ceiling is one per 15 min.
exit 3

=== 2026-09-08T19:39:48Z  7ccec154
SKIP: changed, but only 12 min since the last build — the owner's ceiling is one per 15 min.
exit 3

=== 2026-09-08T19:43:09Z  81135e10
SKIP: changed, but only 0 min since the last build — the owner's ceiling is one per 15 min.
exit 3

=== 2026-09-08T19:43:24Z  da4f1e52
SKIP: changed, but only 0 min since the last build — the owner's ceiling is one per 15 min.
exit 3

=== 2026-09-08T19:43:42Z  c1a307d5
SKIP: changed, but only 0 min since the last build — the owner's ceiling is one per 15 min.
exit 3

=== 2026-09-08T19:49:59Z  260f01a1
SKIP: changed, but only 7 min since the last build — the owner's ceiling is one per 15 min.
exit 3

=== 2026-09-08T19:50:26Z  27c90a5a
SKIP: changed, but only 7 min since the last build — the owner's ceiling is one per 15 min.
exit 3

=== 2026-09-08T19:50:34Z  42b3abd5
SKIP: changed, but only 7 min since the last build — the owner's ceiling is one per 15 min.
exit 3

=== 2026-09-08T19:51:15Z  7c6739aa
SKIP: changed, but only 8 min since the last build — the owner's ceiling is one per 15 min.
exit 3

=== 2026-09-08T19:51:52Z  30167ee8
SKIP: changed, but only 9 min since the last build — the owner's ceiling is one per 15 min.
exit 3

=== 2026-09-08T19:56:22Z  4fdee742
SKIP: changed, but only 13 min since the last build — the owner's ceiling is one per 15 min.
exit 3

=== 2026-09-08T20:51:53Z  644080cb
SKIP: changed, but only 9 min since the last build — the owner's ceiling is one per 15 min.
exit 3

=== 2026-09-08T21:12:53Z  539ebf35
SKIP: changed, but only 4 min since the last build — the owner's ceiling is one per 15 min.
exit 3

=== 2026-09-08T21:13:08Z  1d77ecef
SKIP: changed, but only 4 min since the last build — the owner's ceiling is one per 15 min.
exit 3

=== 2026-09-08T21:29:50Z  dd4b9ba2
SKIP: changed, but only 0 min since the last build — the owner's ceiling is one per 15 min.
exit 3

=== 2026-09-08T21:48:03Z  4f338439
REBUILT 1644 files — red 31, blue 233, green 1182, grey 198, unmeasured 0
  page -> /mnt/d/Luke/dev/Rimworld/Transient/codebase_health_artifact.html
exit 0

=== 2026-09-08T21:48:30Z  63433d82
SKIP: changed, but only 0 min since the last build — the owner's ceiling is one per 15 min.
exit 3

=== 2026-09-08T21:52:54Z  44613332
SKIP: changed, but only 4 min since the last build — the owner's ceiling is one per 15 min.
exit 3

=== 2026-09-08T21:53:19Z  c84f16b2
SKIP: changed, but only 5 min since the last build — the owner's ceiling is one per 15 min.
exit 3

=== 2026-09-08T21:53:28Z  005c0b8e
SKIP: changed, but only 5 min since the last build — the owner's ceiling is one per 15 min.
exit 3

=== 2026-09-08T21:53:46Z  e7dcfbec
SKIP: changed, but only 5 min since the last build — the owner's ceiling is one per 15 min.
exit 3

=== 2026-09-08T21:54:59Z  49e73af2
SKIP: changed, but only 6 min since the last build — the owner's ceiling is one per 15 min.
exit 3

=== 2026-09-08T22:18:32Z  c15a58f0
SKIP: changed, but only 3 min since the last build — the owner's ceiling is one per 15 min.
exit 3

=== 2026-09-08T22:45:23Z  3df346c6
REBUILT 1652 files — red 31, blue 229, green 1183, grey 209, unmeasured 0
  page -> /mnt/d/Luke/dev/Rimworld/Transient/codebase_health_artifact.html
exit 0

=== 2026-09-08T22:59:23Z  e310909b
SKIP: changed, but only 14 min since the last build — the owner's ceiling is one per 15 min.
exit 3

=== 2026-09-08T23:04:37Z  92c130cb
SKIP: changed, but only 0 min since the last build — the owner's ceiling is one per 15 min.
exit 3

=== 2026-09-08T23:19:39Z  8c274947
REBUILT 1655 files — red 31, blue 236, green 1180, grey 208, unmeasured 0
  page -> /mnt/d/Luke/dev/Rimworld/Transient/codebase_health_artifact.html
exit 0

=== 2026-09-08T23:19:58Z  b5ac6b8d
SKIP: changed, but only 0 min since the last build — the owner's ceiling is one per 15 min.
exit 3

=== 2026-09-08T23:25:37Z  ba1f167f
SKIP: changed, but only 5 min since the last build — the owner's ceiling is one per 15 min.
exit 3

=== 2026-09-08T23:26:56Z  7b07a7d8
SKIP: changed, but only 7 min since the last build — the owner's ceiling is one per 15 min.
exit 3

=== 2026-09-08T23:29:48Z  92db2af5
SKIP: changed, but only 10 min since the last build — the owner's ceiling is one per 15 min.
exit 3

=== 2026-09-08T23:30:01Z  5e1efcde
SKIP: changed, but only 10 min since the last build — the owner's ceiling is one per 15 min.
exit 3

=== 2026-09-08T23:35:30Z  647c1f51
SKIP: changed, but only 0 min since the last build — the owner's ceiling is one per 15 min.
exit 3

=== 2026-09-08T23:35:47Z  90334957
SKIP: changed, but only 0 min since the last build — the owner's ceiling is one per 15 min.
exit 3

=== 2026-09-08T23:36:11Z  43ce8279
SKIP: changed, but only 1 min since the last build — the owner's ceiling is one per 15 min.
exit 3

=== 2026-09-08T23:39:55Z  9dd2fdce
SKIP: changed, but only 4 min since the last build — the owner's ceiling is one per 15 min.
exit 3

=== 2026-09-08T23:43:24Z  dea06f60
SKIP: changed, but only 8 min since the last build — the owner's ceiling is one per 15 min.
exit 3

=== 2026-09-08T23:46:00Z  f32eef5f
SKIP: changed, but only 11 min since the last build — the owner's ceiling is one per 15 min.
exit 3

=== 2026-09-08T23:47:10Z  247cd6d4
SKIP: changed, but only 12 min since the last build — the owner's ceiling is one per 15 min.
exit 3

=== 2026-09-08T23:48:22Z  a7bbeaec
SKIP: changed, but only 13 min since the last build — the owner's ceiling is one per 15 min.
exit 3

=== 2026-09-08T23:48:44Z  7e6eda0b
SKIP: changed, but only 13 min since the last build — the owner's ceiling is one per 15 min.
exit 3

=== 2026-09-08T23:48:52Z  b704076b
SKIP: changed, but only 13 min since the last build — the owner's ceiling is one per 15 min.
exit 3

=== 2026-09-08T23:49:27Z  485380d4
SKIP: changed, but only 14 min since the last build — the owner's ceiling is one per 15 min.
exit 3

=== 2026-09-08T23:55:58Z  32013962
REBUILT 1634 files — red 30, blue 220, green 1032, grey 352, unmeasured 0
  page -> /mnt/d/Luke/dev/Rimworld/Transient/codebase_health_artifact.html
exit 0

=== 2026-09-08T23:56:20Z  29bc5235
SKIP: changed, but only 0 min since the last build — the owner's ceiling is one per 15 min.
exit 3

=== 2026-09-08T23:57:03Z  7ff9ef21
SKIP: changed, but only 1 min since the last build — the owner's ceiling is one per 15 min.
exit 3

=== 2026-09-08T23:57:23Z  8e779fb2
SKIP: changed, but only 1 min since the last build — the owner's ceiling is one per 15 min.
exit 3

=== 2026-09-08T23:58:10Z  f25e58b8
SKIP: changed, but only 2 min since the last build — the owner's ceiling is one per 15 min.
exit 3

=== 2026-09-09T00:04:03Z  0f7da95c
SKIP: changed, but only 8 min since the last build — the owner's ceiling is one per 15 min.
exit 3

=== 2026-09-09T00:09:13Z  11edf682
SKIP: changed, but only 13 min since the last build — the owner's ceiling is one per 15 min.
exit 3

=== 2026-09-09T00:12:17Z  b0e18f89
REBUILT 1637 files — red 30, blue 221, green 989, grey 397, unmeasured 0
  page -> /mnt/d/Luke/dev/Rimworld/Transient/codebase_health_artifact.html
exit 0

=== 2026-09-09T00:13:46Z  2050af8c
SKIP: changed, but only 1 min since the last build — the owner's ceiling is one per 15 min.
exit 3

=== 2026-09-09T00:14:00Z  106e6459
SKIP: changed, but only 1 min since the last build — the owner's ceiling is one per 15 min.
exit 3

=== 2026-09-09T00:27:53Z  f25b6ce4
SKIP: changed, but only 0 min since the last build — the owner's ceiling is one per 15 min.
exit 3

=== 2026-09-09T00:28:52Z  93d5bfdd
SKIP: changed, but only 1 min since the last build — the owner's ceiling is one per 15 min.
exit 3

=== 2026-09-09T00:31:20Z  de79a66c
SKIP: changed, but only 3 min since the last build — the owner's ceiling is one per 15 min.
exit 3

=== 2026-09-09T00:49:03Z  655b53e4
SKIP: changed, but only 4 min since the last build — the owner's ceiling is one per 15 min.
exit 3

=== 2026-09-09T00:55:09Z  9be5b728
SKIP: changed, but only 10 min since the last build — the owner's ceiling is one per 15 min.
exit 3

=== 2026-09-09T01:28:45Z  18376015
REBUILT 1637 files — red 30, blue 224, green 987, grey 396, unmeasured 0
  page -> /mnt/d/Luke/dev/Rimworld/Transient/codebase_health_artifact.html
exit 0

=== 2026-09-09T01:39:27Z  fc103b59
SKIP: changed, but only 10 min since the last build — the owner's ceiling is one per 15 min.
exit 3

=== 2026-09-09T02:03:10Z  6c2c8bd9
SKIP: changed, but only 3 min since the last build — the owner's ceiling is one per 15 min.
exit 3

=== 2026-09-09T02:06:16Z  35e0756c
SKIP: changed, but only 6 min since the last build — the owner's ceiling is one per 15 min.
exit 3

=== 2026-09-09T02:06:51Z  3e67e817
SKIP: changed, but only 6 min since the last build — the owner's ceiling is one per 15 min.
exit 3

=== 2026-09-09T02:10:13Z  20a1643a
SKIP: changed, but only 10 min since the last build — the owner's ceiling is one per 15 min.
exit 3

=== 2026-09-09T02:17:45Z  23729555
WARN: `git status` failed; every file's 'in dev' state is UNMEASURED.
REBUILT 1639 files — red 23, blue 227, green 0, grey 0, unmeasured 1389
  page -> /mnt/d/Luke/dev/Rimworld/Transient/codebase_health_artifact.html
exit 0

=== 2026-09-09T02:20:43Z  2502b401
SKIP: changed, but only 2 min since the last build — the owner's ceiling is one per 15 min.
exit 3

=== 2026-09-09T02:21:13Z  f1836ee6
SKIP: changed, but only 3 min since the last build — the owner's ceiling is one per 15 min.
exit 3

=== 2026-09-09T02:24:53Z  0fbc0e14
SKIP: changed, but only 6 min since the last build — the owner's ceiling is one per 15 min.
exit 3

=== 2026-09-09T02:27:41Z  e4ea2a9f
SKIP: changed, but only 9 min since the last build — the owner's ceiling is one per 15 min.
exit 3

=== 2026-09-09T02:28:43Z  6d55d099
SKIP: changed, but only 10 min since the last build — the owner's ceiling is one per 15 min.
exit 3

=== 2026-09-09T02:30:23Z  2b29b3cb
SKIP: changed, but only 12 min since the last build — the owner's ceiling is one per 15 min.
exit 3

=== 2026-09-09T02:32:03Z  e4bc48e6
SKIP: changed, but only 14 min since the last build — the owner's ceiling is one per 15 min.
exit 3

=== 2026-09-09T02:34:21Z  01bfcd07
SKIP: another rebuild is already in flight.
exit 3

=== 2026-09-09T02:41:42Z  6a582966
SKIP: changed, but only 7 min since the last build — the owner's ceiling is one per 15 min.
exit 3

=== 2026-09-09T02:43:11Z  0a684d2c
SKIP: changed, but only 9 min since the last build — the owner's ceiling is one per 15 min.
exit 3

=== 2026-09-09T02:44:30Z  ac9ad21b
SKIP: changed, but only 10 min since the last build — the owner's ceiling is one per 15 min.
exit 3

=== 2026-09-09T02:48:00Z  ac913026
SKIP: changed, but only 13 min since the last build — the owner's ceiling is one per 15 min.
exit 3

=== 2026-09-09T02:48:38Z  e3c27857
SKIP: changed, but only 14 min since the last build — the owner's ceiling is one per 15 min.
exit 3

=== 2026-09-09T02:51:26Z  1f144a38
SKIP: changed, but only 2 min since the last build — the owner's ceiling is one per 15 min.
exit 3

=== 2026-09-09T02:51:52Z  0188c925
SKIP: changed, but only 2 min since the last build — the owner's ceiling is one per 15 min.
exit 3

=== 2026-09-09T02:52:17Z  5a902765
SKIP: changed, but only 3 min since the last build — the owner's ceiling is one per 15 min.
exit 3

=== 2026-09-09T02:53:36Z  c454ffde
SKIP: changed, but only 4 min since the last build — the owner's ceiling is one per 15 min.
exit 3

=== 2026-09-09T02:54:29Z  f7e19f50
SKIP: changed, but only 5 min since the last build — the owner's ceiling is one per 15 min.
exit 3

=== 2026-09-09T02:56:50Z  ee1ae82c
SKIP: changed, but only 7 min since the last build — the owner's ceiling is one per 15 min.
exit 3

=== 2026-09-09T02:57:26Z  61fb5e00
SKIP: changed, but only 8 min since the last build — the owner's ceiling is one per 15 min.
exit 3

=== 2026-09-09T02:59:02Z  11dcd56f
SKIP: changed, but only 9 min since the last build — the owner's ceiling is one per 15 min.
exit 3

=== 2026-09-09T02:59:30Z  c8b0baff
SKIP: changed, but only 10 min since the last build — the owner's ceiling is one per 15 min.
exit 3

=== 2026-09-09T03:09:16Z  624417ad
SKIP: changed, but only 0 min since the last build — the owner's ceiling is one per 15 min.
exit 3

=== 2026-09-09T03:10:27Z  88320c2f
SKIP: changed, but only 1 min since the last build — the owner's ceiling is one per 15 min.
exit 3

=== 2026-09-09T03:12:33Z  457d21f5
SKIP: changed, but only 3 min since the last build — the owner's ceiling is one per 15 min.
exit 3

=== 2026-09-09T03:16:37Z  8508685e

=== 2026-09-09T03:16:43Z  d28b8756
SKIP: changed, but only 7 min since the last build — the owner's ceiling is one per 15 min.
exit 3
SKIP: changed, but only 7 min since the last build — the owner's ceiling is one per 15 min.
exit 3

=== 2026-09-09T03:18:07Z  1a6feb62
SKIP: changed, but only 9 min since the last build — the owner's ceiling is one per 15 min.
exit 3

=== 2026-09-09T03:18:48Z  dcaa6b5b
SKIP: changed, but only 9 min since the last build — the owner's ceiling is one per 15 min.
exit 3

=== 2026-09-09T03:19:33Z  ef628781
SKIP: changed, but only 10 min since the last build — the owner's ceiling is one per 15 min.
exit 3

=== 2026-09-09T03:23:03Z  555ef84b
SKIP: changed, but only 14 min since the last build — the owner's ceiling is one per 15 min.
exit 3

=== 2026-09-09T03:23:53Z  618f9486
WARN: `git status` failed; every file's 'in dev' state is UNMEASURED.
REBUILT 1643 files — red 20, blue 232, green 0, grey 0, unmeasured 1391
  page -> /mnt/d/Luke/dev/Rimworld/Transient/codebase_health_artifact.html
exit 0

=== 2026-09-09T03:28:49Z  cdd3b907
SKIP: changed, but only 4 min since the last build — the owner's ceiling is one per 15 min.
exit 3

=== 2026-09-09T03:29:18Z  e9304377
SKIP: changed, but only 5 min since the last build — the owner's ceiling is one per 15 min.
exit 3

=== 2026-09-09T03:30:33Z  d1c2c008
SKIP: changed, but only 6 min since the last build — the owner's ceiling is one per 15 min.
exit 3

=== 2026-09-09T03:38:02Z  ddad4e68
SKIP: changed, but only 14 min since the last build — the owner's ceiling is one per 15 min.
exit 3

=== 2026-09-09T03:41:17Z  a5020486
SKIP: changed, but only 2 min since the last build — the owner's ceiling is one per 15 min.
exit 3

=== 2026-09-09T03:44:35Z  f91877bc
SKIP: changed, but only 5 min since the last build — the owner's ceiling is one per 15 min.
exit 3

=== 2026-09-09T03:45:46Z  f9f65d2f
SKIP: changed, but only 6 min since the last build — the owner's ceiling is one per 15 min.
exit 3

=== 2026-09-09T03:46:55Z  9656a389
SKIP: changed, but only 7 min since the last build — the owner's ceiling is one per 15 min.
exit 3

=== 2026-09-09T03:49:45Z  36952ad4
SKIP: changed, but only 10 min since the last build — the owner's ceiling is one per 15 min.
exit 3

=== 2026-09-09T03:54:26Z  87bea559
REBUILT 1643 files — red 15, blue 235, green 970, grey 423, unmeasured 0
  page -> /mnt/d/Luke/dev/Rimworld/Transient/codebase_health_artifact.html
exit 0

=== 2026-09-09T04:00:24Z  d88d0117
SKIP: changed, but only 5 min since the last build — the owner's ceiling is one per 15 min.
exit 3

=== 2026-09-09T04:03:48Z  e9c90d7b
SKIP: changed, but only 9 min since the last build — the owner's ceiling is one per 15 min.
exit 3

=== 2026-09-09T04:12:09Z  b92adbbd
REBUILT 1646 files — red 15, blue 239, green 969, grey 423, unmeasured 0
  page -> /mnt/d/Luke/dev/Rimworld/Transient/codebase_health_artifact.html
exit 0

=== 2026-09-09T04:14:14Z  c536d804
SKIP: changed, but only 2 min since the last build — the owner's ceiling is one per 15 min.
exit 3

=== 2026-09-09T04:16:49Z  6714f03f
SKIP: changed, but only 4 min since the last build — the owner's ceiling is one per 15 min.
exit 3

=== 2026-09-09T04:19:11Z  6c8cf269
SKIP: changed, but only 7 min since the last build — the owner's ceiling is one per 15 min.
exit 3

=== 2026-09-09T04:35:22Z  ec0694fe
REBUILT 1646 files — red 15, blue 239, green 969, grey 423, unmeasured 0
  page -> /mnt/d/Luke/dev/Rimworld/Transient/codebase_health_artifact.html
exit 0

=== 2026-09-09T04:47:53Z  afa5ac40
SKIP: changed, but only 12 min since the last build — the owner's ceiling is one per 15 min.
exit 3

=== 2026-09-09T04:48:50Z  4975090f
SKIP: changed, but only 13 min since the last build — the owner's ceiling is one per 15 min.
exit 3

=== 2026-09-09T05:00:58Z  9ad92b7c
REBUILT 1647 files — red 15, blue 239, green 969, grey 424, unmeasured 0
  page -> /mnt/d/Luke/dev/Rimworld/Transient/codebase_health_artifact.html
exit 0

=== 2026-09-09T05:03:50Z  2ed52d77
SKIP: changed, but only 2 min since the last build — the owner's ceiling is one per 15 min.
exit 3

=== 2026-09-09T05:07:54Z  a085bf59
SKIP: changed, but only 6 min since the last build — the owner's ceiling is one per 15 min.
exit 3

=== 2026-09-09T05:16:41Z  437b8b81
REBUILT 1648 files — red 15, blue 235, green 969, grey 429, unmeasured 0
  page -> /mnt/d/Luke/dev/Rimworld/Transient/codebase_health_artifact.html
exit 0

=== 2026-09-09T05:19:50Z  8028b316
SKIP: changed, but only 3 min since the last build — the owner's ceiling is one per 15 min.
exit 3

=== 2026-09-09T05:29:51Z  671ff569
SKIP: changed, but only 13 min since the last build — the owner's ceiling is one per 15 min.
exit 3

=== 2026-09-09T05:36:57Z  af0f1280
SKIP: changed, but only 4 min since the last build — the owner's ceiling is one per 15 min.
exit 3

=== 2026-09-09T05:39:11Z  afeeef6c
SKIP: changed, but only 6 min since the last build — the owner's ceiling is one per 15 min.
exit 3

=== 2026-09-09T05:39:34Z  f0ecefd5
SKIP: changed, but only 6 min since the last build — the owner's ceiling is one per 15 min.
exit 3

=== 2026-09-09T05:44:26Z  452cefe8
SKIP: changed, but only 11 min since the last build — the owner's ceiling is one per 15 min.
exit 3
