race,kind,label,mod,has_genders,has_female_art,has_distinct_young,group,herd,roster_biomes,roster_commonality,domestic,pack,petlike,tameable,wildness,trainability,milk,shear,egg,body_size,young_days,life_years,gestation_days,flyer,swim_art,water,bodydef,canon,dimorph_snip,young_snip,young_strong,separate_young_race,g_score,g_cost_jobs,j_score,j_cost_jobs
RSW_Bantha,RSW_Bantha,bantha,SWBestiary,True,True,True,3~9,True,4,2.2,True,True,True,True,0.7,Advanced,True,True,False,4.0,36.0,100.0,7.0,False,False,False,QuadrupedAnimalWithHoovesAndHorn,bantha,"https://starwars.fandom.com/wiki/Bantha). **Legends only**: bulls were larger than cows, and most females achieved just a single spiral o",,False,False,22.34,6,12.73,3
RSW_Nerf,RSW_Nerf,nerf,SWBestiary,True,True,True,3~5,True,2,0.4,True,True,True,True,0.05,,True,True,False,2.0,27.0,55.0,20.0,False,False,False,QuadrupedAnimalWithHoovesAndHorn,nerf,"ities, and could cause burns if it landed on exposed skin. Male nerfs were generally larger and more aggressive than their female counterparts, with mo",,False,False,18.07,6,11.08,3
RSW_Kybuck,RSW_Kybuck,kybuck,SWBestiary,True,False,False,3~6,True,1,0.6,True,True,True,True,0.3,Intermediate,False,False,False,1.0,12.0,25.0,10.0,False,False,False,RSW_Kybuck,kybuck,edators. Kybucks could run at up to 90 kilometers per hour. Males had short horns sitting atop their head. There were many different breeds o,,False,False,16.96,6,10.02,3
RM_Aveluthia,RM_Aveluthia,aveluthia,Abyss,True,False,False,3~9,True,2,1.0,True,True,False,True,0.65,None,True,False,False,2.8,42.0,15.0,10.0,False,False,False,QuadrupedAnimalWithHoovesAndHorn,,,,False,False,16.54,6,11.16,3
RSW_Falumpaset,RSW_Falumpaset,falumpaset,SWBestiary,True,False,False,3~8,True,3,0.7,True,True,True,True,0.65,Advanced,True,False,False,3.0,36.0,50.0,10.0,False,False,False,QuadrupedAnimalWithHoovesAndHump,falumpaset,,,False,False,16.29,6,11.98,3
RSW_Gelagrub,RSW_Gelagrub,gelagrub,SWBestiary,True,False,False,3~9,True,2,0.7,True,True,False,True,0.4,None,True,False,True,2.4,15.0,8.0,,False,False,False,RSW_Gelagrub,gelagrub,,,False,False,16.04,6,9.95,3
RSW_Nuna,RSW_Nuna,nuna,SWBestiary,True,True,True,2~6,True,9,3.3,True,False,False,True,0.2,None,False,False,True,0.6,12.0,6.0,,False,False,False,Bird,nuna,,,False,False,15.41,3,8.52,3
RSW_Eopie,RSW_Eopie,eopie,SWBestiary,True,False,True,2~5,True,4,1.5,True,True,False,True,0.25,None,True,False,False,1.4,18.0,34.0,7.0,False,False,False,RSW_Eopie,eopie,,,False,False,15.37,6,10.0,3
RSW_Iriaz,RSW_Iriaz,iriaz,SWBestiary,True,False,False,6~12,True,4,1.7,True,False,False,True,0.75,None,False,False,False,0.7,12.0,10.0,4.0,False,False,False,QuadrupedAnimalWithHooves,iriaz,,,False,False,14.95,3,7.92,3
RSW_Shaak,RSW_Shaak,shaaks,SWBestiary,True,False,False,4~8,True,2,0.4,True,True,False,True,0.1,None,False,False,False,3.0,12.0,24.0,6.0,False,False,False,RSW_Shaak,shaaks,,,False,False,14.74,6,9.92,3
RSW_TeeMuss,RSW_TeeMuss,tee muss,SWBestiary,True,False,False,2~6,True,2,0.4,True,True,False,True,0.1,None,False,True,False,2.1,24.0,40.0,7.0,False,False,False,QuadrupedAnimalWithHoovesAndHump,teemuss,,,False,False,14.56,6,10.04,3
RM_Gennok,RM_Gennok,gennok,LongShade,True,False,False,4~8,True,1,0.3,True,True,False,True,0.5,Advanced,False,False,False,3.6,27.0,22.0,11.0,False,False,False,QuadrupedAnimalWithHooves,,,,False,False,14.39,6,10.53,3
RSW_Jakobeast,RSW_Jakobeast,jakobeast,SWBestiary,True,False,True,3~9,True,2,0.4,True,False,True,True,0.6,None,True,False,False,2.6,48.0,75.0,5.0,False,False,False,RSW_Jakobeast,jakobeast,,,False,False,14.34,3,10.37,3
RSW_LavaFlea,RSW_LavaFlea,lava flea,SWBestiary,True,False,True,2~6,True,1,0.25,True,True,False,True,0.4,None,False,True,True,2.4,60.0,10.0,,False,False,False,RSW_LavaFlea,lavaflea,,,False,False,14.31,6,10.88,3
RSW_Jamel,RSW_Jamel,Jamel,SWBestiary,True,False,False,2~6,True,3,0.9,True,True,False,True,0.1,None,False,False,False,1.9,18.0,50.0,5.0,False,False,False,QuadrupedAnimalWithHoovesAndHump,jamel,,,False,False,14.21,6,9.95,3
RM_Aurrok,RM_Aurrok,aurrok,Stillsand,True,True,False,2~5,True,1,0.15,True,True,False,True,0.6,None,True,False,False,4.0,20.0,24.0,10.0,False,False,False,QuadrupedAnimalWithHooves,,,,False,False,14.07,6,10.21,3
RSW_Beldon,RSW_Beldon,beldon,SWBestiary,True,True,False,4~8,True,2,0.09,True,False,False,True,0.6,None,True,False,True,6.0,48.0,999.0,,True,False,False,RSW_Beldon,beldon,,,False,False,13.93,15,9.41,3
RSW_Blurrg,RSW_Blurrg,blurrg,SWBestiary,True,False,False,2~6,True,0,0,True,True,False,True,0.4,Advanced,False,False,True,2.5,33.0,40.0,,False,False,False,RSW_Blurrg,blurrg,,,False,False,13.86,6,10.3,3
RM_Chorn,RM_Chorn,chorn,LongShade,True,False,False,3~7,True,1,0.1,True,True,False,True,0.55,Intermediate,False,False,False,4.0,30.0,30.0,14.0,False,False,False,QuadrupedAnimalWithHooves,,,,False,False,13.85,6,10.52,3
RSW_FeralGrazer,RSW_FeralGrazer,feral grazer,SWBestiary,True,False,False,3~9,True,2,0.2,True,False,False,True,0.6,None,True,False,False,2.0,18.0,18.0,7.0,False,False,False,QuadrupedAnimalWithHoovesAndHorn,,,,False,False,13.84,3,8.15,3
RSW_Runyip,RSW_Runyip,runyip,SWBestiary,True,False,True,2~6,True,3,0.7,True,True,False,True,0.8,None,False,False,False,1.5,18.0,22.0,8.0,False,True,True,QuadrupedAnimalWithHoovesAndHorn,runyip,,,False,False,13.81,9,9.65,6
RSW_Dalgo,RSW_Dalgo,dalgo,SWBestiary,True,False,False,3~6,True,2,0.36,True,True,True,True,0.35,None,False,False,False,2.5,18.0,30.0,7.0,False,False,False,QuadrupedAnimalWithHooves,dalgo,,,False,False,13.72,6,10.98,3
RSW_Sacapillar,RSW_Sacapillar,sacapillar,SWBestiary,True,False,False,1~3,True,2,1.0,True,True,False,True,0.6,Intermediate,False,False,True,2.4,60.0,5.0,,True,False,False,RSW_LarvaLike,,,,False,False,13.7,18,11.26,3
RSW_Zeer,RSW_Zeer,zeer,SWBestiary,True,False,False,2~4,True,3,1.2,True,False,True,True,0.6,None,True,False,False,4.5,36.0,25.0,20.0,False,False,False,QuadrupedAnimalWithHoovesAndHorn,zeer,,,False,False,13.59,3,10.73,3
RSW_Mott,RSW_Mott,mott,SWBestiary,True,True,False,7~15,True,1,0.4,True,False,True,True,0.75,None,False,False,False,0.75,18.0,15.0,5.0,False,True,True,QuadrupedAnimalWithPaws,mott,,"d cheeks. The tiny canon_2 still shows an uniform brown-tan young animal without stripes (lower quality, soft). - **Skin/fur**: short, thin, smooth,",True,False,13.53,6,12.62,6
RSW_Jerba,RSW_Jerba,jerba,SWBestiary,True,False,False,2~6,True,0,0,True,True,True,True,0.45,Advanced,True,False,False,1.4,60.0,30.0,25.0,False,False,False,QuadrupedAnimalWithHoovesAndHorn,jerba,,,False,False,13.31,6,11.26,3
RSW_Hrumph,RSW_Hrumph,hrumph,SWBestiary,True,False,True,4~8,True,2,0.6,True,False,False,True,0.75,None,False,False,False,2.5,24.0,40.0,10.0,False,False,False,QuadrupedAnimalWithHooves,hrumph,,,False,False,13.19,3,8.84,3
RSW_Jimvu,RSW_Jimvu,jimvu,SWBestiary,True,False,False,4~8,True,2,0.6,True,False,False,True,0.35,None,False,False,False,2.0,18.0,30.0,7.0,False,False,False,RSW_Jimvu,jimvu,,,False,False,12.94,3,8.35,3
RSW_FeralNerf,RSW_FeralNerf,feral nerf,SWBestiary,True,False,False,3~9,True,1,0.04,True,False,False,True,0.75,None,True,True,False,1.0,18.0,45.0,6.0,False,False,False,QuadrupedAnimalWithHoovesAndHorn,,,,False,False,12.93,3,7.57,3
RM_Moravatha,RM_Moravatha,moravatha,Abyss,True,False,False,1~3,True,2,0.7,True,True,False,True,0.75,None,False,False,False,3.0,20.0,37.0,10.0,False,False,False,BeetleLikeWithClaw,,,,False,False,12.7,6,10.49,3
RM_Olumetha,RM_Olumetha,olumetha,Abyss,True,False,False,3~9,False,2,0.18,True,False,False,True,0.75,None,True,False,False,2.5,27.0,15.0,6.66,False,False,False,QuadrupedAnimalWithHoovesAndHorn,,,,False,False,12.57,3,8.22,3
RM_Sulleth,RM_Sulleth,sulleth,Greentide,True,False,False,3~7,True,1,0.8,True,False,False,True,0.5,Intermediate,False,False,False,2.0,18.0,22.0,14.0,False,False,False,QuadrupedAnimalWithHooves,,,,False,False,12.55,3,8.45,3
RSW_Excretor,RSW_Excretor,excretor,SWBestiary,True,False,False,2~6,True,2,0.3,True,False,False,True,0.55,None,False,True,False,1.1,18.0,20.0,6.0,False,False,False,QuadrupedAnimalWithHoovesAndHorn,,,,False,False,12.46,3,7.75,3
RM_Julmox,RM_Julmox,julmox,TheForge,True,False,False,4~9,True,1,0.4,True,False,False,True,0.4,None,False,False,False,1.2,30.0,22.0,28.0,False,False,False,QuadrupedAnimalWithHooves,,,,False,False,12.39,3,8.27,3
RSW_Skalder,RSW_Skalder,skalders,SWBestiary,True,False,False,3~7,True,4,0.76,False,True,False,True,0.65,Advanced,False,False,False,4.0,42.0,65.0,15.0,False,True,True,RSW_Skalder,skalders,,,False,False,12.26,9,8.14,6
RSW_Corinathoth,RSW_Corinathoth,corinathoth,SWBestiary,True,False,False,3~6,True,1,0.4,True,False,True,True,0.8,None,False,False,False,4.0,30.0,40.0,15.0,False,False,False,QuadrupedAnimalWithHoovesAndHorn,corinathoth,,,False,False,12.26,3,10.17,3
RSW_IridonianReek,RSW_IridonianReek,iridonian reek,SWBestiary,True,False,True,2~3,True,2,0.6,False,False,False,True,0.9,Advanced,False,False,False,3.0,36.0,45.0,20.0,False,False,False,RSW_Reek,iridonianreek,"o fight for mates so they were less likely to buck or bolt. Male horns are larger than female horns across all reeks. The reek was a large thick-skinned, horn",,False,False,12.1,3,6.43,3
RSW_Dewback,RSW_Dewback,dewback,SWBestiary,True,False,False,2~5,True,2,0.7,False,True,True,True,0.6,Advanced,False,False,True,3.0,36.0,55.0,,False,False,False,RSW_Dewback,dewback,,,False,False,11.87,6,8.98,3
RM_Ullai,RM_Ullai,ullai,Pyrelands,True,False,False,8~20,True,1,0.35,False,False,False,True,0.55,None,False,False,False,1.8,27.0,16.0,9.0,False,False,False,QuadrupedAnimalWithHooves,,,,False,False,11.78,3,5.46,3
RSW_Pikobis,RSW_Pikobis,pikobis,SWBestiary,True,False,False,5~6,True,1,0.1,True,False,False,True,0.4,None,False,False,True,0.6,7.2,12.0,,False,True,True,RSW_Pikobis,pikobis,,,False,False,11.76,6,6.67,6
RSW_Ronto,RSW_Ronto,ronto,SWBestiary,True,False,False,2~4,True,3,1.6,False,True,True,True,0.4,Advanced,False,False,False,6.0,60.0,80.0,30.0,False,False,False,QuadrupedAnimalWithHooves,ronto,,,False,False,11.49,6,9.86,3
RSW_Clodhopper,RSW_Clodhopper,clodhopper,SWBestiary,True,False,False,4~8,True,3,0.9,True,False,False,True,0.45,,False,False,True,0.5,6.0,8.0,,False,False,False,RSW_Clodhopper,clodhopper,,"fed plant (consistent with the Tooke-trap-plant diet note). Juveniles in the same image are smaller, more uniformly brown/olive, and lack the vivid red head col",True,False,11.45,3,10.88,3
RSW_Fambaa,RSW_Fambaa,fambaa,SWBestiary,True,False,True,2~5,True,2,0.27,False,True,True,True,0.6,Advanced,False,False,True,6.0,60.0,40.0,,False,True,True,RSW_Dewback,fambaa,,,False,False,11.44,9,9.19,6
RSW_Kwi,RSW_Kwi,Kwi,SWBestiary,True,False,False,4~8,True,2,0.6,False,False,True,True,0.75,Advanced,False,False,True,3.0,36.0,75.0,,False,False,False,RSW_Kwi,kwi,,,False,False,11.44,3,7.43,3
RSW_Varactyl,RSW_Varactyl,varactyl,SWBestiary,True,True,False,2~4,True,2,0.6,False,True,False,True,0.4,Intermediate,False,False,True,3.0,48.0,35.0,,False,False,False,RSW_Varactyl,varactyl,,,False,False,11.24,6,8.17,3
RSW_ShrublandGiant,RSW_ShrublandGiant,thunderstep,SWBestiary,True,False,False,1~3,True,2,0.7,True,False,False,True,0.85,None,False,False,False,6.0,60.0,60.0,22.0,False,False,False,RSW_Dewback,,,,False,False,11.2,3,9.91,3
RSW_Gornt,RSW_Gornt,gornt,SWBestiary,True,False,False,3~6,True,1,0.3,True,False,False,True,0.0,None,False,False,False,0.85,6.0,6.0,5.0,False,False,False,RSW_Gornt,gornt,,,False,False,11.09,3,6.76,3
RSW_Qormot,RSW_Qormot,qormot,SWBestiary,True,False,False,3~6,True,1,0.2,True,False,False,True,0.6,None,False,False,False,1.0,18.0,8.0,10.0,False,False,False,RSW_Qormot,qormot,,,False,False,11.06,3,7.65,3
RM_Oreclaw,RM_Oreclaw,oreclaw,LongShade,True,False,False,2~3,True,2,1.0,True,False,False,True,0.3,Advanced,False,False,False,2.0,20.0,25.0,16.0,False,False,False,QuadrupedAnimalWithPawsAndTail,,,,False,False,11.0,3,8.64,3
RSW_Wraid,RSW_Wraid,wraid,SWBestiary,True,False,False,2~6,True,2,0.8,False,False,False,True,0.6,Intermediate,False,False,True,3.0,48.0,40.0,,False,False,False,RSW_Dewback,wraid,,,False,False,10.91,3,6.77,3
RSW_Bolotaur,RSW_Bolotaur,bolotaur,SWBestiary,True,False,False,2~4,True,2,0.2,False,True,False,True,0.4,Intermediate,False,False,True,3.0,24.0,15.0,,False,False,False,QuadrupedAnimalWithClawsTailAndJowl,bolotaur,,,False,False,10.84,6,7.39,3
RM_Sloghog,RM_Sloghog,sloghog,Wasteland,True,False,False,2~5,True,1,0.3,True,False,False,True,0.35,Advanced,False,False,False,1.2,24.0,10.0,,False,False,False,QuadrupedAnimalWithHoovesAndTusks,,,,False,False,10.82,3,8.04,3
RSW_CanCell,RSW_CanCell,can-cell,SWBestiary,True,False,False,1~3,True,1,0.2,True,False,False,True,0.3,Intermediate,False,False,True,1.45,18.0,6.0,,True,False,False,RSW_CanCell,cancell,,,False,False,10.67,15,7.87,3
RSW_Screecher,RSW_Screecher,screecher,SWBestiary,True,False,False,4~5,True,4,1.5,False,False,False,True,0.75,Advanced,False,False,True,1.0,12.0,20.0,,True,False,False,Bird,,,,False,False,10.67,15,4.97,3
RM_Chatrak,RM_Chatrak,chatrak,Scarlands,True,False,False,1~3,True,1,0.25,True,False,False,True,0.7,None,False,False,False,3.0,48.0,28.0,20.0,False,False,False,QuadrupedAnimalWithHooves,,,,False,False,10.5,3,9.49,3
RSW_Karrask,RSW_Karrask,karrask,SWBestiary,True,False,False,2~4,True,0,0,True,False,False,True,0.35,None,False,True,False,0.6,24.0,14.0,10.0,False,False,False,QuadrupedAnimalWithPawsAndTail,,,,False,False,10.44,3,7.59,3
VAEWaste_Megatardi,VAEWaste_Megatardi,megatardi,UtinniPatches,True,False,False,1~3,False,2,0.36,True,True,False,True,0.4,None,False,False,False,2.0,20.0,10.0,,False,False,False,VAEWaste_Megatardi,,,,False,False,10.36,6,9.32,3
RSW_Shyrack,RSW_Shyrack,shyrack,SWBestiary,True,False,False,3~6,True,2,1.2,False,False,False,True,0.75,Intermediate,False,False,True,0.75,24.0,5.0,,True,False,False,RSW_Shyrack,shyrack,,,False,False,10.19,15,5.26,3
RM_Sootgrazer,RM_Sootgrazer,sootgrazer,Wasteland,True,False,False,2~4,True,1,0.25,True,False,False,True,0.4,Intermediate,False,False,False,1.0,24.0,10.0,,False,False,False,QuadrupedAnimalWithHooves,,,,False,False,10.14,3,7.91,3
RSW_Woolamander,RSW_Woolamander,woolamander,SWBestiary,True,False,False,3~8,False,1,0.15,True,False,True,True,0.3,Advanced,False,False,False,0.75,18.0,35.0,8.0,False,False,False,Monkey,woolamander,,"mp or pouch/fan: this is probably the tail tuft folded. - **Young**: carried in the cradled hands against the chest, small, round and striped. - **Size**: not q",True,False,10.11,3,12.0,3
RSW_Worrt,RSW_Worrt,worrt,SWBestiary,True,False,True,1~1,False,6,2.6,True,False,False,True,0.75,None,False,False,True,0.6,18.0,40.0,,False,True,True,RSW_Worrt,worrt,,,False,False,9.9,6,8.15,6
RM_Qorrax,RM_Qorrax,qorrax,Stillsand,True,False,False,1~3,False,14,3.63,False,False,False,True,0.9,Advanced,False,False,True,1.2,12.0,24.0,20.0,False,True,True,RM_QorraxBody,,,,False,False,9.6,6,5.32,6
RSW_BovineBeetleLarvae,RSW_BovineBeetleLarvae,bovine grub,SWBestiary,True,False,False,3~4,True,0,0,True,False,False,True,0.15,None,False,False,False,0.9,,0.5,,False,False,False,RSW_LarvaLike,,,,False,True,9.59,3,4.95,3
RSW_Klorslug,RSW_Klorslug,k'lor'slug,SWBestiary,True,False,True,3~6,True,1,0.4,False,False,False,True,0.85,Advanced,False,False,True,1.5,6.0,15.0,,False,False,True,RSW_Klorslug,klorslug,,,False,False,9.51,3,4.13,3
RM_Vaalok,RM_Vaalok,vaalok,Stillsand,True,False,False,1~1,True,0,0,True,True,False,True,0.4,Intermediate,False,False,False,4.0,36.0,35.0,14.0,False,False,False,QuadrupedAnimalWithHooves,,,,False,False,9.5,6,10.63,3
RSW_TelluroxRace,RSW_Tellurox,tellurox,SWBestiary,True,False,False,1~1,True,0,0,True,True,True,True,0.3,Intermediate,False,False,False,2.6,24.0,16.0,10.0,False,False,False,QuadrupedAnimalWithHooves,,,,False,False,9.3,6,11.09,3
RSW_Kinrath,RSW_Kinrath,kinrath,SWBestiary,True,False,False,3~6,True,1,0.3,False,False,False,True,0.4,Advanced,False,False,True,1.2,12.0,10.0,,False,False,False,RSW_Kinrath,kinrath,,,False,False,9.26,3,4.47,3
RSW_ScrapNestBird,RSW_ScrapNestBird,scrap-nest bird,SWBestiary,True,False,False,2~5,True,2,0.9,True,False,True,True,0.75,None,False,False,True,0.45,12.0,14.0,,True,False,False,RSW_FlyingAvian,,,,False,False,9.22,15,8.4,3
RSW_Krykna,RSW_Krykna,krykna,SWBestiary,True,False,False,3~6,True,2,0.2,False,False,False,True,0.95,Intermediate,False,False,True,0.8,12.0,20.0,,False,False,False,RSW_Krykna,krykna,,,False,False,9.21,3,4.22,3
RM_ScaldWalker,RM_ScaldWalker,iridesce,TerminalBiomes,True,False,False,3~6,True,1,0.35,False,False,False,True,0.9,None,False,False,False,5.0,360.0,40.0,,False,False,True,QuadrupedAnimalWithHooves,,,,False,False,9.21,3,6.77,3
RM_Gappo,RM_Gappo,gappo,GelatinousSlime,True,False,False,3~7,True,1,1.0,False,False,False,True,0.45,Intermediate,False,False,False,0.9,30.0,4.0,10.0,False,False,False,QuadrupedAnimalWithHooves,,,,False,False,9.2,3,5.42,3
RSW_Whisperbird,RSW_Whisperbird,whisperbird,SWBestiary,True,False,False,2~6,True,4,1.45,True,False,True,True,0.3,None,False,False,True,0.4,12.0,15.0,,True,False,False,RSW_FlyingAvian,whisperbird,,,False,False,9.18,15,8.65,3
RSW_SandPillar,RSW_SandPillar,sandpillar,SWBestiary,True,False,False,1~3,False,1,0.5,True,False,False,True,0.15,None,False,False,True,0.8,15.0,0.5,,False,False,False,RSW_LarvaLike,,,,False,False,9.15,3,7.05,3
RM_Vellak,RM_Vellak,vellak,WeepingStones,True,False,False,1~1,True,1,0.08,True,True,False,True,0.6,Intermediate,False,False,False,1.6,21.0,18.0,45.0,False,False,False,QuadrupedAnimalWithHooves,,,,False,False,9.13,6,9.52,3
RSW_MutatingTumorfishSpawn,RSW_MutatingTumorfishSpawn,mutating tumorfish spawn,SWBestiary,True,False,False,5~6,False,0,0,True,False,False,True,0.2,None,False,False,False,0.8,12.0,0.25,,False,True,True,RSW_FishBody,,,,False,True,9.01,6,6.62,6
RSW_PodWorm,RSW_PodWorm,hell's lantern,SWBestiary,True,False,False,1~1,False,2,1.0,True,False,False,True,0.5,None,True,False,False,4.0,24.0,20.0,,False,False,False,RSW_LarvaLike,,,,False,False,9.0,3,8.79,3
RSW_Yooka,RSW_Yooka,yooka,SWBestiary,True,False,False,1~2,False,1,0.5,True,False,False,True,0.75,None,True,False,False,2.1,13.3,45.0,6.75,False,False,False,QuadrupedAnimalWithHoovesAndHump,,,,False,False,8.97,3,7.6,3
RM_Brogg,RM_Brogg,brogg,TheRot,True,False,False,1~2,False,1,0.5,True,False,False,True,0.75,None,True,False,False,2.1,13.3,45.0,6.75,False,False,False,QuadrupedAnimalWithHoovesAndHump,,,,False,False,8.97,3,7.6,3
RM_Thurrock,RM_Thurrock,thurrock,Greentide,True,False,False,3~6,True,1,0.08,False,False,False,False,1.0,None,False,False,False,8.0,54.0,60.0,20.0,False,False,False,QuadrupedAnimalWithHoovesAndHump,,,,False,False,8.94,3,5.51,3
RSW_Fanback,RSW_Fanback,fanback,SWBestiary,True,False,False,1~2,False,1,0.5,True,False,False,True,0.8,None,False,False,True,2.0,24.0,70.0,,False,True,True,RSW_Fanback,fanback,,,False,False,8.92,6,8.04,6
RM_Ossumatha,RM_Ossumatha,ossumatha,Abyss,True,False,False,3~7,True,2,0.3,False,False,False,True,0.6,Advanced,False,False,False,1.2,20.0,13.0,5.661,False,False,False,QuadrupedAnimalWithHoovesAndTusks,,,,False,False,8.9,3,4.89,3
RM_FireWasp,RM_FireWasp,fire wasp,Pyrelands,True,False,False,3~8,True,1,0.4,False,False,False,True,0.7,None,False,False,False,0.79,30.0,15.0,8.0,True,False,False,BeetleLike,,,,False,False,8.88,15,5.07,3
RSW_BloodropLarvae,RSW_BloodropLarvae,bloodrop larvae,SWBestiary,True,False,False,1~3,True,0,0,True,False,False,True,0.15,None,False,False,False,0.7,,0.5,,False,False,False,RSW_LarvaLike,,,,False,True,8.85,3,4.85,3
RSW_Gutkurr,RSW_Gutkurr,gutkurr,SWBestiary,True,False,False,1~3,True,2,0.8,False,False,False,True,0.8,Intermediate,False,False,True,2.0,30.0,20.0,,False,False,False,RSW_Gutkurr,gutkurr,,,False,False,8.8,3,5.87,3
RM_Gnashling,RM_Gnashling,gnashling,Contagion,True,False,False,4~8,True,1,0.1,False,False,False,False,1.0,None,False,False,False,1.0,36.0,3.0,,False,False,False,QuadrupedAnimalWithPaws,,,,False,False,8.69,3,4.18,3
RSW_Urusai,RSW_Urusai,urusai,SWBestiary,True,False,False,1~3,True,2,1.2,False,False,True,True,0.6,Intermediate,False,False,True,0.75,12.0,50.0,,True,False,False,RSW_FlyingAvian,urusai,,,False,False,8.57,15,5.7,3
RM_Hesuun,RM_Hesuun,hesuun,TerminalBiomes,True,False,False,3~5,True,1,0.12,False,False,False,True,0.9,None,False,False,False,3.5,90.0,40.0,,False,False,False,QuadrupedAnimalWithHooves,,,,False,False,8.54,3,6.66,3
RSW_Vornskyr,RSW_Vornskyr,vornskyr,SWBestiary,True,True,False,3~6,True,1,0.15,False,False,True,True,0.85,Advanced,False,False,False,2.0,24.0,35.0,10.0,False,False,False,RSW_Vornskyr,vornskyr,,,False,False,8.51,3,6.36,3
RSW_AaroxisDendoriaLarvae,RSW_AaroxisDendoriaLarvae,cinnabar caterpillar,SWBestiary,True,False,False,1~3,False,0,0,True,False,False,True,0.15,None,False,True,False,0.8,,0.5,,False,False,False,RSW_LarvaLike,,,,False,True,8.4,3,4.4,3
RM_Tirbak,RM_Tirbak,tirbak,WeepingStones,True,False,False,1~1,False,1,0.15,True,True,False,True,0.3,Intermediate,False,False,False,3.5,24.0,25.0,90.0,False,False,False,QuadrupedAnimalWithHoovesAndHump,,,,False,False,8.4,6,9.86,3
RSW_Massiff,RSW_Massiff,massiff,SWBestiary,True,False,False,3~6,True,1,0.6,False,False,True,True,0.4,Advanced,False,False,False,0.85,30.0,18.0,10.0,False,False,False,RSW_Massiff,massiff,,,False,False,8.39,3,6.2,3
RSW_LongtailGorg,RSW_LongtailGorg,longtail gorg,SWBestiary,True,False,True,2~4,False,4,2.1,True,False,False,True,0.0,None,False,False,True,0.42,12.0,8.0,,False,True,True,QuadrupedAnimalWithClawsTailAndJowl,longtailgorg,,,False,False,8.37,6,7.48,6
RM_Zisska,RM_Zisska,zisska,Cauldron,True,False,False,3~6,True,1,0.5,False,False,False,True,0.75,None,False,False,False,1.0,36.0,25.0,,False,False,False,QuadrupedAnimalWithHooves,,,,False,False,8.36,3,5.38,3
RSW_Cannok,RSW_Cannok,cannok,SWBestiary,True,False,False,3~7,True,1,0.16,False,False,False,True,0.5,Intermediate,False,False,False,0.85,18.0,8.0,5.0,False,False,False,RSW_Cannok,cannok,,,False,False,8.34,3,4.55,3
RSW_MarshHaunt,RSW_MarshHaunt,marsh haunt,SWBestiary,True,False,False,2~8,False,1,0.5,False,False,True,True,0.7,Advanced,False,False,False,2.5,48.0,70.0,15.0,False,True,True,RSW_MarshHaunt,marshhaunt,,,False,False,8.34,6,6.87,6
RSW_Sketto,RSW_Sketto,sketto,SWBestiary,True,False,False,2~4,True,3,2.4,True,False,False,True,0.6,None,False,False,False,0.4,12.0,20.0,4.0,True,False,False,RSW_Bogwing,sketto,,,False,False,8.33,15,8.12,3
RSW_Onnik,RSW_Onnik,onnik,SWBestiary,True,False,False,1~2,True,0,0,True,False,False,True,0.25,None,False,False,False,1.1,24.0,16.0,12.0,False,False,False,QuadrupedAnimalWithHooves,,,,False,False,8.22,3,7.84,3
RSW_AaroxisDendoria,RSW_AaroxisDendoria,aaroxis dendoria,SWBestiary,True,False,False,1~2,False,1,0.3,True,False,False,True,0.3,None,False,True,True,1.0,0.0,6.0,,False,False,False,BeetleLike,,,,False,False,8.22,3,4.65,3
RSW_JewelBeetle,RSW_JewelBeetle,jewel beetle,SWBestiary,True,False,False,1~1,False,2,0.5,True,False,True,True,0.05,,False,False,True,2.45,0.0,16.0,,False,False,False,BeetleLike,,,,False,False,8.22,3,6.47,3
RM_Liliana,RM_Liliana,liliana,Miasma,True,False,False,1~2,False,1,0.3,True,False,False,True,0.3,None,False,True,True,1.0,0.0,6.0,,False,False,False,BeetleLike,,,,False,False,8.22,3,4.65,3
RSW_Convor,RSW_Convor,convor,SWBestiary,True,True,False,2~4,True,4,0.88,True,False,True,True,0.3,Intermediate,False,False,True,0.4,12.0,12.0,,True,False,False,RSW_FlyingAvian,convor,,,False,False,8.15,15,8.36,3
RM_Candler,RM_Candler,candler,LanternDeeps,True,False,False,2~4,True,1,0.12,False,False,False,True,0.4,None,True,False,False,1.2,30.0,12.0,,False,False,False,BeetleLike,,,,False,False,8.11,3,5.13,3
RSW_Anooba,RSW_Anooba,anooba,SWBestiary,True,True,False,3~6,False,3,1.05,False,False,True,True,0.85,Advanced,False,False,False,0.95,30.0,30.0,12.0,False,False,False,RSW_Anooba,anooba,,,False,False,7.89,3,5.97,3
RM_Pallbearer,RM_Pallbearer,pallbearer,Scarlands,True,False,False,1~2,False,2,0.12,True,False,False,True,0.3,None,False,False,False,2.2,30.0,22.0,12.0,False,False,False,QuadrupedAnimalWithPawsAndTail,,,,False,False,7.89,3,8.13,3
RSW_Maligoat,RSW_Maligoat,kroffa,SWBestiary,True,True,True,1~1,False,2,0.8,True,False,False,True,0.75,None,True,False,False,1.0,16.0,12.0,5.61,False,False,False,QuadrupedAnimalWithHooves,,,,False,False,7.8,3,7.35,3
RM_Soorrak,RM_Soorrak,soorrak,Stillsand,True,False,False,1~1,False,1,0.02,True,False,False,True,0.9,None,False,False,True,4.5,36.0,40.0,,True,False,False,Bird,,,,False,False,7.77,15,8.64,3
RM_MossBeetleLarvae,RM_MossBeetleLarvae,moss grub,LanternDeeps,True,False,False,1~3,False,1,0.1,True,False,True,True,0.15,None,False,False,False,0.7,,0.5,,False,False,False,RM_LarvaLike,,,,False,True,7.7,3,5.4,3
RUT_EmperorVulture,RUT_EmperorVulture,emperor vulture,UtinniPatches,True,False,False,1~2,False,2,0.3,True,False,False,True,0.55,None,False,False,False,1.4,27.0,18.0,10.0,True,False,False,Bird,,,,False,False,7.67,15,7.73,3
RM_Boilhide,RM_Boilhide,boilhide,Wasteland,True,False,False,2~5,True,1,0.4,False,False,False,True,0.55,None,False,False,False,0.7,19.8,8.0,,False,False,False,QuadrupedAnimalWithHoovesAndHump,,,,False,False,7.67,3,4.68,3
RM_FacetMothLarvae,RM_FacetMothLarvae,soulchime,LanternDeeps,False,False,False,1~3,False,1,0.05,True,False,True,True,0.15,None,False,False,False,0.7,,0.5,,False,False,False,RM_LarvaLike,,,,False,True,7.65,3,5.38,3
RM_Nuudal,RM_Nuudal,nuudal,TerminalBiomes,True,False,False,2~5,False,1,0.5,True,False,False,True,0.3,None,False,False,False,0.5,36.0,6.0,,False,False,False,Snake,,,,False,False,7.64,3,7.63,3
RM_Shivven,RM_Shivven,shivven,NightsideIce,True,False,False,3~6,True,0,0,False,False,False,False,1.0,None,False,False,False,0.8,18.0,8.0,,False,False,False,QuadrupedAnimalWithPaws,,,,False,False,7.51,3,3.45,3
RSW_WompRat,RSW_WompRat,womp rat,SWBestiary,True,False,False,2~6,True,0,0,False,False,False,True,0.75,None,False,False,False,0.75,24.0,15.0,6.0,False,False,False,QuadrupedAnimalWithPaws,womprat,,,False,False,7.49,3,4.66,3
RM_Gorrud,RM_Gorrud,gorrud,ShipVermin,True,False,False,2~6,True,0,0,False,False,False,True,0.75,None,False,False,False,0.75,24.0,15.0,6.0,False,False,False,QuadrupedAnimalWithPaws,,,,False,False,7.49,3,4.66,3
RM_Karrobel,RM_Karrobel,karrobel,Miasma,True,False,False,1~3,False,2,1.2,True,False,False,True,0.25,None,False,False,False,0.5,24.0,8.0,6.0,False,False,False,BeetleLikeWithClaw,,,,False,False,7.46,3,7.64,3
RSW_RoyalRhinoLarvae,RSW_RoyalRhinoLarvae,royal rhino grub,SWBestiary,False,False,False,1~3,False,0,0,True,False,False,True,0.15,Advanced,False,False,False,0.9,,0.5,,False,False,False,RSW_LarvaLike,,,,False,True,7.45,3,4.45,3
RSW_FungalWeevil,RSW_FungalWeevil,grellik,SWBestiary,True,False,False,2~3,False,1,0.4,True,False,False,True,0.2,None,False,False,True,0.5,24.0,10.0,,False,False,False,BeetleLike,,,,False,False,7.42,3,7.24,3
RM_Grellik,RM_Grellik,grellik,TheRot,True,False,False,2~3,False,1,0.4,True,False,False,True,0.2,None,False,False,True,0.5,24.0,10.0,,False,False,False,BeetleLike,,,,False,False,7.42,3,7.24,3
RM_Vekkit,RM_Vekkit,vekkit,BlueDesert,True,False,False,3~7,True,2,1.6,False,False,False,True,0.5,Intermediate,False,False,False,0.45,24.0,10.0,,False,False,False,QuadrupedAnimalWithPawsAndTail,,,,False,False,7.37,3,5.31,3
RSW_Ollopom,RSW_Ollopom,ollopom,SWBestiary,True,False,False,1~3,True,1,1.3,False,False,True,True,0.4,Intermediate,False,False,False,0.6,7.2,12.0,5.0,False,True,True,RSW_Ollopom,ollopom,,,False,False,7.35,6,5.27,6
RSW_FrilledGorg,RSW_FrilledGorg,frilled gorg,SWBestiary,True,False,True,2~4,False,3,1.4,True,False,False,True,0.0,None,False,False,True,0.4,12.0,6.0,,False,True,True,QuadrupedAnimalWithClawsTailAndJowl,,,,False,False,7.33,6,7.12,6
RM_FurnaceBeast,RM_FurnaceBeast,furnace-beast,Pyrelands,True,False,False,1~3,True,1,0.04,False,False,False,True,0.97,Intermediate,False,False,False,6.0,36.0,45.0,12.0,False,False,False,QuadrupedAnimalWithHoovesAndHorn,,,,False,False,7.29,3,6.15,3
RSW_Holcorobeus,RSW_Holcorobeus,Holcorobeus,SWBestiary,True,False,False,2~3,False,0,0,False,True,True,True,0.5,Advanced,False,False,True,1.5,180.0,40.0,30.0,False,False,False,BeetleLikeWithClaw,,,,False,False,7.25,6,7.85,3
RSW_Hssiss,RSW_Hssiss,hssiss,SWBestiary,True,False,False,1~3,False,2,0.36,False,False,False,True,0.75,Advanced,False,False,True,2.75,30.0,20.0,,False,True,True,RSW_Hssiss,hssiss,,,False,False,7.24,6,5.53,6
RM_Dunejelly,RM_Dunejelly,dunejelly,LongShade,True,False,False,1~1,False,2,1.4,True,False,False,True,0.45,None,False,False,False,0.65,12.0,1.0,,False,False,False,BeetleLikeWithClaw,,,,False,False,7.23,3,7.25,3
RM_Chikka,RM_Chikka,chikka,SWBestiary,True,False,False,1~10,True,0,0,False,False,False,True,0.75,Intermediate,False,False,False,0.5,13.3,4.0,5.661,False,False,False,QuadrupedAnimalWithPawsAndTail,,,,False,False,7.22,3,4.05,3
RSW_Pufferpig,RSW_Pufferpig,Pufferpig,SWBestiary,True,False,False,2~4,False,1,0.5,True,False,True,True,0.1,None,False,False,False,0.5,24.0,16.0,10.0,False,False,False,QuadrupedAnimalWithHoovesAndTusks,pufferpig,,,False,False,7.2,3,8.29,3
RSW_Uvak,RSW_Uvak,uvak,SWBestiary,True,False,False,1~1,False,2,0.6,False,True,True,True,0.75,Advanced,False,False,True,3.0,36.0,30.0,,True,False,False,RSW_Bogwing,uvak,,"g membrane; image 2 (stable) = mixed -- purple adults and pink/red/grey/lilac babies and juveniles; image 3 = grey-blue head and neck, dark charcoal body, p",True,False,7.1,18,12.43,3
RSW_Hawkbat,RSW_Hawkbat,hawk-bat,SWBestiary,True,True,True,2~4,False,1,0.18,False,False,False,True,0.8,Intermediate,False,False,True,2.0,30.0,27.0,,True,False,False,RSW_Hawkbat,hawkbat,,"nd) plus echolocation for spotting camouflaged prey. Skin color is explicitly two-staged: hatchlings are **green**, and on reaching maturity a hawk-bat sheds ",True,False,7.07,15,9.06,3
RSW_FoundryBeetleLarvae,RSW_FoundryBeetleLarvae,foundry grub,SWBestiary,True,False,False,1~2,False,0,0,True,False,True,True,0.5,None,False,False,False,1.8,,0.5,,False,False,False,RSW_LarvaLike,,,,False,True,7.07,3,5.9,3
RSW_Mudhorn,RSW_Mudhorn,mudhorn,SWBestiary,True,False,True,1~1,False,1,0.8,False,True,False,True,0.9,Advanced,False,True,True,4.0,36.0,50.0,,False,False,False,QuadrupedAnimalWithHoovesAndHorn,mudhorn,,,False,False,7.05,6,7.53,3
RM_Krannock,RM_Krannock,krannock,Greentide,True,False,False,3~6,False,1,0.3,False,False,False,True,0.75,None,False,False,False,1.6,21.0,9.0,8.0,True,False,False,BeetleLikeWithClaw,,,,False,False,6.96,15,4.63,3
RM_Cleaver,RM_Cleaver,cleaver,LanternDeeps,True,False,False,2~4,True,1,0.08,False,False,False,False,1.0,None,False,False,False,0.7,24.0,40.0,,False,False,False,BeetleLike,,,,False,False,6.82,3,3.68,3
RM_Muttavaq,RM_Muttavaq,muttavaq,FloodedCanyon,True,False,False,1~1,False,1,0.03,True,False,False,False,1.0,None,False,False,False,5.0,9.0,320.0,120.0,False,False,False,QuadrupedAnimalWithClawsTailAndJowl,,,,False,False,6.78,3,6.51,3
RSW_ShadeWhale,RSW_ShadeWhale,shade whale,SWBestiary,True,False,False,1~1,False,1,0.01,True,False,False,True,0.9,None,False,False,False,16.0,60.0,90.0,25.0,False,False,False,RSW_Horax,,,,False,False,6.76,3,9.06,3
RM_Gloomcast,RM_Gloomcast,gloomcast,LongShade,True,False,False,1~1,False,1,0.01,True,False,False,True,0.9,None,False,False,False,24.0,60.0,90.0,25.0,False,False,False,RM_GloomcastBody,,,,False,False,6.76,3,9.06,3
RM_Gaanok,RM_Gaanok,gaanok,Stillsand,True,False,False,1~1,False,1,0.01,True,False,False,True,0.95,None,False,False,False,5.0,60.0,45.0,,False,False,False,QuadrupedAnimalWithHooves,,,,False,False,6.76,3,9.06,3
RSW_Vozzik,RSW_Vozzik,vozzik,SWBestiary,True,False,False,1~1,False,1,0.0,True,False,False,True,0.7,Advanced,False,False,False,5.0,13.3,30.0,,False,False,False,TurtleLike,,,,False,False,6.75,3,7.8,3
RM_Oommok,RM_Oommok,oommok,Stillsand,True,False,False,1~1,False,1,0.0,True,False,False,True,0.9,None,False,False,False,36.0,300.0,400.0,90.0,False,False,False,QuadrupedAnimalWithHooves,,,,False,False,6.75,3,9.1,3
RM_Vozzik,RM_Vozzik,vozzik,Stillsand,True,False,False,1~1,False,1,0.0,True,False,False,True,0.7,Advanced,False,False,False,5.0,13.3,30.0,,False,False,False,TurtleLike,,,,False,False,6.75,3,7.8,3
RM_GappoGreater,RM_GappoGreater,greater gappo,GelatinousSlime,True,False,False,1~2,True,1,0.3,False,False,False,True,0.6,Intermediate,False,False,False,3.0,30.0,6.0,10.0,False,False,False,QuadrupedAnimalWithHooves,,,,False,False,6.72,3,6.12,3
RSW_JewelBeetleLarvae,RSW_JewelBeetleLarvae,jewel grub,SWBestiary,False,False,False,1~2,False,0,0,True,False,True,True,0.5,None,False,False,False,0.9,,0.5,,False,False,False,BeetleLike,,,,False,True,6.62,3,5.45,3
RM_Sesserith,RM_Sesserith,sesserith,Abyss,True,False,False,2~5,False,2,0.4,False,False,True,True,0.9,Advanced,False,False,False,1.0,30.0,15.0,10.0,False,False,False,QuadrupedAnimalWithPawsAndTail,,,,False,False,6.57,3,5.67,3
RSW_FoundryBeetle,RSW_FoundryBeetle,foundry beetle,SWBestiary,True,False,False,1~1,False,2,0.36,False,True,True,True,0.6,Advanced,False,False,True,2.4,0.0,15.0,,False,False,False,BeetleLikeWithClaw,,,,False,False,6.56,6,4.88,3
RM_Totchak,RM_Totchak,totchak,Scarlands,True,False,False,1~1,False,0,0,True,False,False,False,1.0,None,False,False,False,14.0,0.0,200.0,,False,False,False,QuadrupedAnimalWithHooves,,,,False,False,6.5,3,4.5,3
RM_Gelatid,RM_Gelatid,gelatid,GelatinousSlime,True,False,False,1~1,True,1,3.0,False,False,False,True,0.4,None,False,False,False,0.55,30.0,8.0,12.0,False,False,False,TurtleLike,,,,False,False,6.44,3,6.25,3
RM_Sytheclaw,RM_Sytheclaw,sytheclaw,Pyrelands,True,False,False,2~4,False,3,0.55,False,False,False,True,0.75,Advanced,False,False,False,1.0,30.0,18.0,10.0,False,False,False,QuadrupedAnimalWithPawsAndTail,,,,False,False,6.44,3,4.75,3
RSW_Grank,RSW_Grank,Grank,SWBestiary,True,False,False,1~1,False,2,0.5,True,False,True,True,0.1,Advanced,False,False,False,0.85,30.0,12.0,10.0,False,False,False,RSW_CorellianHound,grank,,,False,False,6.42,3,8.65,3
RSW_Dactillion,RSW_Dactillion,dactillion,SWBestiary,True,False,False,1~1,False,1,0.15,False,True,False,True,0.6,Advanced,False,False,True,3.0,48.0,30.0,,True,False,False,RSW_Bogwing,dactillion,,,False,False,6.4,18,7.44,3
RSW_Boma,RSW_Boma,boma,SWBestiary,True,False,False,1~3,False,1,0.15,False,False,False,True,0.75,Intermediate,False,False,True,2.0,18.0,20.0,,False,False,False,RSW_Boma,boma,,,False,False,6.4,3,4.62,3
RSW_Diggerpede,RSW_Diggerpede,gristle,SWBestiary,True,False,False,1~1,False,1,0.4,True,False,True,True,0.2,None,False,False,False,1.5,13.3,6.0,7.0,False,False,False,BeetleLike,,,,False,False,6.4,3,8.25,3
RSW_FungalMantis,RSW_FungalMantis,skerrith,SWBestiary,True,False,False,2~3,False,1,0.15,False,False,False,True,0.95,Advanced,False,False,True,2.0,24.0,10.0,,False,False,False,RSW_MantisLike,,,,False,False,6.4,3,4.86,3
RM_Skerrith,RM_Skerrith,skerrith,TheRot,True,False,False,2~3,False,1,0.15,False,False,False,True,0.95,Advanced,False,False,True,2.0,24.0,10.0,,False,False,False,RM_MantisLike,,,,False,False,6.4,3,4.86,3
RM_Gristle,RM_Gristle,gristle,Greentide,True,False,False,1~1,False,1,0.4,True,False,True,True,0.2,None,False,False,False,1.5,13.3,6.0,7.0,False,False,False,BeetleLike,,,,False,False,6.4,3,8.25,3
RUT_SealedSleeper,RUT_SealedSleeper,Sealed sleeper,UtinniPatches,True,False,False,1~1,False,2,0.4,True,False,False,True,0.35,None,False,False,False,0.7,36.0,30.0,14.0,False,False,False,QuadrupedAnimalWithPawsAndTail,,,,False,False,6.25,3,7.68,3
RM_Duumma,RM_Duumma,duumma,Stillsand,True,False,False,1~1,False,1,0.08,True,False,False,True,0.8,None,False,False,False,1.8,30.0,35.0,,False,True,False,TurtleLike,,,,False,False,6.23,6,7.91,6
RM_TruffleMole,RM_TruffleMole,truffle mole,LongShade,True,False,False,1~1,False,1,0.5,True,False,True,True,0.6,None,False,False,False,0.9,13.3,8.0,5.5,False,False,False,QuadrupedAnimalWithPawsAndTail,,,,False,False,6.2,3,8.0,3
RM_Ommok,RM_Ommok,ommok,LongShade,True,False,False,1~1,False,2,0.12,True,False,False,True,0.7,Intermediate,False,False,False,1.0,13.3,25.0,,False,False,False,Monkey,,,,False,False,6.12,3,6.86,3
RUT_BrineBattery,RUT_BrineBattery,brine battery,UtinniPatches,True,False,False,1~1,False,2,0.2,True,False,False,True,0.6,None,False,False,False,0.7,30.0,16.0,10.0,False,False,False,TurtleLike,,,,False,False,6.05,3,7.42,3
RSW_SmogMothLarvae,RSW_SmogMothLarvae,smog caterpillar,SWBestiary,False,False,False,1~3,False,0,0,True,False,True,True,0.15,None,False,False,False,0.5,,0.25,,False,False,False,RSW_LarvaLike,,,,False,True,6.04,3,5.25,3
RM_IllothLarvae,RM_IllothLarvae,illoth larva,TheRot,False,False,False,1~3,False,0,0,True,False,True,True,0.15,None,False,False,False,0.5,,0.25,,False,False,False,RM_RotLarvaLike,,,,False,True,6.04,3,5.25,3
RUT_Radiothermal,RUT_Radiothermal,radiothermal,UtinniPatches,True,False,False,1~1,False,0,0,True,False,False,True,0.65,None,False,False,False,2.0,30.0,22.0,14.0,False,False,False,QuadrupedAnimalWithPawsAndTail,,,,False,False,6.0,3,7.97,3
RSW_RoyalRhino,RSW_RoyalRhino,royal rhino beetle,SWBestiary,True,False,False,1~1,False,0,0,False,True,False,False,0.985,Intermediate,False,False,True,3.0,0.0,25.0,,False,False,False,RSW_BeetleLikeWithHorn,,,,False,False,6.0,6,3.0,3
RM_Bozzuga,RM_Bozzuga,bozzuga,Miasma,True,False,False,1~1,False,1,0.3,True,False,False,True,0.85,None,False,False,False,0.9,30.0,14.0,14.0,False,False,False,QuadrupedAnimalWithPaws,,,,False,False,6.0,3,7.57,3
RSW_ColonyPustuleHornetQueen,RSW_ColonyPustuleHornetQueen,pustule queen,SWBestiary,False,False,False,1~1,False,1,0.2,True,False,False,True,0.1,None,False,False,False,1.0,13.3,4.0,,True,False,False,RSW_BeetleLikeWithStinger,,,,False,False,5.95,15,6.9,3
RM_ThozzikColonyQueen,RM_ThozzikColonyQueen,thozzik queen,TheRot,False,False,False,1~1,False,1,0.2,True,False,False,True,0.1,None,False,False,False,1.0,13.3,4.0,,True,False,False,RM_BeetleLikeWithStinger,,,,False,False,5.95,15,6.9,3
RSW_Scavrat,RSW_Scavrat,Scavrats,SWBestiary,True,False,False,3~5,True,0,0,False,False,True,True,0.5,Intermediate,False,False,False,0.5,24.0,5.0,5.0,False,False,False,RSW_Scavrat,,,,False,False,5.77,3,5.54,3
RM_Rattagh,RM_Rattagh,rattagh,ShipVermin,True,False,False,3~5,True,0,0,False,False,True,True,0.5,Intermediate,False,False,False,0.5,24.0,5.0,5.0,False,False,False,QuadrupedAnimalWithPaws,,,,False,False,5.77,3,5.54,3
RM_Gawpsack,RM_Gawpsack,gawpsack,Contagion,True,False,False,1~2,False,1,2.0,False,False,False,False,1.0,None,False,False,False,0.7,36.0,15.0,,False,False,False,QuadrupedAnimalWithPaws,,,,False,False,5.77,3,4.48,3
RM_Ossivel,RM_Ossivel,ossivel,BlueDesert,True,False,False,5~12,True,1,0.5,False,False,False,True,0.55,None,False,False,False,0.35,24.0,9.0,,False,False,False,QuadrupedAnimalWithPawsAndTail,,,,False,False,5.73,3,4.12,3
RSW_Maxolotl,RSW_Maxolotl,maxolotl,SWBestiary,True,False,False,1~1,False,0,0,False,True,True,True,0.75,Intermediate,False,False,True,2.4,13.3,11.0,,False,False,False,QuadrupedAnimalWithPawsAndTail,,,,False,False,5.7,6,7.0,3
RM_Krissek,RM_Krissek,krissek,BlueDesert,True,False,False,1~3,False,2,0.7,False,False,False,True,0.95,None,False,False,False,0.9,18.0,4.0,,False,False,False,QuadrupedAnimalWithPawsAndTail,,,,False,False,5.65,3,4.35,3
RM_Barbslinger,RM_Barbslinger,barbslinger,Pyrelands,True,False,False,1~3,False,1,0.15,False,False,False,True,0.9,Intermediate,False,False,False,2.5,20.0,7.0,10.0,False,False,False,BeetleLikeWithClaw,,,,False,False,5.65,3,4.96,3
RSW_ShiroTrap,RSW_ShiroTrap,shiro-trap,SWBestiary,True,False,True,1~1,False,3,1.5,False,False,True,True,0.75,Intermediate,False,False,True,0.75,18.0,90.0,,False,False,False,RSW_ShiroTrap,shirotrap,,,False,False,5.62,3,5.67,3
RSW_LaaJuv,RSW_LaaJuv,young laa scalefish,SWBestiary,True,False,False,3~6,True,2,0.6,False,False,False,True,0.85,,False,False,False,0.4,,4.0,4.0,False,True,True,Snake,,,,False,False,5.61,6,2.0,6
RM_Emberscythe,RM_Emberscythe,emberscythe mantis,Pyrelands,True,False,False,2~4,False,1,0.05,False,False,False,True,0.6,Intermediate,False,False,False,1.3,30.0,9.0,9.0,False,False,False,BeetleLikeWithClaw,,,,False,False,5.59,3,4.65,3
RM_Blinker,RM_Blinker,blinker,LanternDeeps,True,False,False,3~5,True,1,0.3,False,False,False,True,0.4,None,False,False,False,0.45,30.0,12.0,,False,False,False,BeetleLike,,,,False,False,5.58,3,4.85,3
RSW_Maguana,RSW_Maguana,maguana,SWBestiary,True,False,False,1~1,False,2,1.0,False,False,False,True,0.85,Intermediate,False,False,True,2.1,30.0,12.0,,False,False,False,QuadrupedAnimalWithClawsTailAndJowl,,,,False,False,5.55,3,5.52,3
RM_Chellow,RM_Chellow,chellow,FeverWood,True,False,False,3~6,True,1,0.5,True,False,False,True,0.35,Intermediate,False,False,False,0.3,15.0,7.0,4.0,True,False,False,Bird,,,,False,False,5.51,15,5.47,3
RSW_MossBeetle,RSW_MossBeetle,moss beetle,SWBestiary,True,False,False,1~1,False,2,0.6,True,False,False,True,0.45,,False,False,True,0.45,0.0,16.0,,False,False,False,BeetleLike,,,,False,False,5.49,3,4.52,3
RM_Dorrak,RM_Dorrak,dorrak,BlueDesert,True,False,False,1~2,False,2,1.0,False,False,False,True,0.85,Intermediate,False,False,False,1.6,48.0,30.0,,False,False,False,QuadrupedAnimalWithHoovesAndHump,,,,False,False,5.47,3,5.67,3
RM_Chotrix,RM_Chotrix,chotrix,Scarlands,True,False,False,1~1,False,0,0,True,False,False,False,1.0,None,False,False,False,0.9,24.0,12.0,,False,False,False,QuadrupedAnimalWithPaws,,,,False,False,5.45,3,6.24,3
RM_BloodropMoth,RM_BloodropMoth,drinker,LanternDeeps,True,False,False,1~1,True,1,0.25,False,False,True,True,0.55,Intermediate,False,False,True,0.77,0.0,10.0,,False,False,False,RM_MothLike,,,,False,False,5.38,3,3.01,3
RM_Blisterfloat,RM_Blisterfloat,blisterfloat,Contagion,True,False,False,1~3,False,1,0.5,False,False,False,False,1.0,None,False,False,False,1.2,36.0,10.0,,True,False,False,Bird,,,,False,False,5.35,15,3.98,3
RM_Murrelith,RM_Murrelith,murrelith,FeverWood,True,False,False,2~5,True,1,0.35,True,False,False,True,0.6,Intermediate,False,True,False,0.28,15.0,6.0,4.0,True,False,False,Bird,,,,False,False,5.32,15,5.05,3
RSW_KraytDragon,RSW_KraytDragon,krayt dragon,SWBestiary,True,True,True,1~1,False,2,0.3,False,False,True,True,0.9,Advanced,False,False,True,12.0,48.0,100.0,,False,False,False,RSW_KraytDragon,kraytdragon,,,False,False,5.3,3,7.02,3
RSW_WraidAlpha,RSW_WraidAlpha,alpha wraid,SWBestiary,True,False,False,1~1,False,2,0.3,False,False,False,True,0.7,Intermediate,False,False,True,3.4,48.0,45.0,,False,False,False,RSW_Dewback,,,,False,False,5.3,3,6.02,3
RSW_Blixus,RSW_Blixus,blixus,SWBestiary,True,False,False,1~1,False,1,0.5,False,False,False,True,0.97,Intermediate,False,True,True,4.0,36.0,20.0,,False,True,True,RSW_Blixus,blixus,,,False,False,5.25,6,5.88,6
RM_Murrol,RM_Murrol,murrol,TerminalBiomes,True,False,False,1~3,False,1,0.4,True,False,False,True,0.05,None,False,False,False,0.4,48.0,8.0,,False,False,False,Snake,,,,False,False,5.23,3,7.77,3
RM_Brathek,RM_Brathek,brathek,FeverWood,True,False,False,1~3,False,1,0.5,False,False,False,True,0.8,None,False,False,False,0.9,24.0,6.0,,False,False,False,Snake,,,,False,False,5.2,3,4.49,3
RM_Yammeth,RM_Yammeth,yammeth,Greentide,True,False,False,6~12,True,1,1.0,False,False,False,True,0.85,None,False,False,False,0.3,18.0,12.0,,True,False,False,Bird,,,,False,False,5.15,15,3.52,3
RSW_Vulptex,RSW_Vulptex,vulptex,SWBestiary,True,False,False,1~1,False,1,0.08,True,False,True,True,0.0,Intermediate,False,False,False,0.55,18.0,,24.0,False,False,False,QuadrupedAnimalWithPawsAndTail,vulptex,,,False,False,5.14,3,7.86,3
RSW_YobshrimpLand,RSW_YobshrimpLand,yobshrimp,SWBestiary,True,False,True,1~1,True,0,0,True,False,False,True,0.2,None,False,False,True,0.4,6.0,3.0,,False,True,True,RSW_YobshrimpLand,yobshrimp,,,False,False,5.13,6,6.38,6
RSW_Lylek,RSW_Lylek,lylek,SWBestiary,True,False,False,1~1,False,2,0.1,False,False,False,True,0.95,Intermediate,False,False,True,5.0,60.0,98.0,,False,False,False,RSW_Lylek,lylek,,,False,False,5.1,3,6.11,3
RM_Ashwallow,RM_Ashwallow,ashwallow,Pyrelands,True,False,False,1~3,False,1,0.18,False,False,False,True,0.55,None,False,False,False,1.3,27.0,11.0,10.0,False,False,False,QuadrupedAnimalWithHooves,,,,False,False,5.08,3,4.62,3
RSW_MutatingTumorfishAdult,RSW_MutatingTumorfishAdult,mutating tumorfish,SWBestiary,True,False,False,1~2,False,0,0,False,False,False,True,0.9,Intermediate,False,False,True,1.8,0.0,6.0,,False,True,True,RSW_FishBody,,,,False,False,5.07,6,1.9,6
RSW_MutatingTumorfishFry,RSW_MutatingTumorfishFry,mutating tumorfish fry,SWBestiary,True,False,False,3~4,False,0,0,False,False,False,True,0.5,None,False,False,False,0.8,12.0,0.5,,False,True,True,RSW_FishBody,,,,False,False,5.04,6,3.62,6
RM_Karrolun,RM_Karrolun,karrolun,Miasma,True,False,False,1~3,False,1,1.2,True,False,False,True,0.2,None,False,False,False,0.35,24.0,6.0,5.0,False,False,False,BeetleLikeWithClaw,,,,False,False,5.03,3,6.62,3
RSW_Horax,RSW_Horax,horax,SWBestiary,True,False,False,1~1,False,2,0.02,False,False,False,True,0.85,Intermediate,False,False,True,15.0,60.0,66.0,,False,False,False,RSW_Horax,horax,,,False,False,5.02,3,6.07,3
RSW_GreaterKraytDragon,RSW_GreaterKraytDragon,greater krayt dragon,SWBestiary,True,False,False,1~1,False,2,0.0,False,False,True,True,0.95,Advanced,False,False,True,15.0,90.0,1000.0,,False,False,False,RSW_GreaterKraytDragon,greaterkraytdragon,,,False,False,5.0,3,7.1,3
RSW_Orray,RSW_Orray,orray,SWBestiary,True,False,False,1~1,False,1,0.25,False,True,True,True,0.8,Intermediate,False,False,False,2.0,30.0,30.0,12.0,False,False,False,RSW_Orray,orray,,,False,False,5.0,6,7.6,3
RSW_GreatDevourer,RSW_GreatDevourer,sarlacc seeker,SWBestiary,True,False,False,1~1,False,1,0.5,False,False,False,True,0.75,Intermediate,False,False,True,2.5,30.0,55.0,,False,False,False,RSW_WormWithArmor,,,,False,False,5.0,3,5.47,3
RM_GreatDevourer,RM_GreatDevourer,great devourer,LongShade,True,False,False,1~1,False,1,0.5,False,False,False,True,0.75,Intermediate,False,False,True,2.5,30.0,55.0,,False,False,False,RM_GreatDevourerBody,,,,False,False,5.0,3,5.47,3
RM_ThornbackColoJuv,RM_ThornbackColoJuv,young thornback colo,TerminalBiomes,True,False,False,1~2,False,1,0.25,False,False,False,True,0.95,,False,False,False,2.6,,60.0,14.0,False,True,True,QuadrupedAnimalWithClawsTailAndJowl,,,,False,False,4.97,6,2.42,6
RM_CanopySwinger,RM_CanopySwinger,ookala,Greentide,True,False,False,2~5,True,1,0.3,False,False,False,True,0.6,Intermediate,False,False,False,0.4,18.0,14.0,6.0,False,False,False,Monkey,,,,False,False,4.95,3,4.4,3
RSW_Platyhystrix,RSW_Platyhystrix,Platyhystrix,SWBestiary,True,False,False,1~2,False,0,0,False,False,True,True,0.5,Advanced,False,False,True,1.5,180.0,40.0,15.0,False,False,False,QuadrupedAnimalWithPawsAndTail,,,,False,False,4.92,3,6.35,3
RSW_Diplocaulus,RSW_Diplocaulus,Diplocaulus,SWBestiary,True,False,False,1~2,False,0,0,False,False,True,True,0.5,Advanced,False,False,True,1.5,180.0,40.0,15.0,False,False,False,QuadrupedAnimalWithPawsAndTail,,,,False,False,4.92,3,6.35,3
RSW_Laa,RSW_Laa,laa scalefish,SWBestiary,True,False,False,3~6,True,0,0,False,False,False,True,0.85,,False,False,False,0.4,9.0,4.0,4.0,False,True,True,Snake,laascalefish,,,False,False,4.88,6,3.69,6
RSW_Dragonsnake,RSW_Dragonsnake,Dragonsnake,SWBestiary,True,False,False,1~1,False,1,0.12,False,False,False,True,0.8,Advanced,False,False,True,4.0,30.0,60.0,,False,True,True,RSW_Dragonsnake,dragonsnake,,,False,False,4.87,6,5.53,6
RM_Eskith,RM_Eskith,eskith,Cauldron,True,False,False,3~7,True,1,0.4,False,False,False,True,0.6,None,False,False,False,0.35,15.0,8.0,,False,False,False,Bird,,,,False,False,4.86,3,3.74,3
RM_Shirrel,RM_Shirrel,shirrel,LeaningScrub,True,False,False,1~3,False,1,0.25,False,False,False,True,0.7,Intermediate,False,False,False,0.7,24.0,12.0,,False,False,False,QuadrupedAnimalWithPawsAndTail,,,,False,False,4.85,3,4.26,3
RSW_MegaphoridLarva,RSW_MegaphoridLarva,megaphorid maggot,SWBestiary,False,False,False,2~12,False,2,1.0,False,False,False,False,1.0,None,False,False,False,0.32,,0.25,,False,False,False,RSW_LarvaLike,,,,False,True,4.83,3,0.53,3
RSW_AcidSlug,RSW_AcidSlug,acid slug,SWBestiary,False,False,False,1~1,False,1,0.05,False,False,False,True,0.95,Intermediate,False,False,True,4.0,20.0,220.0,,False,False,False,RSW_BiomesCore_Slug,,,,False,False,4.8,3,5.16,3
RM_Sloshbelly,RM_Sloshbelly,sloshbelly,Contagion,True,False,False,1~3,False,1,0.25,False,False,False,False,1.0,None,False,False,False,0.6,36.0,10.0,,False,False,False,QuadrupedAnimalWithPaws,,,,False,False,4.8,3,3.55,3
JOE_Nautilant,JOE_Nautilant,nautilant,UtinniPatches,True,False,False,1~1,False,17,0.27,False,False,False,True,0.9,Advanced,False,False,False,8.2,30.0,1200.0,,False,True,True,Nautiloid,,,,False,False,4.77,6,5.61,6
RM_Vexxiss,RM_Vexxiss,vexxiss,Cauldron,True,False,False,1~1,False,1,0.02,False,False,False,True,0.95,None,False,True,False,6.0,240.0,80.0,,False,False,False,QuadrupedAnimalWithHooves,,,,False,False,4.77,3,6.11,3
RM_Ulgga,RM_Ulgga,ulgga,LongShade,True,False,False,1~1,False,1,0.01,False,False,False,True,0.9,Intermediate,False,False,True,6.0,13.3,45.0,,False,False,False,Snake,,,,False,False,4.76,3,4.81,3
RM_Tebbra,RM_Tebbra,tebbra,LongShade,True,False,False,3~6,True,1,0.6,False,False,False,True,0.6,None,False,False,False,0.35,13.3,7.0,4.5,False,False,False,QuadrupedAnimalWithPawsAndTail,,,,False,False,4.75,3,3.74,3
RM_Durrok,RM_Durrok,durrok,SWBestiary,False,False,False,1~3,False,0,0,False,False,False,True,0.75,Intermediate,False,False,False,1.4,30.0,35.0,,False,False,False,QuadrupedAnimalWithPaws,,,,False,False,4.7,3,4.67,3
RSW_PekoPeko,RSW_PekoPeko,Peko-peko,SWBestiary,True,True,False,1~1,False,1,0.2,False,False,True,True,0.5,Intermediate,False,False,True,2.5,12.0,30.0,,True,False,False,RSW_FlyingAvian,pekopeko,,,False,False,4.7,15,5.57,3
RM_Drazzik,RM_Drazzik,drazzik,Stillsand,True,False,False,1~1,False,2,0.1,False,False,False,True,0.95,Advanced,False,False,True,2.2,30.0,20.0,12.0,False,True,False,QuadrupedAnimalWithPawsAndTail,,,,False,False,4.7,6,5.12,6
RM_Karravel,RM_Karravel,karravel,Miasma,True,False,False,8~24,False,1,3.5,True,False,False,True,0.2,None,False,False,False,0.18,18.0,3.0,3.0,False,False,False,BeetleLike,,,,False,False,4.69,3,3.66,3
RSW_ColoClawFish,RSW_ColoClawFish,colo claw fish,SWBestiary,True,False,False,1~2,False,0,0,False,False,False,True,0.95,,False,False,False,3.0,20.0,60.0,14.0,False,True,True,QuadrupedAnimalWithClawsTailAndJowl,coloclawfish,," plain olive with no spots. - **Infant (`canon_2`, canon, a baby):** a smooth tan-olive torpedo with a pale belly, blue flank spots, small yellow eye and a shor",True,False,4.67,6,9.14,6
RSW_AbyssalColo,RSW_AbyssalColo,abyssal colo,SWBestiary,True,False,False,1~2,False,0,0,False,False,False,False,0.98,,False,False,False,3.6,20.0,60.0,14.0,False,True,True,QuadrupedAnimalWithClawsTailAndJowl,,,,False,False,4.67,6,4.14,6
RM_AbyssalColo,RM_AbyssalColo,abyssal colo,TerminalBiomes,True,False,False,1~2,False,0,0,False,False,False,False,0.98,,False,False,False,3.6,20.0,60.0,14.0,False,True,True,QuadrupedAnimalWithClawsTailAndJowl,,,,False,False,4.67,6,4.14,6
RM_GappoLesser,RM_GappoLesser,lesser gappo,GelatinousSlime,True,False,False,6~14,True,1,1.5,False,False,False,True,0.5,Intermediate,False,False,False,0.25,30.0,4.0,10.0,False,False,False,QuadrupedAnimalWithHooves,,,,False,False,4.66,3,3.34,3
RSW_CrestedDragon,RSW_CrestedDragon,crested dragon,SWBestiary,True,False,False,1~1,False,2,0.8,False,False,False,True,0.75,None,False,False,True,0.7,13.3,11.0,,False,False,False,QuadrupedAnimalWithClawsTailAndJowl,,,,False,False,4.65,3,4.05,3
RM_Dhollock,RM_Dhollock,dhollollo,Greentide,True,False,False,1~1,False,1,0.15,False,False,False,True,0.9,None,False,False,True,2.5,13.3,40.0,,False,False,True,QuadrupedAnimalWithClawsTailAndJowl,,,,False,False,4.65,3,4.63,3
RSW_KowakianMonkeyLizard,RSW_KowakianMonkeyLizard,kowakian monkey-lizard,SWBestiary,True,False,False,3~7,True,1,0.01,False,False,True,True,0.4,Advanced,False,False,False,0.35,18.0,30.0,6.0,False,False,False,RSW_KowakianMonkeyLizard,kowakianmonkeylizard,,,False,False,4.63,3,4.58,3
RM_Gulveth,RM_Gulveth,gulveth,TheSump,True,False,False,1~2,False,1,0.45,False,False,False,True,0.6,None,False,False,False,1.5,36.0,16.0,12.0,False,False,False,QuadrupedAnimalWithHoovesAndHump,,,,False,False,4.62,3,5.1,3
RSW_ColonyPustuleHornet,RSW_ColonyPustuleHornet,pustule hornet,SWBestiary,False,False,False,1~2,True,1,0.5,True,False,False,True,0.3,Advanced,False,False,False,0.32,13.3,2.0,,True,False,False,RSW_BeetleLikeWithStinger,,,,False,False,4.58,15,5.77,3
RM_ThozzikColony,RM_ThozzikColony,thozzik,TheRot,False,False,False,1~2,True,1,0.5,True,False,False,True,0.3,Advanced,False,False,False,0.32,13.3,2.0,,True,False,False,RM_BeetleLikeWithStinger,,,,False,False,4.58,15,5.77,3
RSW_BloodletterPetrel,RSW_BloodletterPetrel,bloodletter petrel,SWBestiary,True,False,False,2~3,True,2,1.4,False,False,False,True,0.75,Intermediate,False,False,True,0.32,12.0,30.0,,True,False,False,Bird,,,,False,False,4.57,15,3.66,3
RM_Bladderboil,RM_Bladderboil,bladderboil,TerminalBiomes,True,False,False,3~9,True,1,0.6,False,False,False,True,0.5,None,False,False,False,0.3,30.0,4.0,,False,False,True,Snake,,,,False,False,4.57,3,3.69,3
RSW_Gizka,RSW_Gizka,gizka,SWBestiary,True,False,False,4~6,True,8,3.92,True,False,True,True,0.5,,False,False,True,0.18,5.4,12.0,,False,False,False,RSW_Gizka,gizka,,,False,False,4.56,3,3.91,3
RM_Megapleura,RM_Megapleura,megapleura,LanternDeeps,True,False,False,1~1,False,1,0.1,False,False,True,True,0.6,Intermediate,False,False,True,2.4,20.0,15.0,,False,False,False,BeetleLikeWithClaw,,,,False,False,4.55,3,5.89,3
RSW_Porg,RSW_Porg,porg,SWBestiary,True,True,True,2~5,True,1,0.04,True,False,False,True,0.0,,False,False,True,0.18,18.0,6.0,,True,False,True,Bird,porg," **flat, beakless face**, two webbed feet, orange/tan legs. Sexually dimorphic — males slightly larger, and only the males have orange plu",,False,False,4.51,15,3.22,3
RSW_Segnosaurus,RSW_Segnosaurus,Segnosaurus,SWBestiary,True,False,False,1~1,False,0,0,False,False,True,True,0.75,Advanced,False,False,True,4.5,180.0,80.0,30.0,False,False,False,QuadrupedAnimalWithPawsAndTail,,,,False,False,4.5,3,7.1,3
RSW_Baseopsis,RSW_Baseopsis,Baseopsis,SWBestiary,True,False,False,1~1,False,0,0,False,False,True,True,0.5,,False,False,True,3.0,180.0,40.0,30.0,False,False,False,BeetleLikeWithClaw,,,,False,False,4.5,3,7.1,3
RSW_Termitotron,RSW_Termitotron,Termitotron,SWBestiary,True,False,False,1~1,False,0,0,False,False,True,True,0.5,,False,False,True,3.0,180.0,40.0,30.0,False,False,False,BeetleLikeWithClaw,,,,False,False,4.5,3,7.1,3
RSW_Acklay,RSW_Acklay,acklay,SWBestiary,True,False,False,1~1,False,0,0,False,False,True,True,0.95,Advanced,False,False,True,3.0,48.0,35.0,,False,True,True,RSW_Acklay,acklay,,,False,False,4.5,6,6.87,6
RM_Guzzka,RM_Guzzka,guzzka,Stillsand,True,False,False,1~1,False,0,0,False,False,False,False,0.98,None,False,False,True,5.5,36.0,35.0,45.0,False,False,False,QuadrupedAnimalWithPawsAndTail,,,,False,False,4.5,3,4.63,3
RSW_ThornbackColo,RSW_ThornbackColo,thornback colo,SWBestiary,True,False,False,1~2,False,0,0,False,False,False,True,0.95,,False,False,False,2.6,20.0,60.0,14.0,False,True,True,QuadrupedAnimalWithClawsTailAndJowl,,,,False,False,4.47,6,4.94,6
RM_ThornbackColo,RM_ThornbackColo,thornback colo,TerminalBiomes,True,False,False,1~2,False,0,0,False,False,False,True,0.95,,False,False,False,2.6,20.0,60.0,14.0,False,True,True,QuadrupedAnimalWithClawsTailAndJowl,,,,False,False,4.47,6,4.94,6
RM_Quarrok,RM_Quarrok,quarrok,Webwork,True,False,False,1~2,False,1,0.3,False,False,False,True,0.6,None,False,False,False,1.4,36.0,10.0,10.0,False,False,False,BeetleLikeWithClaw,,,,False,False,4.42,3,4.98,3
RM_Peeper,RM_Peeper,peeper,Contagion,True,False,False,1~2,False,1,0.5,False,False,False,True,0.9,None,False,False,False,1.0,36.0,12.0,,False,False,False,QuadrupedAnimalWithPawsAndTail,,,,False,False,4.42,3,4.88,3
RSW_WarWyrm,RSW_WarWyrm,war wyrm,SWBestiary,True,False,False,1~1,False,2,0.4,False,False,False,True,0.95,Advanced,False,False,False,22.5,90.0,5000.0,60.0,False,False,False,RSW_WarWyrm,,,,False,False,4.4,3,6.3,3
RSW_Moornak,RSW_Moornak,moornak,SWBestiary,True,False,False,1~1,False,0,0,True,False,False,True,0.6,None,False,False,False,0.5,24.0,18.0,14.0,False,False,False,QuadrupedAnimalWithPawsAndTail,,,,False,False,4.38,3,7.04,3
RSW_FleeceSpider,RSW_FleeceSpider,puffmite,SWBestiary,True,False,False,1~1,False,2,1.4,True,False,True,True,0.0,None,False,False,True,0.32,24.0,10.0,,False,False,False,BeetleLikeWithClaw,,,,False,False,4.3,3,6.92,3
RM_Jossur,RM_Jossur,jossur,TheForge,True,False,False,1~2,False,1,0.06,False,False,False,True,0.95,None,False,False,False,1.6,48.0,18.0,,True,False,False,Bird,,,,False,False,4.28,15,5.2,3
RSW_Thrumbungus,RSW_Thrumbungus,thrumbungus,SWBestiary,True,False,False,1~1,False,1,0.5,False,False,False,False,0.985,Advanced,False,False,False,4.0,79.9,220.0,,False,False,False,RSW_HunchedBipedWithTail,,,,False,False,4.25,3,5.35,3
RSW_MutagenicNorphea,RSW_MutagenicNorphea,mutagenic norphea,SWBestiary,True,False,False,2~3,True,2,0.8,False,False,False,True,0.5,None,True,False,True,0.32,12.0,3.0,,False,False,False,BeetleLike,,,,False,False,4.25,3,3.42,3
RM_Brullith,RM_Brullith,brullith,TheRot,True,False,False,1~1,False,1,0.5,False,False,False,False,0.985,Advanced,False,False,False,4.0,79.9,220.0,,False,False,False,RM_HunchedBipedWithTail,,,,False,False,4.25,3,5.35,3
RM_Titanoslime,RM_Titanoslime,titanoslime,GelatinousSlime,False,False,False,1~1,False,2,0.24,False,False,False,False,1.0,None,False,False,False,6.0,,1000.0,,False,False,False,RM_AmorphousBody,,,,False,False,4.24,3,1.62,3
RM_Drokattak,RM_Drokattak,ombrathia,Abyss,True,False,False,1~1,False,2,0.24,False,False,False,True,0.9,Intermediate,False,False,False,3.0,48.0,22.0,28.0,False,False,False,QuadrupedAnimalWithPawsAndTail,,,,False,False,4.24,3,5.99,3
RM_Scorchpod,RM_Scorchpod,scorchpod,Contagion,True,False,False,1~2,False,1,0.85,False,False,False,True,0.9,None,False,False,False,0.55,36.0,8.0,,False,False,False,TurtleLike,,,,False,False,4.17,3,4.83,3
RSW_Scurrier,RSW_Scurrier,scurrier,SWBestiary,True,True,False,3~9,False,3,1.0,False,False,True,True,0.5,None,False,False,False,0.2,7.2,6.0,4.0,False,False,False,RSW_Scurrier,scurrier,"m individuals are hornless); the Legends painting shows a male with huge swept-back, frilled/ribbed grey horns and an orange striped body with a crest of grey d",,False,False,4.16,3,2.21,3
RM_Bileworm,RM_Bileworm,bileworm,Scarlands,True,False,False,1~1,False,2,0.16,False,False,False,True,0.4,None,False,False,False,4.0,20.0,74.0,10.0,False,False,False,Snake,,,,False,False,4.16,3,5.22,3
RM_Gharrek,RM_Gharrek,gharrek,Abyss,True,False,False,1~1,False,1,0.6,False,False,False,True,0.8,None,False,True,False,0.6,15.0,6.0,,False,False,False,Snake,,,,False,False,4.15,3,4.0,3
RSW_Gorg,RSW_Gorg,gorg,SWBestiary,True,False,True,2~5,False,3,1.8,True,False,False,True,0.0,None,False,False,True,0.21,9.0,4.0,,False,True,True,RSW_Gorg,gorg,,,False,False,4.14,6,3.67,6
RSW_SmogMoth,RSW_SmogMoth,smog moth,SWBestiary,True,False,False,1~1,False,1,0.5,False,False,True,True,0.75,None,False,False,True,0.77,0.0,10.0,,True,False,False,RSW_MothLike,,,,False,False,4.13,15,2.63,3
RM_Illoth,RM_Illoth,illoth,TheRot,True,False,False,1~1,False,1,0.5,False,False,True,True,0.75,None,False,False,True,0.77,0.0,10.0,,True,False,False,RM_RotMothLike,,,,False,False,4.13,15,2.63,3
RSW_Korrum,RSW_Korrum,korrum,SWBestiary,True,False,False,1~1,False,2,0.1,False,False,False,True,0.7,None,False,False,False,4.0,30.0,650.0,30.0,False,False,False,TurtleLike,,,,False,False,4.1,3,5.52,3
RSW_Bogwing,RSW_Bogwing,bogwing,SWBestiary,True,False,False,1~1,False,1,0.5,False,False,False,True,0.6,Intermediate,False,False,True,0.7,18.0,16.0,,True,False,False,RSW_Bogwing,bogwing,,,False,False,4.1,15,4.15,3
RM_JuggernautBeetle,RM_JuggernautBeetle,juggernaut beetle,Scarlands,True,False,False,1~1,False,2,0.1,False,False,False,True,0.4,Intermediate,False,False,False,3.0,12.0,6.0,,False,False,False,BeetleLikeWithClaw,,,,False,False,4.1,3,4.77,3
RM_Vrekka,RM_Vrekka,vrekka,LongShade,True,False,False,1~3,False,1,0.4,False,False,False,True,0.6,Intermediate,False,False,False,0.5,15.0,12.0,,False,False,False,QuadrupedAnimalWithPaws,,,,False,False,4.08,3,3.85,3
RM_Skennet,RM_Skennet,skennet,Webwork,True,False,False,2~4,True,1,0.4,False,False,False,True,0.5,None,False,False,False,0.35,18.0,5.0,5.0,False,False,False,QuadrupedAnimalWithHooves,,,,False,False,4.07,3,3.87,3
RM_Slick,RM_Slick,slick,LanternDeeps,True,False,False,1~2,False,1,0.3,False,False,False,True,0.75,None,False,False,False,0.7,30.0,12.0,,False,False,False,Snake,,,,False,False,4.07,3,4.47,3
RM_Gristleswarm,RM_Gristleswarm,gristleswarm,Wasteland,True,False,False,3~6,True,1,0.6,False,False,False,True,0.9,None,False,False,False,0.3,30.0,5.0,,False,False,False,BeetleLike,,,,False,False,4.06,3,3.69,3
RM_SootGristleswarm,RM_SootGristleswarm,soot gristleswarm,Wasteland,True,False,False,3~6,True,1,0.6,False,False,False,True,0.9,None,False,False,False,0.3,30.0,5.0,,False,False,False,BeetleLike,,,,False,False,4.06,3,3.69,3
RM_Summ,RM_Summ,summ,Abyss,True,False,True,1~1,False,2,0.02,False,False,False,True,0.97,Advanced,False,False,False,8.0,240.0,220.0,60.0,False,False,False,QuadrupedAnimalWithHooves,,,,False,False,4.02,3,6.11,3
RM_Eyestinger,RM_Eyestinger,eyestinger,Contagion,True,False,False,1~1,False,1,0.5,False,False,False,False,1.0,None,False,False,False,2.5,36.0,18.0,,False,False,False,QuadrupedAnimalWithClawsTailAndJowl,,,,False,False,4.0,3,4.63,3
RSW_Megakrill,RSW_Megakrill,megakrill,SWBestiary,True,False,False,7~8,True,0,0,True,False,False,True,0.75,None,False,False,True,0.2,13.3,1.0,,False,True,True,BeetleLikeWithClaw,,,,False,False,3.98,6,3.45,6
RM_Drifter,RM_Drifter,drifter,LanternDeeps,True,False,False,3~4,True,1,0.25,False,False,False,True,0.6,,False,False,False,0.35,30.0,12.0,,False,False,False,BeetleLike,,,,False,False,3.98,3,4.18,3
RM_Utikka,RM_Utikka,utikka,BlueDesert,True,False,False,4~10,True,1,0.7,False,False,False,True,0.5,Intermediate,False,False,False,0.25,18.0,6.0,,False,False,False,QuadrupedAnimalWithPawsAndTail,,,,False,False,3.96,3,2.83,3
RSW_PustuleHornet,RSW_PustuleHornet,pustule hornet,SWBestiary,False,False,False,1~1,True,1,0.5,True,False,False,True,0.3,Advanced,False,False,False,0.32,13.3,2.0,,True,False,False,RSW_BeetleLikeWithStinger,,,,False,False,3.95,15,5.77,3
RM_Thozzik,RM_Thozzik,thozzik,TheRot,False,False,False,1~1,True,1,0.5,True,False,False,True,0.3,Advanced,False,False,False,0.32,13.3,2.0,,True,False,False,RM_BeetleLikeWithStinger,,,,False,False,3.95,15,5.77,3
RM_Krizzak,RM_Krizzak,krizzak,Abyss,True,False,False,3~6,True,1,0.3,False,False,False,True,0.9,None,False,False,False,0.3,12.0,3.0,,True,False,False,Bird,,,,False,False,3.91,15,3.02,3
RM_ReefbackJuv,RM_ReefbackJuv,young reefback,TerminalBiomes,True,False,False,1~1,False,1,0.15,False,False,False,False,1.0,,False,False,False,32.0,,500.0,120.0,False,True,True,Pinniped,,,,False,False,3.9,6,1.57,6
RM_FireHawk,RM_FireHawk,fire-hawk,Pyrelands,True,False,False,1~2,False,1,0.15,False,False,False,True,0.9,Intermediate,False,False,False,0.65,24.0,14.0,7.0,True,False,False,Bird,,,,False,False,3.89,15,4.19,3
RM_Lirrith,RM_Lirrith,lirrith,Abyss,True,False,False,2~3,False,2,2.0,False,False,False,True,0.6,None,False,False,False,0.35,13.3,6.0,5.661,False,False,False,QuadrupedAnimalWithPawsAndTail,,,,False,False,3.89,3,3.92,3
RSW_Shiro,RSW_Shiro,shiro,SWBestiary,True,False,False,1~1,False,2,0.9,False,False,True,True,0.75,Intermediate,False,False,True,0.5,13.3,90.0,,False,False,False,TurtleLike,shiro,,,False,False,3.88,3,5.0,3
RM_Doublemaw,RM_Doublemaw,doublemaw,Contagion,True,False,False,1~2,False,1,0.15,False,False,False,False,1.0,None,False,False,False,0.6,36.0,6.0,,False,False,False,QuadrupedAnimalWithPawsAndTail,,,,False,False,3.87,3,3.5,3
RM_Meltgut,RM_Meltgut,meltgut,Contagion,True,False,False,1~1,False,1,0.1,False,False,False,False,1.0,None,False,False,False,4.0,36.0,20.0,,False,False,False,QuadrupedAnimalWithHoovesAndHump,,,,False,False,3.85,3,4.68,3
RM_Knocker,RM_Knocker,knocker,LanternDeeps,True,False,False,1~2,False,1,0.12,False,False,False,True,0.45,None,False,False,False,0.6,30.0,12.0,,False,False,False,BeetleLike,,,,False,False,3.84,3,4.33,3
RSW_Zakkeg,RSW_Zakkeg,zakkeg,SWBestiary,True,False,False,1~1,False,1,0.05,False,False,False,True,0.85,Intermediate,False,False,False,5.0,48.0,48.0,20.0,False,False,False,RSW_Zakkeg,zakkeg,,,False,False,3.8,3,5.89,3
RM_Uttaqar,RM_Uttaqar,rock troll,FloodedCanyon,True,False,True,1~1,False,1,0.05,False,False,False,True,0.8,Intermediate,False,False,False,4.5,12.0,750.0,40.0,False,False,False,QuadrupedAnimalWithClawsTailAndJowl,,,,False,False,3.8,3,4.75,3
RSW_Igitz,RSW_Igitz,igitz,SWBestiary,True,False,True,1~1,False,1,0.7,True,False,True,True,0.3,Intermediate,False,False,True,0.32,12.0,16.0,,False,True,True,RSW_Igitz,igitz,,,False,False,3.79,6,6.18,6
RSW_PustuleHornetSpawned,RSW_PustuleHornetSpawned,pustule hornet,SWBestiary,True,False,False,1~1,True,1,0.2,True,False,False,True,0.3,Advanced,False,False,False,0.32,13.3,2.0,,True,False,False,RSW_BeetleLikeWithStinger,,,,False,False,3.79,15,5.65,3
RM_ThozzikSpawned,RM_ThozzikSpawned,thozzik,TheRot,True,False,False,1~1,True,1,0.2,True,False,False,True,0.3,Advanced,False,False,False,0.32,13.3,2.0,,True,False,False,RM_BeetleLikeWithStinger,,,,False,False,3.79,15,5.65,3
RSW_Wampa,RSW_Wampa,wampa,SWBestiary,True,False,True,1~1,False,1,0.03,False,False,True,True,0.95,Advanced,False,False,False,6.0,48.0,40.0,30.0,False,False,False,RSW_Wampa,wampa,,,False,False,3.78,3,6.88,3
RSW_SandoAquaMonster,RSW_SandoAquaMonster,sando aqua monster,SWBestiary,True,False,False,1~1,False,1,0.03,False,False,False,False,0.99,,False,False,False,14.0,36.0,200.0,60.0,False,True,True,QuadrupedAnimalWithPawsAndTail,sandoaquamonster,,,False,False,3.78,6,4.64,6
RM_Hwelgrue,RM_Hwelgrue,hwelgrue,TheRot,False,False,False,1~1,False,1,0.02,False,False,False,False,1.0,None,False,False,False,8.0,0.0,60.0,,False,False,False,RM_RotLarvaLike,,,,False,False,3.77,3,1.51,3
RM_Vhaulk,RM_Vhaulk,vhaulk,BlueDesert,True,False,False,1~1,False,1,0.02,False,False,False,False,0.98,None,False,False,False,6.0,1500.0,200.0,,False,False,False,QuadrupedAnimalWithHoovesAndHump,,,,False,False,3.77,3,5.11,3
RM_Dhokkur,RM_Dhokkur,dhokkur,TheForge,True,False,False,1~1,False,1,0.02,False,False,False,False,0.98,None,False,False,False,6.0,360.0,120.0,,False,False,False,QuadrupedAnimalWithHooves,,,,False,False,3.77,3,5.11,3
RM_Gorrask,RM_Gorrask,gorrask,WeepingStones,True,False,False,1~1,False,1,0.02,False,False,False,False,1.0,None,False,False,False,15.0,720.0,400.0,150.0,False,False,False,TurtleLike,,,,False,False,3.77,3,5.11,3
RSW_Reefback,RSW_Reefback,reefback,SWBestiary,True,False,False,1~1,False,1,0.01,False,False,False,False,1.0,,False,False,False,32.0,36.0,500.0,120.0,False,True,True,Pinniped,,,,False,False,3.76,6,4.63,6
RSW_Lanternwhale,RSW_Lanternwhale,lanternwhale,SWBestiary,True,False,False,1~1,False,1,0.01,False,False,False,False,1.0,,False,False,False,40.0,36.0,500.0,120.0,False,True,True,Pinniped,,,,False,False,3.76,6,4.63,6
RM_GrippingTerror,RM_GrippingTerror,gripping terror,TerminalBiomes,True,False,False,1~1,False,1,0.01,False,False,False,False,1.0,,False,False,False,20.0,36.0,300.0,60.0,False,True,True,QuadrupedAnimalWithPawsAndTail,,,,False,False,3.76,6,4.63,6
RM_Reefback,RM_Reefback,reefback,TerminalBiomes,True,False,False,1~1,False,1,0.01,False,False,False,False,1.0,,False,False,False,32.0,36.0,500.0,120.0,False,True,True,Pinniped,,,,False,False,3.76,6,4.63,6
RM_Lanternwhale,RM_Lanternwhale,lanternwhale,TerminalBiomes,True,False,False,1~1,False,1,0.01,False,False,False,False,1.0,,False,False,False,40.0,36.0,500.0,120.0,False,True,True,Pinniped,,,,False,False,3.76,6,4.63,6
RSW_Protosolpuga,RSW_Protosolpuga,Protosolpuga,SWBestiary,True,False,False,1~1,False,0,0,False,False,True,True,0.5,Advanced,False,False,True,1.5,180.0,40.0,30.0,False,False,False,BeetleLikeWithClaw,,,,False,False,3.75,3,6.35,3
RSW_SandLion,RSW_SandLion,vekka,SWBestiary,True,False,False,1~1,False,1,0.5,False,False,False,True,0.9,Advanced,False,False,False,2.0,30.0,18.0,10.0,False,False,False,QuadrupedAnimalWithPawsAndTail,,,,False,False,3.75,3,5.22,3
RSW_Basilisk,RSW_Basilisk,basilisk,SWBestiary,True,False,False,1~1,False,0,0,False,False,False,True,0.85,Advanced,False,False,True,1.5,30.0,12.0,,False,False,False,QuadrupedAnimalWithClawsTailAndJowl,,,,False,False,3.75,3,4.72,3
RM_Vekka,RM_Vekka,vekka,Stillsand,True,False,False,1~1,False,1,0.5,False,False,False,True,0.9,Advanced,False,False,False,2.0,30.0,18.0,10.0,False,False,False,QuadrupedAnimalWithPawsAndTail,,,,False,False,3.75,3,5.22,3
RM_Suulk,RM_Suulk,suulk,TerminalBiomes,True,False,False,1~2,False,0,0,False,False,False,True,0.6,None,False,False,False,1.1,24.0,25.0,,False,False,True,Snake,,,,False,False,3.72,3,4.34,3
RM_Ollathrix,RM_Ollathrix,ollathrix,Webwork,True,False,False,1~1,False,1,0.15,False,False,False,False,1.0,None,False,False,False,2.6,24.0,14.0,10.0,False,False,False,BeetleLikeWithClaw,,,,False,False,3.7,3,4.16,3
RM_Ivvol,RM_Ivvol,ivvol,WeepingStones,True,False,False,1~1,False,1,0.05,True,False,False,True,0.2,None,False,False,False,0.4,30.0,14.0,18.0,False,False,False,TurtleLike,,,,False,False,3.67,3,7.2,3
RSW_RustNipperJuv,RSW_RustNipperJuv,young rust nipper,SWBestiary,True,False,False,4~9,True,1,0.25,False,False,False,True,0.75,,False,False,False,0.25,,8.0,5.661,False,True,True,Crab,,,,False,False,3.65,6,1.09,6
RM_RustNipperJuv,RM_RustNipperJuv,young rust nipper,TerminalBiomes,True,False,False,4~9,True,1,0.25,False,False,False,True,0.75,,False,False,False,0.25,,8.0,5.661,False,True,True,Crab,,,,False,False,3.65,6,1.09,6
RM_Ysvaltha,RM_Ysvaltha,ysvaltha,Abyss,True,False,False,1~1,False,2,0.4,False,False,True,True,0.75,Intermediate,False,False,False,1.5,54.0,18.0,6.0,False,False,False,QuadrupedAnimalWithPawsAndTail,,,,False,False,3.65,3,6.42,3
RSW_Voorpak,RSW_Voorpak,voorpak,SWBestiary,True,False,False,2~5,False,3,0.12,False,False,True,True,0.4,Advanced,False,False,False,0.35,12.0,12.0,12.0,False,False,False,RSW_Voorpak,voorpak,,,False,False,3.63,3,3.9,3
RSW_Lothcat,RSW_Lothcat,loth-cat,SWBestiary,True,True,False,1~1,False,1,0.8,True,False,True,True,0.0,None,False,False,False,0.35,24.0,10.0,9.0,False,False,False,QuadrupedAnimalWithPawsAndTail,lothcat,,,False,False,3.63,3,7.32,3
RM_Gallowroot,RM_Gallowroot,gallowroot,HostileFlora,True,False,False,1~2,False,0,0,False,False,False,False,1.0,None,False,False,False,0.9,24.0,12.0,10.0,False,False,False,BeetleLike,,,,False,False,3.62,3,3.24,3
RSW_VentStalker,RSW_VentStalker,vent stalker,SWBestiary,True,False,False,1~1,False,2,0.5,False,False,False,True,0.4,Advanced,False,False,False,1.2,12.0,10.0,10.0,False,False,False,RSW_Kinrath,,,,False,False,3.6,3,4.07,3
RM_ElectricGryllotalpa,RM_ElectricGryllotalpa,electric gryllotalpa,Scarlands,True,False,False,1~1,False,2,0.3,False,False,False,True,0.4,Advanced,False,False,False,1.5,6.0,6.0,,False,False,False,BeetleLikeWithClaw,,,,False,False,3.55,3,3.58,3
RM_Shambles,RM_Shambles,the shambles,TheRot,True,False,False,1~1,False,1,0.5,False,False,False,False,1.0,None,False,False,False,1.6,36.0,1.0,,False,False,False,QuadrupedAnimalWithHoovesAndHump,,,,False,False,3.55,3,4.18,3
RM_Loohn,RM_Loohn,loohn,TerminalBiomes,True,False,False,1~1,False,1,0.01,False,False,False,True,0.95,None,False,False,False,2.5,21.0,18.0,,False,False,True,Snake,,,,False,False,3.51,3,4.93,3
RUT_Vhessk,RUT_Vhessk,vhessk,UtinniPatches,True,False,False,1~1,False,0,0,False,False,False,False,1.0,None,False,False,False,3.0,1.2,30.0,,False,False,False,QuadrupedAnimalWithHoovesAndHump,,,,False,False,3.5,3,2.18,3
RSW_SarlaccSwimmer,RSW_SarlaccSwimmer,sarlacc swimmer,Sarlacc,False,False,False,1~1,False,0,0,False,False,False,True,,None,False,False,False,3.0,0,60.0,,False,True,True,Devourer,,,,False,False,3.5,6,2.5,6
RSW_Zakkro,RSW_Zakkro,zakkro,SWBestiary,True,False,False,1~1,False,0,0,False,False,False,True,0.97,None,False,False,False,5.5,33.0,60.0,,False,False,False,QuadrupedAnimalWithPaws,,,,False,False,3.5,3,5.55,3
RM_Mullgoth,RM_Mullgoth,mullgoth,SWBestiary,False,False,False,1~1,False,0,0,False,False,False,True,0.95,Intermediate,False,False,False,4.0,30.0,70.0,,False,False,False,QuadrupedAnimalWithPaws,,,,False,False,3.5,3,5.47,3
RSW_Dianoga,RSW_Dianoga,dianoga,SWBestiary,True,False,False,1~1,False,0,0,False,False,False,True,0.9,Advanced,False,False,False,4.0,36.0,10.0,15.0,False,True,True,RSW_Dianoga,dianoga,,"d silhouette lit gold underwater. The ""Toothy"" jar image (a juvenile specimen preserved in a tank at a theme-park prop/display) shows mottled olive-green throug",True,False,3.5,6,9.63,6
RSW_Starmaw,RSW_Starmaw,starmaw,SWBestiary,True,False,False,1~1,False,0,0,False,False,False,False,1.0,,False,False,False,36.0,36.0,500.0,120.0,False,True,True,Pinniped,,,,False,False,3.5,6,4.63,6
RSW_Faa,RSW_Faa,faa scalefish,SWBestiary,True,False,False,5~12,True,2,1.0,False,False,False,True,0.9,,False,False,False,0.2,9.0,4.0,4.0,False,True,True,Snake,faascalefish,,,False,False,3.5,6,2.05,6
RSW_ElderSando,RSW_ElderSando,elder sando,SWBestiary,True,False,False,1~1,False,0,0,False,False,False,False,1.0,,False,False,False,20.0,36.0,300.0,60.0,False,True,True,QuadrupedAnimalWithPawsAndTail,,,,False,False,3.5,6,4.63,6
RSW_StormSando,RSW_StormSando,storm sando,SWBestiary,True,False,False,1~1,False,0,0,False,False,False,False,0.99,,False,False,False,12.0,36.0,150.0,60.0,False,True,True,QuadrupedAnimalWithPawsAndTail,,,,False,False,3.5,6,4.63,6
RSW_BunkerBug,RSW_BunkerBug,bunker bug,SWBestiary,True,False,False,1~1,False,0,0,False,False,False,False,0.985,Intermediate,False,False,False,4.0,24.0,200.0,,False,False,False,BeetleLikeWithClaw,,,,False,False,3.5,3,4.29,3
RM_Borehulk,RM_Borehulk,borehulk,RustCathedral,True,False,False,1~1,False,0,0,False,False,False,True,,None,False,False,False,6.0,,,,False,False,False,Mech_Tunneler,,,,False,False,3.5,3,2.5,3
RM_StormSando,RM_StormSando,storm sando,TerminalBiomes,True,False,False,1~1,False,0,0,False,False,False,False,0.99,,False,False,False,12.0,36.0,150.0,60.0,False,True,True,QuadrupedAnimalWithPawsAndTail,,,,False,False,3.5,6,4.63,6
RM_Starmaw,RM_Starmaw,starmaw,TerminalBiomes,True,False,False,1~1,False,0,0,False,False,False,False,1.0,,False,False,False,36.0,36.0,500.0,120.0,False,True,True,Pinniped,,,,False,False,3.5,6,4.63,6
RM_ShaleGorgerJuv,RM_ShaleGorgerJuv,young shale gorger,TerminalBiomes,True,False,False,1~1,False,1,0.25,False,False,False,True,0.95,,False,False,False,2.0,,40.0,10.0,False,True,True,Crab,,,,False,False,3.5,6,2.12,6
RM_WardenMother,RM_WardenMother,warden mother,Miasma,True,False,False,1~1,False,0,0,False,False,False,False,1.0,None,False,False,False,8.0,24.0,45.0,,False,False,True,Pinniped,,,,False,False,3.5,3,4.29,3
RM_TarBeast,RM_TarBeast,tar beast,TheSump,True,False,False,1~1,False,0,0,False,False,False,False,1.0,None,False,False,False,9.0,0.0,200.0,,False,False,False,QuadrupedAnimalWithPaws,,,,False,False,3.5,3,1.5,3
RM_GorraskCondenser,RM_GorraskCondenser,old gorrask,WeepingStones,True,False,False,1~1,False,0,0,False,False,False,False,1.0,None,False,False,False,15.0,720.0,400.0,150.0,False,False,False,TurtleLike,,,,False,False,3.5,3,5.1,3
RM_BloodyMess,RM_BloodyMess,bloody mess,Contagion,True,False,False,1~1,False,1,0.75,False,False,False,False,0.98,None,False,False,False,1.0,36.0,40.0,,False,False,False,QuadrupedAnimalWithPawsAndTail,,,,False,False,3.5,3,4.0,3
RM_Flamefang,RM_Flamefang,flamefang,Pyrelands,True,False,False,1~1,False,1,0.5,False,False,False,True,0.6,Intermediate,False,False,False,1.5,30.0,4.0,20.0,False,False,False,Snake,,,,False,False,3.5,3,4.97,3
RM_Galuush,RM_Galuush,galuush,LanternDeeps,True,False,False,1~1,False,0,0,False,False,False,False,1.0,None,False,False,False,6.0,0.0,400.0,,False,False,False,BeetleLike,,,,False,False,3.5,3,1.5,3
RM_Muurrok,RM_Muurrok,muurrok,Stillsand,True,False,False,1~1,False,0,0,False,False,False,False,1.0,None,False,False,False,14.0,480.0,140.0,,False,False,False,Snake,,,,False,False,3.5,3,5.1,3
RM_Ruukka,RM_Ruukka,ruukka,Stillsand,True,False,False,1~1,False,0,0,False,False,False,False,1.0,None,False,False,False,5.0,0.0,6.0,0.0,False,False,False,QuadrupedAnimalWithPawsAndTail,,,,False,False,3.5,3,1.5,3
RM_Burrak,RM_Burrak,burrak,WeepingStones,True,False,False,1~1,False,1,0.12,False,False,False,True,0.8,None,False,False,False,2.2,21.0,30.0,60.0,False,False,False,QuadrupedAnimalWithClawsTailAndJowl,,,,False,False,3.47,3,4.84,3
RSW_RustNipper,RSW_RustNipper,rust nipper,SWBestiary,True,False,False,4~9,True,0,0,False,False,False,True,0.75,,False,False,False,0.25,15.0,8.0,5.661,False,True,True,Crab,,,,False,False,3.45,6,2.52,6
RM_RustNipper,RM_RustNipper,rust nipper,TerminalBiomes,True,False,False,4~9,True,0,0,False,False,False,True,0.75,,False,False,False,0.25,15.0,8.0,5.661,False,True,True,Crab,,,,False,False,3.45,6,2.52,6
RM_Zhaaz,RM_Zhaaz,zhaaz,BlueDesert,True,False,False,1~1,False,1,0.1,False,False,False,True,0.95,None,False,False,False,2.2,36.0,15.0,,False,False,False,QuadrupedAnimalWithPawsAndTail,,,,False,False,3.45,3,5.28,3
RM_Slagmole,RM_Slagmole,slagmole,Wasteland,True,False,False,1~1,False,1,0.4,False,False,False,True,0.6,Intermediate,False,False,False,1.6,30.0,14.0,,False,False,False,QuadrupedAnimalWithClawsTailAndJowl,,,,False,False,3.45,3,4.97,3
RM_Gravelgut,RM_Gravelgut,gravelgut,Wasteland,True,False,False,1~1,False,1,0.2,False,False,False,True,0.7,None,False,False,False,2.0,36.0,30.0,,False,False,False,TurtleLike,,,,False,False,3.45,3,5.23,3
RSW_Borcatu,RSW_Borcatu,Borcatu,SWBestiary,True,False,False,1~3,False,1,0.7,False,False,False,True,0.75,None,False,False,False,0.4,12.0,8.0,4.5,False,False,False,RSW_Borcatu,borcatu,,,False,False,3.43,3,3.77,3
RM_Shoal,RM_Shoal,shoal,LanternDeeps,True,False,False,8~15,True,1,0.4,False,False,False,True,0.6,,False,False,False,0.2,30.0,4.0,,False,False,False,BeetleLike,,,,False,False,3.42,3,2.39,3
RSW_FacetMoth,RSW_FacetMoth,facet moth,SWBestiary,True,False,False,1~1,False,0,0,False,False,True,True,0.55,None,False,False,True,0.77,0.0,10.0,,False,False,False,RSW_MothLike,,,,False,False,3.38,3,2.38,3
RSW_FaaJuv,RSW_FaaJuv,young faa scalefish,SWBestiary,True,False,False,5~12,True,2,0.6,False,False,False,True,0.9,,False,False,False,0.2,,4.0,4.0,False,True,True,Snake,,,,False,False,3.37,6,0.95,6
RSW_YobshrimpJuv,RSW_YobshrimpJuv,young pale yobshrimp,SWBestiary,True,False,False,6~12,True,2,0.6,False,False,False,True,0.8,,False,False,False,0.2,,8.0,5.661,False,True,True,BeetleLike,,,,False,False,3.37,6,0.95,6
RSW_TunnelSnake,RSW_TunnelSnake,yanker,SWBestiary,True,False,False,1~1,False,1,0.5,False,False,False,True,0.85,Advanced,False,False,False,1.2,6.0,18.0,10.0,False,False,False,RSW_Klorslug,,,,False,False,3.35,3,3.53,3
RM_CrimsonOpeeJuv,RM_CrimsonOpeeJuv,young crimson opee,TerminalBiomes,True,False,False,1~1,False,1,0.25,False,False,False,True,0.9,,False,False,False,1.7,,40.0,10.0,False,True,True,Crab,,,,False,False,3.35,6,1.98,6
RM_TunnelSnake,RM_TunnelSnake,yanker,LeaningScrub,True,False,False,1~1,False,1,0.5,False,False,False,True,0.85,Advanced,False,False,False,1.2,6.0,18.0,10.0,False,False,False,Snake,,,,False,False,3.35,3,3.53,3
RM_Skellick,RM_Skellick,skellick,FeverWood,True,False,False,1~3,True,1,0.25,True,False,False,True,0.7,None,False,False,False,0.22,15.0,5.0,4.0,True,False,False,Bird,,,,False,False,3.34,15,3.92,3
RM_Vurrak,RM_Vurrak,vurrak,Greentide,True,False,False,1~1,False,1,0.15,False,False,False,True,0.95,None,False,False,False,1.85,30.0,35.0,14.0,False,False,False,QuadrupedAnimalWithClawsTailAndJowl,,,,False,False,3.33,3,4.97,3
RM_Khorrak,RM_Khorrak,khorrak,LongShade,True,False,False,1~1,False,2,0.07,False,False,False,True,0.65,None,False,False,False,1.5,13.3,15.0,,False,False,False,TurtleLike,,,,False,False,3.32,3,4.09,3
RSW_OpeeSeaKillerJuv,RSW_OpeeSeaKillerJuv,sub-adult opee sea killer,SWBestiary,True,False,False,1~1,False,2,0.1,False,False,False,True,0.9,,False,False,False,1.4,,40.0,10.0,False,True,True,Crab,,,,False,False,3.3,6,1.75,6
RM_Vosska,RM_Vosska,vosska,LongShade,True,False,False,1~1,False,1,0.05,False,False,False,True,0.65,Intermediate,False,False,False,2.0,30.0,18.0,10.0,False,True,True,QuadrupedAnimalWithPawsAndTail,,,,False,False,3.3,6,5.0,6
RM_Loomu,RM_Loomu,loomu,WeepingStones,True,False,False,1~1,False,1,0.2,True,False,False,True,0.25,Intermediate,False,False,False,0.35,24.0,9.0,10.0,False,False,False,TurtleLike,,,,False,False,3.28,3,6.18,3
RM_Cravvet,RM_Cravvet,cravvet,Webwork,True,False,False,1~2,False,1,0.25,False,False,False,True,0.55,None,False,False,False,0.5,24.0,11.0,9.0,False,False,False,TurtleLike,,,,False,False,3.27,3,4.16,3
RM_Nevarithia,RM_Nevarithia,nevarithia,Abyss,True,False,False,1~1,False,2,0.01,False,False,False,True,0.65,Intermediate,False,False,False,1.5,30.0,14.0,6.66,False,False,False,QuadrupedAnimalWithHoovesAndHorn,,,,False,False,3.26,3,4.73,3
RM_Scaldhide,RM_Scaldhide,scaldhide,Contagion,True,False,False,1~1,False,1,0.1,False,False,False,True,0.9,None,False,False,False,1.8,36.0,25.0,,False,False,False,TurtleLike,,,,False,False,3.25,3,5.08,3
RM_Skreth,RM_Skreth,skreth,FeverWood,True,False,False,1~1,False,0,0,False,False,False,False,1.0,None,False,False,False,2.5,30.0,10.0,10.0,False,False,False,BeetleLikeWithClaw,,,,False,False,3.25,3,4.22,3
RM_OrunGhal,RM_OrunGhal,Orun-Ghal,LanternDeeps,False,False,False,1~1,False,0,0,False,False,False,False,1.0,None,False,False,False,2.5,0.0,2000.0,,False,False,False,Lancer,,,,False,False,3.25,3,1.25,3
RM_Durrgak,RM_Durrgak,sorter,Abyss,True,False,False,1~1,False,1,0.4,False,False,False,True,0.75,Advanced,False,False,False,1.2,30.0,25.0,,False,False,False,QuadrupedAnimalWithPaws,,,,False,False,3.25,3,4.77,3
RM_Vhakk,RM_Vhakk,vhakk,WeepingStones,True,False,False,1~1,False,1,0.08,False,False,False,True,0.95,None,False,False,False,1.8,18.0,14.0,30.0,False,False,False,QuadrupedAnimalWithPawsAndTail,,,,False,False,3.23,3,4.49,3
RM_Thornhold,RM_Thornhold,thornhold,LeaningScrub,True,False,False,1~3,False,1,0.4,False,False,False,True,0.65,Intermediate,False,False,False,0.4,24.0,12.0,,False,False,False,QuadrupedAnimalWithPawsAndTail,,,,False,False,3.23,3,4.19,3
RM_Cindermare,RM_Cindermare,saevitha,Abyss,True,False,False,1~1,False,2,0.08,False,False,False,False,1.0,None,False,False,False,1.3,36.0,18.0,16.0,False,False,False,QuadrupedAnimalWithPawsAndTail,,,,False,False,3.23,3,3.82,3
RUT_BurnerAscendant,RUT_BurnerAscendant,"burner, ascendant",UtinniPatches,True,False,False,1~1,False,2,0.06,False,False,False,False,1.0,None,False,False,False,1.3,18.0,5.0,,False,False,False,QuadrupedAnimalWithPawsAndTail,,,,False,False,3.21,3,3.23,3
RSW_CrystalCrab,RSW_CrystalCrab,crystal crab,SWBestiary,True,True,False,1~1,False,0,0,False,False,False,True,0.8,Intermediate,False,False,False,2.4,16.2,9.0,,False,False,False,BeetleLikeWithClaw,,,,False,False,3.2,3,4.66,3
RM_Rimclaw,RM_Rimclaw,rimclaw,Scarlands,True,False,False,1~1,False,2,0.2,False,False,False,True,,Advanced,False,False,False,1.0,30.0,250.0,30.0,False,False,False,QuadrupedAnimalWithClawsTailAndJowl,,,,False,False,3.2,3,4.57,3
RM_Smolderback,RM_Smolderback,smolderback,Wasteland,True,False,False,1~1,False,1,0.05,False,False,False,True,0.75,Advanced,False,False,False,1.8,36.0,20.0,,False,False,False,TurtleLike,,,,False,False,3.2,3,5.05,3
RSW_Creature_Mantrap,RSW_Creature_Mantrap,fang leaf,SWBestiary,False,False,False,1~1,False,2,0.3,False,False,False,False,0.99,None,False,False,False,0.77,0.0,7.0,,False,False,False,RSW_MantisLike,,,,False,False,3.18,3,0.54,3
RM_ThrummelWarden,RM_ThrummelWarden,thrummel warden,TheSump,True,False,False,1~2,False,1,0.15,False,False,False,True,0.6,None,False,False,False,0.5,21.0,7.0,7.0,False,False,False,QuadrupedAnimalWithPaws,,,,False,False,3.18,3,4.0,3
RM_Grimewing,RM_Grimewing,grimewing,Wasteland,True,False,False,1~2,False,1,0.15,False,False,False,True,0.6,None,False,False,False,0.5,30.0,8.0,,True,False,False,Bird,,,,False,False,3.18,15,4.3,3
RM_Crispling,RM_Crispling,crispling,Contagion,True,False,False,1~3,False,1,0.3,False,False,False,False,1.0,None,False,False,False,0.4,36.0,8.0,,False,False,False,QuadrupedAnimalWithPaws,,,,False,False,3.17,3,3.48,3
RSW_Blarth,RSW_Blarth,blarth,SWBestiary,True,False,False,1~1,False,1,0.5,True,False,True,True,0.3,Intermediate,False,False,False,0.32,18.0,21.0,30.0,False,True,True,RSW_Blarth,blarth,,,False,False,3.15,6,6.37,6
RM_Fleshsop,RM_Fleshsop,fleshsop,Contagion,True,False,False,1~1,False,1,0.5,False,False,False,True,0.8,None,False,False,False,0.8,36.0,2.0,,False,False,False,QuadrupedAnimalWithPaws,,,,False,False,3.15,3,4.78,3
RM_SumpMouse,RM_SumpMouse,sump-mouse,TheSump,True,False,False,4~10,True,1,0.8,True,False,False,True,0.25,,False,False,False,0.15,13.3,3.0,5.661,False,False,False,QuadrupedAnimalWithPawsAndTail,,,,False,False,3.14,3,2.73,3
RM_Bokka,RM_Bokka,bokka,LongShade,True,False,False,1~1,False,2,1.0,False,False,True,True,0.5,None,False,False,True,0.4,13.3,12.0,,False,False,False,QuadrupedAnimalWithClawsTailAndJowl,,,,False,False,3.13,3,5.0,3
RM_Gorekite,RM_Gorekite,gorekite,Contagion,True,False,False,1~1,False,1,0.08,False,False,False,False,1.0,None,False,False,False,1.6,36.0,12.0,,True,False,False,Bird,,,,False,False,3.13,15,3.97,3
RM_Tapper,RM_Tapper,tapper,LanternDeeps,True,False,False,1~2,False,1,0.08,False,False,False,True,0.5,None,False,False,False,0.5,30.0,12.0,,False,False,False,BeetleLike,,,,False,False,3.12,3,4.26,3
RM_Murrek,RM_Murrek,murrek,BlueDesert,True,False,False,1~1,False,1,0.25,False,False,False,True,0.97,None,False,False,False,1.2,36.0,12.0,,False,False,False,QuadrupedAnimalWithPawsAndTail,,,,False,False,3.1,3,4.85,3
RM_Karrimeth,RM_Karrimeth,karrimeth,Miasma,True,False,False,40~90,True,1,0.8,True,False,False,True,0.25,None,False,False,False,0.1,15.0,2.0,2.5,False,False,False,BeetleLike,,,,False,False,3.1,3,1.84,3
RM_Kethrel,RM_Kethrel,kethrel,TheSump,True,False,False,1~1,False,1,0.2,False,False,False,True,0.7,Intermediate,False,False,False,1.3,36.0,20.0,14.0,False,False,False,QuadrupedAnimalWithPaws,,,,False,False,3.1,3,4.88,3
RM_Dakkra,RM_Dakkra,dakkra,LongShade,True,False,False,1~1,False,1,0.05,False,False,False,True,0.7,Intermediate,False,False,False,1.6,24.0,16.0,8.0,False,False,False,QuadrupedAnimalWithPawsAndTail,,,,False,False,3.1,3,4.61,3
RM_Suush,RM_Suush,suush,Cauldron,True,False,False,1~1,False,1,0.2,False,False,False,True,0.5,None,False,False,False,1.3,36.0,12.0,,True,False,False,Bird,,,,False,False,3.1,15,4.88,3
RSW_CaveLemming,RSW_CaveLemming,mahllik,SWBestiary,True,False,False,1~1,False,2,0.06,False,False,False,True,,,False,False,False,1.0,,,,False,False,False,,,,,False,False,3.06,3,1.53,3
RSW_PustuleHornetQueen,RSW_PustuleHornetQueen,pustule queen,SWBestiary,False,False,False,1~1,False,1,0.3,False,False,False,False,1.0,None,False,False,False,1.0,13.3,4.0,,True,False,False,RSW_BeetleLikeWithStinger,,,,False,False,3.05,15,2.95,3
RM_ThozzikQueen,RM_ThozzikQueen,thozzik queen,TheRot,False,False,False,1~1,False,1,0.3,False,False,False,False,1.0,None,False,False,False,1.0,13.3,4.0,,True,False,False,RM_BeetleLikeWithStinger,,,,False,False,3.05,15,2.95,3
RSW_Kreetle,RSW_Kreetle,kreetle,SWBestiary,True,False,True,1~1,False,7,5.1,True,False,False,True,0.1,None,False,False,False,0.2,6.0,10.0,3.0,False,False,False,RSW_Kreetle,kreetle,,,False,False,3.03,3,3.64,3
RM_Skarnix,RM_Skarnix,ishvarith,Abyss,True,False,False,1~1,False,2,0.18,False,False,False,False,1.0,None,False,False,False,0.7,27.0,10.0,9.0,False,False,False,QuadrupedAnimalWithPawsAndTail,,,,False,False,3.03,3,3.32,3
RM_Scabspinner,RM_Scabspinner,scabspinner,Wasteland,True,False,False,1~1,False,1,0.4,False,False,False,True,0.9,None,False,False,False,0.75,30.0,6.0,,False,False,False,BeetleLikeWithClaw,,,,False,False,3.02,3,4.55,3
RSW_SiltLampreyJuv,RSW_SiltLampreyJuv,young silt lamprey,SWBestiary,True,False,False,4~10,True,1,0.25,False,False,False,True,0.85,,False,False,False,0.2,,8.0,5.661,False,True,True,Snake,,,,False,False,3.01,6,0.86,6
RM_SiltLampreyJuv,RM_SiltLampreyJuv,gillclamper,TerminalBiomes,True,False,False,4~10,True,1,0.25,False,False,False,True,0.85,,False,False,False,0.2,,8.0,5.661,False,True,True,Snake,,,,False,False,3.01,6,0.86,6
RUT_GreentideAntRace,RUT_GreentideAnt,giant ant,GreentideRaidAnt,True,False,False,1~1,False,0,0,False,False,False,True,,None,False,False,False,2.0,0.0,10.0,,False,False,False,BeetleLike,,,,False,False,3.0,3,2.0,3
RSW_Yobshrimp,RSW_Yobshrimp,pale yobshrimp,SWBestiary,True,False,False,6~12,True,0,0,False,False,False,True,0.8,,False,False,False,0.2,15.0,8.0,5.661,False,True,True,BeetleLike,yobshrimp,,,False,False,3.0,6,2.0,6
RSW_ShaleGorger,RSW_ShaleGorger,shale gorger,SWBestiary,True,False,False,1~1,False,0,0,False,False,False,True,0.95,,False,False,False,2.0,20.0,40.0,10.0,False,True,True,Crab,,,,False,False,3.0,6,4.64,6
RM_ShaleGorger,RM_ShaleGorger,shale gorger,TerminalBiomes,True,False,False,1~1,False,0,0,False,False,False,True,0.95,,False,False,False,2.0,20.0,40.0,10.0,False,True,True,Crab,,,,False,False,3.0,6,4.64,6
RM_Shokka,RM_Shokka,shokka,LeaningScrub,True,False,False,1~1,False,1,0.15,False,False,False,True,0.8,Intermediate,False,False,False,1.2,24.0,14.0,,False,False,False,QuadrupedAnimalWithPawsAndTail,,,,False,False,3.0,3,4.46,3
RM_Zellik,RM_Zellik,zellik,LeaningScrub,True,False,False,1~1,False,1,0.3,False,False,False,True,0.8,Intermediate,False,False,False,0.9,24.0,15.0,,True,False,False,Bird,,,,False,False,3.0,15,4.39,3
RM_Scumslider,RM_Scumslider,scumslider,Wasteland,True,False,False,1~3,False,1,0.7,False,False,False,True,0.5,None,False,False,False,0.35,24.0,3.0,,False,False,False,QuadrupedAnimalWithPawsAndTail,,,,False,False,2.99,3,3.77,3
RM_Thrummel,RM_Thrummel,thrummel,TheSump,True,False,False,2~5,False,1,0.35,False,False,False,True,0.5,None,False,False,False,0.3,18.0,6.0,6.0,False,False,False,QuadrupedAnimalWithPaws,,,,False,False,2.96,3,2.91,3
RSW_Strill,RSW_Strill,strill,SWBestiary,True,False,False,1~1,False,1,0.2,False,False,True,True,0.4,Advanced,False,False,False,1.0,36.0,300.0,15.0,True,False,False,RSW_Strill,strill,,,False,False,2.95,15,5.73,3
RSW_GraniteSlug,RSW_GraniteSlug,granite slug,SWBestiary,True,False,False,2~4,False,3,0.35,True,False,False,True,0.75,None,False,False,False,0.2,6.0,8.0,3.0,False,False,False,RSW_GraniteSlug,graniteslug,,,False,False,2.95,3,2.98,3
RM_Ssurr,RM_Ssurr,ssurr,WeepingStones,True,False,False,1~1,False,1,0.35,False,False,False,True,0.45,Advanced,False,False,False,0.7,18.0,10.0,12.0,False,False,False,QuadrupedAnimalWithPawsAndTail,,,,False,False,2.95,3,4.07,3
RM_Skarrid,RM_Skarrid,skarrid,TheSump,True,False,False,1~1,False,1,0.25,False,False,False,True,0.85,None,False,False,False,0.75,30.0,14.0,10.0,False,False,False,TurtleLike,,,,False,False,2.88,3,4.47,3
RM_Danglemaw,RM_Danglemaw,danglemaw,Contagion,True,False,False,1~1,False,1,0.12,False,False,False,False,1.0,None,False,False,False,1.0,36.0,15.0,,False,False,False,Snake,,,,False,False,2.87,3,3.69,3
RSW_CrimsonOpee,RSW_CrimsonOpee,crimson opee,SWBestiary,True,False,False,1~1,False,0,0,False,False,False,True,0.9,,False,False,False,1.7,20.0,40.0,10.0,False,True,True,Crab,,,,False,False,2.85,6,4.49,6
RM_CrimsonOpee,RM_CrimsonOpee,crimson opee,TerminalBiomes,True,False,False,1~1,False,0,0,False,False,False,True,0.9,,False,False,False,1.7,20.0,40.0,10.0,False,True,True,Crab,,,,False,False,2.85,6,4.49,6
RM_Fubbum,RM_Fubbum,fubbum,GelatinousSlime,True,False,False,1~1,False,1,0.15,False,False,False,True,0.75,Intermediate,False,False,False,0.9,36.0,10.0,14.0,False,False,False,QuadrupedAnimalWithPaws,,,,False,False,2.85,3,4.65,3
RM_Bloodlurk,RM_Bloodlurk,bloodlurk,Contagion,True,False,False,1~1,False,1,0.2,False,False,False,False,1.0,None,False,False,False,0.8,36.0,10.0,,False,False,False,QuadrupedAnimalWithClawsTailAndJowl,,,,False,False,2.85,3,3.63,3
RM_Sparkleech,RM_Sparkleech,sparkleech,Contagion,True,False,False,1~2,False,1,0.15,False,False,False,False,1.0,None,False,False,False,0.45,36.0,3.0,,True,False,False,Bird,,,,False,False,2.85,15,3.43,3
RM_Silloch,RM_Silloch,silloch,FeverWood,True,False,False,1~1,False,1,0.3,False,False,False,True,0.9,None,False,False,False,0.6,30.0,8.0,,False,False,False,BeetleLikeWithClaw,,,,False,False,2.85,3,4.42,3
RUT_VWake,RUT_VWake,v-wake,UtinniPatches,True,False,False,1~1,False,1,0.04,False,False,False,True,0.95,None,False,False,False,1.1,24.0,12.0,,False,False,True,Snake,,,,False,False,2.84,3,4.36,3
RSW_SiltLamprey,RSW_SiltLamprey,silt lamprey,SWBestiary,True,False,False,4~10,True,0,0,False,False,False,True,0.85,,False,False,False,0.2,15.0,8.0,5.661,False,True,True,Snake,,,,False,False,2.84,6,2.0,6
RM_SiltLamprey,RM_SiltLamprey,silt lamprey,TerminalBiomes,True,False,False,4~10,True,0,0,False,False,False,True,0.85,,False,False,False,0.2,15.0,8.0,5.661,False,True,True,Snake,,,,False,False,2.84,6,2.0,6
RM_Tarruq,RM_Tarruq,tarruq,FloodedCanyon,True,False,False,1~2,False,1,0.12,False,False,False,True,0.9,None,False,False,False,0.45,24.0,11.0,14.0,False,False,False,Monkey,,,,False,False,2.82,3,4.07,3
RM_Tarnn,RM_Tarnn,tarnn,TerminalBiomes,True,False,False,1~1,False,1,0.2,True,False,False,True,0.2,None,False,False,False,0.3,90.0,25.0,,False,False,False,Snake,,,,False,False,2.8,3,5.89,3
RM_Mirrak,RM_Mirrak,mirrak,LongShade,True,False,False,1~1,False,1,0.05,False,False,False,True,0.85,None,False,False,False,1.0,30.0,20.0,10.0,False,False,False,QuadrupedAnimalWithPawsAndTail,,,,False,False,2.8,3,4.5,3
RM_Huldu,RM_Huldu,huldu,WeepingStones,True,False,False,1~1,False,1,0.2,True,False,False,True,0.15,Intermediate,False,False,False,0.3,24.0,7.0,14.0,False,False,False,TurtleLike,,,,False,False,2.8,3,5.28,3
RM_KurrethQueen,RM_KurrethQueen,kurreth queen,FeverWood,True,False,False,1~1,False,0,0,False,False,False,False,1.0,None,False,False,False,1.6,24.0,6.0,6.0,False,False,False,BeetleLikeWithClaw,,,,False,False,2.8,3,3.59,3
RM_Hush,RM_Hush,hush,LanternDeeps,True,False,False,1~1,False,0,0,False,False,False,False,1.0,None,False,False,False,1.6,30.0,12.0,,False,False,False,Snake,,,,False,False,2.8,3,3.77,3
RM_Gembug,RM_Gembug,gembug,LanternDeeps,True,False,False,1~1,True,1,0.1,False,False,False,True,0.33,Intermediate,False,False,True,0.335,24.0,7.0,,False,False,False,BeetleLike,,,,False,False,2.8,3,3.77,3
RM_Pooler,RM_Pooler,pooler,LanternDeeps,True,False,False,1~1,False,1,0.08,False,False,False,True,0.6,None,False,False,False,0.9,30.0,12.0,,False,False,False,Snake,,,,False,False,2.78,3,4.46,3
RM_Ogleknot,RM_Ogleknot,ogleknot,Contagion,True,False,False,1~3,False,1,0.3,False,False,False,True,0.95,None,False,False,False,0.35,24.0,3.0,,False,False,False,BeetleLike,,,,False,False,2.76,3,3.6,3
RM_Fuzzrunner,RM_Fuzzrunner,fuzzrunner,LeaningScrub,True,False,False,4~10,False,1,1.0,False,False,False,True,0.6,Intermediate,False,False,False,0.2,24.0,7.0,,False,False,False,QuadrupedAnimalWithPaws,,,,False,False,2.76,3,2.19,3
RSW_Khorrak,RSW_Khorrak,khorrak,SWBestiary,True,False,False,1~1,False,0,0,False,False,False,True,0.65,None,False,False,False,1.5,13.3,15.0,,False,False,False,TurtleLike,,,,False,False,2.75,3,4.05,3
RM_Karrash,RM_Karrash,karrash,TerminalBiomes,True,False,False,1~4,False,1,0.45,False,False,False,True,0.7,None,False,False,False,0.3,48.0,12.0,,False,False,True,Snake,,,,False,False,2.75,3,3.56,3
RM_Dovvik,RM_Dovvik,dovvik,BlueDesert,True,False,False,1~1,False,1,0.2,False,False,False,True,0.4,Intermediate,False,False,False,0.6,30.0,12.0,,False,False,False,QuadrupedAnimalWithPawsAndTail,,,,False,False,2.75,3,4.37,3
RM_ThrummelBroodmother,RM_ThrummelBroodmother,thrummel broodmother,TheSump,True,False,False,1~1,False,1,0.05,False,False,False,True,0.65,None,False,False,False,0.9,48.0,20.0,20.0,False,False,False,QuadrupedAnimalWithPaws,,,,False,False,2.75,3,4.84,3
RM_Skellarn,RM_Skellarn,skellarn,TheSump,True,False,False,1~1,False,1,0.15,False,False,False,True,0.8,None,False,False,False,0.7,24.0,12.0,9.0,True,False,False,Bird,,,,False,False,2.75,15,4.21,3
RM_Dwommo,RM_Dwommo,dwommo,GelatinousSlime,True,False,False,1~1,False,1,0.2,False,False,False,True,0.85,None,False,False,False,0.6,30.0,12.0,,True,False,False,Bird,,,,False,False,2.75,15,4.37,3
RM_Skiralim,RM_Skiralim,ski'ra'lim,LongShade,True,False,False,1~1,False,1,0.05,False,False,False,True,0.8,Intermediate,False,False,False,0.9,18.0,14.0,,True,False,False,Bird,,,,False,False,2.75,15,4.02,3
RM_Loomma,RM_Loomma,loomma,Stillsand,True,False,False,1~2,False,1,0.05,True,False,False,True,0.5,Intermediate,False,False,False,0.25,30.0,12.0,,False,False,False,TurtleLike,,,,False,False,2.75,3,4.45,3
RSW_Mee,RSW_Mee,mee scalefish,SWBestiary,True,False,False,6~14,True,2,1.0,False,False,False,True,0.9,,False,False,False,0.15,9.0,4.0,4.0,False,True,True,Snake,meescalefish,,,False,False,2.72,6,1.53,6
RM_Fessk,RM_Fessk,fessk,TerminalBiomes,True,False,False,1~1,False,1,0.01,False,False,False,True,0.9,None,False,False,False,0.9,18.0,10.0,,False,False,False,Snake,,,,False,False,2.71,3,4.0,3
RSW_OpeeSeaKiller,RSW_OpeeSeaKiller,opee sea killer,SWBestiary,True,False,False,1~1,False,0,0,False,False,False,True,0.9,,False,False,False,1.4,20.0,40.0,10.0,False,True,True,Crab,opeeseakiller,,,False,False,2.7,6,4.34,6
RM_Vaulisk,RM_Vaulisk,vaulisk,TerminalBiomes,True,False,False,1~1,False,0,0,False,False,False,True,0.97,None,False,False,False,1.4,0.0,20.0,,False,False,True,Snake,,,,False,False,2.7,3,1.7,3
RM_Grolth,RM_Grolth,grolth,FeverWood,True,False,False,1~1,False,1,0.05,False,False,False,True,0.9,None,False,False,False,0.8,48.0,15.0,,False,False,False,Snake,,,,False,False,2.7,3,4.79,3
RSW_Zhakka,RSW_Zhakka,zhakka,SWBestiary,True,False,False,1~1,False,0,0,False,False,False,True,0.95,Advanced,False,False,False,1.35,12.0,5.0,,False,False,False,BeetleLikeWithClaw,,,,False,False,2.67,3,3.9,3
RSW_MeeJuv,RSW_MeeJuv,young mee scalefish,SWBestiary,True,False,False,6~14,True,2,0.8,False,False,False,True,0.9,,False,False,False,0.15,,4.0,4.0,False,True,True,Snake,,,,False,False,2.67,6,0.74,6
RM_Fethrik,RM_Fethrik,fethrik,ShipVermin,True,False,False,1~1,False,0,0,False,False,False,True,0.95,Advanced,False,False,False,1.35,12.0,5.0,,False,False,False,BeetleLikeWithClaw,,,,False,False,2.67,3,3.9,3
RM_Vrisk,RM_Vrisk,vrisk,BlueDesert,True,False,False,1~2,False,1,0.3,False,False,False,True,0.6,Intermediate,False,False,False,0.4,24.0,8.0,,True,False,False,Bird,,,,False,False,2.61,15,4.14,3
RM_Orruhmu,RM_Orruhmu,orruhmu,TerminalBiomes,True,False,False,1~1,False,1,0.05,False,False,False,False,1.0,None,False,False,False,0.6,24.0,120.0,,False,False,False,Snake,,,,False,False,2.6,3,3.11,3
RM_Barkwarden,RM_Barkwarden,bark-warden,LeaningScrub,True,False,False,1~1,False,0,0,False,False,False,True,0.95,Advanced,False,False,False,1.2,60.0,16.0,12.0,False,False,False,QuadrupedAnimalWithPawsAndTail,,,,False,False,2.6,3,5.16,3
RM_Gripper,RM_Gripper,gripper,Wasteland,True,False,False,2~5,True,1,0.7,False,False,False,True,0.5,None,False,False,False,0.2,30.0,4.0,,False,False,False,BeetleLikeWithClaw,,,,False,False,2.57,3,2.46,3
RM_ShadeMite,RM_ShadeMite,eemmok,Stillsand,True,False,False,2~5,False,1,0.06,True,False,False,True,0.9,None,False,False,False,0.18,12.0,10.0,5.0,False,False,False,QuadrupedAnimalWithPawsAndTail,,,,False,False,2.57,3,2.85,3
RM_Thornbug,RM_Thornbug,thornbug,FeverWood,True,False,False,2~5,False,1,0.6,False,False,False,True,,Intermediate,False,False,False,0.25,24.0,5.0,2.0,False,False,False,BeetleLike,,,,False,False,2.56,3,2.63,3
RSW_SandStalker,RSW_SandStalker,sand stalker,SWBestiary,True,False,False,1~1,False,0,0,False,False,False,True,0.95,None,False,False,False,1.1,24.0,16.0,10.0,False,False,False,QuadrupedAnimalWithPaws,,,,False,False,2.55,3,4.34,3
RM_Vaunoom,RM_Vaunoom,vaunoom,TerminalBiomes,True,False,False,1~1,False,0,0,False,False,False,True,0.95,None,False,False,False,1.1,24.0,12.0,,False,False,True,Snake,,,,False,False,2.55,3,4.34,3
RSW_FoundryBeetlePupa,RSW_FoundryBeetlePupa,foundry pupa,SWBestiary,True,False,False,1~1,False,0,0,False,False,False,False,1.0,None,False,False,False,1.0,,0.5,,False,False,False,BeetleLike,,,,False,False,2.5,3,0.5,3
RSW_BloodropPupa,RSW_BloodropPupa,bloodrop pupa,SWBestiary,True,False,False,1~1,False,0,0,False,False,False,False,1.0,None,False,False,False,1.0,,0.5,,False,False,False,BeetleLike,,,,False,False,2.5,3,0.5,3
RSW_BovineBeetlePupa,RSW_BovineBeetlePupa,bovine pupa,SWBestiary,True,False,False,1~1,False,0,0,False,False,False,False,1.0,None,False,False,False,1.0,,0.5,,False,False,False,BeetleLike,,,,False,False,2.5,3,0.5,3
RSW_JewelBeetlePupa,RSW_JewelBeetlePupa,jewel pupa,SWBestiary,False,False,False,1~1,False,0,0,False,False,False,False,1.0,None,False,False,False,1.0,,0.5,,False,False,False,BeetleLike,,,,False,False,2.5,3,0.5,3
RSW_MossBeetlePupa,RSW_MossBeetlePupa,moss pupa,SWBestiary,True,False,False,1~1,False,0,0,False,False,False,False,1.0,None,False,False,False,1.0,,0.5,,False,False,False,BeetleLike,,,,False,False,2.5,3,0.5,3
RSW_FacetMothPupa,RSW_FacetMothPupa,facet pupa,SWBestiary,False,False,False,1~1,False,0,0,False,False,False,False,1.0,None,False,False,False,1.0,,0.5,,False,False,False,BeetleLike,,,,False,False,2.5,3,0.5,3
RSW_AaroxisDendoriaPupa,RSW_AaroxisDendoriaPupa,aaroxis dendoria pupa,SWBestiary,True,False,False,1~1,False,0,0,False,False,False,False,1.0,None,False,False,False,1.0,,0.5,,False,False,False,BeetleLike,,,,False,False,2.5,3,0.5,3
RSW_SmogPupa,RSW_SmogPupa,smog pupa,SWBestiary,False,False,False,1~1,False,0,0,False,False,False,False,1.0,None,False,False,False,1.0,,0.5,,False,False,False,BeetleLike,,,,False,False,2.5,3,0.5,3
RSW_RoyalRhinoPupa,RSW_RoyalRhinoPupa,royal rhino pupa,SWBestiary,False,False,False,1~1,False,0,0,False,False,False,False,1.0,None,False,False,False,1.0,,0.5,,False,False,False,BeetleLike,,,,False,False,2.5,3,0.5,3
RM_AncientServitor,RM_AncientServitor,ancient servitor,Scarlands,True,False,False,1~1,False,0,0,False,False,False,True,,,False,False,False,1.0,,,,False,False,False,,,,,False,False,2.5,3,1.5,3
RM_Irqit,RM_Irqit,irqit,FloodedCanyon,True,False,False,15~40,True,0,0,False,False,False,False,1.0,None,False,False,False,0.12,0.0,0.05,,False,False,False,QuadrupedAnimalWithPawsAndTail,,,,False,False,2.46,3,0.17,3
RM_Sekkulaath_Juvenile,RM_Sekkulaath_Juvenile,sekkulaath,FeverWood,True,False,False,1~1,False,0,0,False,False,False,True,0.85,Advanced,False,False,False,0.9,24.0,8.0,10.0,False,False,True,Snake,,,,False,False,2.45,3,4.24,3
RM_Glomvar,RM_Glomvar,glomvar,FeverWood,True,False,False,1~1,False,0,0,False,False,False,False,1.0,None,False,False,False,0.9,36.0,8.0,,False,False,False,BeetleLikeWithClaw,,,,False,False,2.45,3,3.58,3
RM_Surrik,RM_Surrik,surrik,LeaningScrub,True,False,False,1~1,False,1,0.4,False,False,False,True,0.85,None,False,False,False,0.5,24.0,12.0,,False,False,False,Snake,,,,False,False,2.42,3,4.24,3
RM_Vhorrin,RM_Vhorrin,vhorrin,WeepingStones,True,False,False,1~1,False,0,0,False,False,False,True,0.6,None,False,False,False,0.75,0.0,10.0,,False,False,False,Snake,,,,False,False,2.38,3,1.38,3
RM_Tazzok,RM_Tazzok,tazzok,LongShade,True,False,False,1~3,False,1,0.3,False,False,False,True,0.6,None,False,False,False,0.3,15.0,15.0,,False,False,False,QuadrupedAnimalWithPaws,,,,False,False,2.35,3,2.77,3
RUT_FleetFlier,RUT_FleetFlier,fleet flier,UtinniPatches,True,False,False,3~8,True,1,0.45,True,False,False,True,0.9,None,False,False,False,0.12,15.0,5.0,3.0,True,False,False,Bird,,,,False,False,2.32,15,2.16,3
RM_FleetFlier,RM_FleetFlier,fleet flier,TheForge,True,False,False,3~8,True,1,0.45,True,False,False,True,0.9,None,False,False,False,0.12,15.0,5.0,3.0,True,False,False,Bird,,,,False,False,2.32,15,2.16,3
RM_Vurra,RM_Vurra,vurra,SWBestiary,True,False,False,1~1,False,0,0,False,False,False,True,0.95,Advanced,False,False,False,0.6,12.0,6.0,10.0,False,False,False,Snake,,,,False,False,2.3,3,3.52,3
RSW_Megaphorid,RSW_Megaphorid,megaphorid,SWBestiary,True,False,False,1~1,False,0,0,False,False,False,False,1.0,None,False,False,False,0.6,13.3,1.0,,False,False,False,RSW_BeetleLikeWithStinger,,,,False,False,2.3,3,2.6,3
RM_Kirruk,RM_Kirruk,kirruk,WeepingStones,True,False,False,1~1,False,1,0.2,False,False,False,True,0.85,None,False,False,False,0.5,18.0,12.0,15.0,True,False,False,Bird,,,,False,False,2.25,15,3.9,3
RM_Skinflap,RM_Skinflap,skinflap,Contagion,True,False,False,6~12,False,1,1.2,False,False,False,False,1.0,None,False,False,False,0.15,36.0,6.0,,True,False,False,Bird,,,,False,False,2.23,15,1.43,3
RM_Muddal,RM_Muddal,iridai,TerminalBiomes,True,False,False,3~8,True,1,0.7,False,False,False,True,0.6,None,False,False,False,0.15,30.0,6.0,,False,False,True,Snake,,,,False,False,2.22,3,1.84,3
RM_Dredgel,RM_Dredgel,dredgel,TheSump,True,False,False,1~2,False,1,0.2,False,False,False,True,0.55,None,False,False,False,0.35,24.0,10.0,8.0,False,False,False,Crab,,,,False,False,2.21,3,3.55,3
RM_Veessa,RM_Veessa,veessa,Stillsand,True,False,False,2~5,False,1,0.1,True,False,False,True,0.95,None,False,False,False,0.15,6.0,4.0,,False,False,False,BeetleLike,,,,False,False,2.15,3,2.18,3
SWPotF_RaceDef_ysalamir,SWPotF_ysalamir,ysalamir,Armoury,True,False,False,1~1,False,0,0,False,False,True,True,0.5,Intermediate,False,False,True,0.4,13.3,12.0,,False,False,False,QuadrupedAnimalWithClawsTailAndJowl,ysalamir,,,False,False,2.13,3,4.5,3
RM_TheUnfinished,RM_TheUnfinished,the Unfinished,Contagion,True,False,False,1~1,False,0,0,False,False,False,False,1.0,None,False,False,False,0.55,0.0,1.0,,False,False,False,QuadrupedAnimalWithPawsAndTail,,,,False,False,2.09,3,0.28,3
RM_Kurreth,RM_Kurreth,kurreth,FeverWood,True,False,False,1~1,False,0,0,False,False,False,False,1.0,None,False,False,False,0.55,18.0,3.0,6.0,False,False,False,BeetleLikeWithClaw,,,,False,False,2.09,3,2.82,3
RM_ContagionIkee,RM_ContagionIkee,ikee,Contagion,True,False,False,1~2,False,1,0.6,False,False,False,False,1.0,None,False,False,False,0.3,36.0,5.0,,False,False,False,QuadrupedAnimalWithPaws,,,,False,False,2.08,3,2.68,3
RSW_Neebray,RSW_Neebray,neebray,SWBestiary,True,False,False,1~1,False,1,0.8,True,False,False,True,0.6,None,False,False,False,0.2,6.0,8.0,3.0,True,False,False,RSW_Neebray,neebray,,derside of their jaws which was only a stub at the infants. Baby neebray were born with solid skin colors and developed spots on their wings and torsos when the,True,False,2.05,15,5.09,3
RM_Vennick,RM_Vennick,vennick,Webwork,True,False,False,6~14,True,1,0.6,False,False,False,True,0.7,None,False,False,False,0.12,12.0,2.0,3.0,False,False,False,BeetleLike,,,,False,False,2.04,3,1.22,3
RM_Sippra,RM_Sippra,sippra,LongShade,True,False,False,1~3,False,1,0.5,False,False,False,True,0.5,Intermediate,False,False,False,0.25,13.2,9.0,6.0,False,False,False,QuadrupedAnimalWithHooves,,,,False,False,2.03,3,2.29,3
RM_Thollim,RM_Thollim,thollim,TerminalBiomes,True,False,False,1~1,False,1,0.7,True,False,False,True,0.3,None,False,False,False,0.2,48.0,25.0,,False,False,False,Snake,,,,False,False,2.02,3,3.91,3
RM_Oobo,RM_Oobo,oobo,TerminalBiomes,True,False,False,1~1,False,1,0.15,False,False,False,True,0.7,None,False,False,False,0.45,48.0,8.0,,False,False,False,Snake,,,,False,False,1.97,3,4.67,3
RM_LikkaLikka,RM_LikkaLikka,likka likka,Stillsand,True,False,False,3~8,False,1,0.2,True,False,False,True,0.9,None,False,False,False,0.12,6.0,3.0,,False,False,False,BeetleLike,,,,False,False,1.97,3,1.75,3
RM_Vaulm,RM_Vaulm,vaulm,FeverWood,True,False,False,1~3,False,1,0.3,False,False,False,True,,Intermediate,False,False,False,0.25,24.0,5.0,2.0,False,False,False,BeetleLike,,,,False,False,1.95,3,2.54,3
RM_Ollareth,RM_Ollareth,ollareth,FeverWood,True,False,False,1~3,False,1,0.3,False,False,False,True,,Intermediate,False,False,False,0.25,24.0,5.0,2.0,False,False,False,BeetleLike,,,,False,False,1.95,3,2.54,3
RM_Drommath,RM_Drommath,drommath,FeverWood,True,False,False,1~3,False,1,0.3,False,False,False,True,,Intermediate,False,False,False,0.25,24.0,5.0,2.0,False,False,False,BeetleLike,,,,False,False,1.95,3,2.54,3
RSW_SandLeaper,RSW_SandLeaper,sand leaper,SWBestiary,True,False,False,1~4,False,2,0.4,False,False,True,True,0.75,None,False,False,False,0.2,13.3,11.0,5.0,False,False,False,QuadrupedAnimalWithPawsAndTail,,,,False,False,1.88,3,2.3,3
RM_DancingSkresh,RM_DancingSkresh,dancing skresh,TerminalBiomes,True,False,False,2~6,False,1,0.3,False,False,False,True,0.5,None,False,False,False,0.18,15.0,3.0,,False,False,False,Snake,,,,False,False,1.88,3,1.64,3
RM_Dustflutter,RM_Dustflutter,dustflutter,LeaningScrub,True,False,False,40~100,False,1,0.5,False,False,False,True,0.9,None,False,False,False,0.08,24.0,2.0,,True,False,False,BeetleLike,,,,False,False,1.88,15,0.82,3
RM_Siidda,RM_Siidda,siidda,Stillsand,True,False,False,1~3,False,1,0.15,True,False,False,True,0.9,None,False,False,False,0.15,15.0,15.0,6.0,False,False,False,QuadrupedAnimalWithPawsAndTail,,,,False,False,1.87,3,2.46,3
RM_ScarRoach,RM_ScarRoach,scar-roach,Scarlands,True,False,False,1~3,False,1,0.08,False,False,False,True,0.9,None,False,False,False,0.25,12.0,4.0,,False,False,False,BeetleLike,,,,False,False,1.86,3,2.12,3
RM_Krellik,RM_Krellik,krellik,TerminalBiomes,True,False,False,1~3,False,1,0.5,False,False,False,True,0.55,None,False,False,False,0.22,27.0,10.0,,False,False,False,Snake,,,,False,False,1.78,3,2.33,3
RM_Hessal,RM_Hessal,hessal,TerminalBiomes,True,False,False,1~1,False,1,0.55,True,False,False,True,0.3,None,False,False,False,0.18,90.0,40.0,,False,False,False,Snake,,,,False,False,1.77,3,3.58,3
RM_Grusk,RM_Grusk,grusk,TerminalBiomes,True,False,False,1~4,False,1,0.8,True,False,False,True,0.3,None,False,False,False,0.12,30.0,15.0,,False,False,False,Snake,,,,False,False,1.75,3,2.23,3
RUT_ScarRoach,RUT_ScarRoach,scar-roach,RustCathedralRoaches,True,False,False,1~3,False,0,0,False,False,False,True,0.9,None,False,False,False,0.25,12.0,4.0,,False,False,False,BeetleLike,,,,False,False,1.72,3,2.09,3
RSW_Glowtail,RSW_Glowtail,glowtail,SWBestiary,True,False,True,1~1,False,0,0,False,False,True,True,0.6,None,False,False,True,0.32,24.0,15.0,,False,False,False,QuadrupedAnimalWithClawsTailAndJowl,,,,False,False,1.69,3,3.96,3
RM_Haarn,RM_Haarn,haarn,TerminalBiomes,True,False,False,1~1,False,1,0.08,False,False,False,True,0.85,None,False,False,False,0.4,180.0,60.0,,False,False,False,Snake,,,,False,False,1.69,3,4.84,3
RM_GreatboleGrub,RM_GreatboleGrub,greatbole grub,Greentide,True,False,False,1~1,False,0,0,False,False,False,False,1.0,None,False,False,False,0.45,18.0,3.0,1.5,False,False,False,BeetleLike,,,,False,True,1.67,3,2.77,3
RM_Dhuvvox,RM_Dhuvvox,dhuvvox,TheForge,True,False,False,6~14,True,1,0.3,False,False,False,True,0.95,None,False,False,False,0.1,6.0,3.0,,False,False,False,BeetleLike,,,,False,False,1.65,3,0.85,3
RM_Tikkarr,RM_Tikkarr,tikkarr,TerminalBiomes,True,False,False,1~2,False,1,0.4,False,False,False,True,0.6,None,False,False,False,0.25,36.0,6.0,,False,False,False,Snake,,,,False,False,1.64,3,2.78,3
RM_Skarrin,RM_Skarrin,skarrin,WeepingStones,True,False,False,1~1,True,1,0.6,False,False,False,True,0.55,None,False,False,False,0.22,21.0,5.0,4.0,False,False,False,Snake,,,,False,False,1.64,3,2.52,3
RM_Kellu,RM_Kellu,kellu,TerminalBiomes,True,False,False,1~1,False,1,0.3,False,False,False,True,0.75,None,False,False,False,0.35,36.0,6.0,,False,False,False,Snake,,,,False,False,1.59,3,3.89,3
RM_Weloon,RM_Weloon,weloon,TerminalBiomes,True,False,False,1~3,False,1,0.4,False,False,False,True,0.5,None,False,False,False,0.2,15.0,7.0,,False,False,False,Snake,,,,False,False,1.58,3,1.85,3
RSW_GastroToad,RSW_GastroToad,gastro toad,SWBestiary,True,False,False,1~1,False,0,0,False,False,False,True,0.75,Intermediate,False,False,True,0.3,12.0,10.0,,False,True,True,QuadrupedAnimalWithPaws,,,,False,False,1.57,6,2.53,6
RSW_Mynock,RSW_Mynock,mynock,SWBestiary,True,False,False,1~2,False,3,0.74,True,False,False,True,0.9,None,False,False,False,0.12,18.0,4.0,,True,False,False,Bird,mynock,,,False,False,1.54,15,2.09,3
RM_Otheska,RM_Otheska,otheska,TerminalBiomes,True,False,False,1~1,False,1,0.2,False,False,False,True,0.4,None,False,False,False,0.35,24.0,20.0,,False,False,False,Snake,,,,False,False,1.53,3,3.55,3
JOE_Landopus,JOE_Landopus,thraia,UtinniPatches,True,False,False,1~1,False,8,3.4,False,False,False,True,0.9,None,False,False,False,0.15,30.0,12.0,,False,True,True,Cephaloid,,,,False,False,1.52,6,2.08,6
RM_Murrin,RM_Murrin,murrin,WeepingStones,True,False,False,1~1,True,1,0.8,True,False,False,True,0.3,None,False,False,False,0.12,18.0,4.0,3.0,False,False,False,Snake,,,,False,False,1.52,3,2.25,3
RM_SparkleechGrub,RM_SparkleechGrub,sparkleech grub,Contagion,True,False,False,1~3,False,1,0.05,False,False,False,False,1.0,None,False,False,False,0.2,36.0,2.0,,False,False,False,QuadrupedAnimalWithPaws,,,,False,True,1.47,3,1.63,3
RM_Pallu,RM_Pallu,pallu,TerminalBiomes,True,False,False,3~8,False,1,0.6,False,False,False,True,0.4,None,False,False,False,0.12,24.0,4.0,,False,False,False,Snake,,,,False,False,1.45,3,1.24,3
RM_Tetchik,RM_Tetchik,tetchik,Scarlands,True,False,False,3~8,True,1,0.5,False,False,False,False,1.0,None,False,False,False,0.1,9.0,3.0,,False,False,False,BeetleLike,,,,False,False,1.44,3,0.7,3
RM_Oddu,RM_Oddu,oddu,TerminalBiomes,True,False,False,1~1,False,1,0.45,True,False,False,True,0.3,None,False,False,False,0.15,72.0,30.0,,False,False,False,Snake,,,,False,False,1.44,3,2.96,3
RM_Vissler,RM_Vissler,vissler,LeaningScrub,True,False,False,2~5,False,1,0.2,False,False,False,True,0.8,None,False,False,False,0.15,24.0,6.0,,False,False,False,BeetleLike,,,,False,False,1.42,3,1.49,3
RSW_Polluwog,RSW_Polluwog,polluwog,SWBestiary,True,False,False,3~10,True,0,0,False,False,False,True,0.9,None,False,False,False,0.1,12.0,0.1,,False,True,True,Snake,,,,False,False,1.41,6,0.94,6
RM_Noolim,RM_Noolim,noolim,TerminalBiomes,True,False,False,5~15,True,1,0.8,False,False,False,True,0.5,None,False,False,False,0.08,12.0,3.0,,False,False,True,Snake,,,,False,False,1.41,3,0.83,3
RM_Noohm,RM_Noohm,saal,TerminalBiomes,True,False,False,1~1,False,1,0.4,False,False,False,True,0.6,None,False,False,False,0.3,12.0,3.0,,False,False,False,Snake,,,,False,False,1.4,3,2.68,3
RM_Lunoowa,RM_Lunoowa,lunoowa,TerminalBiomes,True,False,False,1~1,False,1,0.3,False,False,False,True,0.6,None,False,False,False,0.3,15.0,6.0,,False,False,False,Snake,,,,False,False,1.35,3,2.77,3
RM_Fuzzviper,RM_Fuzzviper,fuzzviper,LeaningScrub,True,False,False,1~1,False,1,0.3,False,False,False,True,0.85,None,False,False,False,0.3,24.0,10.0,,False,False,False,Snake,,,,False,False,1.35,3,3.06,3
RM_ElectricTick,RM_ElectricTick,electric tick,Scarlands,True,False,False,1~1,False,2,0.6,False,False,False,True,0.4,Intermediate,False,False,False,0.25,0,10.0,,False,False,False,BeetleLikeWithClaw,,,,False,False,1.34,3,0.89,3
RM_Thuum,RM_Thuum,shimmer eel,TerminalBiomes,True,False,False,1~2,False,1,0.5,False,False,False,True,0.75,None,False,False,False,0.2,30.0,8.0,,False,False,True,Snake,,,,False,False,1.34,3,2.16,3
RM_Hollu,RM_Hollu,hollu,TerminalBiomes,True,False,False,1~4,False,1,0.4,False,False,False,True,0.4,None,False,False,False,0.15,12.0,2.0,,False,False,False,Snake,,,,False,False,1.34,3,1.31,3
RSW_Ikee,RSW_Ikee,ikee,SWBestiary,True,False,False,1~1,False,2,0.3,True,False,False,True,0.2,Intermediate,False,False,False,0.133,13.3,12.0,,False,False,False,Monkey,,,,False,False,1.3,3,2.17,3
RM_Sivvern,RM_Sivvern,sivvern,Webwork,True,False,False,1~1,False,1,0.2,False,False,False,True,0.85,None,False,False,False,0.3,18.0,7.0,6.0,True,False,False,Bird,,,,False,False,1.3,15,2.85,3
RM_Pirrik,RM_Pirrik,pirrik,LongShade,True,False,False,1~2,False,1,0.2,True,False,False,True,0.4,None,False,False,True,0.1,12.0,12.0,,True,False,False,Bird,,,,False,False,1.28,15,1.59,3
RM_Iliss,RM_Iliss,iliss,TerminalBiomes,True,False,False,1~2,False,1,0.3,False,False,False,True,0.7,None,False,False,False,0.2,27.0,8.0,,False,False,True,Snake,,,,False,False,1.27,3,2.07,3
RM_FeverSwarm,RM_FeverSwarm,fever swarm,Miasma,True,False,False,12~30,False,2,1.8,True,False,False,True,0.15,None,False,False,False,0.05,9.0,2.0,2.0,True,False,False,BeetleLike,,,,False,False,1.27,15,0.86,3
RM_Skivvik,RM_Skivvik,skivvik,ShipVermin,True,False,False,1~2,False,0,0,True,False,False,True,0.9,None,False,False,False,0.12,18.0,4.0,,True,False,False,Bird,,,,False,False,1.25,15,1.98,3
RM_Piinnok,RM_Piinnok,piinnok,Watchers,True,False,False,2~4,False,0,0,False,False,False,True,0.9,None,False,False,False,0.15,15.0,6.0,,False,False,True,BeetleLike,,,,False,False,1.18,3,1.3,3
RM_Oomal,RM_Oomal,oomal,TerminalBiomes,True,False,False,1~1,False,1,0.35,False,False,False,True,0.55,None,False,False,False,0.25,24.0,7.0,,False,False,True,Snake,,,,False,False,1.14,3,2.55,3
RM_Zhiil,RM_Zhiil,zhiil,TerminalBiomes,True,False,False,1~3,False,1,0.25,False,False,False,True,0.8,None,False,False,False,0.15,27.0,6.0,,False,False,True,Snake,,,,False,False,1.14,3,1.53,3
RM_Sipper,RM_Sipper,sipper,LanternDeeps,True,False,False,4~8,True,1,0.4,False,False,False,True,0.9,None,False,False,False,0.08,30.0,12.0,,False,False,False,BeetleLike,,,,False,False,1.14,3,0.94,3
RM_Oovanam,RM_Oovanam,oovanam,TerminalBiomes,True,False,False,1~1,False,1,0.3,False,False,False,True,0.6,None,False,False,False,0.25,18.0,9.0,,False,False,False,Snake,,,,False,False,1.11,3,2.39,3
RM_Ribbonwhip,RM_Ribbonwhip,ribbonwhip,LeaningScrub,True,False,False,1~1,False,1,0.3,False,False,False,True,0.85,None,False,False,False,0.25,24.0,8.0,,False,False,False,Snake,,,,False,False,1.11,3,2.54,3
RUT_Placeholder_GreentideGnawerRace,RUT_Placeholder_GreentideGnawer,gnawer (placeholder),UtinniPatches,True,False,False,1~1,False,0,0,False,False,False,True,0.75,,False,False,False,0.3,13.3,8.0,5.661,False,False,False,QuadrupedAnimalWithPawsAndTail,,,,False,False,1.07,3,2.59,3
RM_Eesh,RM_Eesh,eesh,TerminalBiomes,True,False,False,12~30,True,1,1.2,False,False,False,True,0.7,None,False,False,False,0.05,12.0,2.0,,False,False,True,Snake,,,,False,False,1.07,3,0.54,3
RM_Shulla,RM_Shulla,shulla,TerminalBiomes,True,False,False,5~15,True,1,0.9,False,False,False,True,0.6,None,False,False,False,0.06,12.0,3.0,,False,False,True,Snake,,,,False,False,1.07,3,0.63,3
RM_Niim,RM_Niim,niim,TerminalBiomes,True,False,False,6~14,True,1,1.0,False,False,False,True,0.5,None,False,False,False,0.06,18.0,3.0,,False,False,False,Snake,,,,False,False,1.06,3,0.69,3
RM_Sillik,RM_Sillik,sillik,WeepingStones,True,False,False,1~1,False,1,0.8,False,False,False,True,0.9,None,False,False,False,0.2,15.0,4.0,5.0,False,False,False,Monkey,,,,False,False,1.05,3,1.95,3
RSW_Protovermes,RSW_Protovermes,Protovermes,SWBestiary,True,False,False,1~1,False,0,0,False,False,True,True,0.75,Advanced,False,False,True,0.2,21.0,8.0,12.5,False,False,False,QuadrupedAnimalWithPaws,,,,False,False,1.03,3,2.39,3
RM_Doss,RM_Doss,doss,TerminalBiomes,True,False,False,10~24,True,1,1.0,False,False,False,True,0.7,None,False,False,False,0.05,12.0,2.0,,False,False,True,Snake,,,,False,False,1.01,3,0.53,3
RM_Zuurrik,RM_Zuurrik,zuurrik,Stillsand,True,False,False,1~1,False,0,0,True,False,False,False,1.0,None,False,False,False,0.12,6.0,3.0,,False,False,False,BeetleLike,,,,False,False,1.01,3,1.42,3
RM_Aluun,RM_Aluun,aluun,TerminalBiomes,True,False,False,1~1,False,1,0.4,True,False,False,True,0.2,None,False,False,False,0.1,60.0,10.0,,False,False,False,Snake,,,,False,False,0.95,3,1.95,3
RM_Karrud,RM_Karrud,karrud,TerminalBiomes,True,False,False,1~1,False,1,0.45,False,False,False,True,0.5,None,False,False,False,0.2,30.0,12.0,,False,False,False,Snake,,,,False,False,0.93,3,2.15,3
RM_Hoolen,RM_Hoolen,hoolen,TerminalBiomes,True,False,False,1~2,False,0,0,False,False,False,True,0.6,None,False,False,False,0.15,15.0,8.0,,False,False,False,Snake,,,,False,False,0.81,3,1.3,3
RM_Corrik,RM_Corrik,corrik,TerminalBiomes,True,False,False,1~1,False,1,0.05,False,False,False,True,0.5,None,False,False,False,0.2,12.0,6.0,,False,False,True,Snake,,,,False,False,0.8,3,1.67,3
RM_Ekkel,RM_Ekkel,ekkel,TerminalBiomes,True,False,False,1~3,False,1,0.3,False,False,False,True,0.8,None,False,False,False,0.1,30.0,5.0,,False,False,True,Snake,,,,False,False,0.77,3,1.04,3
RM_Tikkit,RM_Tikkit,tikkit,LeaningScrub,True,False,False,6~16,False,1,0.5,False,False,False,True,0.9,None,False,False,False,0.04,24.0,2.0,,False,False,False,BeetleLike,,,,False,False,0.75,3,0.51,3
RM_Oovu,RM_Oovu,oovu,TerminalBiomes,True,False,False,2~4,False,1,0.4,False,False,False,True,0.4,None,False,False,False,0.08,21.0,4.0,,False,False,True,Snake,,,,False,False,0.71,3,0.78,3
RM_CoolantEel,RM_CoolantEel,coolant eel,RustCathedral,True,False,False,1~1,False,0,0,False,False,False,False,1.0,None,False,False,False,0.2,0.0,8.0,,False,False,True,Snake,,,,False,False,0.7,3,0.05,3
RM_Nizzek,RM_Nizzek,nizzek,Stillsand,True,False,False,1~1,False,0,0,False,False,False,False,1.0,None,False,False,False,0.2,0.0,4.0,,False,False,False,Bird,,,,False,False,0.7,3,0.05,3
RM_Crustweevil,RM_Crustweevil,crustweevil,LeaningScrub,True,False,False,4~12,False,1,0.6,False,False,False,True,0.9,None,False,False,False,0.05,24.0,3.0,,False,False,False,BeetleLike,,,,False,False,0.69,3,0.51,3
RM_Maalu,RM_Maalu,maalu,TerminalBiomes,True,False,False,1~1,False,1,0.3,False,False,False,True,0.4,None,False,False,False,0.15,12.0,2.0,,False,False,True,Snake,,,,False,False,0.66,3,1.29,3
RM_Vizhik,RM_Vizhik,vizhik,WeepingStones,True,False,False,1~1,False,1,0.25,False,False,False,True,0.5,None,False,False,False,0.15,24.0,6.0,4.0,False,False,False,Snake,,,,False,False,0.64,3,1.49,3
RM_Liiru,RM_Liiru,liiru,TerminalBiomes,True,False,False,1~2,False,1,0.3,False,False,False,True,0.5,None,False,False,False,0.1,30.0,5.0,,False,False,False,Snake,,,,False,False,0.63,3,1.04,3
RM_Oorrik,RM_Oorrik,oorrik,Stillsand,True,False,False,1~1,False,0,0,False,False,False,False,1.0,None,False,False,False,0.18,0.0,2.0,0.0,False,False,False,QuadrupedAnimalWithPaws,,,,False,False,0.63,3,0.04,3
RUT_CathedralRoach,RUT_CathedralRoach,cathedral roach,RustCathedralRoaches,True,False,False,1~1,False,1,0.12,False,False,False,True,,,False,False,False,0.15,,,,False,False,False,RUT_RoachHex,,,,False,False,0.61,3,0.43,3
RM_CathedralRoach,RM_CathedralRoach,cathedral roach,RustCathedral,True,False,False,1~1,False,1,0.12,False,False,False,True,,,False,False,False,0.15,,,,False,False,False,RM_RoachHex,,,,False,False,0.61,3,0.43,3
RM_Heemin,RM_Heemin,heemin,TerminalBiomes,True,False,False,3~8,False,1,0.7,False,False,False,True,0.7,None,False,False,False,0.05,12.0,4.0,,False,False,True,Snake,,,,False,False,0.61,3,0.45,3
RM_LivingBolt,RM_LivingBolt,living bolt,RustCathedral,True,False,False,1~1,False,1,0.06,False,False,False,True,,,False,False,False,0.15,,,,False,False,False,RM_BoltFrame,,,,False,False,0.6,3,0.41,3
RM_Fessu,RM_Fessu,fessu,TerminalBiomes,True,False,False,2~5,False,1,0.55,False,False,False,True,0.5,None,False,False,False,0.06,24.0,10.0,,False,False,True,Snake,,,,False,False,0.6,3,0.61,3
RM_Karrek,RM_Karrek,karrek,WeepingStones,True,False,False,1~1,True,1,0.6,False,False,False,True,0.4,None,False,False,False,0.08,15.0,3.0,2.5,False,False,False,Snake,,,,False,False,0.59,3,0.85,3
RM_HullBolt,RM_HullBolt,hull bolt,RustCathedral,True,False,False,1~1,False,0,0,False,False,False,True,,,False,False,False,0.15,,,,False,False,False,RM_BoltFrame,,,,False,False,0.52,3,0.4,3
RM_Essarn,RM_Essarn,essarn,TerminalBiomes,True,False,False,1~1,False,1,0.6,False,False,False,True,0.5,None,False,False,False,0.1,12.0,4.0,,False,False,True,Snake,,,,False,False,0.48,3,0.89,3
RM_Sallik,RM_Sallik,sallik,TerminalBiomes,True,False,False,1~1,False,1,0.5,False,False,False,True,0.6,None,False,False,False,0.1,15.0,6.0,,False,False,False,Snake,,,,False,False,0.47,3,0.92,3
RM_Rollbug,RM_Rollbug,rollbug,LeaningScrub,True,False,False,1~3,False,1,0.4,False,False,False,True,0.9,None,False,False,False,0.06,24.0,3.0,,False,False,False,BeetleLike,,,,False,False,0.47,3,0.6,3
RM_Mirrik,RM_Mirrik,mirrik,WeepingStones,True,False,False,1~1,True,1,0.6,False,False,False,True,0.95,None,False,True,False,0.05,9.0,1.0,1.5,True,False,False,BeetleLike,,,,False,False,0.45,15,0.48,3
RM_Nissik,RM_Nissik,nissik,TerminalBiomes,True,False,False,1~1,False,1,0.9,False,False,False,True,0.75,None,False,False,False,0.08,9.0,3.0,,False,False,False,Snake,,,,False,False,0.43,3,0.7,3
RM_Immu,RM_Immu,immu,TerminalBiomes,True,False,False,1~1,False,1,0.3,False,False,False,True,0.95,None,False,False,False,0.08,15.0,4.0,,False,False,False,Snake,,,,False,False,0.35,3,0.72,3
RSW_BrainWorm,RSW_BrainWormKind,brain worm,BrainWorms,True,False,False,1~1,False,0,0,False,False,False,False,1.0,None,False,False,False,0.1,0.0,2.0,,False,False,False,BeetleLike,brainworm,,,False,False,0.34,3,0.01,3
RM_Skerrel,RM_Skerrel,skerrel,Greentide,True,False,False,1~1,False,0,0,False,False,False,False,1.0,None,False,False,False,0.1,12.0,1.0,4.0,True,False,False,BeetleLike,,,,False,False,0.34,15,0.57,3
