Mono path[0] = 'C:/Program Files (x86)/Steam/steamapps/common/RimWorld/RimWorldWin64_Data/Managed'
Mono config path = 'C:/Program Files (x86)/Steam/steamapps/common/RimWorld/MonoBleedingEdge/etc'
[PhysX] Initialized MultithreadedTaskDispatcher with 14 workers.
Initialize engine version: 2022.3.35f1 (011206c7a712)
[Subsystems] Discovering subsystems at path C:/Program Files (x86)/Steam/steamapps/common/RimWorld/RimWorldWin64_Data/UnitySubsystems
GfxDevice: creating device client; threaded=1; jobified=0
Direct3D:
    Version:  Direct3D 11.0 [level 11.1]
    Renderer: NVIDIA GeForce RTX 5080 (ID=0x2c02)
    Vendor:   NVIDIA
    VRAM:     15977 MB
    Driver:   32.0.15.9186
Begin MonoManager ReloadAssembly
- Loaded All Assemblies, in  0.197 seconds
- Finished resetting the current domain, in  0.001 seconds
<RI> Initializing input.
<RI> Input initialized.
<RI> Initialized touch support.
[PhysX] Initialized MultithreadedTaskDispatcher with 14 workers.
UnloadTime: 0.785200 ms
Command line arguments: -disable-compute-shaders
RimWorld 1.6.4871 rev591
Mod VFE Factory Integrated Rimefeller Recipes dependency (VanillaExpanded.VFEFactory) needs to have <downloadUrl> and/or <steamWorkshopUrl> specified.
Mod VFE Factory Integrated Rimefeller Recipes dependency (Dubwise.Rimefeller) needs to have <downloadUrl> and/or <steamWorkshopUrl> specified.
Mod VFE Factory Integrated Rimefeller Recipes dependency (brrainz.harmony) needs to have <downloadUrl> and/or <steamWorkshopUrl> specified.
Mod RimTalk Expand: AI Storyteller dependency (cyberchronicle.rimtalkexperts) needs to have <downloadUrl> and/or <steamWorkshopUrl> specified.
Mod RimTalk Expand: AI Storyteller dependency (brrainz.harmony) needs to have <downloadUrl> and/or <steamWorkshopUrl> specified.
Mod Custom Room Names - RimTalk Addon dependency (cj.Rimtalk) needs to have <downloadUrl> and/or <steamWorkshopUrl> specified.
Mod Custom Room Names - RimTalk Addon dependency (costel.CustomRoomNames) needs to have <downloadUrl> and/or <steamWorkshopUrl> specified.
Mod RimTalk - Expand Literature dependency (cj.rimtalk) needs to have <downloadUrl> and/or <steamWorkshopUrl> specified.
Mod RimTalk - Expand Toddlers dependency (cyanobot.toddlers) needs to have <downloadUrl> and/or <steamWorkshopUrl> specified.
Mod RimTalk - Expand Toddlers dependency (cj.rimtalk) needs to have <downloadUrl> and/or <steamWorkshopUrl> specified.
Mod Large Pawns dependency (brrainz.harmony) needs to have <downloadUrl> and/or <steamWorkshopUrl> specified.
Mod Wood's Muzzle Flash for Ancient urban ruins has a dependency (issaczhuang.muzzleflash) with empty display name.
Mod Wood's Muzzle Flash for Ancient urban ruins dependency (issaczhuang.muzzleflash) needs to have <downloadUrl> and/or <steamWorkshopUrl> specified.
Mod Wood's Muzzle Flash for Ancient urban ruins has a dependency (xmb.ancienturbanruins.mo) with empty display name.
Mod Wood's Muzzle Flash for Ancient urban ruins dependency (xmb.ancienturbanruins.mo) needs to have <downloadUrl> and/or <steamWorkshopUrl> specified.
Mod Forced Xenogerm Implantation dependency (brrainz.harmony) needs to have <downloadUrl> and/or <steamWorkshopUrl> specified.
Fallback handler could not load library C:/Program Files (x86)/Steam/steamapps/common/RimWorld/RimWorldWin64_Data/MonoBleedingEdge/data-000002CB5D26DB40.dll
Fallback handler could not load library C:/Program Files (x86)/Steam/steamapps/common/RimWorld/RimWorldWin64_Data/MonoBleedingEdge/data-000002CB604ADE90.dll
[RimBridge] STARTUP_TIMING phase=main-thread.initialize durationMs=0 elapsedMs=0
[RimBridge] Applied essential Harmony patches.
[RimBridge] Applied 58 optional Harmony patch classes.
[RimBridge] STARTUP_TIMING phase=harmony.startup-patches durationMs=179 elapsedMs=179
[RimBridge] STARTUP_TIMING phase=startup.on-mod-constructed durationMs=0 elapsedMs=179
[RimBridge] STARTUP_TIMING phase=mod-constructor.total durationMs=179 elapsedMs=179
Tried to get a resource "UI/Commands/TryReconnect" from a different thread. All resources must be loaded in the main thread.
Tried to get a resource "UI/Designators/Cancel" from a different thread. All resources must be loaded in the main thread.
[RimMandrake.GimmeSomeSlack] Harmony: patched 26, missing 0
[RimMandrake.ExplosiveKnockback] Harmony: patched 4, missing 0
[RimMandrake.GravshipLanding] Harmony: patched 1, missing 0
[RimMandrake.GravshipLanding] ready.
[RimMandrake.KeelHoist] Harmony: patched 2, missing 0
[RimMandrake.KineticArms] Harmony: patched 2, missing 0
[RimMandrake.Utinni.CathedralPass] Harmony: patched 1, missing 0
[RimMandrake.Wreckage] Harmony: patched 1, missing 0
[RimMandrake.Abyss] Harmony: patched 1, missing 0
[RimMandrake.FeverWood] Harmony: patched 5, missing 0
[RimMandrake.FloodedCanyon] Harmony: patched 2, missing 0
[RimMandrake.TerminalBiomes] Harmony: patched 11, missing 0
[RimMandrake.DivingInteraction] Harmony: patched 10, missing 0
[RimMandrake.SolarMirrors] Harmony: patched 3, missing 0
[RimStarWars.SWBestiary.BeastMechanics] Harmony: patched 1, missing 0
Direct3D: detected that using refresh rate causes time drift. Will stop trusting refresh rate until the game window is moved.
Direct3D: detected that vsync is broken (it does not limit frame rate properly). Delta time will now be calculated using cpu-side time stampling until the game window is moved.
XML error: Could not find parent node named "RimMandrake_ColonyPawnKind" for node "PawnKindDef". Full node: <PawnKindDef ParentName="RimMandrake_ColonyPawnKind"><defName>RSW_Jawa_Spawn_Hutt</defName><label>hutt</label><xenotypeSet><xenotypeChances><RSW_RimMandrakeHutt>999</RSW_RimMandrakeHutt></xenotypeChances></xenotypeSet><apparelMoney>0</apparelMoney></PawnKindDef>
XML error: Could not find parent node named "RimMandrake_ColonyPawnKind" for node "PawnKindDef". Full node: <PawnKindDef ParentName="RimMandrake_ColonyPawnKind"><defName>RSW_Jawa_Spawn_Gand</defName><label>gand</label><xenotypeSet><xenotypeChances><RSW_RimMandrakeGand>999</RSW_RimMandrakeGand></xenotypeChances></xenotypeSet></PawnKindDef>
XML error: Could not find parent node named "RimMandrake_ColonyPawnKind" for node "PawnKindDef". Full node: <PawnKindDef ParentName="RimMandrake_ColonyPawnKind"><defName>RSW_Jawa_Spawn_Kubaz</defName><label>kubaz</label><xenotypeSet><xenotypeChances><RSW_RimMandrakeKubaz>999</RSW_RimMandrakeKubaz></xenotypeChances></xenotypeSet></PawnKindDef>
XML error: Could not find parent node named "RimMandrake_ColonyPawnKind" for node "PawnKindDef". Full node: <PawnKindDef ParentName="RimMandrake_ColonyPawnKind"><defName>RSW_Jawa_Spawn_Taung</defName><label>taung</label><xenotypeSet><xenotypeChances><RSW_RimMandrakeTaung>999</RSW_RimMandrakeTaung></xenotypeChances></xenotypeSet></PawnKindDef>
XML error: Could not find parent node named "RimMandrake_ColonyPawnKind" for node "PawnKindDef". Full node: <PawnKindDef ParentName="RimMandrake_ColonyPawnKind"><defName>RSW_Jawa_Spawn_Mimbanese</defName><label>mimbanese</label><xenotypeSet><xenotypeChances><RSW_RimMandrakeMimbanese>999</RSW_RimMandrakeMimbanese></xenotypeChances></xenotypeSet></PawnKindDef>
XML error: Could not find parent node named "RimMandrake_ColonyPawnKind" for node "PawnKindDef". Full node: <PawnKindDef ParentName="RimMandrake_ColonyPawnKind"><defName>RSW_Jawa_Spawn_Zygerrian</defName><label>zygerrian</label><xenotypeSet><xenotypeChances><RSW_RimMandrakeZygerrian>999</RSW_RimMandrakeZygerrian></xenotypeChances></xenotypeSet></PawnKindDef>
XML error: Could not find parent node named "RimMandrake_ColonyPawnKind" for node "PawnKindDef". Full node: <PawnKindDef ParentName="RimMandrake_ColonyPawnKind"><defName>RSW_Jawa_Spawn_Lasat</defName><label>lasat</label><xenotypeSet><xenotypeChances><RSW_RimMandrakeLasat>999</RSW_RimMandrakeLasat></xenotypeChances></xenotypeSet></PawnKindDef>
XML error: Could not find parent node named "RimMandrake_ColonyPawnKind" for node "PawnKindDef". Full node: <PawnKindDef ParentName="RimMandrake_ColonyPawnKind"><defName>RSW_Jawa_Spawn_Muun</defName><label>muun</label><xenotypeSet><xenotypeChances><RSW_RimMandrakeMuun>999</RSW_RimMandrakeMuun></xenotypeChances></xenotypeSet></PawnKindDef>
XML error: Could not find parent node named "RimMandrake_ColonyPawnKind" for node "PawnKindDef". Full node: <PawnKindDef ParentName="RimMandrake_ColonyPawnKind"><defName>RSW_Jawa_Spawn_Ortolan</defName><label>ortolan</label><xenotypeSet><xenotypeChances><RSW_RimMandrakeOrtolan>999</RSW_RimMandrakeOrtolan></xenotypeChances></xenotypeSet></PawnKindDef>
XML error: Could not find parent node named "RimMandrake_ColonyPawnKind" for node "PawnKindDef". Full node: <PawnKindDef ParentName="RimMandrake_ColonyPawnKind"><defName>RSW_Jawa_Spawn_Nelvaanian</defName><label>nelvaanian</label><xenotypeSet><xenotypeChances><RSW_RimMandrakeNelvaanian>999</RSW_RimMandrakeNelvaanian></xenotypeChances></xenotypeSet></PawnKindDef>
XML error: Could not find parent node named "RimMandrake_ColonyPawnKind" for node "PawnKindDef". Full node: <PawnKindDef ParentName="RimMandrake_ColonyPawnKind"><defName>RSW_Jawa_Spawn_SithK</defName><label>sith (kissai)</label><xenotypeSet><xenotypeChances><RSW_RimMandrakeSithKissai>999</RSW_RimMandrakeSithKissai></xenotypeChances></xenotypeSet></PawnKindDef>
XML error: Could not find parent node named "RimMandrake_ColonyPawnKind" for node "PawnKindDef". Full node: <PawnKindDef ParentName="RimMandrake_ColonyPawnKind"><defName>RSW_Jawa_Spawn_SithM</defName><label>sith (massassi)</label><xenotypeSet><xenotypeChances><RSW_RimMandrakeSithMassassi>999</RSW_RimMandrakeSithMassassi></xenotypeChances></xenotypeSet></PawnKindDef>
XML error: Could not find parent node named "RimMandrake_ColonyPawnKind" for node "PawnKindDef". Full node: <PawnKindDef ParentName="RimMandrake_ColonyPawnKind"><defName>RSW_Jawa_Spawn_Yoder</defName><label>yoder</label><xenotypeSet><xenotypeChances><RSW_RimMandrakeYoderForceGremlin>999</RSW_RimMandrakeYoderForceGremlin></xenotypeChances></xenotypeSet></PawnKindDef>
Could not find a type named DoorsExpanded.Building_DoorExpanded
Exception loading def from file Absorbed_Lumi_BlastDoors_ThingDefs.xml: System.ArgumentException: Could not find type named DoorsExpanded.CompProperties_PostProcessText from node <li Class="DoorsExpanded.CompProperties_PostProcessText"><defaultLabelAndDescriptionFrom>PH_DoorBlastCDoor</defaultLabelAndDescriptionFrom><appendSizeToLabel>true</appendSizeToLabel></li>
Parameter name: node
[Ref D7802C72]
  at Verse.DirectXmlToObjectNew.ResolveTypeForNode (System.Type defaultType, System.Xml.XmlNode node) [0x0005a] in <61e4173561894da49d210260257b5097>:0 
(wrapper dynamic-method) Verse.DirectXmlToObjectNew+DummyTypeToHoldDynamicMethods.ParseAndSetListField_Verse_CompProperties(object,System.Reflection.FieldInfo,System.Xml.XmlNode,System.Type)
(wrapper dynamic-method) Verse.DirectXmlToObjectNew+DummyTypeToHoldDynamicMethods.ParseAndReturnDef_Verse_ThingDef(int,int,System.Xml.XmlNode,System.Type)
  at Verse.DirectXmlToObjectNew.DefFromNodeNew (System.Xml.XmlNode node, Verse.LoadableXmlAsset loadingAsset) [0x000dd] in <61e4173561894da49d210260257b5097>:0 
Could not find a type named DoorsExpanded.Building_DoorExpanded
Exception loading def from file Absorbed_Lumi_BlastDoors_ThingDefs.xml: System.ArgumentException: Could not find type named DoorsExpanded.CompProperties_PostProcessText from node <li Class="DoorsExpanded.CompProperties_PostProcessText"><appendSizeToLabel>true</appendSizeToLabel></li>
Parameter name: node
[Ref D7802C72] Duplicate stacktrace, see ref for original
Could not find a type named DoorsExpanded.Building_DoorExpanded
Exception loading def from file Absorbed_Lumi_BlastDoors_ThingDefs.xml: System.ArgumentException: Could not find type named DoorsExpanded.CompProperties_PostProcessText from node <li Class="DoorsExpanded.CompProperties_PostProcessText"><appendSizeToLabel>true</appendSizeToLabel></li>
Parameter name: node
[Ref D7802C72] Duplicate stacktrace, see ref for original
XML error: <bleedRate>0.02</bleedRate> doesn't correspond to any field in type HediffStage. Context: <li><label>feeding</label><minSeverity>0.35</minSeverity><painOffset>0.08</painOffset><bleedRate>0.02</bleedRate></li>
XML error: <bleedRate>0.05</bleedRate> doesn't correspond to any field in type HediffStage. Context: <li><label>swarming</label><minSeverity>0.75</minSeverity><painOffset>0.15</painOffset><bleedRate>0.05</bleedRate></li>
XML error: <baseTendDuration>90000</baseTendDuration> doesn't correspond to any field in type HediffCompProperties_TendDuration. Context: <li Class="HediffCompProperties_TendDuration"><baseTendDuration>90000</baseTendDuration></li>
Could not find a type named BiomesPlus.BiomeWorker_PoisonForest
Could not find a type named VanillaBiomes.BiomeWorker_Badlands
Could not find a type named ReGrowthCore.UniversalBiomeWorker
Could not find a type named BiomeWorker_CypreJungle
Could not find a type named BiomesPlus.BiomeWorker_Wasteland
Could not find a type named VanillaBiomes.BiomeWorker_DesertOasis
XML error: <successHistoryEvent>RUT_HistoryEvent_EggAssassination</successHistoryEvent> doesn't correspond to any field in type QuestNode_End. Context: <li Class="QuestNode_End"><inSignal>EggHatched</inSignal><outcome>Success</outcome><sendStandardLetter>true</sendStandardLetter><successHistoryEvent>RUT_HistoryEvent_EggAssassination</successHistoryEvent></li>
XML error: <failedOrExpiredHistoryEvent>RUT_HistoryEvent_EggAssassination</failedOrExpiredHistoryEvent> doesn't correspond to any field in type QuestNode_End. Context: <li Class="QuestNode_End"><inSignal>EggFoundBeforeHatch</inSignal><outcome>Fail</outcome><sendStandardLetter>true</sendStandardLetter><goodwillChangeAmount>-25</goodwillChangeAmount><goodwillChangeFactionOf>$target</goodwillChangeFactionOf><goodwillChangeReason>RUT_HistoryEvent_ReckoningAttempt</goodwillChangeReason><failedOrExpiredHistoryEvent>RUT_HistoryEvent_EggAssassination</failedOrExpiredHistoryEvent></li>
XML error: <successHistoryEvent>RUT_HistoryEvent_EggAssassination</successHistoryEvent> doesn't correspond to any field in type QuestNode_End. Context: <li Class="QuestNode_End"><inSignal>EggHatched</inSignal><outcome>Success</outcome><sendStandardLetter>true</sendStandardLetter><successHistoryEvent>RUT_HistoryEvent_EggAssassination</successHistoryEvent></li>
XML error: <failedOrExpiredHistoryEvent>RUT_HistoryEvent_EggAssassination</failedOrExpiredHistoryEvent> doesn't correspond to any field in type QuestNode_End. Context: <li Class="QuestNode_End"><inSignal>EggFoundBeforeHatch</inSignal><outcome>Fail</outcome><sendStandardLetter>true</sendStandardLetter><goodwillChangeAmount>-25</goodwillChangeAmount><goodwillChangeFactionOf>$target</goodwillChangeFactionOf><goodwillChangeReason>RUT_HistoryEvent_ReckoningAttempt</goodwillChangeReason><failedOrExpiredHistoryEvent>RUT_HistoryEvent_EggAssassination</failedOrExpiredHistoryEvent></li>
[RimStarWars Patches] Patch operation Verse.PatchOperationConditional(Defs/XenotypeDef[defName="RSW_RimMandrakeHerglic"]/genes/li[text()="Outland_BodyScale_Large"]) failed
file: C:\Program Files (x86)\Steam\steamapps\common\RimWorld\Mods\StarWarsPatches\Patches\BodySizeIsReal.xml
[RimStarWars Patches] Patch operation Verse.PatchOperationAdd(/Defs/XenotypeDef[defName="RSW_RimMandrakeYoderForceGremlin"]/genes) failed
file: C:\Program Files (x86)\Steam\steamapps\common\RimWorld\Mods\StarWarsPatches\Patches\ForceGremlin_NoHair.xml
[RimStarWars Patches] Patch operation Verse.PatchOperationConditional(/Defs/PawnKindDef[defName="RSW_Jawa"]/apparelRequired) failed
file: C:\Program Files (x86)\Steam\steamapps\common\RimWorld\Mods\StarWarsPatches\Patches\SpeciesStartingGear_Tuning.xml
[RimStarWars Patches] Patch operation Verse.PatchOperationConditional(/Defs/ThingDef[defName="AG_ForsakenBow"]/weaponTags) failed
file: C:\Program Files (x86)\Steam\steamapps\common\RimWorld\Mods\StarWarsPatches\Patches\WeaponTags_Renormalise.xml
[RimStarWars Patches] Patch operation Verse.PatchOperationConditional(/Defs/ThingDef[defName="AG_ForsakenSpear"]/weaponTags) failed
file: C:\Program Files (x86)\Steam\steamapps\common\RimWorld\Mods\StarWarsPatches\Patches\WeaponTags_Renormalise.xml
[RimStarWars Patches] Patch operation Verse.PatchOperationConditional(/Defs/ThingDef[defName="AM_BeamGraserCannon"]/weaponTags) failed
file: C:\Program Files (x86)\Steam\steamapps\common\RimWorld\Mods\StarWarsPatches\Patches\WeaponTags_Renormalise.xml
[RimStarWars Patches] Patch operation Verse.PatchOperationConditional(/Defs/ThingDef[defName="AM_Gun_GoliathChargeBlaster"]/weaponTags) failed
file: C:\Program Files (x86)\Steam\steamapps\common\RimWorld\Mods\StarWarsPatches\Patches\WeaponTags_Renormalise.xml
[RimStarWars Patches] Patch operation Verse.PatchOperationConditional(/Defs/ThingDef[defName="AM_Gun_SuperHeavyChargeBlaster"]/weaponTags) failed
file: C:\Program Files (x86)\Steam\steamapps\common\RimWorld\Mods\StarWarsPatches\Patches\WeaponTags_Renormalise.xml
[RimStarWars Patches] Patch operation Verse.PatchOperationConditional(/Defs/ThingDef[defName="AM_Gun_TacticalShotgun"]/weaponTags) failed
file: C:\Program Files (x86)\Steam\steamapps\common\RimWorld\Mods\StarWarsPatches\Patches\WeaponTags_Renormalise.xml
[RimStarWars Patches] Patch operation Verse.PatchOperationConditional(/Defs/ThingDef[defName="AM_MechanoidGunRotaryNeedle"]/weaponTags) failed
file: C:\Program Files (x86)\Steam\steamapps\common\RimWorld\Mods\StarWarsPatches\Patches\WeaponTags_Renormalise.xml
[RimStarWars Patches] Patch operation Verse.PatchOperationConditional(/Defs/ThingDef[defName="AM_StarfireTurret"]/weaponTags) failed
file: C:\Program Files (x86)\Steam\steamapps\common\RimWorld\Mods\StarWarsPatches\Patches\WeaponTags_Renormalise.xml
[RimStarWars Patches] Patch operation Verse.PatchOperationConditional(/Defs/ThingDef[defName="BS_GiantHammer"]/weaponTags) failed
file: C:\Program Files (x86)\Steam\steamapps\common\RimWorld\Mods\StarWarsPatches\Patches\WeaponTags_Renormalise.xml
[RimStarWars Patches] Patch operation Verse.PatchOperationConditional(/Defs/ThingDef[defName="BS_GiantMedievalHammer"]/weaponTags) failed
file: C:\Program Files (x86)\Steam\steamapps\common\RimWorld\Mods\StarWarsPatches\Patches\WeaponTags_Renormalise.xml
[RimStarWars Patches] Patch operation Verse.PatchOperationConditional(/Defs/ThingDef[defName="BS_GiantPrimitiveBow"]/weaponTags) failed
file: C:\Program Files (x86)\Steam\steamapps\common\RimWorld\Mods\StarWarsPatches\Patches\WeaponTags_Renormalise.xml
[RimStarWars Patches] Patch operation Verse.PatchOperationConditional(/Defs/ThingDef[defName="BS_GiantSalvageClub"]/weaponTags) failed
file: C:\Program Files (x86)\Steam\steamapps\common\RimWorld\Mods\StarWarsPatches\Patches\WeaponTags_Renormalise.xml
[RimStarWars Patches] Patch operation Verse.PatchOperationConditional(/Defs/ThingDef[defName="BS_GiantScythe"]/weaponTags) failed
file: C:\Program Files (x86)\Steam\steamapps\common\RimWorld\Mods\StarWarsPatches\Patches\WeaponTags_Renormalise.xml
[RimStarWars Patches] Patch operation Verse.PatchOperationConditional(/Defs/ThingDef[defName="BS_GiantShard"]/weaponTags) failed
file: C:\Program Files (x86)\Steam\steamapps\common\RimWorld\Mods\StarWarsPatches\Patches\WeaponTags_Renormalise.xml
[RimStarWars Patches] Patch operation Verse.PatchOperationConditional(/Defs/ThingDef[defName="BS_JotunHammer"]/weaponTags) failed
file: C:\Program Files (x86)\Steam\steamapps\common\RimWorld\Mods\StarWarsPatches\Patches\WeaponTags_Renormalise.xml
[RimStarWars Patches] Patch operation Verse.PatchOperationConditional(/Defs/ThingDef[defName="BS_OgreClub"]/weaponTags) failed
file: C:\Program Files (x86)\Steam\steamapps\common\RimWorld\Mods\StarWarsPatches\Patches\WeaponTags_Renormalise.xml
[RimStarWars Patches] Patch operation Verse.PatchOperationConditional(/Defs/ThingDef[defName="BS_OgreThrowinRock"]/weaponTags) failed
file: C:\Program Files (x86)\Steam\steamapps\common\RimWorld\Mods\StarWarsPatches\Patches\WeaponTags_Renormalise.xml
[RimStarWars Patches] Patch operation Verse.PatchOperationConditional(/Defs/ThingDef[defName="BS_OniClub"]/weaponTags) failed
file: C:\Program Files (x86)\Steam\steamapps\common\RimWorld\Mods\StarWarsPatches\Patches\WeaponTags_Renormalise.xml
[RimStarWars Patches] Patch operation Verse.PatchOperationConditional(/Defs/ThingDef[defName="BS_SkrymirHammer"]/weaponTags) failed
file: C:\Program Files (x86)\Steam\steamapps\common\RimWorld\Mods\StarWarsPatches\Patches\WeaponTags_Renormalise.xml
[RimStarWars Patches] Patch operation Verse.PatchOperationConditional(/Defs/ThingDef[defName="BS_SurtrSword"]/weaponTags) failed
file: C:\Program Files (x86)\Steam\steamapps\common\RimWorld\Mods\StarWarsPatches\Patches\WeaponTags_Renormalise.xml
[RimStarWars Patches] Patch operation Verse.PatchOperationConditional(/Defs/ThingDef[defName="BX_BloodletterBlade"]/weaponTags) failed
file: C:\Program Files (x86)\Steam\steamapps\common\RimWorld\Mods\StarWarsPatches\Patches\WeaponTags_Renormalise.xml
[RimStarWars Patches] Patch operation Verse.PatchOperationConditional(/Defs/ThingDef[defName="CAFakeGun_ChargeBlasterHeavy"]/weaponTags) failed
file: C:\Program Files (x86)\Steam\steamapps\common\RimWorld\Mods\StarWarsPatches\Patches\WeaponTags_Renormalise.xml
[RimStarWars Patches] Patch operation Verse.PatchOperationConditional(/Defs/ThingDef[defName="DA_DrogTusk"]/weaponTags) failed
file: C:\Program Files (x86)\Steam\steamapps\common\RimWorld\Mods\StarWarsPatches\Patches\WeaponTags_Renormalise.xml
[RimStarWars Patches] Patch operation Verse.PatchOperationConditional(/Defs/ThingDef[defName="DA_GoldiloxHorn"]/weaponTags) failed
file: C:\Program Files (x86)\Steam\steamapps\common\RimWorld\Mods\StarWarsPatches\Patches\WeaponTags_Renormalise.xml
[RimStarWars Patches] Patch operation Verse.PatchOperationConditional(/Defs/ThingDef[defName="DV_Gun_PrecisionLongrifle"]/weaponTags) failed
file: C:\Program Files (x86)\Steam\steamapps\common\RimWorld\Mods\StarWarsPatches\Patches\WeaponTags_Renormalise.xml
[RimStarWars Patches] Patch operation Verse.PatchOperationConditional(/Defs/ThingDef[defName="DV_MeleeWeapon_CeremonialBlade"]/weaponTags) failed
file: C:\Program Files (x86)\Steam\steamapps\common\RimWorld\Mods\StarWarsPatches\Patches\WeaponTags_Renormalise.xml
[RimStarWars Patches] Patch operation Verse.PatchOperationConditional(/Defs/ThingDef[defName="DV_MeleeWeapon_SerratedScimitar"]/weaponTags) failed
file: C:\Program Files (x86)\Steam\steamapps\common\RimWorld\Mods\StarWarsPatches\Patches\WeaponTags_Renormalise.xml
[RimStarWars Patches] Patch operation Verse.PatchOperationConditional(/Defs/ThingDef[defName="GS_Gaffi"]/weaponTags) failed
file: C:\Program Files (x86)\Steam\steamapps\common\RimWorld\Mods\StarWarsPatches\Patches\WeaponTags_Renormalise.xml
[RimStarWars Patches] Patch operation Verse.PatchOperationConditional(/Defs/ThingDef[defName="IW_Gun_HeavyIonLance"]/weaponTags) failed
file: C:\Program Files (x86)\Steam\steamapps\common\RimWorld\Mods\StarWarsPatches\Patches\WeaponTags_Renormalise.xml
[RimStarWars Patches] Patch operation Verse.PatchOperationConditional(/Defs/ThingDef[defName="IW_Gun_IonDMR"]/weaponTags) failed
file: C:\Program Files (x86)\Steam\steamapps\common\RimWorld\Mods\StarWarsPatches\Patches\WeaponTags_Renormalise.xml
[RimStarWars Patches] Patch operation Verse.PatchOperationConditional(/Defs/ThingDef[defName="IW_Gun_IonLMG"]/weaponTags) failed
file: C:\Program Files (x86)\Steam\steamapps\common\RimWorld\Mods\StarWarsPatches\Patches\WeaponTags_Renormalise.xml
[RimStarWars Patches] Patch operation Verse.PatchOperationConditional(/Defs/ThingDef[defName="IW_Gun_IonPDW"]/weaponTags) failed
file: C:\Program Files (x86)\Steam\steamapps\common\RimWorld\Mods\StarWarsPatches\Patches\WeaponTags_Renormalise.xml
[RimStarWars Patches] Patch operation Verse.PatchOperationConditional(/Defs/ThingDef[defName="IW_Gun_IonPistol"]/weaponTags) failed
file: C:\Program Files (x86)\Steam\steamapps\common\RimWorld\Mods\StarWarsPatches\Patches\WeaponTags_Renormalise.xml
[RimStarWars Patches] Patch operation Verse.PatchOperationConditional(/Defs/ThingDef[defName="IW_Gun_IonRifle"]/weaponTags) failed
file: C:\Program Files (x86)\Steam\steamapps\common\RimWorld\Mods\StarWarsPatches\Patches\WeaponTags_Renormalise.xml
[RimStarWars Patches] Patch operation Verse.PatchOperationConditional(/Defs/ThingDef[defName="IW_Gun_IonSlugthrower"]/weaponTags) failed
file: C:\Program Files (x86)\Steam\steamapps\common\RimWorld\Mods\StarWarsPatches\Patches\WeaponTags_Renormalise.xml
[RimStarWars Patches] Patch operation Verse.PatchOperationConditional(/Defs/ThingDef[defName="RSW_JawaIon_Blaster"]/weaponTags) failed
file: C:\Program Files (x86)\Steam\steamapps\common\RimWorld\Mods\StarWarsPatches\Patches\WeaponTags_Renormalise.xml
[RimStarWars Patches] Patch operation Verse.PatchOperationConditional(/Defs/ThingDef[defName="OuterRim_CyclerRifle"]/weaponTags) failed
file: C:\Program Files (x86)\Steam\steamapps\common\RimWorld\Mods\StarWarsPatches\Patches\WeaponTags_Renormalise.xml
[RimStarWars Patches] Patch operation Verse.PatchOperationConditional(/Defs/ThingDef[defName="OuterRim_DLT19HeavyBlasterRifle"]/weaponTags) failed
file: C:\Program Files (x86)\Steam\steamapps\common\RimWorld\Mods\StarWarsPatches\Patches\WeaponTags_Renormalise.xml
[RimStarWars Patches] Patch operation Verse.PatchOperationConditional(/Defs/ThingDef[defName="OuterRim_HH12RocketLauncher"]/weaponTags) failed
file: C:\Program Files (x86)\Steam\steamapps\common\RimWorld\Mods\StarWarsPatches\Patches\WeaponTags_Renormalise.xml
[RimStarWars Patches] Patch operation Verse.PatchOperationConditional(/Defs/ThingDef[defName="OuterRim_T21RepeatingBlaster"]/weaponTags) failed
file: C:\Program Files (x86)\Steam\steamapps\common\RimWorld\Mods\StarWarsPatches\Patches\WeaponTags_Renormalise.xml
[RimStarWars Patches] Patch operation Verse.PatchOperationConditional(/Defs/ThingDef[defName="OuterRim_TL50HeavyRepeaterBlaster"]/weaponTags) failed
file: C:\Program Files (x86)\Steam\steamapps\common\RimWorld\Mods\StarWarsPatches\Patches\WeaponTags_Renormalise.xml
[RimStarWars Patches] Patch operation Verse.PatchOperationConditional(/Defs/ThingDef[defName="VFEPGun_MiniBlaster"]/weaponTags) failed
file: C:\Program Files (x86)\Steam\steamapps\common\RimWorld\Mods\StarWarsPatches\Patches\WeaponTags_Renormalise.xml
[RimStarWars Patches] Patch operation Verse.PatchOperationConditional(/Defs/ThingDef[defName="VFEP_WarcasketGun_ChargeBlaster"]/weaponTags) failed
file: C:\Program Files (x86)\Steam\steamapps\common\RimWorld\Mods\StarWarsPatches\Patches\WeaponTags_Renormalise.xml
[RimStarWars Patches] Patch operation Verse.PatchOperationConditional(/Defs/ThingDef[defName="VFEP_WarcasketGun_GrenadeLauncher"]/weaponTags) failed
file: C:\Program Files (x86)\Steam\steamapps\common\RimWorld\Mods\StarWarsPatches\Patches\WeaponTags_Renormalise.xml
[RimStarWars Patches] Patch operation Verse.PatchOperationConditional(/Defs/ThingDef[defName="VFEP_WarcasketGun_UraniumSlugRifle"]/weaponTags) failed
file: C:\Program Files (x86)\Steam\steamapps\common\RimWorld\Mods\StarWarsPatches\Patches\WeaponTags_Renormalise.xml
[RimStarWars Patches] Patch operation Verse.PatchOperationConditional(/Defs/ThingDef[defName="guy762_bowcaster"]/weaponTags) failed
file: C:\Program Files (x86)\Steam\steamapps\common\RimWorld\Mods\StarWarsPatches\Patches\WeaponTags_Renormalise.xml
[RimStarWars Patches] Patch operation Verse.PatchOperationConditional(/Defs/ThingDef[defName="guy762_bowcaster_ceremonial"]/weaponTags) failed
file: C:\Program Files (x86)\Steam\steamapps\common\RimWorld\Mods\StarWarsPatches\Patches\WeaponTags_Renormalise.xml
[RimStarWars Patches] Patch operation Verse.PatchOperationConditional(/Defs/ThingDef[defName="guy762_bowcaster_merc"]/weaponTags) failed
file: C:\Program Files (x86)\Steam\steamapps\common\RimWorld\Mods\StarWarsPatches\Patches\WeaponTags_Renormalise.xml
[RimStarWars Patches] Patch operation Verse.PatchOperationConditional(/Defs/ThingDef[defName="guy762_bowcaster_war"]/weaponTags) failed
file: C:\Program Files (x86)\Steam\steamapps\common\RimWorld\Mods\StarWarsPatches\Patches\WeaponTags_Renormalise.xml
[RimStarWars Patches] Patch operation Verse.PatchOperationConditional(/Defs/ThingDef[defName="guy762_bowcaster_zaalbar"]/weaponTags) failed
file: C:\Program Files (x86)\Steam\steamapps\common\RimWorld\Mods\StarWarsPatches\Patches\WeaponTags_Renormalise.xml
[RimStarWars Patches] Patch operation Verse.PatchOperationConditional(/Defs/ThingDef[defName="guy762_bpistol_bendak"]/weaponTags) failed
file: C:\Program Files (x86)\Steam\steamapps\common\RimWorld\Mods\StarWarsPatches\Patches\WeaponTags_Renormalise.xml
[RimStarWars Patches] Patch operation Verse.PatchOperationConditional(/Defs/ThingDef[defName="guy762_bpistol_genoharadan"]/weaponTags) failed
file: C:\Program Files (x86)\Steam\steamapps\common\RimWorld\Mods\StarWarsPatches\Patches\WeaponTags_Renormalise.xml
[RimStarWars Patches] Patch operation Verse.PatchOperationConditional(/Defs/ThingDef[defName="guy762_bpistol_mandalorian"]/weaponTags) failed
file: C:\Program Files (x86)\Steam\steamapps\common\RimWorld\Mods\StarWarsPatches\Patches\WeaponTags_Renormalise.xml
[RimStarWars Patches] Patch operation Verse.PatchOperationConditional(/Defs/ThingDef[defName="guy762_bpistol_micropulse"]/weaponTags) failed
file: C:\Program Files (x86)\Steam\steamapps\common\RimWorld\Mods\StarWarsPatches\Patches\WeaponTags_Renormalise.xml
[RimStarWars Patches] Patch operation Verse.PatchOperationConditional(/Defs/ThingDef[defName="guy762_bpistol_onasi"]/weaponTags) failed
file: C:\Program Files (x86)\Steam\steamapps\common\RimWorld\Mods\StarWarsPatches\Patches\WeaponTags_Renormalise.xml
[RimStarWars Patches] Patch operation Verse.PatchOperationConditional(/Defs/ThingDef[defName="guy762_bpistol_republic"]/weaponTags) failed
file: C:\Program Files (x86)\Steam\steamapps\common\RimWorld\Mods\StarWarsPatches\Patches\WeaponTags_Renormalise.xml
[RimStarWars Patches] Patch operation Verse.PatchOperationConditional(/Defs/ThingDef[defName="guy762_bpistol_zabrak"]/weaponTags) failed
file: C:\Program Files (x86)\Steam\steamapps\common\RimWorld\Mods\StarWarsPatches\Patches\WeaponTags_Renormalise.xml
[RimStarWars Patches] Patch operation Verse.PatchOperationConditional(/Defs/ThingDef[defName="guy762_brifle_dmr"]/weaponTags) failed
file: C:\Program Files (x86)\Steam\steamapps\common\RimWorld\Mods\StarWarsPatches\Patches\WeaponTags_Renormalise.xml
[RimStarWars Patches] Patch operation Verse.PatchOperationConditional(/Defs/ThingDef[defName="guy762_brifle_jurgan"]/weaponTags) failed
file: C:\Program Files (x86)\Steam\steamapps\common\RimWorld\Mods\StarWarsPatches\Patches\WeaponTags_Renormalise.xml
[RimStarWars Patches] Patch operation Verse.PatchOperationConditional(/Defs/ThingDef[defName="guy762_brifle_mandalorian"]/weaponTags) failed
file: C:\Program Files (x86)\Steam\steamapps\common\RimWorld\Mods\StarWarsPatches\Patches\WeaponTags_Renormalise.xml
[RimStarWars Patches] Patch operation Verse.PatchOperationConditional(/Defs/ThingDef[defName="guy762_brifle_plasma"]/weaponTags) failed
file: C:\Program Files (x86)\Steam\steamapps\common\RimWorld\Mods\StarWarsPatches\Patches\WeaponTags_Renormalise.xml
[RimStarWars Patches] Patch operation Verse.PatchOperationConditional(/Defs/ThingDef[defName="guy762_brifle_zabrak"]/weaponTags) failed
file: C:\Program Files (x86)\Steam\steamapps\common\RimWorld\Mods\StarWarsPatches\Patches\WeaponTags_Renormalise.xml
[RimStarWars Patches] Patch operation Verse.PatchOperationConditional(/Defs/ThingDef[defName="guy762_brifle_zersium"]/weaponTags) failed
file: C:\Program Files (x86)\Steam\steamapps\common\RimWorld\Mods\StarWarsPatches\Patches\WeaponTags_Renormalise.xml
[RimStarWars Patches] Patch operation Verse.PatchOperationConditional(/Defs/ThingDef[defName="guy762_carbine_hogra"]/weaponTags) failed
file: C:\Program Files (x86)\Steam\steamapps\common\RimWorld\Mods\StarWarsPatches\Patches\WeaponTags_Renormalise.xml
[RimStarWars Patches] Patch operation Verse.PatchOperationConditional(/Defs/ThingDef[defName="guy762_carbine_kalta"]/weaponTags) failed
file: C:\Program Files (x86)\Steam\steamapps\common\RimWorld\Mods\StarWarsPatches\Patches\WeaponTags_Renormalise.xml
[RimStarWars Patches] Patch operation Verse.PatchOperationConditional(/Defs/ThingDef[defName="guy762_carbine_repcom"]/weaponTags) failed
file: C:\Program Files (x86)\Steam\steamapps\common\RimWorld\Mods\StarWarsPatches\Patches\WeaponTags_Renormalise.xml
[RimStarWars Patches] Patch operation Verse.PatchOperationConditional(/Defs/ThingDef[defName="guy762_carbine_sith"]/weaponTags) failed
file: C:\Program Files (x86)\Steam\steamapps\common\RimWorld\Mods\StarWarsPatches\Patches\WeaponTags_Renormalise.xml
[RimStarWars Patches] Patch operation Verse.PatchOperationConditional(/Defs/ThingDef[defName="guy762_carbine_stun"]/weaponTags) failed
file: C:\Program Files (x86)\Steam\steamapps\common\RimWorld\Mods\StarWarsPatches\Patches\WeaponTags_Renormalise.xml
[RimStarWars Patches] Patch operation Verse.PatchOperationConditional(/Defs/ThingDef[defName="guy762_carbine_zabrak"]/weaponTags) failed
file: C:\Program Files (x86)\Steam\steamapps\common\RimWorld\Mods\StarWarsPatches\Patches\WeaponTags_Renormalise.xml
[RimStarWars Patches] Patch operation Verse.PatchOperationConditional(/Defs/ThingDef[defName="guy762_dispistol_disintegrator"]/weaponTags) failed
file: C:\Program Files (x86)\Steam\steamapps\common\RimWorld\Mods\StarWarsPatches\Patches\WeaponTags_Renormalise.xml
[RimStarWars Patches] Patch operation Verse.PatchOperationConditional(/Defs/ThingDef[defName="guy762_dispistol_luxa"]/weaponTags) failed
file: C:\Program Files (x86)\Steam\steamapps\common\RimWorld\Mods\StarWarsPatches\Patches\WeaponTags_Renormalise.xml
[RimStarWars Patches] Patch operation Verse.PatchOperationConditional(/Defs/ThingDef[defName="guy762_dispistol_ripper"]/weaponTags) failed
file: C:\Program Files (x86)\Steam\steamapps\common\RimWorld\Mods\StarWarsPatches\Patches\WeaponTags_Renormalise.xml
[RimStarWars Patches] Patch operation Verse.PatchOperationConditional(/Defs/ThingDef[defName="guy762_dispistol_sith"]/weaponTags) failed
file: C:\Program Files (x86)\Steam\steamapps\common\RimWorld\Mods\StarWarsPatches\Patches\WeaponTags_Renormalise.xml
[RimStarWars Patches] Patch operation Verse.PatchOperationConditional(/Defs/ThingDef[defName="guy762_disrifle_baragwin"]/weaponTags) failed
file: C:\Program Files (x86)\Steam\steamapps\common\RimWorld\Mods\StarWarsPatches\Patches\WeaponTags_Renormalise.xml
[RimStarWars Patches] Patch operation Verse.PatchOperationConditional(/Defs/ThingDef[defName="guy762_disrifle_charric"]/weaponTags) failed
file: C:\Program Files (x86)\Steam\steamapps\common\RimWorld\Mods\StarWarsPatches\Patches\WeaponTags_Renormalise.xml
[RimStarWars Patches] Patch operation Verse.PatchOperationConditional(/Defs/ThingDef[defName="guy762_disrifle_droid"]/weaponTags) failed
file: C:\Program Files (x86)\Steam\steamapps\common\RimWorld\Mods\StarWarsPatches\Patches\WeaponTags_Renormalise.xml
[RimStarWars Patches] Patch operation Verse.PatchOperationConditional(/Defs/ThingDef[defName="guy762_disrifle_tenloss"]/weaponTags) failed
file: C:\Program Files (x86)\Steam\steamapps\common\RimWorld\Mods\StarWarsPatches\Patches\WeaponTags_Renormalise.xml
[RimStarWars Patches] Patch operation Verse.PatchOperationConditional(/Defs/ThingDef[defName="guy762_disrifle_zabrak"]/weaponTags) failed
file: C:\Program Files (x86)\Steam\steamapps\common\RimWorld\Mods\StarWarsPatches\Patches\WeaponTags_Renormalise.xml
[RimStarWars Patches] Patch operation Verse.PatchOperationConditional(/Defs/ThingDef[defName="guy762_holdout_jawa"]/weaponTags) failed
file: C:\Program Files (x86)\Steam\steamapps\common\RimWorld\Mods\StarWarsPatches\Patches\WeaponTags_Renormalise.xml
[RimStarWars Patches] Patch operation Verse.PatchOperationConditional(/Defs/ThingDef[defName="guy762_holdout_sith"]/weaponTags) failed
file: C:\Program Files (x86)\Steam\steamapps\common\RimWorld\Mods\StarWarsPatches\Patches\WeaponTags_Renormalise.xml
[RimStarWars Patches] Patch operation Verse.PatchOperationConditional(/Defs/ThingDef[defName="guy762_holdout_sithofficer"]/weaponTags) failed
file: C:\Program Files (x86)\Steam\steamapps\common\RimWorld\Mods\StarWarsPatches\Patches\WeaponTags_Renormalise.xml
[RimStarWars Patches] Patch operation Verse.PatchOperationConditional(/Defs/ThingDef[defName="guy762_hvypistol_cassus"]/weaponTags) failed
file: C:\Program Files (x86)\Steam\steamapps\common\RimWorld\Mods\StarWarsPatches\Patches\WeaponTags_Renormalise.xml
[RimStarWars Patches] Patch operation Verse.PatchOperationConditional(/Defs/ThingDef[defName="guy762_hvypistol_mandalorian"]/weaponTags) failed
file: C:\Program Files (x86)\Steam\steamapps\common\RimWorld\Mods\StarWarsPatches\Patches\WeaponTags_Renormalise.xml
[RimStarWars Patches] Patch operation Verse.PatchOperationConditional(/Defs/ThingDef[defName="guy762_hvypistol_nadd"]/weaponTags) failed
file: C:\Program Files (x86)\Steam\steamapps\common\RimWorld\Mods\StarWarsPatches\Patches\WeaponTags_Renormalise.xml
[RimStarWars Patches] Patch operation Verse.PatchOperationConditional(/Defs/ThingDef[defName="guy762_hvypistol_zabraktystel"]/weaponTags) failed
file: C:\Program Files (x86)\Steam\steamapps\common\RimWorld\Mods\StarWarsPatches\Patches\WeaponTags_Renormalise.xml
[RimStarWars Patches] Patch operation Verse.PatchOperationConditional(/Defs/ThingDef[defName="guy762_hvyrepeater_baragwin"]/weaponTags) failed
file: C:\Program Files (x86)\Steam\steamapps\common\RimWorld\Mods\StarWarsPatches\Patches\WeaponTags_Renormalise.xml
[RimStarWars Patches] Patch operation Verse.PatchOperationConditional(/Defs/ThingDef[defName="guy762_hvyrepeater_mando"]/weaponTags) failed
file: C:\Program Files (x86)\Steam\steamapps\common\RimWorld\Mods\StarWarsPatches\Patches\WeaponTags_Renormalise.xml
[RimStarWars Patches] Patch operation Verse.PatchOperationConditional(/Defs/ThingDef[defName="guy762_hvyrepeater_massdriver"]/weaponTags) failed
file: C:\Program Files (x86)\Steam\steamapps\common\RimWorld\Mods\StarWarsPatches\Patches\WeaponTags_Renormalise.xml
[RimStarWars Patches] Patch operation Verse.PatchOperationConditional(/Defs/ThingDef[defName="guy762_hvyrepeater_ordo"]/weaponTags) failed
file: C:\Program Files (x86)\Steam\steamapps\common\RimWorld\Mods\StarWarsPatches\Patches\WeaponTags_Renormalise.xml
[RimStarWars Patches] Patch operation Verse.PatchOperationConditional(/Defs/ThingDef[defName="guy762_ionpistol_aratech"]/weaponTags) failed
file: C:\Program Files (x86)\Steam\steamapps\common\RimWorld\Mods\StarWarsPatches\Patches\WeaponTags_Renormalise.xml
[RimStarWars Patches] Patch operation Verse.PatchOperationConditional(/Defs/ThingDef[defName="guy762_ionrifle_baragwin"]/weaponTags) failed
file: C:\Program Files (x86)\Steam\steamapps\common\RimWorld\Mods\StarWarsPatches\Patches\WeaponTags_Renormalise.xml
[RimStarWars Patches] Patch operation Verse.PatchOperationConditional(/Defs/ThingDef[defName="guy762_ionrifle_verpine"]/weaponTags) failed
file: C:\Program Files (x86)\Steam\steamapps\common\RimWorld\Mods\StarWarsPatches\Patches\WeaponTags_Renormalise.xml
[RimStarWars Patches] Patch operation Verse.PatchOperationConditional(/Defs/ThingDef[defName="guy762_lgtrepeater_baragwin"]/weaponTags) failed
file: C:\Program Files (x86)\Steam\steamapps\common\RimWorld\Mods\StarWarsPatches\Patches\WeaponTags_Renormalise.xml
[RimStarWars Patches] Patch operation Verse.PatchOperationConditional(/Defs/ThingDef[defName="guy762_lgtrepeater_enforcer"]/weaponTags) failed
file: C:\Program Files (x86)\Steam\steamapps\common\RimWorld\Mods\StarWarsPatches\Patches\WeaponTags_Renormalise.xml
[RimStarWars Patches] Patch operation Verse.PatchOperationConditional(/Defs/ThingDef[defName="guy762_lgtrepeater_mandalore"]/weaponTags) failed
file: C:\Program Files (x86)\Steam\steamapps\common\RimWorld\Mods\StarWarsPatches\Patches\WeaponTags_Renormalise.xml
[RimStarWars Patches] Patch operation Verse.PatchOperationConditional(/Defs/ThingDef[defName="guy762_lgtrepeater_onderon"]/weaponTags) failed
file: C:\Program Files (x86)\Steam\steamapps\common\RimWorld\Mods\StarWarsPatches\Patches\WeaponTags_Renormalise.xml
[RimStarWars Patches] Patch operation Verse.PatchOperationConditional(/Defs/ThingDef[defName="guy762_microrepeater_mando"]/weaponTags) failed
file: C:\Program Files (x86)\Steam\steamapps\common\RimWorld\Mods\StarWarsPatches\Patches\WeaponTags_Renormalise.xml
[RimStarWars Patches] Patch operation Verse.PatchOperationConditional(/Defs/ThingDef[defName="guy762_microrepeater_narshaddaa"]/weaponTags) failed
file: C:\Program Files (x86)\Steam\steamapps\common\RimWorld\Mods\StarWarsPatches\Patches\WeaponTags_Renormalise.xml
[RimStarWars Patches] Patch operation Verse.PatchOperationConditional(/Defs/ThingDef[defName="guy762_slugrifle_SovTusken"]/weaponTags) failed
file: C:\Program Files (x86)\Steam\steamapps\common\RimWorld\Mods\StarWarsPatches\Patches\WeaponTags_Renormalise.xml
[RimStarWars Patches] Patch operation Verse.PatchOperationConditional(/Defs/ThingDef[defName="guy762_slugrifle_tusken"]/weaponTags) failed
file: C:\Program Files (x86)\Steam\steamapps\common\RimWorld\Mods\StarWarsPatches\Patches\WeaponTags_Renormalise.xml
[RimStarWars Patches] Patch operation Verse.PatchOperationConditional(/Defs/ThingDef[defName="guy762_slugrifle_verpine"]/weaponTags) failed
file: C:\Program Files (x86)\Steam\steamapps\common\RimWorld\Mods\StarWarsPatches\Patches\WeaponTags_Renormalise.xml
[RimStarWars Patches] Patch operation Verse.PatchOperationConditional(/Defs/ThingDef[defName="guy762_sonpistol_dashade"]/weaponTags) failed
file: C:\Program Files (x86)\Steam\steamapps\common\RimWorld\Mods\StarWarsPatches\Patches\WeaponTags_Renormalise.xml
[RimStarWars Patches] Patch operation Verse.PatchOperationConditional(/Defs/ThingDef[defName="guy762_sonrifle_arkanian"]/weaponTags) failed
file: C:\Program Files (x86)\Steam\steamapps\common\RimWorld\Mods\StarWarsPatches\Patches\WeaponTags_Renormalise.xml
[RimStarWars Patches] Patch operation Verse.PatchOperationConditional(/Defs/ThingDef[defName="guy762_sonrifle_nagai"]/weaponTags) failed
file: C:\Program Files (x86)\Steam\steamapps\common\RimWorld\Mods\StarWarsPatches\Patches\WeaponTags_Renormalise.xml
[RimStarWars Patches] Patch operation Verse.PatchOperationConditional(/Defs/ThingDef[defName="guy762_vaxe"]/weaponTags) failed
file: C:\Program Files (x86)\Steam\steamapps\common\RimWorld\Mods\StarWarsPatches\Patches\WeaponTags_Renormalise.xml
[RimStarWars Patches] Patch operation Verse.PatchOperationConditional(/Defs/ThingDef[defName="guy762_vaxe_hutt"]/weaponTags) failed
file: C:\Program Files (x86)\Steam\steamapps\common\RimWorld\Mods\StarWarsPatches\Patches\WeaponTags_Renormalise.xml
[RimStarWars Patches] Patch operation Verse.PatchOperationConditional(Defs/ThingDef[defName="guy762_brifle_dmr"]/weaponTags) failed
file: C:\Program Files (x86)\Steam\steamapps\common\RimWorld\Mods\StarWarsPatches\Patches\WeaponTags_Renormalise.xml
[RimStarWars Patches] Patch operation Verse.PatchOperationConditional(Defs/ThingDef[defName="guy762_holdout"]/weaponTags) failed
file: C:\Program Files (x86)\Steam\steamapps\common\RimWorld\Mods\StarWarsPatches\Patches\WeaponTags_Renormalise.xml
[RimStarWars Patches] Patch operation Verse.PatchOperationConditional(Defs/ThingDef[defName="guy762_bpistol"]/weaponTags) failed
file: C:\Program Files (x86)\Steam\steamapps\common\RimWorld\Mods\StarWarsPatches\Patches\WeaponTags_Renormalise.xml
[RimStarWars Patches] Patch operation Verse.PatchOperationConditional(Defs/ThingDef[defName="guy762_slugrifle"]/weaponTags) failed
file: C:\Program Files (x86)\Steam\steamapps\common\RimWorld\Mods\StarWarsPatches\Patches\WeaponTags_Renormalise.xml
[RimMandrake: SW — Bestiary] Patch operation Verse.PatchOperationConditional(/Defs/ThingDef[defName="DA_LeviathanCrab"]/race/wildBiomes) failed
file: C:\Program Files (x86)\Steam\steamapps\common\RimWorld\Mods\SWBestiary\Patches\SeasWaterline\Waterline_Lane1.xml
[RimUtinni Patches (Jawa campaign)] Patch operation Verse.PatchOperationConditional(/Defs/PawnKindDef[defName="AncientSoldierBoss"]/weaponTags/li[text()="IndustrialGunAdvanced"]) failed
file: C:\Program Files (x86)\Steam\steamapps\common\RimWorld\Mods\UtinniPatches\Patches\AncientArsenal_Ashkarr.xml
[RimUtinni Patches (Jawa campaign)] Patch operation Verse.PatchOperationConditional(/Defs/ThingDef[defName="BMT_GreyLady"]/statBases) failed
file: C:\Program Files (x86)\Steam\steamapps\common\RimWorld\Mods\UtinniPatches\Patches\BiomeFloraStatAdjustments_Generated.xml
[RimUtinni Patches (Jawa campaign)] Patch operation Verse.PatchOperationConditional(/Defs/ThingDef[defName="RG_Plant_AridGrass"]/statBases) failed
file: C:\Program Files (x86)\Steam\steamapps\common\RimWorld\Mods\UtinniPatches\Patches\BiomeFloraStatAdjustments_Generated.xml
[RimUtinni Patches (Jawa campaign)] Patch operation Verse.PatchOperationConditional(/Defs/ThingDef[defName="RG_Plant_CreepStern"]/statBases) failed
file: C:\Program Files (x86)\Steam\steamapps\common\RimWorld\Mods\UtinniPatches\Patches\BiomeFloraStatAdjustments_Generated.xml
[RimUtinni Patches (Jawa campaign)] Patch operation Verse.PatchOperationConditional(/Defs/ThingDef[defName="RG_Plant_CrimsonCushion"]/statBases) failed
file: C:\Program Files (x86)\Steam\steamapps\common\RimWorld\Mods\UtinniPatches\Patches\BiomeFloraStatAdjustments_Generated.xml
[RimUtinni Patches (Jawa campaign)] Patch operation Verse.PatchOperationConditional(/Defs/ThingDef[defName="RG_Plant_Dervish"]/statBases) failed
file: C:\Program Files (x86)\Steam\steamapps\common\RimWorld\Mods\UtinniPatches\Patches\BiomeFloraStatAdjustments_Generated.xml
[RimUtinni Patches (Jawa campaign)] Patch operation Verse.PatchOperationSequence(count=60, lastFailedOperation=Verse.PatchOperationReplace(Defs/PawnKindDef[defName="BMT_Thrumbungus"]/lifeStages/li[1]/bodyGraphicData/drawSize)) failed
file: C:\Program Files (x86)\Steam\steamapps\common\RimWorld\Mods\UtinniPatches\Patches\CreatureResize_Ashkarr.xml
[RimUtinni Patches (Jawa campaign)] Patch operation Verse.PatchOperationConditional(Defs/XenotypeDef[defName="RSW_RimMandrakeWookiee"]/genes/li[text()="BS_GiantWeaponWielder"]) failed
file: C:\Program Files (x86)\Steam\steamapps\common\RimWorld\Mods\UtinniPatches\Patches\GiantWeaponWielders_Ashkarr.xml
[RimUtinni Patches (Jawa campaign)] Patch operation Verse.PatchOperationConditional(Defs/XenotypeDef[defName="RSW_RimMandrakeGamorrean"]/genes/li[text()="BS_GiantWeaponWielder"]) failed
file: C:\Program Files (x86)\Steam\steamapps\common\RimWorld\Mods\UtinniPatches\Patches\GiantWeaponWielders_Ashkarr.xml
[RimUtinni Patches (Jawa campaign)] Patch operation Verse.PatchOperationConditional(Defs/XenotypeDef[defName="RSW_RimMandrakeHerglic"]/genes/li[text()="BS_GiantWeaponWielder"]) failed
file: C:\Program Files (x86)\Steam\steamapps\common\RimWorld\Mods\UtinniPatches\Patches\GiantWeaponWielders_Ashkarr.xml
[RimUtinni Patches (Jawa campaign)] Patch operation Verse.PatchOperationConditional(Defs/XenotypeDef[defName="RSW_RimMandrakeTrandoshan"]/genes/li[text()="BS_GiantWeaponWielder"]) failed
file: C:\Program Files (x86)\Steam\steamapps\common\RimWorld\Mods\UtinniPatches\Patches\GiantWeaponWielders_Ashkarr.xml
[RimUtinni Patches (Jawa campaign)] Patch operation Verse.PatchOperationConditional(Defs/XenotypeDef[defName="RSW_RimMandrakeTogorian"]/genes/li[text()="BS_GiantWeaponWielder"]) failed
file: C:\Program Files (x86)\Steam\steamapps\common\RimWorld\Mods\UtinniPatches\Patches\GiantWeaponWielders_Ashkarr.xml
[RimUtinni Patches (Jawa campaign)] Patch operation Verse.PatchOperationConditional(Defs/XenotypeDef[defName="RSW_RimMandrakeLasat"]/genes/li[text()="BS_GiantWeaponWielder"]) failed
file: C:\Program Files (x86)\Steam\steamapps\common\RimWorld\Mods\UtinniPatches\Patches\GiantWeaponWielders_Ashkarr.xml
[RimUtinni Patches (Jawa campaign)] Patch operation Verse.PatchOperationConditional(Defs/XenotypeDef[defName="RSW_RimMandrakeFeeorin"]/genes/li[text()="BS_GiantWeaponWielder"]) failed
file: C:\Program Files (x86)\Steam\steamapps\common\RimWorld\Mods\UtinniPatches\Patches\GiantWeaponWielders_Ashkarr.xml
[RimUtinni Patches (Jawa campaign)] Patch operation Verse.PatchOperationConditional(Defs/XenotypeDef[defName="RSW_RimMandrakeSithMassassi"]/genes/li[text()="BS_GiantWeaponWielder"]) failed
file: C:\Program Files (x86)\Steam\steamapps\common\RimWorld\Mods\UtinniPatches\Patches\GiantWeaponWielders_Ashkarr.xml
[RimUtinni Patches (Jawa campaign)] Patch operation Verse.PatchOperationConditional(Defs/XenotypeDef[defName="RSW_RimMandrakeAqualish"]/genes/li[text()="BS_GiantWeaponWielder"]) failed
file: C:\Program Files (x86)\Steam\steamapps\common\RimWorld\Mods\UtinniPatches\Patches\GiantWeaponWielders_Ashkarr.xml
[RimUtinni Patches (Jawa campaign)] Patch operation Verse.PatchOperationConditional(Defs/XenotypeDef[defName="RSW_RimMandrakeCathar"]/genes/li[text()="BS_GiantWeaponWielder"]) failed
file: C:\Program Files (x86)\Steam\steamapps\common\RimWorld\Mods\UtinniPatches\Patches\GiantWeaponWielders_Ashkarr.xml
[RimUtinni Patches (Jawa campaign)] Patch operation Verse.PatchOperationConditional(Defs/XenotypeDef[defName="RSW_RimMandrakeChagrian"]/genes/li[text()="BS_GiantWeaponWielder"]) failed
file: C:\Program Files (x86)\Steam\steamapps\common\RimWorld\Mods\UtinniPatches\Patches\GiantWeaponWielders_Ashkarr.xml
[RimUtinni Patches (Jawa campaign)] Patch operation Verse.PatchOperationConditional(Defs/XenotypeDef[defName="RSW_RimMandrakeGungan"]/genes/li[text()="BS_GiantWeaponWielder"]) failed
file: C:\Program Files (x86)\Steam\steamapps\common\RimWorld\Mods\UtinniPatches\Patches\GiantWeaponWielders_Ashkarr.xml
[RimUtinni Patches (Jawa campaign)] Patch operation Verse.PatchOperationConditional(Defs/XenotypeDef[defName="RSW_RimMandrakeKaleesh"]/genes/li[text()="BS_GiantWeaponWielder"]) failed
file: C:\Program Files (x86)\Steam\steamapps\common\RimWorld\Mods\UtinniPatches\Patches\GiantWeaponWielders_Ashkarr.xml
[RimUtinni Patches (Jawa campaign)] Patch operation Verse.PatchOperationConditional(Defs/XenotypeDef[defName="RSW_RimMandrakeKlatoonian"]/genes/li[text()="BS_GiantWeaponWielder"]) failed
file: C:\Program Files (x86)\Steam\steamapps\common\RimWorld\Mods\UtinniPatches\Patches\GiantWeaponWielders_Ashkarr.xml
[RimUtinni Patches (Jawa campaign)] Patch operation Verse.PatchOperationConditional(Defs/XenotypeDef[defName="RSW_RimMandrakeNelvaanian"]/genes/li[text()="BS_GiantWeaponWielder"]) failed
file: C:\Program Files (x86)\Steam\steamapps\common\RimWorld\Mods\UtinniPatches\Patches\GiantWeaponWielders_Ashkarr.xml
[RimUtinni Patches (Jawa campaign)] Patch operation Verse.PatchOperationFindMod(Alpha Animals) failed
file: C:\Program Files (x86)\Steam\steamapps\common\RimWorld\Mods\UtinniPatches\Patches\Ikee_Rename.xml
[RimUtinni Patches (Jawa campaign)] Patch operation Verse.PatchOperationConditional(/Defs/XenotypeDef[defName="RSW_MandrakeJawa"]/genes/li[text()="RUT_Jawa_MessImmune"]) failed
file: C:\Program Files (x86)\Steam\steamapps\common\RimWorld\Mods\UtinniPatches\Patches\JawaMessImmunity.xml
[RimUtinni Patches (Jawa campaign)] Patch operation Verse.PatchOperationConditional(/Defs/BiomeDef[defName="HorrorWastes"]/texture) failed
file: C:\Program Files (x86)\Steam\steamapps\common\RimWorld\Mods\UtinniPatches\Patches\JawaTerrain_HorrorWastes.xml
[RimUtinni Patches (Jawa campaign)] Patch operation Verse.PatchOperationConditional(/Defs/XenotypeDef[defName="RSW_MandrakeJawa"]/genes/li[text()="MinTemp_SmallDecrease"]) failed
file: C:\Program Files (x86)\Steam\steamapps\common\RimWorld\Mods\UtinniPatches\Patches\XenotypeTolerances_Ashkarr.xml
[RimUtinni Patches (Jawa campaign)] Patch operation Verse.PatchOperationConditional(/Defs/XenotypeDef[defName="RSW_MandrakeJawa"]/genes/li[text()="MaxTemp_SmallIncrease"]) failed
file: C:\Program Files (x86)\Steam\steamapps\common\RimWorld\Mods\UtinniPatches\Patches\XenotypeTolerances_Ashkarr.xml
[RimUtinni Patches (Jawa campaign)] Patch operation Verse.PatchOperationConditional(/Defs/XenotypeDef[defName="RSW_RimMandrakeJawa"]/genes/li[text()="MinTemp_SmallDecrease"]) failed
file: C:\Program Files (x86)\Steam\steamapps\common\RimWorld\Mods\UtinniPatches\Patches\XenotypeTolerances_Ashkarr.xml
[RimUtinni Patches (Jawa campaign)] Patch operation Verse.PatchOperationConditional(/Defs/XenotypeDef[defName="RSW_RimMandrakeJawa"]/genes/li[text()="MaxTemp_SmallIncrease"]) failed
file: C:\Program Files (x86)\Steam\steamapps\common\RimWorld\Mods\UtinniPatches\Patches\XenotypeTolerances_Ashkarr.xml
[RimUtinni Patches (Jawa campaign)] Patch operation Verse.PatchOperationConditional(/Defs/XenotypeDef[defName="RSW_RimMandrakeHutt"]/genes/li[text()="MinTemp_SmallDecrease"]) failed
file: C:\Program Files (x86)\Steam\steamapps\common\RimWorld\Mods\UtinniPatches\Patches\XenotypeTolerances_Ashkarr.xml
[RimUtinni Patches (Jawa campaign)] Patch operation Verse.PatchOperationConditional(/Defs/XenotypeDef[defName="RSW_RimMandrakeTusken"]/genes/li[text()="MinTemp_SmallDecrease"]) failed
file: C:\Program Files (x86)\Steam\steamapps\common\RimWorld\Mods\UtinniPatches\Patches\XenotypeTolerances_Ashkarr.xml
[RimUtinni Patches (Jawa campaign)] Patch operation Verse.PatchOperationConditional(/Defs/XenotypeDef[defName="RSW_RimMandrakeTusken"]/genes/li[text()="MaxTemp_SmallIncrease"]) failed
file: C:\Program Files (x86)\Steam\steamapps\common\RimWorld\Mods\UtinniPatches\Patches\XenotypeTolerances_Ashkarr.xml
[RimUtinni Patches (Jawa campaign)] Patch operation Verse.PatchOperationConditional(/Defs/XenotypeDef[defName="RSW_RimMandrakeWookiee"]/genes/li[text()="MinTemp_SmallDecrease"]) failed
file: C:\Program Files (x86)\Steam\steamapps\common\RimWorld\Mods\UtinniPatches\Patches\XenotypeTolerances_Ashkarr.xml
[RimUtinni Patches (Jawa campaign)] Patch operation Verse.PatchOperationConditional(/Defs/XenotypeDef[defName="RSW_RimMandrakeWookiee"]/genes/li[text()="MaxTemp_SmallIncrease"]) failed
file: C:\Program Files (x86)\Steam\steamapps\common\RimWorld\Mods\UtinniPatches\Patches\XenotypeTolerances_Ashkarr.xml
Could not resolve cross-reference to Verse.ThingDef named OuterRim_StormtrooperHelmet (wanter=apparel)
Could not resolve cross-reference to Verse.ThingDef named OuterRim_CompositeHelmet (wanter=apparel)
Could not resolve cross-reference to Verse.ThingDef named guy762_Headband_rebreathermask (wanter=apparel)
Could not resolve cross-reference: No RimWorld.ResearchTabDef named RUT_Tree_Unbolting found to give to Verse.ResearchProjectDef RSW_DW_Research_Bolting
Could not resolve cross-reference: No RimWorld.ResearchTabDef named RUT_Tree_Unbolting found to give to Verse.ResearchProjectDef RSW_DW_Research_Spiking
Could not resolve cross-reference: No RimWorld.ResearchTabDef named RUT_Tree_Unbolting found to give to Verse.ResearchProjectDef RSW_DW_Research_ShopRepair
Could not resolve cross-reference: No RimWorld.ResearchTabDef named RUT_Tree_Unbolting found to give to Verse.ResearchProjectDef RSW_DW_Research_Reassembly
Could not resolve cross-reference: No RimWorld.ResearchTabDef named RUT_Tree_Unbolting found to give to Verse.ResearchProjectDef RSW_DW_Research_PrimitiveFabrication
Could not resolve cross-reference: No RimWorld.ResearchTabDef named RUT_Tree_Unbolting found to give to Verse.ResearchProjectDef RSW_DW_Research_Formatting
Could not resolve cross-reference: No RimWorld.XenotypeDef named RSW_RimMandrakeHutt found to give to RimWorld.XenotypeChance RimWorld.XenotypeChance
Could not resolve cross-reference: No RimWorld.XenotypeDef named RSW_RimMandrakeGand found to give to RimWorld.XenotypeChance RimWorld.XenotypeChance
Could not resolve cross-reference: No RimWorld.XenotypeDef named RSW_RimMandrakeKubaz found to give to RimWorld.XenotypeChance RimWorld.XenotypeChance
Could not resolve cross-reference: No RimWorld.XenotypeDef named RSW_RimMandrakeTaung found to give to RimWorld.XenotypeChance RimWorld.XenotypeChance
Could not resolve cross-reference: No RimWorld.XenotypeDef named RSW_RimMandrakeMimbanese found to give to RimWorld.XenotypeChance RimWorld.XenotypeChance
Could not resolve cross-reference: No RimWorld.XenotypeDef named RSW_RimMandrakeZygerrian found to give to RimWorld.XenotypeChance RimWorld.XenotypeChance
Could not resolve cross-reference: No RimWorld.XenotypeDef named RSW_RimMandrakeLasat found to give to RimWorld.XenotypeChance RimWorld.XenotypeChance
Could not resolve cross-reference: No Verse.TerrainDef named CypreJungleMud found to give to RimWorld.BiomeDef RUT_Greentide
Could not resolve cross-reference: No Verse.ThingDef named OuterRim_DLT19HeavyBlasterRifle found to give to RimMandrake.Inhabited.CharacterDef Inhabited_Droids_CaptainFourteen
Could not resolve cross-reference: No Verse.ThingDef named OuterRim_DLT19HeavyBlasterRifle found to give to RimMandrake.Inhabited.CharacterDef Inhabited_Droids_Wallop
Could not resolve cross-reference to Verse.ThingDef named guy762_MandoHelmet_supercom (wanter=apparelRequired)
Could not resolve cross-reference: No Verse.ThingDef named OuterRim_VibroBlade found to give to RimMandrake.Inhabited.CharacterDef Inhabited_Empire_DrillInstructorHeskVaro
Could not resolve cross-reference: No Verse.ThingDef named OuterRim_DLT19XTargetingBlaster found to give to RimMandrake.Inhabited.CharacterDef Inhabited_Empire_TrooperBoAnder
Could not resolve cross-reference: No Verse.ThingDef named Force_Lightsaber_Inquisitor found to give to RimMandrake.Inhabited.CharacterDef Inhabited_Empire_InquisitorVaunt
Could not resolve cross-reference to Verse.ThingDef named guy762_Headband_rebreathermask (wanter=apparel)
Could not resolve cross-reference: No Verse.ThingDef named DV_MeleeWeapon_SerratedScimitar found to give to RimMandrake.Inhabited.CharacterDef Inhabited_Hutt_MargraveSarrick
Could not resolve cross-reference: No Verse.ThingDef named GS_Gaffi found to give to RimMandrake.Inhabited.CharacterDef Inhabited_Tusken_GhurrVex
Could not resolve cross-reference: No Verse.ThingDef named OuterRim_CyclerRifle found to give to RimMandrake.Inhabited.CharacterDef Inhabited_Tusken_ShaaNel
Could not resolve cross-reference to Verse.ThingDef named guy762_TuskenMask (wanter=apparel)
Could not resolve cross-reference: No Verse.ThingDef named OuterRim_A280Blaster found to give to RimMandrake.Inhabited.CharacterDef Inhabited_Wildsteam_BoKesh
Could not resolve cross-reference to Verse.ThingDef named guy762_Headband_rebreathermask (wanter=apparel)
Could not resolve cross-reference: No RimWorld.XenotypeDef named RSW_RimMandrakeMuun found to give to RimWorld.XenotypeChance RimWorld.XenotypeChance
Could not resolve cross-reference: No RimWorld.StatDef named EBSG_SkillLossRate found to give to RimWorld.StatModifier (null stat)
Could not resolve cross-reference: No RimWorld.ResearchTabDef named RUT_Tree_Unbolting found to give to Verse.ResearchProjectDef RSW_DW_Research_Reboot
Could not resolve cross-reference: No RimWorld.XenotypeDef named RSW_RimMandrakeOrtolan found to give to RimWorld.XenotypeChance RimWorld.XenotypeChance
Could not resolve cross-reference: No RimWorld.XenotypeDef named RSW_RimMandrakeNelvaanian found to give to RimWorld.XenotypeChance RimWorld.XenotypeChance
Could not resolve cross-reference: No RimWorld.XenotypeDef named RSW_RimMandrakeSithKissai found to give to RimWorld.XenotypeChance RimWorld.XenotypeChance
Could not resolve cross-reference: No RimWorld.XenotypeDef named RSW_RimMandrakeSithMassassi found to give to RimWorld.XenotypeChance RimWorld.XenotypeChance
Could not resolve cross-reference: No RimWorld.XenotypeDef named RSW_RimMandrakeYoderForceGremlin found to give to RimWorld.XenotypeChance RimWorld.XenotypeChance
Could not resolve cross-reference: No RimWorld.FactionDef named OuterRim_BinaryStarRaiders found to give to Verse.PawnKindDef RSW_Jawa_Gamorrean_Guard
Could not resolve cross-reference to Verse.ThingDef named guy762_Clothing_gamorrean (wanter=apparelRequired)
Could not resolve cross-reference to Verse.ThingDef named guy762_Hat_gamorrean (wanter=apparelRequired)
Could not resolve cross-reference: No RimWorld.FactionDef named OuterRim_BinaryStarRaiders found to give to Verse.PawnKindDef RSW_Jawa_Gamorrean_Enforcer
Could not resolve cross-reference to Verse.ThingDef named guy762_HvyArmor_gamorrean (wanter=apparelRequired)
Could not resolve cross-reference to Verse.ThingDef named guy762_Hat_gamorrean (wanter=apparelRequired)
Could not resolve cross-reference: No Verse.RulePackDef named RSW_KoTOR_NamerGamorrean found to give to RimWorld.XenotypeDef RSW_Jawa_Xeno_Gamorrean
Could not resolve cross-reference to Verse.GeneDef named RSW_Face_jowls (wanter=genes)
Could not resolve cross-reference to Verse.GeneDef named RSW_Face_tusks (wanter=genes)
Could not resolve cross-reference to Verse.GeneDef named RSW_Skin_DarkGreen (wanter=genes)
Could not resolve cross-reference to Verse.GeneDef named Turn_Gene_HerdMentality (wanter=genes)
Could not resolve cross-reference to Verse.GeneDef named Turn_Gene_VerySlowNeuralHeat (wanter=genes)
Could not resolve cross-reference to Verse.GeneDef named RSW_GS_Primitive (wanter=genes)
Failed to find Verse.PawnKindDef named VAEWaste_Wasteboar. There are 1338 defs of this type loaded.
Failed to find Verse.PawnKindDef named VAEWaste_Toxscorpion. There are 1338 defs of this type loaded.
Failed to find Verse.PawnKindDef named VAEWaste_Toxiguana. There are 1338 defs of this type loaded.
Failed to find Verse.PawnKindDef named VAEWaste_Toxlion. There are 1338 defs of this type loaded.
Failed to find Verse.PawnKindDef named VAEWaste_Toxbear. There are 1338 defs of this type loaded.
Failed to find Verse.PawnKindDef named VAEWaste_Toxafox. There are 1338 defs of this type loaded.
Failed to find Verse.PawnKindDef named VAEWaste_Pestigator. There are 1338 defs of this type loaded.
Failed to find Verse.PawnKindDef named VAEWaste_Hydra. There are 1338 defs of this type loaded.
Failed to find Verse.PawnKindDef named VAEWaste_Wasteffalo. There are 1338 defs of this type loaded.
Failed to find Verse.PawnKindDef named VAEWaste_Wastedeer. There are 1338 defs of this type loaded.
Failed to find Verse.JobDef named VAEWaste_AttackTree. There are 458 defs of this type loaded.
Failed to find Verse.JobDef named VAEWaste_AttackSelf. There are 458 defs of this type loaded.
Failed to find Verse.JobDef named VAEWaste_EatWastepack. There are 458 defs of this type loaded.
Failed to find Verse.HediffDef named VAEWaste_LongToxflu. There are 689 defs of this type loaded.
Failed to find Verse.HediffDef named VAEWaste_Toxflu. There are 689 defs of this type loaded.
Config error in Eclipse: world-targeting incident has a biome restriction list
Config error in SolarFlare: world-targeting incident has a biome restriction list
Config error in Aurora: world-targeting incident has a biome restriction list
Config error in CannibalPirate: has a required meme which is not allowed: Cannibal
Config error in PirateYttakin: has a required meme which is not allowed: AnimalPersonhood
Config error in RM_FE_Ash_Trace: burnedDef is flammable
Config error in RM_FE_Ash_Light: burnedDef is flammable
Config error in RM_FE_Ground_Sand: burnedDef is flammable
Config error in RM_FE_Ground_Gravel: burnedDef is flammable
Config error in RM_FE_Ground_Soil: burnedDef is flammable
Config error in RM_FE_Ground_SoilRich: burnedDef is flammable
Config error in RSW_Jawa_Spawn_Hutt: no race
Config error in RSW_Jawa_Spawn_Hutt: RSW_Jawa_Spawn_Hutt has no combatPower.
Exception in ConfigErrors() of RSW_Jawa_Spawn_Hutt: System.NullReferenceException: Object reference not set to an instance of an object
[Ref 44156460]
  at Verse.PawnKindDef+<ConfigErrors>d__156.MoveNext () [0x002c2] in <61e4173561894da49d210260257b5097>:0 
  at Verse.DefDatabase`1[T].ErrorCheckAllDefs () [0x00065] in <61e4173561894da49d210260257b5097>:0 
Config error in RSW_Jawa_Spawn_Gand: no race
Config error in RSW_Jawa_Spawn_Gand: RSW_Jawa_Spawn_Gand has no combatPower.
Exception in ConfigErrors() of RSW_Jawa_Spawn_Gand: System.NullReferenceException: Object reference not set to an instance of an object
[Ref 44156460] Duplicate stacktrace, see ref for original
Config error in RSW_Jawa_Spawn_Kubaz: no race
Config error in RSW_Jawa_Spawn_Kubaz: RSW_Jawa_Spawn_Kubaz has no combatPower.
Exception in ConfigErrors() of RSW_Jawa_Spawn_Kubaz: System.NullReferenceException: Object reference not set to an instance of an object
[Ref 44156460] Duplicate stacktrace, see ref for original
Config error in RSW_Jawa_Spawn_Taung: no race
Config error in RSW_Jawa_Spawn_Taung: RSW_Jawa_Spawn_Taung has no combatPower.
Exception in ConfigErrors() of RSW_Jawa_Spawn_Taung: System.NullReferenceException: Object reference not set to an instance of an object
[Ref 44156460] Duplicate stacktrace, see ref for original
Config error in RSW_Jawa_Spawn_Mimbanese: no race
Config error in RSW_Jawa_Spawn_Mimbanese: RSW_Jawa_Spawn_Mimbanese has no combatPower.
Exception in ConfigErrors() of RSW_Jawa_Spawn_Mimbanese: System.NullReferenceException: Object reference not set to an instance of an object
[Ref 44156460] Duplicate stacktrace, see ref for original
Config error in RSW_Jawa_Spawn_Zygerrian: no race
Config error in RSW_Jawa_Spawn_Zygerrian: RSW_Jawa_Spawn_Zygerrian has no combatPower.
Exception in ConfigErrors() of RSW_Jawa_Spawn_Zygerrian: System.NullReferenceException: Object reference not set to an instance of an object
[Ref 44156460] Duplicate stacktrace, see ref for original
Config error in RSW_Jawa_Spawn_Lasat: no race
Config error in RSW_Jawa_Spawn_Lasat: RSW_Jawa_Spawn_Lasat has no combatPower.
Exception in ConfigErrors() of RSW_Jawa_Spawn_Lasat: System.NullReferenceException: Object reference not set to an instance of an object
[Ref 44156460] Duplicate stacktrace, see ref for original
Config error in RSW_Jawa_Spawn_Muun: no race
Config error in RSW_Jawa_Spawn_Muun: RSW_Jawa_Spawn_Muun has no combatPower.
Exception in ConfigErrors() of RSW_Jawa_Spawn_Muun: System.NullReferenceException: Object reference not set to an instance of an object
[Ref 44156460] Duplicate stacktrace, see ref for original
Config error in RSW_Jawa_Spawn_Ortolan: no race
Config error in RSW_Jawa_Spawn_Ortolan: RSW_Jawa_Spawn_Ortolan has no combatPower.
Exception in ConfigErrors() of RSW_Jawa_Spawn_Ortolan: System.NullReferenceException: Object reference not set to an instance of an object
[Ref 44156460] Duplicate stacktrace, see ref for original
Config error in RSW_Jawa_Spawn_Nelvaanian: no race
Config error in RSW_Jawa_Spawn_Nelvaanian: RSW_Jawa_Spawn_Nelvaanian has no combatPower.
Exception in ConfigErrors() of RSW_Jawa_Spawn_Nelvaanian: System.NullReferenceException: Object reference not set to an instance of an object
[Ref 44156460] Duplicate stacktrace, see ref for original
Config error in RSW_Jawa_Spawn_SithK: no race
Config error in RSW_Jawa_Spawn_SithK: RSW_Jawa_Spawn_SithK has no combatPower.
Exception in ConfigErrors() of RSW_Jawa_Spawn_SithK: System.NullReferenceException: Object reference not set to an instance of an object
[Ref 44156460] Duplicate stacktrace, see ref for original
Config error in RSW_Jawa_Spawn_SithM: no race
Config error in RSW_Jawa_Spawn_SithM: RSW_Jawa_Spawn_SithM has no combatPower.
Exception in ConfigErrors() of RSW_Jawa_Spawn_SithM: System.NullReferenceException: Object reference not set to an instance of an object
[Ref 44156460] Duplicate stacktrace, see ref for original
Config error in RSW_Jawa_Spawn_Yoder: no race
Config error in RSW_Jawa_Spawn_Yoder: RSW_Jawa_Spawn_Yoder has no combatPower.
Exception in ConfigErrors() of RSW_Jawa_Spawn_Yoder: System.NullReferenceException: Object reference not set to an instance of an object
[Ref 44156460] Duplicate stacktrace, see ref for original
Config error in RM_SpecimenCabinet: is minifiable but not in any thing category
Config error in RUT_Jawa_Homestead_Heavy: Cheapest weapon with one of my weaponTags costs 480 but weaponMoney min is 300, so could end up weaponless.
Config error in RUT_Jawa_Homestead_Specialist: Cheapest weapon with one of my weaponTags costs 530 but weaponMoney min is 450, so could end up weaponless.
Config error in RUT_Jawa_DeepDesert_Grunt: Cheapest weapon with one of my weaponTags costs 164.25 but weaponMoney min is 150, so could end up weaponless.
Config error in RM_SpecimenCabinet: is minifiable but not in any thing category
Config error in RM_FE_Ash_Trace: burnedDef is flammable
Config error in RM_FE_Ash_Light: burnedDef is flammable
Config error in RM_FE_Ground_Sand: burnedDef is flammable
Config error in RM_FE_Ground_Gravel: burnedDef is flammable
Config error in RM_FE_Ground_Soil: burnedDef is flammable
Config error in RM_FE_Ground_SoilRich: burnedDef is flammable
Config error in RM_LureAwning: is not minifiable yet has thing categories (could be confusing in thing filters because it can't be moved/stored anyway)
Config error in RM_LureAwning: is not minifiable yet has thing categories (could be confusing in thing filters because it can't be moved/stored anyway)
Config error in RUT_Jawa_Junkers_Specialist: Cheapest weapon with one of my weaponTags costs 480 but weaponMoney min is 200, so could end up weaponless.
Config error in RM_Illisk: has tool with linkedBodyPartsGroup Teeth but body Snake has no parts with that group.
Config error in RM_Illisk: has tool with linkedBodyPartsGroup Teeth but body Snake has no parts with that group.
Config error in RUT_ShieldGenerator: is minifiable but not in any thing category
Config error in RUT_ShieldGenerator: is minifiable but not in any thing category
Failed to find any textures at RotSpecies/Swarmling/Swarmling while constructing Multi(initPath=RotSpecies/Swarmling/Swarmling, color=RGBA(1.000, 1.000, 1.000, 1.000), colorTwo=RGBA(1.000, 1.000, 1.000, 1.000))
Cannot init Graphic of class Verse.Graphic_Linked
Could not load Texture2D at 'Things/Item/Resource/ComponentSpacer' for def 'RM_HagglerModule' in any active mod or in base resources.
MatFrom with null sourceTex.
Could not load Texture2D at 'Things/Item/Resource/ComponentSpacer' for def 'RM_ManifestDecoder' in any active mod or in base resources.
MatFrom with null sourceTex.
Could not load Texture2D at 'Things/Item/Resource/ComponentSpacer' for def 'RM_TransponderScanner' in any active mod or in base resources.
MatFrom with null sourceTex.
Could not load Texture2D at 'Things/Item/Resource/ComponentSpacer' for def 'RM_PriceAlmanac' in any active mod or in base resources.
MatFrom with null sourceTex.
Collection cannot init: No textures found at path Things/Plant/SnakePlant/SnakePlantA
Collection cannot init: No textures found at path Things/Plant/PincushionPlant/PincushionPlantA
Collection cannot init: No textures found at path Things/Item/Fish/RM_SkarrinCatch
Collection cannot init: No textures found at path Things/Item/Fish/RM_KarrekCatch
Collection cannot init: No textures found at path Things/Item/Fish/RM_VizhikCatch
Collection cannot init: No textures found at path Things/Item/Fish/RM_LoomuCatch
Collection cannot init: No textures found at path Things/Item/Fish/RM_HulduCatch
Collection cannot init: No textures found at path Things/Item/Fish/RM_IvvolCatch
Collection cannot init: No textures found at path Things/Item/Fish/RM_Ikkal
Collection cannot init: No textures found at path Things/Item/Fish/RM_Tarrik
Collection cannot init: No textures found at path Things/Item/Fish/RM_Duul
Collection cannot init: No textures found at path Things/Item/Fish/RM_Ullo
Collection cannot init: No textures found at path Things/Item/Fish/RM_Ozhu
Collection cannot init: No textures found at path Things/Item/Fish/RM_Vobbal
Could not execute post-long-event action. Exception: System.NullReferenceException: Object reference not set to an instance of an object
[Ref A6099C6F]
  at Verse.RaceProperties.get_AnyPawnKind () [0x00019] in <61e4173561894da49d210260257b5097>:0 
  at Verse.ThingDef.ResolveIcon () [0x00042] in <61e4173561894da49d210260257b5097>:0 
  at Verse.BuildableDef.<PostLoad>b__78_0 () [0x00021] in <61e4173561894da49d210260257b5097>:0 
  at Verse.LongEventHandler.ExecuteToExecuteWhenFinished () [0x0007c] in <61e4173561894da49d210260257b5097>:0 
Could not execute post-long-event action. Exception: System.NullReferenceException: Object reference not set to an instance of an object
[Ref A6099C6F] Duplicate stacktrace, see ref for original
Could not execute post-long-event action. Exception: System.NullReferenceException: Object reference not set to an instance of an object
[Ref A6099C6F] Duplicate stacktrace, see ref for original
Could not execute post-long-event action. Exception: System.NullReferenceException: Object reference not set to an instance of an object
[Ref A6099C6F] Duplicate stacktrace, see ref for original
Could not execute post-long-event action. Exception: System.NullReferenceException: Object reference not set to an instance of an object
[Ref A6099C6F] Duplicate stacktrace, see ref for original
Could not execute post-long-event action. Exception: System.NullReferenceException: Object reference not set to an instance of an object
[Ref A6099C6F] Duplicate stacktrace, see ref for original
Could not execute post-long-event action. Exception: System.NullReferenceException: Object reference not set to an instance of an object
[Ref A6099C6F] Duplicate stacktrace, see ref for original
Could not execute post-long-event action. Exception: System.NullReferenceException: Object reference not set to an instance of an object
[Ref A6099C6F] Duplicate stacktrace, see ref for original
Could not execute post-long-event action. Exception: System.NullReferenceException: Object reference not set to an instance of an object
[Ref A6099C6F] Duplicate stacktrace, see ref for original
Could not execute post-long-event action. Exception: System.NullReferenceException: Object reference not set to an instance of an object
[Ref A6099C6F] Duplicate stacktrace, see ref for original
Could not execute post-long-event action. Exception: System.NullReferenceException: Object reference not set to an instance of an object
[Ref A6099C6F] Duplicate stacktrace, see ref for original
Could not execute post-long-event action. Exception: System.NullReferenceException: Object reference not set to an instance of an object
[Ref A6099C6F] Duplicate stacktrace, see ref for original
Could not execute post-long-event action. Exception: System.NullReferenceException: Object reference not set to an instance of an object
[Ref A6099C6F] Duplicate stacktrace, see ref for original
Could not execute post-long-event action. Exception: System.NullReferenceException: Object reference not set to an instance of an object
[Ref A6099C6F] Duplicate stacktrace, see ref for original
Could not execute post-long-event action. Exception: System.NullReferenceException: Object reference not set to an instance of an object
[Ref A6099C6F] Duplicate stacktrace, see ref for original
Could not execute post-long-event action. Exception: System.NullReferenceException: Object reference not set to an instance of an object
[Ref A6099C6F] Duplicate stacktrace, see ref for original
Could not execute post-long-event action. Exception: System.NullReferenceException: Object reference not set to an instance of an object
[Ref A6099C6F] Duplicate stacktrace, see ref for original
Could not execute post-long-event action. Exception: System.NullReferenceException: Object reference not set to an instance of an object
[Ref A6099C6F] Duplicate stacktrace, see ref for original
Could not execute post-long-event action. Exception: System.NullReferenceException: Object reference not set to an instance of an object
[Ref A6099C6F] Duplicate stacktrace, see ref for original
Could not execute post-long-event action. Exception: System.NullReferenceException: Object reference not set to an instance of an object
[Ref A6099C6F] Duplicate stacktrace, see ref for original
Could not execute post-long-event action. Exception: System.NullReferenceException: Object reference not set to an instance of an object
[Ref A6099C6F] Duplicate stacktrace, see ref for original
Could not execute post-long-event action. Exception: System.NullReferenceException: Object reference not set to an instance of an object
[Ref A6099C6F] Duplicate stacktrace, see ref for original
Could not execute post-long-event action. Exception: System.NullReferenceException: Object reference not set to an instance of an object
[Ref A6099C6F] Duplicate stacktrace, see ref for original
Could not execute post-long-event action. Exception: System.NullReferenceException: Object reference not set to an instance of an object
[Ref A6099C6F] Duplicate stacktrace, see ref for original
Collection cannot init: No textures found at path Things/Plant/DosimeterLawn
Collection cannot init: No textures found at path Things/Plant/VaultRoot
Collection cannot init: No textures found at path Things/Plant/RM_Scumgrass
Collection cannot init: No textures found at path Things/Plant/RM_TallScumgrass
Collection cannot init: No textures found at path Things/Plant/RM_Pusberry
Collection cannot init: No textures found at path Things/Plant/RM_Boilbulb
Collection cannot init: No textures found at path Things/Plant/RM_Wartshrub
Collection cannot init: No textures found at path Things/Plant/RM_Cinderfelt
Could not execute post-long-event action. Exception: System.NullReferenceException: Object reference not set to an instance of an object
[Ref A6099C6F] Duplicate stacktrace, see ref for original
Could not execute post-long-event action. Exception: System.NullReferenceException: Object reference not set to an instance of an object
[Ref A6099C6F] Duplicate stacktrace, see ref for original
Could not execute post-long-event action. Exception: System.NullReferenceException: Object reference not set to an instance of an object
[Ref A6099C6F] Duplicate stacktrace, see ref for original
Could not execute post-long-event action. Exception: System.NullReferenceException: Object reference not set to an instance of an object
[Ref A6099C6F] Duplicate stacktrace, see ref for original
Could not execute post-long-event action. Exception: System.NullReferenceException: Object reference not set to an instance of an object
[Ref A6099C6F] Duplicate stacktrace, see ref for original
Could not execute post-long-event action. Exception: System.NullReferenceException: Object reference not set to an instance of an object
[Ref A6099C6F] Duplicate stacktrace, see ref for original
Could not execute post-long-event action. Exception: System.NullReferenceException: Object reference not set to an instance of an object
[Ref A6099C6F] Duplicate stacktrace, see ref for original
Could not execute post-long-event action. Exception: System.NullReferenceException: Object reference not set to an instance of an object
[Ref A6099C6F] Duplicate stacktrace, see ref for original
Could not execute post-long-event action. Exception: System.NullReferenceException: Object reference not set to an instance of an object
[Ref A6099C6F] Duplicate stacktrace, see ref for original
Could not execute post-long-event action. Exception: System.NullReferenceException: Object reference not set to an instance of an object
[Ref A6099C6F] Duplicate stacktrace, see ref for original
Could not execute post-long-event action. Exception: System.NullReferenceException: Object reference not set to an instance of an object
[Ref A6099C6F] Duplicate stacktrace, see ref for original
Could not execute post-long-event action. Exception: System.NullReferenceException: Object reference not set to an instance of an object
[Ref A6099C6F] Duplicate stacktrace, see ref for original
Collection cannot init: No textures found at path Things/Item/RM_Etchant
Collection cannot init: No textures found at path Things/Item/RM_DielectricGel
Collection cannot init: No textures found at path Things/Item/RM_Etchant
Collection cannot init: No textures found at path Things/Item/RM_MedicalCoagulant
Collection cannot init: No textures found at path Things/Item/RM_BloomLiquor
Could not execute post-long-event action. Exception: System.NullReferenceException: Object reference not set to an instance of an object
[Ref A6099C6F] Duplicate stacktrace, see ref for original
Could not execute post-long-event action. Exception: System.NullReferenceException: Object reference not set to an instance of an object
[Ref A6099C6F] Duplicate stacktrace, see ref for original
Could not execute post-long-event action. Exception: System.NullReferenceException: Object reference not set to an instance of an object
[Ref A6099C6F] Duplicate stacktrace, see ref for original
Could not execute post-long-event action. Exception: System.NullReferenceException: Object reference not set to an instance of an object
[Ref A6099C6F] Duplicate stacktrace, see ref for original
Could not execute post-long-event action. Exception: System.NullReferenceException: Object reference not set to an instance of an object
[Ref A6099C6F] Duplicate stacktrace, see ref for original
Could not execute post-long-event action. Exception: System.NullReferenceException: Object reference not set to an instance of an object
[Ref A6099C6F] Duplicate stacktrace, see ref for original
Could not execute post-long-event action. Exception: System.NullReferenceException: Object reference not set to an instance of an object
[Ref A6099C6F] Duplicate stacktrace, see ref for original
Could not execute post-long-event action. Exception: System.NullReferenceException: Object reference not set to an instance of an object
[Ref A6099C6F] Duplicate stacktrace, see ref for original
Could not execute post-long-event action. Exception: System.NullReferenceException: Object reference not set to an instance of an object
[Ref A6099C6F] Duplicate stacktrace, see ref for original
Could not execute post-long-event action. Exception: System.NullReferenceException: Object reference not set to an instance of an object
[Ref A6099C6F] Duplicate stacktrace, see ref for original
Could not execute post-long-event action. Exception: System.NullReferenceException: Object reference not set to an instance of an object
[Ref A6099C6F] Duplicate stacktrace, see ref for original
Could not execute post-long-event action. Exception: System.NullReferenceException: Object reference not set to an instance of an object
[Ref A6099C6F] Duplicate stacktrace, see ref for original
Collection cannot init: No textures found at path Things/Item/Resource/RM_TarRuinedGoods/RM_TarRuinedGoods
Could not execute post-long-event action. Exception: System.NullReferenceException: Object reference not set to an instance of an object
[Ref A6099C6F] Duplicate stacktrace, see ref for original
Could not execute post-long-event action. Exception: System.NullReferenceException: Object reference not set to an instance of an object
[Ref A6099C6F] Duplicate stacktrace, see ref for original
Could not execute post-long-event action. Exception: System.NullReferenceException: Object reference not set to an instance of an object
[Ref A6099C6F] Duplicate stacktrace, see ref for original
Could not execute post-long-event action. Exception: System.NullReferenceException: Object reference not set to an instance of an object
[Ref A6099C6F] Duplicate stacktrace, see ref for original
Could not execute post-long-event action. Exception: System.NullReferenceException: Object reference not set to an instance of an object
[Ref A6099C6F] Duplicate stacktrace, see ref for original
Could not execute post-long-event action. Exception: System.NullReferenceException: Object reference not set to an instance of an object
[Ref A6099C6F] Duplicate stacktrace, see ref for original
Could not execute post-long-event action. Exception: System.NullReferenceException: Object reference not set to an instance of an object
[Ref A6099C6F] Duplicate stacktrace, see ref for original
Could not execute post-long-event action. Exception: System.NullReferenceException: Object reference not set to an instance of an object
[Ref A6099C6F] Duplicate stacktrace, see ref for original
Could not execute post-long-event action. Exception: System.NullReferenceException: Object reference not set to an instance of an object
[Ref A6099C6F] Duplicate stacktrace, see ref for original
Could not execute post-long-event action. Exception: System.NullReferenceException: Object reference not set to an instance of an object
[Ref A6099C6F] Duplicate stacktrace, see ref for original
Could not execute post-long-event action. Exception: System.NullReferenceException: Object reference not set to an instance of an object
[Ref A6099C6F] Duplicate stacktrace, see ref for original
Could not execute post-long-event action. Exception: System.NullReferenceException: Object reference not set to an instance of an object
[Ref A6099C6F] Duplicate stacktrace, see ref for original
Could not execute post-long-event action. Exception: System.NullReferenceException: Object reference not set to an instance of an object
[Ref A6099C6F] Duplicate stacktrace, see ref for original
Could not execute post-long-event action. Exception: System.NullReferenceException: Object reference not set to an instance of an object
[Ref A6099C6F] Duplicate stacktrace, see ref for original
Could not execute post-long-event action. Exception: System.NullReferenceException: Object reference not set to an instance of an object
[Ref A6099C6F] Duplicate stacktrace, see ref for original
Could not execute post-long-event action. Exception: System.NullReferenceException: Object reference not set to an instance of an object
[Ref A6099C6F] Duplicate stacktrace, see ref for original
Could not execute post-long-event action. Exception: System.NullReferenceException: Object reference not set to an instance of an object
[Ref A6099C6F] Duplicate stacktrace, see ref for original
Could not execute post-long-event action. Exception: System.NullReferenceException: Object reference not set to an instance of an object
[Ref A6099C6F] Duplicate stacktrace, see ref for original
Could not execute post-long-event action. Exception: System.NullReferenceException: Object reference not set to an instance of an object
[Ref A6099C6F] Duplicate stacktrace, see ref for original
Could not execute post-long-event action. Exception: System.NullReferenceException: Object reference not set to an instance of an object
[Ref A6099C6F] Duplicate stacktrace, see ref for original
Could not execute post-long-event action. Exception: System.NullReferenceException: Object reference not set to an instance of an object
[Ref A6099C6F] Duplicate stacktrace, see ref for original
Could not execute post-long-event action. Exception: System.NullReferenceException: Object reference not set to an instance of an object
[Ref A6099C6F] Duplicate stacktrace, see ref for original
Could not execute post-long-event action. Exception: System.NullReferenceException: Object reference not set to an instance of an object
[Ref A6099C6F] Duplicate stacktrace, see ref for original
Could not execute post-long-event action. Exception: System.NullReferenceException: Object reference not set to an instance of an object
[Ref A6099C6F] Duplicate stacktrace, see ref for original
Could not execute post-long-event action. Exception: System.NullReferenceException: Object reference not set to an instance of an object
[Ref A6099C6F] Duplicate stacktrace, see ref for original
Could not execute post-long-event action. Exception: System.NullReferenceException: Object reference not set to an instance of an object
[Ref A6099C6F] Duplicate stacktrace, see ref for original
Could not execute post-long-event action. Exception: System.NullReferenceException: Object reference not set to an instance of an object
[Ref A6099C6F] Duplicate stacktrace, see ref for original
Could not execute post-long-event action. Exception: System.NullReferenceException: Object reference not set to an instance of an object
[Ref A6099C6F] Duplicate stacktrace, see ref for original
Collection cannot init: No textures found at path Things/Item/Fish/RM_ShullaCatch
Could not load Texture2D at 'Things/Item/Resource/MeatFoodRaw/Meat_Small' for def 'RM_FessuCatch' in any active mod or in base resources.
MatFrom with null sourceTex.
Could not load Texture2D at 'Things/Item/Resource/MeatFoodRaw/Meat_Small' for def 'RM_OdduCatch' in any active mod or in base resources.
MatFrom with null sourceTex.
Could not load Texture2D at 'Things/Item/Resource/MeatFoodRaw/Meat_Small' for def 'RM_TarnnCatch' in any active mod or in base resources.
MatFrom with null sourceTex.
Collection cannot init: No textures found at path Things/Item/Fish/RM_EeshCatch
Collection cannot init: No textures found at path Things/Item/Fish/RM_MuddalCatch
Collection cannot init: No textures found at path Things/Item/Fish/RM_KarrashCatch
Collection cannot init: No textures found at path Things/Item/Fish/RM_Saal
Collection cannot init: No textures found at path Things/Item/Fish/RM_BladderboilCatch
Collection cannot init: No textures found at path Things/Item/Fish/RM_DossCatch
Collection cannot init: No textures found at path Things/Item/Fish/RM_ThuumCatch
Collection cannot init: No textures found at path Things/Item/Fish/RM_EkkelCatch
Collection cannot init: No textures found at path Things/Plant/SnakePlant/SnakePlantA
Collection cannot init: No textures found at path Things/Plant/PincushionPlant/PincushionPlantB
Collection cannot init: No textures found at path Things/Plant/Echeveria/EcheveriaA
Could not execute post-long-event action. Exception: System.NullReferenceException: Object reference not set to an instance of an object
[Ref A6099C6F] Duplicate stacktrace, see ref for original
Could not execute post-long-event action. Exception: System.NullReferenceException: Object reference not set to an instance of an object
[Ref A6099C6F] Duplicate stacktrace, see ref for original
Could not execute post-long-event action. Exception: System.NullReferenceException: Object reference not set to an instance of an object
[Ref A6099C6F] Duplicate stacktrace, see ref for original
Could not execute post-long-event action. Exception: System.NullReferenceException: Object reference not set to an instance of an object
[Ref A6099C6F] Duplicate stacktrace, see ref for original
Could not execute post-long-event action. Exception: System.NullReferenceException: Object reference not set to an instance of an object
[Ref A6099C6F] Duplicate stacktrace, see ref for original
Could not execute post-long-event action. Exception: System.NullReferenceException: Object reference not set to an instance of an object
[Ref A6099C6F] Duplicate stacktrace, see ref for original
Could not execute post-long-event action. Exception: System.NullReferenceException: Object reference not set to an instance of an object
[Ref A6099C6F] Duplicate stacktrace, see ref for original
Could not execute post-long-event action. Exception: System.NullReferenceException: Object reference not set to an instance of an object
[Ref A6099C6F] Duplicate stacktrace, see ref for original
Could not execute post-long-event action. Exception: System.NullReferenceException: Object reference not set to an instance of an object
[Ref A6099C6F] Duplicate stacktrace, see ref for original
Could not execute post-long-event action. Exception: System.NullReferenceException: Object reference not set to an instance of an object
[Ref A6099C6F] Duplicate stacktrace, see ref for original
Could not execute post-long-event action. Exception: System.NullReferenceException: Object reference not set to an instance of an object
[Ref A6099C6F] Duplicate stacktrace, see ref for original
Could not execute post-long-event action. Exception: System.NullReferenceException: Object reference not set to an instance of an object
[Ref A6099C6F] Duplicate stacktrace, see ref for original
Could not execute post-long-event action. Exception: System.NullReferenceException: Object reference not set to an instance of an object
[Ref A6099C6F] Duplicate stacktrace, see ref for original
Could not execute post-long-event action. Exception: System.NullReferenceException: Object reference not set to an instance of an object
[Ref A6099C6F] Duplicate stacktrace, see ref for original
Could not execute post-long-event action. Exception: System.NullReferenceException: Object reference not set to an instance of an object
[Ref A6099C6F] Duplicate stacktrace, see ref for original
Could not execute post-long-event action. Exception: System.NullReferenceException: Object reference not set to an instance of an object
[Ref A6099C6F] Duplicate stacktrace, see ref for original
Could not execute post-long-event action. Exception: System.NullReferenceException: Object reference not set to an instance of an object
[Ref A6099C6F] Duplicate stacktrace, see ref for original
Could not execute post-long-event action. Exception: System.NullReferenceException: Object reference not set to an instance of an object
[Ref A6099C6F] Duplicate stacktrace, see ref for original
Could not execute post-long-event action. Exception: System.NullReferenceException: Object reference not set to an instance of an object
[Ref A6099C6F] Duplicate stacktrace, see ref for original
Could not execute post-long-event action. Exception: System.NullReferenceException: Object reference not set to an instance of an object
[Ref A6099C6F] Duplicate stacktrace, see ref for original
Could not execute post-long-event action. Exception: System.NullReferenceException: Object reference not set to an instance of an object
[Ref A6099C6F] Duplicate stacktrace, see ref for original
Could not execute post-long-event action. Exception: System.NullReferenceException: Object reference not set to an instance of an object
[Ref A6099C6F] Duplicate stacktrace, see ref for original
Could not execute post-long-event action. Exception: System.NullReferenceException: Object reference not set to an instance of an object
[Ref A6099C6F] Duplicate stacktrace, see ref for original
Could not execute post-long-event action. Exception: System.NullReferenceException: Object reference not set to an instance of an object
[Ref A6099C6F] Duplicate stacktrace, see ref for original
Could not execute post-long-event action. Exception: System.NullReferenceException: Object reference not set to an instance of an object
[Ref A6099C6F] Duplicate stacktrace, see ref for original
Could not execute post-long-event action. Exception: System.NullReferenceException: Object reference not set to an instance of an object
[Ref A6099C6F] Duplicate stacktrace, see ref for original
Could not execute post-long-event action. Exception: System.NullReferenceException: Object reference not set to an instance of an object
[Ref A6099C6F] Duplicate stacktrace, see ref for original
Could not execute post-long-event action. Exception: System.NullReferenceException: Object reference not set to an instance of an object
[Ref A6099C6F] Duplicate stacktrace, see ref for original
Could not execute post-long-event action. Exception: System.NullReferenceException: Object reference not set to an instance of an object
[Ref A6099C6F] Duplicate stacktrace, see ref for original
Could not execute post-long-event action. Exception: System.NullReferenceException: Object reference not set to an instance of an object
[Ref A6099C6F] Duplicate stacktrace, see ref for original
Could not execute post-long-event action. Exception: System.NullReferenceException: Object reference not set to an instance of an object
[Ref A6099C6F] Duplicate stacktrace, see ref for original
Could not execute post-long-event action. Exception: System.NullReferenceException: Object reference not set to an instance of an object
[Ref A6099C6F] Duplicate stacktrace, see ref for original
Could not execute post-long-event action. Exception: System.NullReferenceException: Object reference not set to an instance of an object
[Ref A6099C6F] Duplicate stacktrace, see ref for original
Could not execute post-long-event action. Exception: System.NullReferenceException: Object reference not set to an instance of an object
[Ref A6099C6F] Duplicate stacktrace, see ref for original
Could not execute post-long-event action. Exception: System.NullReferenceException: Object reference not set to an instance of an object
[Ref A6099C6F] Duplicate stacktrace, see ref for original
Could not execute post-long-event action. Exception: System.NullReferenceException: Object reference not set to an instance of an object
[Ref A6099C6F] Duplicate stacktrace, see ref for original
Could not execute post-long-event action. Exception: System.NullReferenceException: Object reference not set to an instance of an object
[Ref A6099C6F] Duplicate stacktrace, see ref for original
Could not execute post-long-event action. Exception: System.NullReferenceException: Object reference not set to an instance of an object
[Ref A6099C6F] Duplicate stacktrace, see ref for original
Could not execute post-long-event action. Exception: System.NullReferenceException: Object reference not set to an instance of an object
[Ref A6099C6F] Duplicate stacktrace, see ref for original
Could not execute post-long-event action. Exception: System.NullReferenceException: Object reference not set to an instance of an object
[Ref A6099C6F] Duplicate stacktrace, see ref for original
Could not execute post-long-event action. Exception: System.NullReferenceException: Object reference not set to an instance of an object
[Ref A6099C6F] Duplicate stacktrace, see ref for original
Could not execute post-long-event action. Exception: System.NullReferenceException: Object reference not set to an instance of an object
[Ref A6099C6F] Duplicate stacktrace, see ref for original
Could not execute post-long-event action. Exception: System.NullReferenceException: Object reference not set to an instance of an object
[Ref A6099C6F] Duplicate stacktrace, see ref for original
Could not execute post-long-event action. Exception: System.NullReferenceException: Object reference not set to an instance of an object
[Ref A6099C6F] Duplicate stacktrace, see ref for original
Could not execute post-long-event action. Exception: System.NullReferenceException: Object reference not set to an instance of an object
[Ref A6099C6F] Duplicate stacktrace, see ref for original
Could not execute post-long-event action. Exception: System.NullReferenceException: Object reference not set to an instance of an object
[Ref A6099C6F] Duplicate stacktrace, see ref for original
Could not execute post-long-event action. Exception: System.NullReferenceException: Object reference not set to an instance of an object
[Ref A6099C6F] Duplicate stacktrace, see ref for original
Could not execute post-long-event action. Exception: System.NullReferenceException: Object reference not set to an instance of an object
[Ref A6099C6F] Duplicate stacktrace, see ref for original
Could not execute post-long-event action. Exception: System.NullReferenceException: Object reference not set to an instance of an object
[Ref A6099C6F] Duplicate stacktrace, see ref for original
Could not execute post-long-event action. Exception: System.NullReferenceException: Object reference not set to an instance of an object
[Ref A6099C6F] Duplicate stacktrace, see ref for original
Could not execute post-long-event action. Exception: System.NullReferenceException: Object reference not set to an instance of an object
[Ref A6099C6F] Duplicate stacktrace, see ref for original
Could not execute post-long-event action. Exception: System.NullReferenceException: Object reference not set to an instance of an object
[Ref A6099C6F] Duplicate stacktrace, see ref for original
Could not execute post-long-event action. Exception: System.NullReferenceException: Object reference not set to an instance of an object
[Ref A6099C6F] Duplicate stacktrace, see ref for original
Could not execute post-long-event action. Exception: System.NullReferenceException: Object reference not set to an instance of an object
[Ref A6099C6F] Duplicate stacktrace, see ref for original
Could not execute post-long-event action. Exception: System.NullReferenceException: Object reference not set to an instance of an object
[Ref A6099C6F] Duplicate stacktrace, see ref for original
Could not execute post-long-event action. Exception: System.NullReferenceException: Object reference not set to an instance of an object
[Ref A6099C6F] Duplicate stacktrace, see ref for original
Could not execute post-long-event action. Exception: System.NullReferenceException: Object reference not set to an instance of an object
[Ref A6099C6F] Duplicate stacktrace, see ref for original
Could not execute post-long-event action. Exception: System.NullReferenceException: Object reference not set to an instance of an object
[Ref A6099C6F] Duplicate stacktrace, see ref for original
Could not execute post-long-event action. Exception: System.NullReferenceException: Object reference not set to an instance of an object
[Ref A6099C6F] Duplicate stacktrace, see ref for original
Could not execute post-long-event action. Exception: System.NullReferenceException: Object reference not set to an instance of an object
[Ref A6099C6F] Duplicate stacktrace, see ref for original
Could not execute post-long-event action. Exception: System.NullReferenceException: Object reference not set to an instance of an object
[Ref A6099C6F] Duplicate stacktrace, see ref for original
Could not execute post-long-event action. Exception: System.NullReferenceException: Object reference not set to an instance of an object
[Ref A6099C6F] Duplicate stacktrace, see ref for original
Could not execute post-long-event action. Exception: System.NullReferenceException: Object reference not set to an instance of an object
[Ref A6099C6F] Duplicate stacktrace, see ref for original
Could not execute post-long-event action. Exception: System.NullReferenceException: Object reference not set to an instance of an object
[Ref A6099C6F] Duplicate stacktrace, see ref for original
Could not execute post-long-event action. Exception: System.NullReferenceException: Object reference not set to an instance of an object
[Ref A6099C6F] Duplicate stacktrace, see ref for original
Could not execute post-long-event action. Exception: System.NullReferenceException: Object reference not set to an instance of an object
[Ref A6099C6F] Duplicate stacktrace, see ref for original
Could not execute post-long-event action. Exception: System.NullReferenceException: Object reference not set to an instance of an object
[Ref A6099C6F] Duplicate stacktrace, see ref for original
Could not execute post-long-event action. Exception: System.NullReferenceException: Object reference not set to an instance of an object
[Ref A6099C6F] Duplicate stacktrace, see ref for original
Could not execute post-long-event action. Exception: System.NullReferenceException: Object reference not set to an instance of an object
[Ref A6099C6F] Duplicate stacktrace, see ref for original
Could not execute post-long-event action. Exception: System.NullReferenceException: Object reference not set to an instance of an object
[Ref A6099C6F] Duplicate stacktrace, see ref for original
Could not execute post-long-event action. Exception: System.NullReferenceException: Object reference not set to an instance of an object
[Ref A6099C6F] Duplicate stacktrace, see ref for original
Collection cannot init: No textures found at path Things/Building/GiantSkeleton/RM_OommokSkeleton
Collection cannot init: No textures found at path Things/Building/GiantSkeleton/RM_MuurrokSkeleton
Collection cannot init: No textures found at path Things/Building/GiantSkeleton/RM_GuzzkaSkeleton
Collection cannot init: No textures found at path Things/Building/GiantSkeleton/RM_VozzikSkeleton
Could not execute post-long-event action. Exception: System.NullReferenceException: Object reference not set to an instance of an object
[Ref A6099C6F] Duplicate stacktrace, see ref for original
Could not execute post-long-event action. Exception: System.NullReferenceException: Object reference not set to an instance of an object
[Ref A6099C6F] Duplicate stacktrace, see ref for original
Could not execute post-long-event action. Exception: System.NullReferenceException: Object reference not set to an instance of an object
[Ref A6099C6F] Duplicate stacktrace, see ref for original
Could not execute post-long-event action. Exception: System.NullReferenceException: Object reference not set to an instance of an object
[Ref A6099C6F] Duplicate stacktrace, see ref for original
Could not execute post-long-event action. Exception: System.NullReferenceException: Object reference not set to an instance of an object
[Ref A6099C6F] Duplicate stacktrace, see ref for original
Could not execute post-long-event action. Exception: System.NullReferenceException: Object reference not set to an instance of an object
[Ref A6099C6F] Duplicate stacktrace, see ref for original
Could not execute post-long-event action. Exception: System.NullReferenceException: Object reference not set to an instance of an object
[Ref A6099C6F] Duplicate stacktrace, see ref for original
Could not execute post-long-event action. Exception: System.NullReferenceException: Object reference not set to an instance of an object
[Ref A6099C6F] Duplicate stacktrace, see ref for original
Could not execute post-long-event action. Exception: System.NullReferenceException: Object reference not set to an instance of an object
[Ref A6099C6F] Duplicate stacktrace, see ref for original
Could not execute post-long-event action. Exception: System.NullReferenceException: Object reference not set to an instance of an object
[Ref A6099C6F] Duplicate stacktrace, see ref for original
Could not execute post-long-event action. Exception: System.NullReferenceException: Object reference not set to an instance of an object
[Ref A6099C6F] Duplicate stacktrace, see ref for original
Could not execute post-long-event action. Exception: System.NullReferenceException: Object reference not set to an instance of an object
[Ref A6099C6F] Duplicate stacktrace, see ref for original
Could not execute post-long-event action. Exception: System.NullReferenceException: Object reference not set to an instance of an object
[Ref A6099C6F] Duplicate stacktrace, see ref for original
Could not execute post-long-event action. Exception: System.NullReferenceException: Object reference not set to an instance of an object
[Ref A6099C6F] Duplicate stacktrace, see ref for original
Could not execute post-long-event action. Exception: System.NullReferenceException: Object reference not set to an instance of an object
[Ref A6099C6F] Duplicate stacktrace, see ref for original
Could not execute post-long-event action. Exception: System.NullReferenceException: Object reference not set to an instance of an object
[Ref A6099C6F] Duplicate stacktrace, see ref for original
Could not execute post-long-event action. Exception: System.NullReferenceException: Object reference not set to an instance of an object
[Ref A6099C6F] Duplicate stacktrace, see ref for original
Could not execute post-long-event action. Exception: System.NullReferenceException: Object reference not set to an instance of an object
[Ref A6099C6F] Duplicate stacktrace, see ref for original
Could not execute post-long-event action. Exception: System.NullReferenceException: Object reference not set to an instance of an object
[Ref A6099C6F] Duplicate stacktrace, see ref for original
Could not execute post-long-event action. Exception: System.NullReferenceException: Object reference not set to an instance of an object
[Ref A6099C6F] Duplicate stacktrace, see ref for original
Could not execute post-long-event action. Exception: System.NullReferenceException: Object reference not set to an instance of an object
[Ref A6099C6F] Duplicate stacktrace, see ref for original
Collection cannot init: No textures found at path Things/Item/Fish/RM_CoolantEelCatch
Could not execute post-long-event action. Exception: System.NullReferenceException: Object reference not set to an instance of an object
[Ref A6099C6F] Duplicate stacktrace, see ref for original
Could not execute post-long-event action. Exception: System.NullReferenceException: Object reference not set to an instance of an object
[Ref A6099C6F] Duplicate stacktrace, see ref for original
Could not execute post-long-event action. Exception: System.NullReferenceException: Object reference not set to an instance of an object
[Ref A6099C6F] Duplicate stacktrace, see ref for original
Could not execute post-long-event action. Exception: System.NullReferenceException: Object reference not set to an instance of an object
[Ref A6099C6F] Duplicate stacktrace, see ref for original
Could not execute post-long-event action. Exception: System.NullReferenceException: Object reference not set to an instance of an object
[Ref A6099C6F] Duplicate stacktrace, see ref for original
Could not execute post-long-event action. Exception: System.NullReferenceException: Object reference not set to an instance of an object
[Ref A6099C6F] Duplicate stacktrace, see ref for original
Could not execute post-long-event action. Exception: System.NullReferenceException: Object reference not set to an instance of an object
[Ref A6099C6F] Duplicate stacktrace, see ref for original
Could not execute post-long-event action. Exception: System.NullReferenceException: Object reference not set to an instance of an object
[Ref A6099C6F] Duplicate stacktrace, see ref for original
Could not execute post-long-event action. Exception: System.NullReferenceException: Object reference not set to an instance of an object
[Ref A6099C6F] Duplicate stacktrace, see ref for original
Could not execute post-long-event action. Exception: System.NullReferenceException: Object reference not set to an instance of an object
[Ref A6099C6F] Duplicate stacktrace, see ref for original
Could not execute post-long-event action. Exception: System.NullReferenceException: Object reference not set to an instance of an object
[Ref A6099C6F] Duplicate stacktrace, see ref for original
Could not execute post-long-event action. Exception: System.NullReferenceException: Object reference not set to an instance of an object
[Ref A6099C6F] Duplicate stacktrace, see ref for original
Could not execute post-long-event action. Exception: System.NullReferenceException: Object reference not set to an instance of an object
[Ref A6099C6F] Duplicate stacktrace, see ref for original
Could not execute post-long-event action. Exception: System.NullReferenceException: Object reference not set to an instance of an object
[Ref A6099C6F] Duplicate stacktrace, see ref for original
Could not execute post-long-event action. Exception: System.NullReferenceException: Object reference not set to an instance of an object
[Ref A6099C6F] Duplicate stacktrace, see ref for original
Collection cannot init: No textures found at path Things/Plant/RM_Braskeen/RM_Braskeen
Collection cannot init: No textures found at path Things/Plant/RM_Ismerrow/RM_Ismerrow
Could not execute post-long-event action. Exception: System.NullReferenceException: Object reference not set to an instance of an object
[Ref A6099C6F] Duplicate stacktrace, see ref for original
Could not execute post-long-event action. Exception: System.NullReferenceException: Object reference not set to an instance of an object
[Ref A6099C6F] Duplicate stacktrace, see ref for original
Could not execute post-long-event action. Exception: System.NullReferenceException: Object reference not set to an instance of an object
[Ref A6099C6F] Duplicate stacktrace, see ref for original
Could not execute post-long-event action. Exception: System.NullReferenceException: Object reference not set to an instance of an object
[Ref A6099C6F] Duplicate stacktrace, see ref for original
Could not execute post-long-event action. Exception: System.NullReferenceException: Object reference not set to an instance of an object
[Ref A6099C6F] Duplicate stacktrace, see ref for original
Could not execute post-long-event action. Exception: System.NullReferenceException: Object reference not set to an instance of an object
[Ref A6099C6F] Duplicate stacktrace, see ref for original
Could not execute post-long-event action. Exception: System.NullReferenceException: Object reference not set to an instance of an object
[Ref A6099C6F] Duplicate stacktrace, see ref for original
Could not execute post-long-event action. Exception: System.NullReferenceException: Object reference not set to an instance of an object
[Ref A6099C6F] Duplicate stacktrace, see ref for original
Collection cannot init: No textures found at path Things/Item/Plant/RM_UltracactusPad
Collection cannot init: No textures found at path Things/Item/Meal/RM_VorrelSeedDish
Could not execute post-long-event action. Exception: System.NullReferenceException: Object reference not set to an instance of an object
[Ref A6099C6F] Duplicate stacktrace, see ref for original
Could not execute post-long-event action. Exception: System.NullReferenceException: Object reference not set to an instance of an object
[Ref A6099C6F] Duplicate stacktrace, see ref for original
Could not execute post-long-event action. Exception: System.NullReferenceException: Object reference not set to an instance of an object
[Ref A6099C6F] Duplicate stacktrace, see ref for original
Could not execute post-long-event action. Exception: System.NullReferenceException: Object reference not set to an instance of an object
[Ref A6099C6F] Duplicate stacktrace, see ref for original
Could not execute post-long-event action. Exception: System.NullReferenceException: Object reference not set to an instance of an object
[Ref A6099C6F] Duplicate stacktrace, see ref for original
Could not execute post-long-event action. Exception: System.NullReferenceException: Object reference not set to an instance of an object
[Ref A6099C6F] Duplicate stacktrace, see ref for original
Could not execute post-long-event action. Exception: System.NullReferenceException: Object reference not set to an instance of an object
[Ref A6099C6F] Duplicate stacktrace, see ref for original
Could not execute post-long-event action. Exception: System.NullReferenceException: Object reference not set to an instance of an object
[Ref A6099C6F] Duplicate stacktrace, see ref for original
Could not execute post-long-event action. Exception: System.NullReferenceException: Object reference not set to an instance of an object
[Ref A6099C6F] Duplicate stacktrace, see ref for original
Could not execute post-long-event action. Exception: System.NullReferenceException: Object reference not set to an instance of an object
[Ref A6099C6F] Duplicate stacktrace, see ref for original
Could not execute post-long-event action. Exception: System.NullReferenceException: Object reference not set to an instance of an object
[Ref A6099C6F] Duplicate stacktrace, see ref for original
Could not execute post-long-event action. Exception: System.NullReferenceException: Object reference not set to an instance of an object
[Ref A6099C6F] Duplicate stacktrace, see ref for original
Could not execute post-long-event action. Exception: System.NullReferenceException: Object reference not set to an instance of an object
[Ref A6099C6F] Duplicate stacktrace, see ref for original
Could not execute post-long-event action. Exception: System.NullReferenceException: Object reference not set to an instance of an object
[Ref A6099C6F] Duplicate stacktrace, see ref for original
Could not execute post-long-event action. Exception: System.NullReferenceException: Object reference not set to an instance of an object
[Ref A6099C6F] Duplicate stacktrace, see ref for original
Could not execute post-long-event action. Exception: System.NullReferenceException: Object reference not set to an instance of an object
[Ref A6099C6F] Duplicate stacktrace, see ref for original
Could not execute post-long-event action. Exception: System.NullReferenceException: Object reference not set to an instance of an object
[Ref A6099C6F] Duplicate stacktrace, see ref for original
Could not execute post-long-event action. Exception: System.NullReferenceException: Object reference not set to an instance of an object
[Ref A6099C6F] Duplicate stacktrace, see ref for original
Could not execute post-long-event action. Exception: System.NullReferenceException: Object reference not set to an instance of an object
[Ref A6099C6F] Duplicate stacktrace, see ref for original
Could not execute post-long-event action. Exception: System.NullReferenceException: Object reference not set to an instance of an object
[Ref A6099C6F] Duplicate stacktrace, see ref for original
Could not execute post-long-event action. Exception: System.NullReferenceException: Object reference not set to an instance of an object
[Ref A6099C6F] Duplicate stacktrace, see ref for original
Could not load Texture2D at 'Things/Item/Resource/RM_SweetlineToken' for def 'RM_SweetlineToken' in any active mod or in base resources.
MatFrom with null sourceTex.
Could not execute post-long-event action. Exception: System.NullReferenceException: Object reference not set to an instance of an object
[Ref A6099C6F] Duplicate stacktrace, see ref for original
Could not execute post-long-event action. Exception: System.NullReferenceException: Object reference not set to an instance of an object
[Ref A6099C6F] Duplicate stacktrace, see ref for original
Could not execute post-long-event action. Exception: System.NullReferenceException: Object reference not set to an instance of an object
[Ref A6099C6F] Duplicate stacktrace, see ref for original
Could not execute post-long-event action. Exception: System.NullReferenceException: Object reference not set to an instance of an object
[Ref A6099C6F] Duplicate stacktrace, see ref for original
Could not execute post-long-event action. Exception: System.NullReferenceException: Object reference not set to an instance of an object
[Ref A6099C6F] Duplicate stacktrace, see ref for original
Could not execute post-long-event action. Exception: System.NullReferenceException: Object reference not set to an instance of an object
[Ref A6099C6F] Duplicate stacktrace, see ref for original
Could not execute post-long-event action. Exception: System.NullReferenceException: Object reference not set to an instance of an object
[Ref A6099C6F] Duplicate stacktrace, see ref for original
Could not execute post-long-event action. Exception: System.NullReferenceException: Object reference not set to an instance of an object
[Ref A6099C6F] Duplicate stacktrace, see ref for original
Could not execute post-long-event action. Exception: System.NullReferenceException: Object reference not set to an instance of an object
[Ref A6099C6F] Duplicate stacktrace, see ref for original
Could not execute post-long-event action. Exception: System.NullReferenceException: Object reference not set to an instance of an object
[Ref A6099C6F] Duplicate stacktrace, see ref for original
Could not execute post-long-event action. Exception: System.NullReferenceException: Object reference not set to an instance of an object
[Ref A6099C6F] Duplicate stacktrace, see ref for original
Could not execute post-long-event action. Exception: System.NullReferenceException: Object reference not set to an instance of an object
[Ref A6099C6F] Duplicate stacktrace, see ref for original
Could not execute post-long-event action. Exception: System.NullReferenceException: Object reference not set to an instance of an object
[Ref A6099C6F] Duplicate stacktrace, see ref for original
Could not execute post-long-event action. Exception: System.NullReferenceException: Object reference not set to an instance of an object
[Ref A6099C6F] Duplicate stacktrace, see ref for original
Could not execute post-long-event action. Exception: System.NullReferenceException: Object reference not set to an instance of an object
[Ref A6099C6F] Duplicate stacktrace, see ref for original
Could not execute post-long-event action. Exception: System.NullReferenceException: Object reference not set to an instance of an object
[Ref A6099C6F] Duplicate stacktrace, see ref for original
Could not execute post-long-event action. Exception: System.NullReferenceException: Object reference not set to an instance of an object
[Ref A6099C6F] Duplicate stacktrace, see ref for original
Could not execute post-long-event action. Exception: System.NullReferenceException: Object reference not set to an instance of an object
[Ref A6099C6F] Duplicate stacktrace, see ref for original
Could not execute post-long-event action. Exception: System.NullReferenceException: Object reference not set to an instance of an object
[Ref A6099C6F] Duplicate stacktrace, see ref for original
Could not execute post-long-event action. Exception: System.NullReferenceException: Object reference not set to an instance of an object
[Ref A6099C6F] Duplicate stacktrace, see ref for original
Could not execute post-long-event action. Exception: System.NullReferenceException: Object reference not set to an instance of an object
[Ref A6099C6F] Duplicate stacktrace, see ref for original
Could not execute post-long-event action. Exception: System.NullReferenceException: Object reference not set to an instance of an object
[Ref A6099C6F] Duplicate stacktrace, see ref for original
Could not execute post-long-event action. Exception: System.NullReferenceException: Object reference not set to an instance of an object
[Ref A6099C6F] Duplicate stacktrace, see ref for original
Could not execute post-long-event action. Exception: System.NullReferenceException: Object reference not set to an instance of an object
[Ref A6099C6F] Duplicate stacktrace, see ref for original
Could not execute post-long-event action. Exception: System.NullReferenceException: Object reference not set to an instance of an object
[Ref A6099C6F] Duplicate stacktrace, see ref for original
Could not execute post-long-event action. Exception: System.NullReferenceException: Object reference not set to an instance of an object
[Ref A6099C6F] Duplicate stacktrace, see ref for original
Could not execute post-long-event action. Exception: System.NullReferenceException: Object reference not set to an instance of an object
[Ref A6099C6F] Duplicate stacktrace, see ref for original
Could not execute post-long-event action. Exception: System.NullReferenceException: Object reference not set to an instance of an object
[Ref A6099C6F] Duplicate stacktrace, see ref for original
Could not execute post-long-event action. Exception: System.NullReferenceException: Object reference not set to an instance of an object
[Ref A6099C6F] Duplicate stacktrace, see ref for original
Could not execute post-long-event action. Exception: System.NullReferenceException: Object reference not set to an instance of an object
[Ref A6099C6F] Duplicate stacktrace, see ref for original
Could not execute post-long-event action. Exception: System.NullReferenceException: Object reference not set to an instance of an object
[Ref A6099C6F] Duplicate stacktrace, see ref for original
Could not execute post-long-event action. Exception: System.NullReferenceException: Object reference not set to an instance of an object
[Ref A6099C6F] Duplicate stacktrace, see ref for original
Could not execute post-long-event action. Exception: System.NullReferenceException: Object reference not set to an instance of an object
[Ref A6099C6F] Duplicate stacktrace, see ref for original
Collection cannot init: No textures found at path Things/Item/Resource/RM_FE_ScorchFruit
Collection cannot init: No textures found at path Things/Item/Resource/Leather/Leather_Plain
Collection cannot init: No textures found at path Things/Item/Resource/Leather/Leather_Plain
Collection cannot init: No textures found at path Things/Plant/RM_Brakkel/RM_Brakkel_a
Collection cannot init: No textures found at path Things/Plant/RM_Maddrick/RM_Maddrick_a
Collection cannot init: No textures found at path Things/Plant/RM_Illurin/RM_Illurin_a
Could not load Texture2D at 'Things/Item/Plant/RM_YearningFruitHarvested' for def 'RM_YearningFruitHarvested' in any active mod or in base resources.
MatFrom with null sourceTex.
Could not execute post-long-event action. Exception: System.NullReferenceException: Object reference not set to an instance of an object
[Ref A6099C6F] Duplicate stacktrace, see ref for original
Could not execute post-long-event action. Exception: System.NullReferenceException: Object reference not set to an instance of an object
[Ref A6099C6F] Duplicate stacktrace, see ref for original
Collection cannot init: No textures found at path Things/Item/Resource/Leather/Leather_Plain
Could not execute post-long-event action. Exception: System.NullReferenceException: Object reference not set to an instance of an object
[Ref A6099C6F] Duplicate stacktrace, see ref for original
Could not execute post-long-event action. Exception: System.NullReferenceException: Object reference not set to an instance of an object
[Ref A6099C6F] Duplicate stacktrace, see ref for original
Could not execute post-long-event action. Exception: System.NullReferenceException: Object reference not set to an instance of an object
[Ref A6099C6F] Duplicate stacktrace, see ref for original
Could not execute post-long-event action. Exception: System.NullReferenceException: Object reference not set to an instance of an object
[Ref A6099C6F] Duplicate stacktrace, see ref for original
Could not execute post-long-event action. Exception: System.NullReferenceException: Object reference not set to an instance of an object
[Ref A6099C6F] Duplicate stacktrace, see ref for original
Could not execute post-long-event action. Exception: System.NullReferenceException: Object reference not set to an instance of an object
[Ref A6099C6F] Duplicate stacktrace, see ref for original
Could not execute post-long-event action. Exception: System.NullReferenceException: Object reference not set to an instance of an object
[Ref A6099C6F] Duplicate stacktrace, see ref for original
Could not execute post-long-event action. Exception: System.NullReferenceException: Object reference not set to an instance of an object
[Ref A6099C6F] Duplicate stacktrace, see ref for original
Could not execute post-long-event action. Exception: System.NullReferenceException: Object reference not set to an instance of an object
[Ref A6099C6F] Duplicate stacktrace, see ref for original
Could not execute post-long-event action. Exception: System.NullReferenceException: Object reference not set to an instance of an object
[Ref A6099C6F] Duplicate stacktrace, see ref for original
Could not execute post-long-event action. Exception: System.NullReferenceException: Object reference not set to an instance of an object
[Ref A6099C6F] Duplicate stacktrace, see ref for original
Could not execute post-long-event action. Exception: System.NullReferenceException: Object reference not set to an instance of an object
[Ref A6099C6F] Duplicate stacktrace, see ref for original
Could not execute post-long-event action. Exception: System.NullReferenceException: Object reference not set to an instance of an object
[Ref A6099C6F] Duplicate stacktrace, see ref for original
Could not execute post-long-event action. Exception: System.NullReferenceException: Object reference not set to an instance of an object
[Ref A6099C6F] Duplicate stacktrace, see ref for original
Could not execute post-long-event action. Exception: System.NullReferenceException: Object reference not set to an instance of an object
[Ref A6099C6F] Duplicate stacktrace, see ref for original
Could not execute post-long-event action. Exception: System.NullReferenceException: Object reference not set to an instance of an object
[Ref A6099C6F] Duplicate stacktrace, see ref for original
Collection cannot init: No textures found at path Things/Item/Resource/RM_FossilImpression/RM_FossilImpression
Collection cannot init: No textures found at path Things/Item/Resource/RM_FossilSkeleton/RM_FossilSkeleton
Could not execute post-long-event action. Exception: System.NullReferenceException: Object reference not set to an instance of an object
[Ref A6099C6F] Duplicate stacktrace, see ref for original
Could not execute post-long-event action. Exception: System.NullReferenceException: Object reference not set to an instance of an object
[Ref A6099C6F] Duplicate stacktrace, see ref for original
Could not execute post-long-event action. Exception: System.NullReferenceException: Object reference not set to an instance of an object
[Ref A6099C6F] Duplicate stacktrace, see ref for original
Could not execute post-long-event action. Exception: System.NullReferenceException: Object reference not set to an instance of an object
[Ref A6099C6F] Duplicate stacktrace, see ref for original
Collection cannot init: No textures found at path Things/Item/Resource/RM_RadioactiveSuppressant/RM_RadioactiveSuppressant
Collection cannot init: No textures found at path Things/Item/Resource/RM_ThornbugNectar/RM_ThornbugNectar
Collection cannot init: No textures found at path Things/Item/Resource/RM_VaulmLacquer/RM_VaulmLacquer
Collection cannot init: No textures found at path Things/Item/Resource/RM_DrommathSap/RM_DrommathSap
Collection cannot init: No textures found at path Things/Item/Resource/RM_DrommathBurstSap/RM_DrommathBurstSap
Collection cannot init: No textures found at path Things/Item/Resource/RM_SekkulaathSpleenChemicals/RM_SekkulaathSpleenChemicals
Collection cannot init: No textures found at path Things/Item/Resource/RM_SekkulaathCream/RM_SekkulaathCream
Could not execute post-long-event action. Exception: System.NullReferenceException: Object reference not set to an instance of an object
[Ref A6099C6F] Duplicate stacktrace, see ref for original
Could not execute post-long-event action. Exception: System.NullReferenceException: Object reference not set to an instance of an object
[Ref A6099C6F] Duplicate stacktrace, see ref for original
Could not execute post-long-event action. Exception: System.NullReferenceException: Object reference not set to an instance of an object
[Ref A6099C6F] Duplicate stacktrace, see ref for original
Could not execute post-long-event action. Exception: System.NullReferenceException: Object reference not set to an instance of an object
[Ref A6099C6F] Duplicate stacktrace, see ref for original
Could not execute post-long-event action. Exception: System.NullReferenceException: Object reference not set to an instance of an object
[Ref A6099C6F] Duplicate stacktrace, see ref for original
Could not execute post-long-event action. Exception: System.NullReferenceException: Object reference not set to an instance of an object
[Ref A6099C6F] Duplicate stacktrace, see ref for original
Could not execute post-long-event action. Exception: System.NullReferenceException: Object reference not set to an instance of an object
[Ref A6099C6F] Duplicate stacktrace, see ref for original
Could not execute post-long-event action. Exception: System.NullReferenceException: Object reference not set to an instance of an object
[Ref A6099C6F] Duplicate stacktrace, see ref for original
Could not execute post-long-event action. Exception: System.NullReferenceException: Object reference not set to an instance of an object
[Ref A6099C6F] Duplicate stacktrace, see ref for original
Could not execute post-long-event action. Exception: System.NullReferenceException: Object reference not set to an instance of an object
[Ref A6099C6F] Duplicate stacktrace, see ref for original
Could not execute post-long-event action. Exception: System.NullReferenceException: Object reference not set to an instance of an object
[Ref A6099C6F] Duplicate stacktrace, see ref for original
Could not execute post-long-event action. Exception: System.NullReferenceException: Object reference not set to an instance of an object
[Ref A6099C6F] Duplicate stacktrace, see ref for original
Could not execute post-long-event action. Exception: System.NullReferenceException: Object reference not set to an instance of an object
[Ref A6099C6F] Duplicate stacktrace, see ref for original
Could not execute post-long-event action. Exception: System.NullReferenceException: Object reference not set to an instance of an object
[Ref A6099C6F] Duplicate stacktrace, see ref for original
Could not execute post-long-event action. Exception: System.NullReferenceException: Object reference not set to an instance of an object
[Ref A6099C6F] Duplicate stacktrace, see ref for original
Could not execute post-long-event action. Exception: System.NullReferenceException: Object reference not set to an instance of an object
[Ref A6099C6F] Duplicate stacktrace, see ref for original
Could not execute post-long-event action. Exception: System.NullReferenceException: Object reference not set to an instance of an object
[Ref A6099C6F] Duplicate stacktrace, see ref for original
Could not execute post-long-event action. Exception: System.NullReferenceException: Object reference not set to an instance of an object
[Ref A6099C6F] Duplicate stacktrace, see ref for original
Could not execute post-long-event action. Exception: System.NullReferenceException: Object reference not set to an instance of an object
[Ref A6099C6F] Duplicate stacktrace, see ref for original
Could not execute post-long-event action. Exception: System.NullReferenceException: Object reference not set to an instance of an object
[Ref A6099C6F] Duplicate stacktrace, see ref for original
Could not execute post-long-event action. Exception: System.NullReferenceException: Object reference not set to an instance of an object
[Ref A6099C6F] Duplicate stacktrace, see ref for original
Could not execute post-long-event action. Exception: System.NullReferenceException: Object reference not set to an instance of an object
[Ref A6099C6F] Duplicate stacktrace, see ref for original
Could not execute post-long-event action. Exception: System.NullReferenceException: Object reference not set to an instance of an object
[Ref A6099C6F] Duplicate stacktrace, see ref for original
Could not execute post-long-event action. Exception: System.NullReferenceException: Object reference not set to an instance of an object
[Ref A6099C6F] Duplicate stacktrace, see ref for original
Could not execute post-long-event action. Exception: System.NullReferenceException: Object reference not set to an instance of an object
[Ref A6099C6F] Duplicate stacktrace, see ref for original
Could not execute post-long-event action. Exception: System.NullReferenceException: Object reference not set to an instance of an object
[Ref A6099C6F] Duplicate stacktrace, see ref for original
Could not execute post-long-event action. Exception: System.NullReferenceException: Object reference not set to an instance of an object
[Ref A6099C6F] Duplicate stacktrace, see ref for original
Could not execute post-long-event action. Exception: System.NullReferenceException: Object reference not set to an instance of an object
[Ref A6099C6F] Duplicate stacktrace, see ref for original
Could not execute post-long-event action. Exception: System.NullReferenceException: Object reference not set to an instance of an object
[Ref A6099C6F] Duplicate stacktrace, see ref for original
Could not execute post-long-event action. Exception: System.NullReferenceException: Object reference not set to an instance of an object
[Ref A6099C6F] Duplicate stacktrace, see ref for original
Could not execute post-long-event action. Exception: System.NullReferenceException: Object reference not set to an instance of an object
[Ref A6099C6F] Duplicate stacktrace, see ref for original
Could not execute post-long-event action. Exception: System.NullReferenceException: Object reference not set to an instance of an object
[Ref A6099C6F] Duplicate stacktrace, see ref for original
Could not execute post-long-event action. Exception: System.NullReferenceException: Object reference not set to an instance of an object
[Ref A6099C6F] Duplicate stacktrace, see ref for original
Could not execute post-long-event action. Exception: System.NullReferenceException: Object reference not set to an instance of an object
[Ref A6099C6F] Duplicate stacktrace, see ref for original
Could not execute post-long-event action. Exception: System.NullReferenceException: Object reference not set to an instance of an object
[Ref A6099C6F] Duplicate stacktrace, see ref for original
Could not execute post-long-event action. Exception: System.NullReferenceException: Object reference not set to an instance of an object
[Ref A6099C6F] Duplicate stacktrace, see ref for original
Could not execute post-long-event action. Exception: System.NullReferenceException: Object reference not set to an instance of an object
[Ref A6099C6F] Duplicate stacktrace, see ref for original
Collection cannot init: No textures found at path Things/Item/RM_Vexxith/RM_Vexxith
Could not execute post-long-event action. Exception: System.NullReferenceException: Object reference not set to an instance of an object
[Ref A6099C6F] Duplicate stacktrace, see ref for original
Could not execute post-long-event action. Exception: System.NullReferenceException: Object reference not set to an instance of an object
[Ref A6099C6F] Duplicate stacktrace, see ref for original
Could not execute post-long-event action. Exception: System.NullReferenceException: Object reference not set to an instance of an object
[Ref A6099C6F] Duplicate stacktrace, see ref for original
Could not execute post-long-event action. Exception: System.NullReferenceException: Object reference not set to an instance of an object
[Ref A6099C6F] Duplicate stacktrace, see ref for original
Could not execute post-long-event action. Exception: System.NullReferenceException: Object reference not set to an instance of an object
[Ref A6099C6F] Duplicate stacktrace, see ref for original
Could not execute post-long-event action. Exception: System.NullReferenceException: Object reference not set to an instance of an object
[Ref A6099C6F] Duplicate stacktrace, see ref for original
Could not execute post-long-event action. Exception: System.NullReferenceException: Object reference not set to an instance of an object
[Ref A6099C6F] Duplicate stacktrace, see ref for original
Could not execute post-long-event action. Exception: System.NullReferenceException: Object reference not set to an instance of an object
[Ref A6099C6F] Duplicate stacktrace, see ref for original
Could not execute post-long-event action. Exception: System.NullReferenceException: Object reference not set to an instance of an object
[Ref A6099C6F] Duplicate stacktrace, see ref for original
Could not execute post-long-event action. Exception: System.NullReferenceException: Object reference not set to an instance of an object
[Ref A6099C6F] Duplicate stacktrace, see ref for original
Could not execute post-long-event action. Exception: System.NullReferenceException: Object reference not set to an instance of an object
[Ref A6099C6F] Duplicate stacktrace, see ref for original
Could not execute post-long-event action. Exception: System.NullReferenceException: Object reference not set to an instance of an object
[Ref A6099C6F] Duplicate stacktrace, see ref for original
Could not execute post-long-event action. Exception: System.NullReferenceException: Object reference not set to an instance of an object
[Ref A6099C6F] Duplicate stacktrace, see ref for original
Could not execute post-long-event action. Exception: System.NullReferenceException: Object reference not set to an instance of an object
[Ref A6099C6F] Duplicate stacktrace, see ref for original
Could not execute post-long-event action. Exception: System.NullReferenceException: Object reference not set to an instance of an object
[Ref A6099C6F] Duplicate stacktrace, see ref for original
Could not execute post-long-event action. Exception: System.NullReferenceException: Object reference not set to an instance of an object
[Ref A6099C6F] Duplicate stacktrace, see ref for original
Could not execute post-long-event action. Exception: System.NullReferenceException: Object reference not set to an instance of an object
[Ref A6099C6F] Duplicate stacktrace, see ref for original
Could not execute post-long-event action. Exception: System.NullReferenceException: Object reference not set to an instance of an object
[Ref A6099C6F] Duplicate stacktrace, see ref for original
Could not execute post-long-event action. Exception: System.NullReferenceException: Object reference not set to an instance of an object
[Ref A6099C6F] Duplicate stacktrace, see ref for original
Could not execute post-long-event action. Exception: System.NullReferenceException: Object reference not set to an instance of an object
[Ref A6099C6F] Duplicate stacktrace, see ref for original
Could not execute post-long-event action. Exception: System.NullReferenceException: Object reference not set to an instance of an object
[Ref A6099C6F] Duplicate stacktrace, see ref for original
Could not execute post-long-event action. Exception: System.NullReferenceException: Object reference not set to an instance of an object
[Ref A6099C6F] Duplicate stacktrace, see ref for original
Could not execute post-long-event action. Exception: System.NullReferenceException: Object reference not set to an instance of an object
[Ref A6099C6F] Duplicate stacktrace, see ref for original
Could not execute post-long-event action. Exception: System.NullReferenceException: Object reference not set to an instance of an object
[Ref A6099C6F] Duplicate stacktrace, see ref for original
Could not execute post-long-event action. Exception: System.NullReferenceException: Object reference not set to an instance of an object
[Ref A6099C6F] Duplicate stacktrace, see ref for original
Could not execute post-long-event action. Exception: System.NullReferenceException: Object reference not set to an instance of an object
[Ref A6099C6F] Duplicate stacktrace, see ref for original
Could not execute post-long-event action. Exception: System.NullReferenceException: Object reference not set to an instance of an object
[Ref A6099C6F] Duplicate stacktrace, see ref for original
Could not execute post-long-event action. Exception: System.NullReferenceException: Object reference not set to an instance of an object
[Ref A6099C6F] Duplicate stacktrace, see ref for original
Could not execute post-long-event action. Exception: System.NullReferenceException: Object reference not set to an instance of an object
[Ref A6099C6F] Duplicate stacktrace, see ref for original
Could not execute post-long-event action. Exception: System.NullReferenceException: Object reference not set to an instance of an object
[Ref A6099C6F] Duplicate stacktrace, see ref for original
Could not execute post-long-event action. Exception: System.NullReferenceException: Object reference not set to an instance of an object
[Ref A6099C6F] Duplicate stacktrace, see ref for original
Could not execute post-long-event action. Exception: System.NullReferenceException: Object reference not set to an instance of an object
[Ref A6099C6F] Duplicate stacktrace, see ref for original
Could not execute post-long-event action. Exception: System.NullReferenceException: Object reference not set to an instance of an object
[Ref A6099C6F] Duplicate stacktrace, see ref for original
Could not execute post-long-event action. Exception: System.NullReferenceException: Object reference not set to an instance of an object
[Ref A6099C6F] Duplicate stacktrace, see ref for original
Could not execute post-long-event action. Exception: System.NullReferenceException: Object reference not set to an instance of an object
[Ref A6099C6F] Duplicate stacktrace, see ref for original
Could not execute post-long-event action. Exception: System.NullReferenceException: Object reference not set to an instance of an object
[Ref A6099C6F] Duplicate stacktrace, see ref for original
Could not execute post-long-event action. Exception: System.NullReferenceException: Object reference not set to an instance of an object
[Ref A6099C6F] Duplicate stacktrace, see ref for original
Could not execute post-long-event action. Exception: System.NullReferenceException: Object reference not set to an instance of an object
[Ref A6099C6F] Duplicate stacktrace, see ref for original
Could not execute post-long-event action. Exception: System.NullReferenceException: Object reference not set to an instance of an object
[Ref A6099C6F] Duplicate stacktrace, see ref for original
Could not execute post-long-event action. Exception: System.NullReferenceException: Object reference not set to an instance of an object
[Ref A6099C6F] Duplicate stacktrace, see ref for original
Could not execute post-long-event action. Exception: System.NullReferenceException: Object reference not set to an instance of an object
[Ref A6099C6F] Duplicate stacktrace, see ref for original
Could not execute post-long-event action. Exception: System.NullReferenceException: Object reference not set to an instance of an object
[Ref A6099C6F] Duplicate stacktrace, see ref for original
Could not execute post-long-event action. Exception: System.NullReferenceException: Object reference not set to an instance of an object
[Ref A6099C6F] Duplicate stacktrace, see ref for original
Collection cannot init: No textures found at path Things/Building/GiantSkeleton/RSW_KraytSkeleton
Collection cannot init: No textures found at path Things/Building/GiantSkeleton/RSW_GreaterKraytSkeleton
Collection cannot init: No textures found at path Things/Building/GiantSkeleton/RSW_WarWyrmSkeleton
Could not load Texture2D at 'Things/Item/Resource/MeatFoodRaw/Meat_Small' for def 'RSW_MeeCatch' in any active mod or in base resources.
MatFrom with null sourceTex.
Could not load Texture2D at 'Things/Item/Resource/MeatFoodRaw/Meat_Small' for def 'RSW_FaaCatch' in any active mod or in base resources.
MatFrom with null sourceTex.
Could not load Texture2D at 'Things/Item/Resource/MeatFoodRaw/Meat_Small' for def 'RSW_LaaCatch' in any active mod or in base resources.
MatFrom with null sourceTex.
Collection cannot init: No textures found at path swresource/RSW_ZakkroEgg
Could not execute post-long-event action. Exception: System.NullReferenceException: Object reference not set to an instance of an object
[Ref A6099C6F] Duplicate stacktrace, see ref for original
Could not execute post-long-event action. Exception: System.NullReferenceException: Object reference not set to an instance of an object
[Ref A6099C6F] Duplicate stacktrace, see ref for original
Could not execute post-long-event action. Exception: System.NullReferenceException: Object reference not set to an instance of an object
[Ref A6099C6F] Duplicate stacktrace, see ref for original
Could not execute post-long-event action. Exception: System.NullReferenceException: Object reference not set to an instance of an object
[Ref A6099C6F] Duplicate stacktrace, see ref for original
Could not execute post-long-event action. Exception: System.NullReferenceException: Object reference not set to an instance of an object
[Ref A6099C6F] Duplicate stacktrace, see ref for original
Could not execute post-long-event action. Exception: System.NullReferenceException: Object reference not set to an instance of an object
[Ref A6099C6F] Duplicate stacktrace, see ref for original
Could not execute post-long-event action. Exception: System.NullReferenceException: Object reference not set to an instance of an object
[Ref A6099C6F] Duplicate stacktrace, see ref for original
Could not execute post-long-event action. Exception: System.NullReferenceException: Object reference not set to an instance of an object
[Ref A6099C6F] Duplicate stacktrace, see ref for original
Could not execute post-long-event action. Exception: System.NullReferenceException: Object reference not set to an instance of an object
[Ref A6099C6F] Duplicate stacktrace, see ref for original
Could not execute post-long-event action. Exception: System.NullReferenceException: Object reference not set to an instance of an object
[Ref A6099C6F] Duplicate stacktrace, see ref for original
Could not execute post-long-event action. Exception: System.NullReferenceException: Object reference not set to an instance of an object
[Ref A6099C6F] Duplicate stacktrace, see ref for original
Could not execute post-long-event action. Exception: System.NullReferenceException: Object reference not set to an instance of an object
[Ref A6099C6F] Duplicate stacktrace, see ref for original
Could not execute post-long-event action. Exception: System.NullReferenceException: Object reference not set to an instance of an object
[Ref A6099C6F] Duplicate stacktrace, see ref for original
Could not execute post-long-event action. Exception: System.NullReferenceException: Object reference not set to an instance of an object
[Ref A6099C6F] Duplicate stacktrace, see ref for original
Could not execute post-long-event action. Exception: System.NullReferenceException: Object reference not set to an instance of an object
[Ref A6099C6F] Duplicate stacktrace, see ref for original
Could not execute post-long-event action. Exception: System.NullReferenceException: Object reference not set to an instance of an object
[Ref A6099C6F] Duplicate stacktrace, see ref for original
Could not execute post-long-event action. Exception: System.NullReferenceException: Object reference not set to an instance of an object
[Ref A6099C6F] Duplicate stacktrace, see ref for original
Could not execute post-long-event action. Exception: System.NullReferenceException: Object reference not set to an instance of an object
[Ref A6099C6F] Duplicate stacktrace, see ref for original
Could not execute post-long-event action. Exception: System.NullReferenceException: Object reference not set to an instance of an object
[Ref A6099C6F] Duplicate stacktrace, see ref for original
Could not execute post-long-event action. Exception: System.NullReferenceException: Object reference not set to an instance of an object
[Ref A6099C6F] Duplicate stacktrace, see ref for original
Could not execute post-long-event action. Exception: System.NullReferenceException: Object reference not set to an instance of an object
[Ref A6099C6F] Duplicate stacktrace, see ref for original
Could not execute post-long-event action. Exception: System.NullReferenceException: Object reference not set to an instance of an object
[Ref A6099C6F] Duplicate stacktrace, see ref for original
Could not execute post-long-event action. Exception: System.NullReferenceException: Object reference not set to an instance of an object
[Ref A6099C6F] Duplicate stacktrace, see ref for original
Could not execute post-long-event action. Exception: System.NullReferenceException: Object reference not set to an instance of an object
[Ref A6099C6F] Duplicate stacktrace, see ref for original
Could not execute post-long-event action. Exception: System.NullReferenceException: Object reference not set to an instance of an object
[Ref A6099C6F] Duplicate stacktrace, see ref for original
Could not execute post-long-event action. Exception: System.NullReferenceException: Object reference not set to an instance of an object
[Ref A6099C6F] Duplicate stacktrace, see ref for original
Could not execute post-long-event action. Exception: System.NullReferenceException: Object reference not set to an instance of an object
[Ref A6099C6F] Duplicate stacktrace, see ref for original
Could not execute post-long-event action. Exception: System.NullReferenceException: Object reference not set to an instance of an object
[Ref A6099C6F] Duplicate stacktrace, see ref for original
Could not execute post-long-event action. Exception: System.NullReferenceException: Object reference not set to an instance of an object
[Ref A6099C6F] Duplicate stacktrace, see ref for original
Could not execute post-long-event action. Exception: System.NullReferenceException: Object reference not set to an instance of an object
[Ref A6099C6F] Duplicate stacktrace, see ref for original
Could not execute post-long-event action. Exception: System.NullReferenceException: Object reference not set to an instance of an object
[Ref A6099C6F] Duplicate stacktrace, see ref for original
Could not execute post-long-event action. Exception: System.NullReferenceException: Object reference not set to an instance of an object
[Ref A6099C6F] Duplicate stacktrace, see ref for original
Could not execute post-long-event action. Exception: System.NullReferenceException: Object reference not set to an instance of an object
[Ref A6099C6F] Duplicate stacktrace, see ref for original
Could not execute post-long-event action. Exception: System.NullReferenceException: Object reference not set to an instance of an object
[Ref A6099C6F] Duplicate stacktrace, see ref for original
Could not execute post-long-event action. Exception: System.NullReferenceException: Object reference not set to an instance of an object
[Ref A6099C6F] Duplicate stacktrace, see ref for original
Could not execute post-long-event action. Exception: System.NullReferenceException: Object reference not set to an instance of an object
[Ref A6099C6F] Duplicate stacktrace, see ref for original
Could not execute post-long-event action. Exception: System.NullReferenceException: Object reference not set to an instance of an object
[Ref A6099C6F] Duplicate stacktrace, see ref for original
Could not execute post-long-event action. Exception: System.NullReferenceException: Object reference not set to an instance of an object
[Ref A6099C6F] Duplicate stacktrace, see ref for original
Could not execute post-long-event action. Exception: System.NullReferenceException: Object reference not set to an instance of an object
[Ref A6099C6F] Duplicate stacktrace, see ref for original
Could not execute post-long-event action. Exception: System.NullReferenceException: Object reference not set to an instance of an object
[Ref A6099C6F] Duplicate stacktrace, see ref for original
Could not execute post-long-event action. Exception: System.NullReferenceException: Object reference not set to an instance of an object
[Ref A6099C6F] Duplicate stacktrace, see ref for original
Could not execute post-long-event action. Exception: System.NullReferenceException: Object reference not set to an instance of an object
[Ref A6099C6F] Duplicate stacktrace, see ref for original
Could not execute post-long-event action. Exception: System.NullReferenceException: Object reference not set to an instance of an object
[Ref A6099C6F] Duplicate stacktrace, see ref for original
Could not execute post-long-event action. Exception: System.NullReferenceException: Object reference not set to an instance of an object
[Ref A6099C6F] Duplicate stacktrace, see ref for original
Could not execute post-long-event action. Exception: System.NullReferenceException: Object reference not set to an instance of an object
[Ref A6099C6F] Duplicate stacktrace, see ref for original
Could not execute post-long-event action. Exception: System.NullReferenceException: Object reference not set to an instance of an object
[Ref A6099C6F] Duplicate stacktrace, see ref for original
Could not execute post-long-event action. Exception: System.NullReferenceException: Object reference not set to an instance of an object
[Ref A6099C6F] Duplicate stacktrace, see ref for original
Could not execute post-long-event action. Exception: System.NullReferenceException: Object reference not set to an instance of an object
[Ref A6099C6F] Duplicate stacktrace, see ref for original
Could not execute post-long-event action. Exception: System.NullReferenceException: Object reference not set to an instance of an object
[Ref A6099C6F] Duplicate stacktrace, see ref for original
Could not execute post-long-event action. Exception: System.NullReferenceException: Object reference not set to an instance of an object
[Ref A6099C6F] Duplicate stacktrace, see ref for original
Could not execute post-long-event action. Exception: System.NullReferenceException: Object reference not set to an instance of an object
[Ref A6099C6F] Duplicate stacktrace, see ref for original
Could not execute post-long-event action. Exception: System.NullReferenceException: Object reference not set to an instance of an object
[Ref A6099C6F] Duplicate stacktrace, see ref for original
Could not execute post-long-event action. Exception: System.NullReferenceException: Object reference not set to an instance of an object
[Ref A6099C6F] Duplicate stacktrace, see ref for original
Could not execute post-long-event action. Exception: System.NullReferenceException: Object reference not set to an instance of an object
[Ref A6099C6F] Duplicate stacktrace, see ref for original
Could not execute post-long-event action. Exception: System.NullReferenceException: Object reference not set to an instance of an object
[Ref A6099C6F] Duplicate stacktrace, see ref for original
Could not execute post-long-event action. Exception: System.NullReferenceException: Object reference not set to an instance of an object
[Ref A6099C6F] Duplicate stacktrace, see ref for original
Could not execute post-long-event action. Exception: System.NullReferenceException: Object reference not set to an instance of an object
[Ref A6099C6F] Duplicate stacktrace, see ref for original
Could not execute post-long-event action. Exception: System.NullReferenceException: Object reference not set to an instance of an object
[Ref A6099C6F] Duplicate stacktrace, see ref for original
Could not execute post-long-event action. Exception: System.NullReferenceException: Object reference not set to an instance of an object
[Ref A6099C6F] Duplicate stacktrace, see ref for original
Could not execute post-long-event action. Exception: System.NullReferenceException: Object reference not set to an instance of an object
[Ref A6099C6F] Duplicate stacktrace, see ref for original
Could not execute post-long-event action. Exception: System.NullReferenceException: Object reference not set to an instance of an object
[Ref A6099C6F] Duplicate stacktrace, see ref for original
Could not execute post-long-event action. Exception: System.NullReferenceException: Object reference not set to an instance of an object
[Ref A6099C6F] Duplicate stacktrace, see ref for original
Could not execute post-long-event action. Exception: System.NullReferenceException: Object reference not set to an instance of an object
[Ref A6099C6F] Duplicate stacktrace, see ref for original
Could not execute post-long-event action. Exception: System.NullReferenceException: Object reference not set to an instance of an object
[Ref A6099C6F] Duplicate stacktrace, see ref for original
Could not execute post-long-event action. Exception: System.NullReferenceException: Object reference not set to an instance of an object
[Ref A6099C6F] Duplicate stacktrace, see ref for original
Could not execute post-long-event action. Exception: System.NullReferenceException: Object reference not set to an instance of an object
[Ref A6099C6F] Duplicate stacktrace, see ref for original
Could not execute post-long-event action. Exception: System.NullReferenceException: Object reference not set to an instance of an object
[Ref A6099C6F] Duplicate stacktrace, see ref for original
Could not execute post-long-event action. Exception: System.NullReferenceException: Object reference not set to an instance of an object
[Ref A6099C6F] Duplicate stacktrace, see ref for original
Could not execute post-long-event action. Exception: System.NullReferenceException: Object reference not set to an instance of an object
[Ref A6099C6F] Duplicate stacktrace, see ref for original
Could not execute post-long-event action. Exception: System.NullReferenceException: Object reference not set to an instance of an object
[Ref A6099C6F] Duplicate stacktrace, see ref for original
Could not execute post-long-event action. Exception: System.NullReferenceException: Object reference not set to an instance of an object
[Ref A6099C6F] Duplicate stacktrace, see ref for original
Could not execute post-long-event action. Exception: System.NullReferenceException: Object reference not set to an instance of an object
[Ref A6099C6F] Duplicate stacktrace, see ref for original
Could not execute post-long-event action. Exception: System.NullReferenceException: Object reference not set to an instance of an object
[Ref A6099C6F] Duplicate stacktrace, see ref for original
Could not execute post-long-event action. Exception: System.NullReferenceException: Object reference not set to an instance of an object
[Ref A6099C6F] Duplicate stacktrace, see ref for original
Could not execute post-long-event action. Exception: System.NullReferenceException: Object reference not set to an instance of an object
[Ref A6099C6F] Duplicate stacktrace, see ref for original
Could not execute post-long-event action. Exception: System.NullReferenceException: Object reference not set to an instance of an object
[Ref A6099C6F] Duplicate stacktrace, see ref for original
Could not execute post-long-event action. Exception: System.NullReferenceException: Object reference not set to an instance of an object
[Ref A6099C6F] Duplicate stacktrace, see ref for original
Could not execute post-long-event action. Exception: System.NullReferenceException: Object reference not set to an instance of an object
[Ref A6099C6F] Duplicate stacktrace, see ref for original
Could not execute post-long-event action. Exception: System.NullReferenceException: Object reference not set to an instance of an object
[Ref A6099C6F] Duplicate stacktrace, see ref for original
Could not execute post-long-event action. Exception: System.NullReferenceException: Object reference not set to an instance of an object
[Ref A6099C6F] Duplicate stacktrace, see ref for original
Could not execute post-long-event action. Exception: System.NullReferenceException: Object reference not set to an instance of an object
[Ref A6099C6F] Duplicate stacktrace, see ref for original
Could not execute post-long-event action. Exception: System.NullReferenceException: Object reference not set to an instance of an object
[Ref A6099C6F] Duplicate stacktrace, see ref for original
Could not execute post-long-event action. Exception: System.NullReferenceException: Object reference not set to an instance of an object
[Ref A6099C6F] Duplicate stacktrace, see ref for original
Could not execute post-long-event action. Exception: System.NullReferenceException: Object reference not set to an instance of an object
[Ref A6099C6F] Duplicate stacktrace, see ref for original
Could not execute post-long-event action. Exception: System.NullReferenceException: Object reference not set to an instance of an object
[Ref A6099C6F] Duplicate stacktrace, see ref for original
Could not execute post-long-event action. Exception: System.NullReferenceException: Object reference not set to an instance of an object
[Ref A6099C6F] Duplicate stacktrace, see ref for original
Could not execute post-long-event action. Exception: System.NullReferenceException: Object reference not set to an instance of an object
[Ref A6099C6F] Duplicate stacktrace, see ref for original
Could not execute post-long-event action. Exception: System.NullReferenceException: Object reference not set to an instance of an object
[Ref A6099C6F] Duplicate stacktrace, see ref for original
Could not execute post-long-event action. Exception: System.NullReferenceException: Object reference not set to an instance of an object
[Ref A6099C6F] Duplicate stacktrace, see ref for original
Could not execute post-long-event action. Exception: System.NullReferenceException: Object reference not set to an instance of an object
[Ref A6099C6F] Duplicate stacktrace, see ref for original
Could not execute post-long-event action. Exception: System.NullReferenceException: Object reference not set to an instance of an object
[Ref A6099C6F] Duplicate stacktrace, see ref for original
Could not execute post-long-event action. Exception: System.NullReferenceException: Object reference not set to an instance of an object
[Ref A6099C6F] Duplicate stacktrace, see ref for original
Could not execute post-long-event action. Exception: System.NullReferenceException: Object reference not set to an instance of an object
[Ref A6099C6F] Duplicate stacktrace, see ref for original
Could not execute post-long-event action. Exception: System.NullReferenceException: Object reference not set to an instance of an object
[Ref A6099C6F] Duplicate stacktrace, see ref for original
Could not execute post-long-event action. Exception: System.NullReferenceException: Object reference not set to an instance of an object
[Ref A6099C6F] Duplicate stacktrace, see ref for original
Could not execute post-long-event action. Exception: System.NullReferenceException: Object reference not set to an instance of an object
[Ref A6099C6F] Duplicate stacktrace, see ref for original
Could not execute post-long-event action. Exception: System.NullReferenceException: Object reference not set to an instance of an object
[Ref A6099C6F] Duplicate stacktrace, see ref for original
Could not execute post-long-event action. Exception: System.NullReferenceException: Object reference not set to an instance of an object
[Ref A6099C6F] Duplicate stacktrace, see ref for original
Could not execute post-long-event action. Exception: System.NullReferenceException: Object reference not set to an instance of an object
[Ref A6099C6F] Duplicate stacktrace, see ref for original
Collection cannot init: No textures found at path Things/Item/Resource/Leather/Leather_Plain
Could not execute post-long-event action. Exception: System.NullReferenceException: Object reference not set to an instance of an object
[Ref A6099C6F] Duplicate stacktrace, see ref for original
Could not execute post-long-event action. Exception: System.NullReferenceException: Object reference not set to an instance of an object
[Ref A6099C6F] Duplicate stacktrace, see ref for original
Could not execute post-long-event action. Exception: System.NullReferenceException: Object reference not set to an instance of an object
[Ref A6099C6F] Duplicate stacktrace, see ref for original
Could not execute post-long-event action. Exception: System.NullReferenceException: Object reference not set to an instance of an object
[Ref A6099C6F] Duplicate stacktrace, see ref for original
Could not execute post-long-event action. Exception: System.NullReferenceException: Object reference not set to an instance of an object
[Ref A6099C6F] Duplicate stacktrace, see ref for original
Could not execute post-long-event action. Exception: System.NullReferenceException: Object reference not set to an instance of an object
[Ref A6099C6F] Duplicate stacktrace, see ref for original
Could not execute post-long-event action. Exception: System.NullReferenceException: Object reference not set to an instance of an object
[Ref A6099C6F] Duplicate stacktrace, see ref for original
Could not execute post-long-event action. Exception: System.NullReferenceException: Object reference not set to an instance of an object
[Ref A6099C6F] Duplicate stacktrace, see ref for original
Could not execute post-long-event action. Exception: System.NullReferenceException: Object reference not set to an instance of an object
[Ref A6099C6F] Duplicate stacktrace, see ref for original
Could not execute post-long-event action. Exception: System.NullReferenceException: Object reference not set to an instance of an object
[Ref A6099C6F] Duplicate stacktrace, see ref for original
Could not execute post-long-event action. Exception: System.NullReferenceException: Object reference not set to an instance of an object
[Ref A6099C6F] Duplicate stacktrace, see ref for original
Could not execute post-long-event action. Exception: System.NullReferenceException: Object reference not set to an instance of an object
[Ref A6099C6F] Duplicate stacktrace, see ref for original
Could not execute post-long-event action. Exception: System.NullReferenceException: Object reference not set to an instance of an object
[Ref A6099C6F] Duplicate stacktrace, see ref for original
Could not execute post-long-event action. Exception: System.NullReferenceException: Object reference not set to an instance of an object
[Ref A6099C6F] Duplicate stacktrace, see ref for original
Could not execute post-long-event action. Exception: System.NullReferenceException: Object reference not set to an instance of an object
[Ref A6099C6F] Duplicate stacktrace, see ref for original
Could not execute post-long-event action. Exception: System.NullReferenceException: Object reference not set to an instance of an object
[Ref A6099C6F] Duplicate stacktrace, see ref for original
Could not execute post-long-event action. Exception: System.NullReferenceException: Object reference not set to an instance of an object
[Ref A6099C6F] Duplicate stacktrace, see ref for original
Could not execute post-long-event action. Exception: System.NullReferenceException: Object reference not set to an instance of an object
[Ref A6099C6F] Duplicate stacktrace, see ref for original
Could not execute post-long-event action. Exception: System.NullReferenceException: Object reference not set to an instance of an object
[Ref A6099C6F] Duplicate stacktrace, see ref for original
Could not execute post-long-event action. Exception: System.NullReferenceException: Object reference not set to an instance of an object
[Ref A6099C6F] Duplicate stacktrace, see ref for original
Could not execute post-long-event action. Exception: System.NullReferenceException: Object reference not set to an instance of an object
[Ref A6099C6F] Duplicate stacktrace, see ref for original
Could not execute post-long-event action. Exception: System.NullReferenceException: Object reference not set to an instance of an object
[Ref A6099C6F] Duplicate stacktrace, see ref for original
Could not execute post-long-event action. Exception: System.NullReferenceException: Object reference not set to an instance of an object
[Ref A6099C6F] Duplicate stacktrace, see ref for original
Could not execute post-long-event action. Exception: System.NullReferenceException: Object reference not set to an instance of an object
[Ref A6099C6F] Duplicate stacktrace, see ref for original
Could not execute post-long-event action. Exception: System.NullReferenceException: Object reference not set to an instance of an object
[Ref A6099C6F] Duplicate stacktrace, see ref for original
Could not execute post-long-event action. Exception: System.NullReferenceException: Object reference not set to an instance of an object
[Ref A6099C6F] Duplicate stacktrace, see ref for original
Could not execute post-long-event action. Exception: System.NullReferenceException: Object reference not set to an instance of an object
[Ref A6099C6F] Duplicate stacktrace, see ref for original
Could not execute post-long-event action. Exception: System.NullReferenceException: Object reference not set to an instance of an object
[Ref A6099C6F] Duplicate stacktrace, see ref for original
Could not execute post-long-event action. Exception: System.NullReferenceException: Object reference not set to an instance of an object
[Ref A6099C6F] Duplicate stacktrace, see ref for original
Could not execute post-long-event action. Exception: System.NullReferenceException: Object reference not set to an instance of an object
[Ref A6099C6F] Duplicate stacktrace, see ref for original
Could not execute post-long-event action. Exception: System.NullReferenceException: Object reference not set to an instance of an object
[Ref A6099C6F] Duplicate stacktrace, see ref for original
Could not execute post-long-event action. Exception: System.NullReferenceException: Object reference not set to an instance of an object
[Ref A6099C6F] Duplicate stacktrace, see ref for original
Could not execute post-long-event action. Exception: System.NullReferenceException: Object reference not set to an instance of an object
[Ref A6099C6F] Duplicate stacktrace, see ref for original
Could not load Texture2D at 'Things/Item/Resource/MeatFoodRaw/Meat_Small' for def 'RUT_Tubbik' in any active mod or in base resources.
MatFrom with null sourceTex.
Could not load Texture2D at 'Things/Item/Resource/MeatFoodRaw/Meat_Small' for def 'RUT_Zhurr' in any active mod or in base resources.
MatFrom with null sourceTex.
Could not load Texture2D at 'Things/Item/Resource/MeatFoodRaw/Meat_Small' for def 'RUT_Hurrok' in any active mod or in base resources.
MatFrom with null sourceTex.
Could not load Texture2D at 'Things/Item/Resource/MeatFoodRaw/Meat_Small' for def 'RUT_Vhessa' in any active mod or in base resources.
MatFrom with null sourceTex.
Could not load Texture2D at 'Things/Item/Resource/MeatFoodRaw/Meat_Small' for def 'RUT_Fessu' in any active mod or in base resources.
MatFrom with null sourceTex.
Could not load Texture2D at 'Things/Item/Resource/MeatFoodRaw/Meat_Small' for def 'RUT_Krellik' in any active mod or in base resources.
MatFrom with null sourceTex.
Could not load Texture2D at 'Things/Item/Resource/MeatFoodRaw/Meat_Small' for def 'RUT_Oddu' in any active mod or in base resources.
MatFrom with null sourceTex.
Could not load Texture2D at 'Things/Item/Resource/MeatFoodRaw/Meat_Small' for def 'RUT_Oovu' in any active mod or in base resources.
MatFrom with null sourceTex.
Could not load Texture2D at 'Things/Item/Resource/MeatFoodRaw/Meat_Small' for def 'RUT_Tarnn' in any active mod or in base resources.
MatFrom with null sourceTex.
Collection cannot init: No textures found at path Things/Plant/DosimeterLawn
Collection cannot init: No textures found at path Things/Plant/VaultRoot
Could not execute post-long-event action. Exception: System.NullReferenceException: Object reference not set to an instance of an object
[Ref A6099C6F] Duplicate stacktrace, see ref for original
Could not execute post-long-event action. Exception: System.NullReferenceException: Object reference not set to an instance of an object
[Ref A6099C6F] Duplicate stacktrace, see ref for original
Could not execute post-long-event action. Exception: System.NullReferenceException: Object reference not set to an instance of an object
[Ref A6099C6F] Duplicate stacktrace, see ref for original
Could not execute post-long-event action. Exception: System.NullReferenceException: Object reference not set to an instance of an object
[Ref A6099C6F] Duplicate stacktrace, see ref for original
Could not execute post-long-event action. Exception: System.NullReferenceException: Object reference not set to an instance of an object
[Ref A6099C6F] Duplicate stacktrace, see ref for original
Could not execute post-long-event action. Exception: System.NullReferenceException: Object reference not set to an instance of an object
[Ref A6099C6F] Duplicate stacktrace, see ref for original
Could not execute post-long-event action. Exception: System.NullReferenceException: Object reference not set to an instance of an object
[Ref A6099C6F] Duplicate stacktrace, see ref for original
Could not execute post-long-event action. Exception: System.NullReferenceException: Object reference not set to an instance of an object
[Ref A6099C6F] Duplicate stacktrace, see ref for original
Could not execute post-long-event action. Exception: System.NullReferenceException: Object reference not set to an instance of an object
[Ref A6099C6F] Duplicate stacktrace, see ref for original
Could not execute post-long-event action. Exception: System.NullReferenceException: Object reference not set to an instance of an object
[Ref 69483433]
  at Verse.Graphic_Linked.get_MatSingle () [0x00000] in <61e4173561894da49d210260257b5097>:0 
  at Verse.Graphic.get_MatNorth () [0x00000] in <61e4173561894da49d210260257b5097>:0 
  at Verse.Graphic.MatAt (Verse.Rot4 rot, Verse.Thing thing) [0x00020] in <61e4173561894da49d210260257b5097>:0 
  at Verse.BuildableDef.ResolveIcon () [0x00074] in <61e4173561894da49d210260257b5097>:0 
  at Verse.ThingDef.ResolveIcon () [0x00000] in <61e4173561894da49d210260257b5097>:0 
  at Verse.BuildableDef.<PostLoad>b__78_0 () [0x00021] in <61e4173561894da49d210260257b5097>:0 
  at Verse.LongEventHandler.ExecuteToExecuteWhenFinished () [0x0007c] in <61e4173561894da49d210260257b5097>:0 
Alien race successfully completed 280 patches (50 pre, 82 post, 148 trans) with harmony.
KCSG has Created 7274 symbolDefs for vanilla and DLCs
[RimMandrake.FlowWorks] Harmony: patched 31, missing 0
[GimmeSomeSlack] targets: PowerConduit, WaterproofConduit, KCSG_PowerConduit; invisible=True
[RimMandrake.HugeThings] ready: 9 huge plants, 0 huge pawn races.
[RimMandrake.TitanicCreatures] ready: 4 patches, 294 races auto-tiered.
[RimMandrake.Inhabited] Harmony: patched 3, missing 0
[RimMandrake.Inhabited] ready: 2 patches, 294 characters, 4 places, 0 casts.
[RimMandrake.Ninefold] subscribed to RimMandrake.Aftermath.ChronicleEvents.
[RimMandrake.Ninefold] Harmony: patched 31, missing 0
[RimMandrake.Ninefold] ready: 27 event-hook patches.
[RimMandrake.Aftermath] Harmony: patched 6, missing 0
[RimMandrake.Aftermath] ready: 6 battle-recorder patches.
[RimMandrake.LuminousPigment] Harmony: patched 14, missing 0
[RimMandrake.PlanetPresetPrime] Harmony: patched 1, missing 0
[RimMandrake.PlanetPresetPrime] loaded: will prime coverage 1, subdivisions 7. MLP type ABSENT.
[RimMandrake.RaidRedesigner] Harmony: patched 5, missing 0
[RimMandrake.RaidRedesigner] mandrake.rm.property not active - BetrayedTrader capture hook skipped.
[RimMandrake.RaidRedesigner] ready: 5 capture-hook patches.
[RimMandrake.StarWars.WeatherSuite] loaded — terminator-band and nightside-band geometry checks armed (MapComponent_TerminatorBand, IncidentWorker_NightsideAurora). No Harmony patches: both hooks are ordinary MapComponent/IncidentWorker overrides.
[RimUtinni.EmpirePursuit] Harmony: patched 3, missing 0
[Baroque Biomes] roster 30 entries (CreatureBehaviors:0, EnvironmentalHazards:0, Wreckage:0, Abyss:1, BlueDesert:1, Cauldron:1, Contagion:1, FeverWood:1, FloodedCanyon:1, GelatinousSlime:1, Greentide:1, LanternDeeps:1, LeaningScrub:1, LongShade:1, Miasma:1, NightsideIce:1, Pyrelands:1, RustCathedral:1, Stillsand:1, TerminalBiomes:5, TheForge:1, TheRot:1, TheSump:1, Warscar:1, Wasteland:1, Webwork:1, WeepingStones:1, DivingInteraction:6, MovingDunes:0, SeaShores:0); 34 BiomeDef(s) mapped
[Baroque Biomes] worldgen gate applied (startup): all biomes on
[RimMandrake.Cauldron] Harmony: patched 1, missing 0
[RM Cauldron] dewfall variants not on disk yet (no swap for): RM_CrystalFlower, RM_BloodBouquet, RM_RedBugloss, RM_KeeningCordax, RM_GiantToxicFlower
[RM Cauldron] assay fleck overlays not on disk yet: Things/Plant/RM_AssayFlecks/Flecks_Light, Things/Plant/RM_AssayFlecks/Flecks_Heavy
[RimMandrake.LanternDeeps] Harmony: patched 4, missing 0
[RimMandrake.Pyrelands] fulgurite-spawn: armed; strikes on sand-family ground may leave a fulgurite
[RimMandrake.Pyrelands] fire-tick-ash-scorchfruit: armed; burning cells on scorchable ground may dust loose ash and rarely seed a scorch-fruit pod
[RimMandrake.Pyrelands] pyrelands-wildplant-allowlist: armed; only RM_FE_ grasses may spawn wild on a Pyrelands map, however a foreign plant reaches the candidate list.
[RimMandrake.Pyrelands] furnace-beast heat immunity: armed; RM_FurnaceBeast absorbs all Heat-category damage.
[RimMandrake.Pyrelands] furnace-beast herd world-recall: armed; surviving furnace-beasts rejoin the world when their map is removed.
[RimMandrake.RustCathedral.Hum] Harmony: patched 12, missing 0
[RimMandrake.RustCathedral.Walls] Harmony: patched 1, missing 0
[RimMandrake.TheForge] Harmony: patched 3, missing 0
[RimMandrake.Scarlands] Harmony: patched 12, missing 0
Error in static constructor of RimMandrake.DivingInteraction.RM_SeabedFloorLife: System.TypeInitializationException: The type initializer for 'RimMandrake.DivingInteraction.RM_SeabedFloorLife' threw an exception. ---> System.NullReferenceException: Object reference not set to an instance of an object
[Ref 9EEF1052]
  at RimWorld.BiomeDef.CommonalityOfAnimal (Verse.PawnKindDef animalDef) [0x0007d] in <61e4173561894da49d210260257b5097>:0 
    - POSTFIX com.alphaanimals: Void AlphaBehavioursAndEvents.AlphaAnimals_BiomeDef_CommonalityOfAnimal_Patch:MultiplyAlphaAnimalCommonality(PawnKindDef animalDef, Single& __result)
  at RimWorld.BiomeDef+<get_AllWildAnimals>d__94.MoveNext () [0x00049] in <61e4173561894da49d210260257b5097>:0 
[Harmony: failed to render frame: TypeInitializationException]
RimMandrake.DivingInteraction.RM_SeabedFloorLife..cctor()
   --- End of inner exception stack trace ---
[Ref A93D5986]
(wrapper managed-to-native) System.RuntimeMethodHandle.GetFunctionPointer(intptr)
  at System.RuntimeMethodHandle.GetFunctionPointer () [0x00000] in <51fded79cd284d4d911c5949aff4cb21>:0 
  at HarmonyLib.HarmonySharedState.GetRealMethod (System.Reflection.MethodInfo method, System.Boolean useReplacement) [0x00046] in <e53399289d9b419d83f9f5b02c5cf609>:0 
  at HarmonyLib.HarmonySharedState.GetStackFrameMethod (System.Diagnostics.StackFrame frame, System.Boolean useReplacement) [0x00015] in <e53399289d9b419d83f9f5b02c5cf609>:0 
  at HarmonyLib.Harmony.GetOriginalMethodFromStackframe (System.Diagnostics.StackFrame frame) [0x0000e] in <e53399289d9b419d83f9f5b02c5cf609>:0 
  at HarmonyMod.ExceptionTools.AddHarmonyFrames (System.Text.StringBuilder sb, System.Diagnostics.StackTrace trace) [0x0002a] in <dc156e18c1bf4ec8acd47176558400e1>:0 
[RimMandrake.MovingDunes] sand-holds-on-sand: armed; on a dune-field map, Sand and SoftSand terrain hold depth (water, space and full-fillage buildings still refuse it)
[RimMandrake.MovingDunes] ambient-decay-suppression: armed; vanilla's -1/180 per-cell-visit sand decay is scaled by the map material's ambientDecayFactor (0 = drifts persist)
[RimMandrake.MovingDunes] vanilla-sand-layer-suppression: armed; the vanilla sand submesh is disabled on skinned maps so the tinted layer never double-draws
[RimMandrake.MovingDunes] clear-sand-yield: armed; shovelling drift on a dune field whose biome names a clearYield drops it in proportion to the depth removed
[RimMandrake.MovingDunes] hide-depths: 3498 items @0.45, 538 plants @0.55, 120 filth @0.2 (of 8961 ThingDefs; defs with their own value untouched).
[RimMandrake.SeaShores] Harmony: patched 3, missing 0
[RimMandrake.Utinni.FallLineArrivals] Harmony: patched 1, missing 0
[RimMandrake.Utinni.ShipShields] Harmony: patched 2, missing 0
[RimMandrake.Utinni.ShipShields] ready.
[RimUtinni.UnfinishedLine] Harmony: patched 3, missing 0
Type Patch_LeaveBehind_Gizmo probably needs a StaticConstructorOnStartup attribute, because it has a field icon of type Texture2D. All assets must be loaded in the main thread.
Type RM_MapComponent_HullBoltMarks probably needs a StaticConstructorOnStartup attribute, because it has a field mat of type Material. All assets must be loaded in the main thread.
Type RM_FaceMaterial probably needs a StaticConstructorOnStartup attribute, because it has a field strataTex of type Texture2D. All assets must be loaded in the main thread.
Type SectionLayer_RM_SkyColumns probably needs a StaticConstructorOnStartup attribute, because it has a field hazeMat of type Material. All assets must be loaded in the main thread.
Type RM_Building_TractionLance probably needs a StaticConstructorOnStartup attribute, because it has a field topGraphic of type Graphic. All assets must be loaded in the main thread.
Type RM_CapstanTurret probably needs a StaticConstructorOnStartup attribute, because it has a field topGraphic of type Graphic. All assets must be loaded in the main thread.
Type RM_GameCondition_Mirage probably needs a StaticConstructorOnStartup attribute, because it has a field bandMat of type Material. All assets must be loaded in the main thread.
Type RM_MapComponent_MirrorLight probably needs a StaticConstructorOnStartup attribute, because it has a field spotMats of type Material[]. All assets must be loaded in the main thread.
Unloading 5 Unused Serialized files (Serialized files now loaded: 6)
MVCF successfully applied 0 patches
[RimMandrake.Pyrelands] growth-stage art: armed for 1 plant def(s)
Unloading 289 unused Assets to reduce memory usage. Loaded Objects now: 44774.
Total: 329.005600 ms (FindLiveObjects: 2.282300 ms CreateObjectMapping: 1.998200 ms MarkObjects: 324.177800 ms  DeleteObjects: 0.547100 ms)

[RimBridge] Startup conditions satisfied after play-data load; initializing bridge services.
[RimBridge] Applied 6 late virtual-input patch classes.
[RimBridge] STARTUP_TIMING phase=late-input-patches durationMs=39 elapsedMs=122156
[RimBridge] STARTUP_TIMING phase=capabilities.initialize durationMs=1361 elapsedMs=123518
[RimBridge] STARTUP_TIMING phase=logs.initialize durationMs=1 elapsedMs=123519
[RimBridge] STARTUP_TIMING phase=application.run-in-background durationMs=0 elapsedMs=123520
[RimBridge] STARTUP_TIMING phase=debug.playback-defaults durationMs=0 elapsedMs=123520
[RimBridge] STARTUP_TIMING phase=tools.construct durationMs=0 elapsedMs=123521
[RimBridge] STARTUP_TIMING phase=gabp.builder.configure durationMs=0 elapsedMs=123521
[RimBridge] STARTUP_TIMING phase=gabp.server.build durationMs=1 elapsedMs=123522
[RimBridge] STARTUP_TIMING phase=tools.register-core durationMs=3 elapsedMs=123525
[RimBridge] STARTUP_TIMING phase=tools.register-extensions durationMs=1 elapsedMs=123526
[RimBridge] STARTUP_TIMING phase=event-relay.initialize durationMs=0 elapsedMs=123526
[RimBridge] STARTUP_TIMING phase=attention.initialize durationMs=0 elapsedMs=123530
[RimBridge] STARTUP_TIMING phase=gabp.server.start-submit durationMs=35 elapsedMs=123566
[RimBridge] STARTUP_TIMING phase=bridge-start.total durationMs=1410 elapsedMs=123567
[RimBridge] STARTUP_TIMING phase=gabp.server.start-async durationMs=36 elapsedMs=123567
[RimBridge] GABP server running standalone on port 5174
[RimBridge] Bridge token: e032cc4320d04e02ba36ab92c9af54f4
