mod,defType,defName,label,classification,file
Armoury,AdaptiveStorage.GraphicsDef,guy762_ASFGraphics_SecretFloorPanel_DoomgiverTile,,STRUCTURAL (no description in vanilla either),Armoury/Defs/Absorbed_AdditionalMods/kotorcore/AdaptiveStorageFramework/Absorbed_Kotorcore_AdaptiveStorageFramework_HiddenSmugglingCompartmentPanels.xml
Armoury,AdaptiveStorage.GraphicsDef,guy762_ASFGraphics_SecretFloorPanel_DreadnaughtCabinTile_black,,STRUCTURAL (no description in vanilla either),Armoury/Defs/Absorbed_AdditionalMods/kotorcore/AdaptiveStorageFramework/Absorbed_Kotorcore_AdaptiveStorageFramework_HiddenSmugglingCompartmentPanels.xml
Armoury,AdaptiveStorage.GraphicsDef,guy762_ASFGraphics_SecretFloorPanel_DreadnaughtCabinTile_blue,,STRUCTURAL (no description in vanilla either),Armoury/Defs/Absorbed_AdditionalMods/kotorcore/AdaptiveStorageFramework/Absorbed_Kotorcore_AdaptiveStorageFramework_HiddenSmugglingCompartmentPanels.xml
Armoury,AdaptiveStorage.GraphicsDef,guy762_ASFGraphics_SecretFloorPanel_darkwhiteoutlines,,STRUCTURAL (no description in vanilla either),Armoury/Defs/Absorbed_AdditionalMods/kotorcore/AdaptiveStorageFramework/Absorbed_Kotorcore_AdaptiveStorageFramework_HiddenSmugglingCompartmentPanels.xml
Armoury,ChemicalDef,guy762_chemical_battlestim,battle stimulant,STRUCTURAL (no description in vanilla either),Armoury/Defs/Absorbed_KotorCore/ThingDefs_Consumables/Absorbed_KotorCore_ThingDefs_Stimulants_Battle.xml
Armoury,ChemicalDef,guy762_chemical_constim,adrenal stamina,STRUCTURAL (no description in vanilla either),Armoury/Defs/Absorbed_KotorCore/ThingDefs_Consumables/Absorbed_KotorCore_ThingDefs_Stimulants_Con.xml
Armoury,ChemicalDef,guy762_chemical_dexstim,adrenal alacrity,STRUCTURAL (no description in vanilla either),Armoury/Defs/Absorbed_KotorCore/ThingDefs_Consumables/Absorbed_KotorCore_ThingDefs_Stimulants_Dex.xml
Armoury,ChemicalDef,guy762_chemical_rhydo,Rhydonium,STRUCTURAL (no description in vanilla either),Armoury/Defs/Absorbed_KotorCore/ThingDefs_Resources/Absorbed_KotorCore_KotORResource_Rhydonium.xml
Armoury,ChemicalDef,guy762_chemical_spice,spice,STRUCTURAL (no description in vanilla either),Armoury/Defs/Absorbed_KotorCore/ThingDefs_Resources/Absorbed_KotorCore_KotORResource_Spice.xml
Armoury,ChemicalDef,guy762_chemical_strstim,adrenal strength,STRUCTURAL (no description in vanilla either),Armoury/Defs/Absorbed_KotorCore/ThingDefs_Consumables/Absorbed_KotorCore_ThingDefs_Stimulants_Str.xml
Armoury,ColorDef,guy762_StructureColor_212thOrange,212th Orange,STRUCTURAL (no description in vanilla either),Armoury/Defs/Absorbed_KotorCore/Absorbed_KotorCore_ColorDefs_structure.xml
Armoury,ColorDef,guy762_StructureColor_501stBlue,501st Blue,STRUCTURAL (no description in vanilla either),Armoury/Defs/Absorbed_KotorCore/Absorbed_KotorCore_ColorDefs_structure.xml
Armoury,ColorDef,guy762_StructureColor_BespinBeige,Bespin Beige,STRUCTURAL (no description in vanilla either),Armoury/Defs/Absorbed_KotorCore/Absorbed_KotorCore_ColorDefs_structure.xml
Armoury,ColorDef,guy762_StructureColor_CinnagarIron,Cinnagar Iron,STRUCTURAL (no description in vanilla either),Armoury/Defs/Absorbed_KotorCore/Absorbed_KotorCore_ColorDefs_structure.xml
Armoury,ColorDef,guy762_StructureColor_CorranViridian,Corran's Viridian,STRUCTURAL (no description in vanilla either),Armoury/Defs/Absorbed_KotorCore/Absorbed_KotorCore_ColorDefs_structure.xml
Armoury,ColorDef,guy762_StructureColor_CzerkaYellow,Czerka Yellow,STRUCTURAL (no description in vanilla either),Armoury/Defs/Absorbed_KotorCore/Absorbed_KotorCore_ColorDefs_structure.xml
Armoury,ColorDef,guy762_StructureColor_DeathWatchBlue,Death Watch Blue,STRUCTURAL (no description in vanilla either),Armoury/Defs/Absorbed_KotorCore/Absorbed_KotorCore_ColorDefs_structure.xml
Armoury,ColorDef,guy762_StructureColor_EchaniGold,Echani Gold,STRUCTURAL (no description in vanilla either),Armoury/Defs/Absorbed_KotorCore/Absorbed_KotorCore_ColorDefs_structure.xml
Armoury,ColorDef,guy762_StructureColor_FieldMarshalGold,Field Marshal Gold,STRUCTURAL (no description in vanilla either),Armoury/Defs/Absorbed_KotorCore/Absorbed_KotorCore_ColorDefs_structure.xml
Armoury,ColorDef,guy762_StructureColor_GalacticMarineBurgundy,Galactic Marine Burgundy,STRUCTURAL (no description in vanilla either),Armoury/Defs/Absorbed_KotorCore/Absorbed_KotorCore_ColorDefs_structure.xml
Armoury,ColorDef,guy762_StructureColor_HK47Rust,HK-47's Rust,STRUCTURAL (no description in vanilla either),Armoury/Defs/Absorbed_KotorCore/Absorbed_KotorCore_ColorDefs_structure.xml
Armoury,ColorDef,guy762_StructureColor_HK50Durasteel,HK-50's Durasteel,STRUCTURAL (no description in vanilla either),Armoury/Defs/Absorbed_KotorCore/Absorbed_KotorCore_ColorDefs_structure.xml
Armoury,ColorDef,guy762_StructureColor_ImpArmySlate,Imperial Army Slate,STRUCTURAL (no description in vanilla either),Armoury/Defs/Absorbed_KotorCore/Absorbed_KotorCore_ColorDefs_structure.xml
Armoury,ColorDef,guy762_StructureColor_ImpOfficerOlive,Imperial Officer Olive,STRUCTURAL (no description in vanilla either),Armoury/Defs/Absorbed_KotorCore/Absorbed_KotorCore_ColorDefs_structure.xml
Armoury,ColorDef,guy762_StructureColor_JediSentinelBlue,Jedi Sentinel Blue,STRUCTURAL (no description in vanilla either),Armoury/Defs/Absorbed_KotorCore/Absorbed_KotorCore_ColorDefs_structure.xml
Armoury,ColorDef,guy762_StructureColor_JuhaniBlue,Juhani's Cyan,STRUCTURAL (no description in vanilla either),Armoury/Defs/Absorbed_KotorCore/Absorbed_KotorCore_ColorDefs_structure.xml
Armoury,ColorDef,guy762_StructureColor_MandoProtectorGreen,Mandalorian Protector Green,STRUCTURAL (no description in vanilla either),Armoury/Defs/Absorbed_KotorCore/Absorbed_KotorCore_ColorDefs_structure.xml
Armoury,ColorDef,guy762_StructureColor_NeoCrusaderBlue,Neo-Crusader Blue,STRUCTURAL (no description in vanilla either),Armoury/Defs/Absorbed_KotorCore/Absorbed_KotorCore_ColorDefs_structure.xml
Armoury,ColorDef,guy762_StructureColor_NewRepublicBlue,New Republic Azure,STRUCTURAL (no description in vanilla either),Armoury/Defs/Absorbed_KotorCore/Absorbed_KotorCore_ColorDefs_structure.xml
Armoury,ColorDef,guy762_StructureColor_OldRepublicYellow,Old Republic Yellow,STRUCTURAL (no description in vanilla either),Armoury/Defs/Absorbed_KotorCore/Absorbed_KotorCore_ColorDefs_structure.xml
Armoury,ColorDef,guy762_StructureColor_RallyMasterRed,Rally Master Red,STRUCTURAL (no description in vanilla either),Armoury/Defs/Absorbed_KotorCore/Absorbed_KotorCore_ColorDefs_structure.xml
Armoury,ColorDef,guy762_StructureColor_RebelEngiGreen,Rebel Engineer Green,STRUCTURAL (no description in vanilla either),Armoury/Defs/Absorbed_KotorCore/Absorbed_KotorCore_ColorDefs_structure.xml
Armoury,ColorDef,guy762_StructureColor_RoyalGuardRed,Royal Guard Red,STRUCTURAL (no description in vanilla either),Armoury/Defs/Absorbed_KotorCore/Absorbed_KotorCore_ColorDefs_structure.xml
Armoury,ColorDef,guy762_StructureColor_SithUniformSlate,Sith Uniform Slate,STRUCTURAL (no description in vanilla either),Armoury/Defs/Absorbed_KotorCore/Absorbed_KotorCore_ColorDefs_structure.xml
Armoury,ColorDef,guy762_StructureColor_StarForgeRed,Star Forge Red,STRUCTURAL (no description in vanilla either),Armoury/Defs/Absorbed_KotorCore/Absorbed_KotorCore_ColorDefs_structure.xml
Armoury,ColorDef,guy762_StructureColor_T3M4Silver,T3-M4's Silver,STRUCTURAL (no description in vanilla either),Armoury/Defs/Absorbed_KotorCore/Absorbed_KotorCore_ColorDefs_structure.xml
Armoury,ColorDef,guy762_StructureColor_VisasBurgundy,Visas' Burgundy,STRUCTURAL (no description in vanilla either),Armoury/Defs/Absorbed_KotorCore/Absorbed_KotorCore_ColorDefs_structure.xml
Armoury,ColorDef,guy762_StructureColor_ZaalbarRed,Zaalbar's Red,STRUCTURAL (no description in vanilla either),Armoury/Defs/Absorbed_KotorCore/Absorbed_KotorCore_ColorDefs_structure.xml
Armoury,ColorDef,guy762_StructureColor_ZalAlloyPurple,Zal Alloy Purple,STRUCTURAL (no description in vanilla either),Armoury/Defs/Absorbed_KotorCore/Absorbed_KotorCore_ColorDefs_structure.xml
Armoury,DamageDef,RSW_Blaster_Damage,Blaster Burn,STRUCTURAL (no description in vanilla either),Armoury/Defs/DamageDefs/Absorbed_JDSArmory_Damage.xml
Armoury,DamageDef,RSW_RN2_SteelBall,shrapnel,STRUCTURAL (no description in vanilla either),Armoury/Defs/DamageDefs/Absorbed_Eweb_Damage.xml
Armoury,DamageDef,guy762_BeamDamage_disruptor,disruption,STRUCTURAL (no description in vanilla either),Armoury/Defs/Absorbed_KotorCore/DamageDefs/Absorbed_KotorCore_BlasterDamages.xml
Armoury,DamageDef,guy762_BeamDamage_electrical,,STRUCTURAL (no description in vanilla either),Armoury/Defs/Absorbed_KotorCore/DamageDefs/Absorbed_KotorCore_SpecialDamages.xml
Armoury,DamageDef,guy762_BeamDamage_energy,energy burn,STRUCTURAL (no description in vanilla either),Armoury/Defs/Absorbed_KotorCore/DamageDefs/Absorbed_KotorCore_BlasterDamages.xml
Armoury,DamageDef,guy762_BeamDamage_radiation,radiation,STRUCTURAL (no description in vanilla either),Armoury/Defs/Absorbed_KotorCore/DamageDefs/Absorbed_KotorCore_SpecialDamages.xml
Armoury,DamageDef,guy762_ExplosiveDamage_AntiVehicleEnergy,energy burn,STRUCTURAL (no description in vanilla either),Armoury/Defs/Absorbed_KotorCore/DamageDefs/Absorbed_KotorCore_SpecialDamages.xml
Armoury,DamageDef,guy762_ExplosiveDamage_disruptor,disruption,STRUCTURAL (no description in vanilla either),Armoury/Defs/Absorbed_KotorCore/DamageDefs/Absorbed_KotorCore_BlasterDamages.xml
Armoury,DamageDef,guy762_ExplosiveDamage_energy,energy burn,STRUCTURAL (no description in vanilla either),Armoury/Defs/Absorbed_KotorCore/DamageDefs/Absorbed_KotorCore_BlasterDamages.xml
Armoury,DamageDef,guy762_ExplosiveDamage_ion,ionization,STRUCTURAL (no description in vanilla either),Armoury/Defs/Absorbed_KotorCore/DamageDefs/Absorbed_KotorCore_BlasterDamages.xml
Armoury,DamageDef,guy762_GrenadeDamage_detpack,,STRUCTURAL (no description in vanilla either),Armoury/Defs/Absorbed_KotorCore/DamageDefs/Absorbed_KotorCore_GrenadeDamages.xml
Armoury,DamageDef,guy762_GrenadeDamage_energy,energy burn,STRUCTURAL (no description in vanilla either),Armoury/Defs/Absorbed_KotorCore/DamageDefs/Absorbed_KotorCore_GrenadeDamages.xml
Armoury,DamageDef,guy762_GrenadeDamage_frag,fragmentation shrapnel,STRUCTURAL (no description in vanilla either),Armoury/Defs/Absorbed_KotorCore/DamageDefs/Absorbed_KotorCore_GrenadeDamages.xml
Armoury,DamageDef,guy762_GrenadeDamage_ion,ionization,STRUCTURAL (no description in vanilla either),Armoury/Defs/Absorbed_KotorCore/DamageDefs/Absorbed_KotorCore_GrenadeDamages.xml
Armoury,DamageDef,guy762_GrenadeDamage_plasma,,STRUCTURAL (no description in vanilla either),Armoury/Defs/Absorbed_KotorCore/DamageDefs/Absorbed_KotorCore_GrenadeDamages.xml
Armoury,DamageDef,guy762_GrenadeDamage_sonic,sonic fracturing,STRUCTURAL (no description in vanilla either),Armoury/Defs/Absorbed_KotorCore/DamageDefs/Absorbed_KotorCore_GrenadeDamages.xml
Armoury,DamageDef,guy762_GrenadeDamage_stun,stun,STRUCTURAL (no description in vanilla either),Armoury/Defs/Absorbed_KotorCore/DamageDefs/Absorbed_KotorCore_GrenadeDamages.xml
Armoury,DamageDef,guy762_GrenadeDamage_thermaldet,,STRUCTURAL (no description in vanilla either),Armoury/Defs/Absorbed_KotorCore/DamageDefs/Absorbed_KotorCore_GrenadeDamages.xml
Armoury,DamageDef,guy762_InternalDamage_decay,decay,STRUCTURAL (no description in vanilla either),Armoury/Defs/Absorbed_KotorCore/DamageDefs/Absorbed_KotorCore_SpecialDamages.xml
Armoury,DamageDef,guy762_InternalDamage_ion,internal ionization,STRUCTURAL (no description in vanilla either),Armoury/Defs/Absorbed_KotorCore/DamageDefs/Absorbed_KotorCore_SpecialDamages.xml
Armoury,DamageDef,guy762_MeleeDamage_ecut,energy cut,STRUCTURAL (no description in vanilla either),Armoury/Defs/Absorbed_KotorCore/DamageDefs/Absorbed_KotorCore_MeleeDamages.xml
Armoury,DamageDef,guy762_MeleeDamage_electrical,electrical burn,STRUCTURAL (no description in vanilla either),Armoury/Defs/Absorbed_KotorCore/DamageDefs/Absorbed_KotorCore_MeleeDamages.xml
Armoury,DamageDef,guy762_MeleeDamage_energy,,STRUCTURAL (no description in vanilla either),Armoury/Defs/Absorbed_KotorCore/DamageDefs/Absorbed_KotorCore_MeleeDamages.xml
Armoury,DamageDef,guy762_MeleeDamage_estab,energy stab,STRUCTURAL (no description in vanilla either),Armoury/Defs/Absorbed_KotorCore/DamageDefs/Absorbed_KotorCore_MeleeDamages.xml
Armoury,DamageDef,guy762_MeleeDamage_ion,ionization,STRUCTURAL (no description in vanilla either),Armoury/Defs/Absorbed_KotorCore/DamageDefs/Absorbed_KotorCore_MeleeDamages.xml
Armoury,DamageDef,guy762_MeleeDamage_sonic,sonic fracturing,STRUCTURAL (no description in vanilla either),Armoury/Defs/Absorbed_KotorCore/DamageDefs/Absorbed_KotorCore_MeleeDamages.xml
Armoury,DamageDef,guy762_MeleeDamage_unstoppable,penetrating strike,STRUCTURAL (no description in vanilla either),Armoury/Defs/Absorbed_KotorCore/DamageDefs/Absorbed_KotorCore_MeleeDamages.xml
Armoury,DamageDef,guy762_PoisonDamage_saber,Saber poison,STRUCTURAL (no description in vanilla either),Armoury/Defs/Absorbed_KotorCore/DamageDefs/Absorbed_KotorCore_SpecialDamages.xml
Armoury,DamageDef,guy762_RangedDamage_AntiVehicleEnergy,energy burn,STRUCTURAL (no description in vanilla either),Armoury/Defs/Absorbed_KotorCore/DamageDefs/Absorbed_KotorCore_SpecialDamages.xml
Armoury,DamageDef,guy762_RangedDamage_KOstun,K-O stun,STRUCTURAL (no description in vanilla either),Armoury/Defs/Absorbed_KotorCore/DamageDefs/Absorbed_KotorCore_SpecialDamages.xml
Armoury,DamageDef,guy762_RangedDamage_disruptor,disruption,STRUCTURAL (no description in vanilla either),Armoury/Defs/Absorbed_KotorCore/DamageDefs/Absorbed_KotorCore_BlasterDamages.xml
Armoury,DamageDef,guy762_RangedDamage_electrical,electrical burn,STRUCTURAL (no description in vanilla either),Armoury/Defs/Absorbed_KotorCore/DamageDefs/Absorbed_KotorCore_SpecialDamages.xml
Armoury,DamageDef,guy762_RangedDamage_energy,energy burn,STRUCTURAL (no description in vanilla either),Armoury/Defs/Absorbed_KotorCore/DamageDefs/Absorbed_KotorCore_BlasterDamages.xml
Armoury,DamageDef,guy762_RangedDamage_ion,ionization,STRUCTURAL (no description in vanilla either),Armoury/Defs/Absorbed_KotorCore/DamageDefs/Absorbed_KotorCore_BlasterDamages.xml
Armoury,DamageDef,guy762_RangedDamage_kolto,Kolto,STRUCTURAL (no description in vanilla either),Armoury/Defs/Absorbed_KotorCore/DamageDefs/Absorbed_KotorCore_DamageAndProjectileDefs_KotORDroidUtilityWeapons.xml
Armoury,DamageDef,guy762_RangedDamage_sonic,sonic fracturing,STRUCTURAL (no description in vanilla either),Armoury/Defs/Absorbed_KotorCore/DamageDefs/Absorbed_KotorCore_BlasterDamages.xml
Armoury,DesignatorDropdownGroupDef,guy762_DoorDropdown_SWAutoDoors,autodoors,STRUCTURAL (no description in vanilla either),Armoury/Defs/Absorbed_KotorCore/ThingDefs_Buildings/Absorbed_KotorCore_Structure_SWDoors.xml
Armoury,DesignatorDropdownGroupDef,guy762_DoorDropdown_SWDoubleAutoDoors,double autodoors,STRUCTURAL (no description in vanilla either),Armoury/Defs/Absorbed_KotorCore/ThingDefs_Buildings/Absorbed_KotorCore_Structure_SWDoors.xml
Armoury,DesignatorDropdownGroupDef,guy762_FloorTileDropdown_SWMetallic,metallic tiles,STRUCTURAL (no description in vanilla either),Armoury/Defs/Absorbed_KotorCore/ThingDefs_Buildings/Absorbed_KotorCore_Terrain_SWFloors.xml
Armoury,DesignatorDropdownGroupDef,guy762_SecretFloorPanelDropdown,inconspicuous floor panels,STRUCTURAL (no description in vanilla either),Armoury/Defs/Absorbed_AdditionalMods/kotorcore/AdaptiveStorageFramework/Absorbed_Kotorcore_AdaptiveStorageFramework_HiddenSmugglingCompartmentPanels.xml
Armoury,DesignatorDropdownGroupDef,guy762_WallDropdown_SWPowered,powered fortified walls,STRUCTURAL (no description in vanilla either),Armoury/Defs/Absorbed_KotorCore/ThingDefs_Buildings/Absorbed_KotorCore_Structure_SWWalls.xml
Armoury,DesignatorDropdownGroupDef,kotor_gonk_Designator,,STRUCTURAL (no description in vanilla either),Armoury/Defs/Absorbed_KotorCore/ThingDefs_Buildings/Absorbed_KotorCore_Building_GonkDroids.xml
Armoury,EffecterDef,SWCP_VATSLegendaryEffect_Explosive_Explosion,,STRUCTURAL (no description in vanilla either),Armoury/Defs/Absorbed_KotorCore/Absorbed_KotorCore_Thing_VATS_Zoomer.xml
Armoury,EffecterDef,guy762_Effecter_GonkDroid,,STRUCTURAL (no description in vanilla either),Armoury/Defs/Absorbed_KotorCore/ThingDefs_Buildings/Absorbed_KotorCore_Building_GonkDroids.xml
Armoury,EffecterDef,guy762_Effecter_UsingConsole,,STRUCTURAL (no description in vanilla either),Armoury/Defs/Absorbed_KotorCore/ThingDefs_Buildings/Absorbed_KotorCore_Building_DecorativeTerminals.xml
Armoury,EffecterDef,guy762_Effecter_UsingGreenHoloscreen,,STRUCTURAL (no description in vanilla either),Armoury/Defs/Absorbed_KotorCore/ThingDefs_Buildings/Absorbed_KotorCore_Building_DecorativeTerminals.xml
Armoury,EffecterDef,guy762_Effecter_UsingSmallTerminal,,STRUCTURAL (no description in vanilla either),Armoury/Defs/Absorbed_KotorCore/ThingDefs_Buildings/Absorbed_KotorCore_Building_DecorativeTerminals.xml
Armoury,FleckDef,guy762_SWStarfighter_waypoint,,STRUCTURAL (no description in vanilla either),Armoury/Defs/Absorbed_KotorCore/Absorbed_KotorCore_MotesAndFlecks.xml
Armoury,GenStepDef,Force_CrystalFormation,,STRUCTURAL (no description in vanilla either),Armoury/Defs/Absorbed_TheForceLightsaber/ThingDef_Building/Absorbed_TheForceLightsaber_CrystalMapGenerator.xml
Armoury,GenStepDef,KOTOR_CrystalFormation,,STRUCTURAL (no description in vanilla either),Armoury/Defs/Absorbed_KotorCore/ThingDefs_Resources/Absorbed_KotorCore_CrystalMapGenerator.xml
Armoury,GenStepDef,KOTOR_JunkPileClusters,,STRUCTURAL (no description in vanilla either),Armoury/Defs/Absorbed_KotorCore/ThingDefs_Resources/Absorbed_KotorCore_JunkMapGenerator.xml
Armoury,HairDef,guy762_Hair_Juhani,Juhani,STRUCTURAL (no description in vanilla either),Armoury/Defs/Absorbed_KotorWeapons/ThingDefs_Apparel/Absorbed_KotorWeapons_Apparel_KotORHeroApparel.xml
Armoury,HairDef,guy762_Hair_Traya,Darth Traya,STRUCTURAL (no description in vanilla either),Armoury/Defs/Absorbed_KotorWeapons/ThingDefs_Apparel/Absorbed_KotorWeapons_Apparel_ImmortalusSithLords.xml
Armoury,JobDef,CarryToKoltoTank,,STRUCTURAL (no description in vanilla either),Armoury/Defs/Absorbed_KotorCore/ThingDefs_Resources/Absorbed_KotorCore_KotORResource_Kolto.xml
Armoury,JobDef,CastJumpOnce,,STRUCTURAL (no description in vanilla either),Armoury/Defs/Absorbed_KotorCore/Absorbed_KotorCore_JobDef_JumppackForMeleeAI.xml
Armoury,JobDef,EnterKoltoTank,,STRUCTURAL (no description in vanilla either),Armoury/Defs/Absorbed_KotorCore/ThingDefs_Resources/Absorbed_KotorCore_KotORResource_Kolto.xml
Armoury,JobDef,MinePocket_Job,,STRUCTURAL (no description in vanilla either),Armoury/Defs/Absorbed_KotorCore/Absorbed_KotorCore_JobDefs_misc.xml
Armoury,JobDef,guy762_Job_WatchTerminal,,STRUCTURAL (no description in vanilla either),Armoury/Defs/Absorbed_KotorCore/ThingDefs_Buildings/Absorbed_KotorCore_Building_DecorativeTerminals.xml
Armoury,JoyGiverDef,WatchHolo,,STRUCTURAL (no description in vanilla either),Armoury/Defs/Absorbed_KotorCore/ThingDefs_Buildings/Absorbed_KotorCore_Czerkatech_Holo.xml
Armoury,JoyGiverDef,guy762_JoyGiver_WatchDecorativeTerminal,,STRUCTURAL (no description in vanilla either),Armoury/Defs/Absorbed_KotorCore/ThingDefs_Buildings/Absorbed_KotorCore_Building_DecorativeTerminals.xml
Armoury,JoyGiverDef,guy762_JoyGiver_pazaak,,STRUCTURAL (no description in vanilla either),Armoury/Defs/Absorbed_KotorCore/ThingDefs_Buildings/Absorbed_KotorCore_Czerkatech_Table.xml
Armoury,LetterDef,SWCP_Letter_AcceptStoryteller,,STRUCTURAL (no description in vanilla either),Armoury/Defs/Absorbed_KotorCore/Absorbed_KotorCore_LetterDef_StorytellerJoiner.xml
Armoury,Lightsaber.HiltPartCategoryDef,guy762_SWForceLightsabersPartCategory_colorcrystal,Color Crystal,STRUCTURAL (no description in vanilla either),Armoury/Defs/Absorbed_AdditionalMods/kotorweapons/TheForceLightsabers/Absorbed_Kotorweapons_TheForceLightsabers_HiltPartDefs_KotORColorCrystals.xml
Armoury,Lightsaber.HiltPartCategoryDef,guy762_SWForceLightsabersPartCategory_focuscrystal,Focus Crystal,STRUCTURAL (no description in vanilla either),Armoury/Defs/Absorbed_AdditionalMods/kotorweapons/TheForceLightsabers/Absorbed_Kotorweapons_TheForceLightsabers_HiltPartDefs_KotORFocusingCrystals.xml
Armoury,Lightsaber.HiltPartCategoryDef,guy762_SWForceLightsabersPartCategory_powercrystal,Power Crystal,STRUCTURAL (no description in vanilla either),Armoury/Defs/Absorbed_AdditionalMods/kotorweapons/TheForceLightsabers/Absorbed_Kotorweapons_TheForceLightsabers_HiltPartDefs_KotORPowerCrystals.xml
Armoury,ManeuverDef,guy762_Maneuver_SaberSlash,,STRUCTURAL (no description in vanilla either),Armoury/Defs/Absorbed_KotorCore/ThingDefs_WeaponsArmorsGadgets/Absorbed_KotorCore__BASE_SWKotORWeapons.xml
Armoury,ManeuverDef,guy762_Maneuver_SaberStab,,STRUCTURAL (no description in vanilla either),Armoury/Defs/Absorbed_KotorCore/ThingDefs_WeaponsArmorsGadgets/Absorbed_KotorCore__BASE_SWKotORWeapons.xml
Armoury,ModularWeapons2.ModularPartsMountDef,guy762_KotORMount_armortech,armor tech,STRUCTURAL (no description in vanilla either),Armoury/Defs/Absorbed_AdditionalMods/kotorcore/ModularWeapons2/Absorbed_Kotorcore_ModularWeapons2_ModularPartsMountsBase.xml
Armoury,ModularWeapons2.ModularPartsMountDef,guy762_KotORMount_beam_NoVerbs,beam splitter,STRUCTURAL (no description in vanilla either),Armoury/Defs/Absorbed_AdditionalMods/kotorcore/ModularWeapons2/Absorbed_Kotorcore_ModularWeapons2_ModularPartsMountsBase.xml
Armoury,ModularWeapons2.ModularPartsMountDef,guy762_KotORMount_beam_blasterDMG,beam splitter,STRUCTURAL (no description in vanilla either),Armoury/Defs/Absorbed_KotorWeapons/ModularPartDefs/Absorbed_KotorWeapons_ModularPartDefs_RangedVerbs_blasterDMG.xml
Armoury,ModularWeapons2.ModularPartsMountDef,guy762_KotORMount_beam_disruptorDMG,beam splitter,STRUCTURAL (no description in vanilla either),Armoury/Defs/Absorbed_KotorWeapons/ModularPartDefs/Absorbed_KotorWeapons_ModularPartDefs_RangedVerbs_disruptorDMG.xml
Armoury,ModularWeapons2.ModularPartsMountDef,guy762_KotORMount_beam_ionDMG,beam splitter,STRUCTURAL (no description in vanilla either),Armoury/Defs/Absorbed_KotorWeapons/ModularPartDefs/Absorbed_KotorWeapons_ModularPartDefs_RangedVerbs_ionDMG.xml
Armoury,ModularWeapons2.ModularPartsMountDef,guy762_KotORMount_beam_slugrifle,beam splitter,STRUCTURAL (no description in vanilla either),Armoury/Defs/Absorbed_KotorWeapons/ModularPartDefs/Absorbed_KotorWeapons_ModularPartDefs_RangedVerbs_BowcasterSlugrifles.xml
Armoury,ModularWeapons2.ModularPartsMountDef,guy762_KotORMount_beam_stunDMG,beam splitter,STRUCTURAL (no description in vanilla either),Armoury/Defs/Absorbed_KotorWeapons/ModularPartDefs/Absorbed_KotorWeapons_ModularPartDefs_RangedVerbs_stunDMG.xml
Armoury,ModularWeapons2.ModularPartsMountDef,guy762_KotORMount_chamber,firing chamber,STRUCTURAL (no description in vanilla either),Armoury/Defs/Absorbed_AdditionalMods/kotorcore/ModularWeapons2/Absorbed_Kotorcore_ModularWeapons2_ModularPartsMountsBase.xml
Armoury,ModularWeapons2.ModularPartsMountDef,guy762_KotORMount_core,core alloy,STRUCTURAL (no description in vanilla either),Armoury/Defs/Absorbed_AdditionalMods/kotorcore/ModularWeapons2/Absorbed_Kotorcore_ModularWeapons2_ModularPartsMountsBase.xml
Armoury,ModularWeapons2.ModularPartsMountDef,guy762_KotORMount_ecell,energy cell,STRUCTURAL (no description in vanilla either),Armoury/Defs/Absorbed_AdditionalMods/kotorcore/ModularWeapons2/Absorbed_Kotorcore_ModularWeapons2_ModularPartsMountsBase.xml
Armoury,ModularWeapons2.ModularPartsMountDef,guy762_KotORMount_ecell_electrostaff,energy cell,STRUCTURAL (no description in vanilla either),Armoury/Defs/Absorbed_AdditionalMods/kotorcore/ModularWeapons2/Absorbed_Kotorcore_ModularWeapons2_ModularPartsMountsBase.xml
Armoury,ModularWeapons2.ModularPartsMountDef,guy762_KotORMount_ecell_stunbaton,energy cell,STRUCTURAL (no description in vanilla either),Armoury/Defs/Absorbed_AdditionalMods/kotorcore/ModularWeapons2/Absorbed_Kotorcore_ModularWeapons2_ModularPartsMountsBase.xml
Armoury,ModularWeapons2.ModularPartsMountDef,guy762_KotORMount_ecell_vibroaxe,energy cell,STRUCTURAL (no description in vanilla either),Armoury/Defs/Absorbed_AdditionalMods/kotorcore/ModularWeapons2/Absorbed_Kotorcore_ModularWeapons2_ModularPartsMountsBase.xml
Armoury,ModularWeapons2.ModularPartsMountDef,guy762_KotORMount_ecell_vibroblade,energy cell,STRUCTURAL (no description in vanilla either),Armoury/Defs/Absorbed_AdditionalMods/kotorcore/ModularWeapons2/Absorbed_Kotorcore_ModularWeapons2_ModularPartsMountsBase.xml
Armoury,ModularWeapons2.ModularPartsMountDef,guy762_KotORMount_ecell_vibrodubblade,energy cell,STRUCTURAL (no description in vanilla either),Armoury/Defs/Absorbed_AdditionalMods/kotorcore/ModularWeapons2/Absorbed_Kotorcore_ModularWeapons2_ModularPartsMountsBase.xml
Armoury,ModularWeapons2.ModularPartsMountDef,guy762_KotORMount_ecell_vibroglaive,energy cell,STRUCTURAL (no description in vanilla either),Armoury/Defs/Absorbed_AdditionalMods/kotorcore/ModularWeapons2/Absorbed_Kotorcore_ModularWeapons2_ModularPartsMountsBase.xml
Armoury,ModularWeapons2.ModularPartsMountDef,guy762_KotORMount_ecell_vibrosword,energy cell,STRUCTURAL (no description in vanilla either),Armoury/Defs/Absorbed_AdditionalMods/kotorcore/ModularWeapons2/Absorbed_Kotorcore_ModularWeapons2_ModularPartsMountsBase.xml
Armoury,ModularWeapons2.ModularPartsMountDef,guy762_KotORMount_edge,blade edge,STRUCTURAL (no description in vanilla either),Armoury/Defs/Absorbed_AdditionalMods/kotorcore/ModularWeapons2/Absorbed_Kotorcore_ModularWeapons2_ModularPartsMountsBase.xml
Armoury,ModularWeapons2.ModularPartsMountDef,guy762_KotORMount_grip,melee grip,STRUCTURAL (no description in vanilla either),Armoury/Defs/Absorbed_AdditionalMods/kotorcore/ModularWeapons2/Absorbed_Kotorcore_ModularWeapons2_ModularPartsMountsBase.xml
Armoury,ModularWeapons2.ModularPartsMountDef,guy762_KotORMount_helmettech,helmet tech,STRUCTURAL (no description in vanilla either),Armoury/Defs/Absorbed_AdditionalMods/kotorcore/ModularWeapons2/Absorbed_Kotorcore_ModularWeapons2_ModularPartsMountsBase.xml
Armoury,ModularWeapons2.ModularPartsMountDef,guy762_KotORMount_jetpackmissile,jetpack missile,STRUCTURAL (no description in vanilla either),Armoury/Defs/Absorbed_AdditionalMods/kotorcore/ModularWeapons2/Absorbed_Kotorcore_ModularWeapons2_ModularPartsMountsBase.xml
Armoury,ModularWeapons2.ModularPartsMountDef,guy762_KotORMount_overlay,armor overlay,STRUCTURAL (no description in vanilla either),Armoury/Defs/Absorbed_AdditionalMods/kotorcore/ModularWeapons2/Absorbed_Kotorcore_ModularWeapons2_ModularPartsMountsBase.xml
Armoury,ModularWeapons2.ModularPartsMountDef,guy762_KotORMount_overlay_hvy,armor overlay (heavy),STRUCTURAL (no description in vanilla either),Armoury/Defs/Absorbed_AdditionalMods/kotorcore/ModularWeapons2/Absorbed_Kotorcore_ModularWeapons2_ModularPartsMountsBase.xml
Armoury,ModularWeapons2.ModularPartsMountDef,guy762_KotORMount_power_NoVerbs,power cell,STRUCTURAL (no description in vanilla either),Armoury/Defs/Absorbed_AdditionalMods/kotorcore/ModularWeapons2/Absorbed_Kotorcore_ModularWeapons2_ModularPartsMountsBase.xml
Armoury,ModularWeapons2.ModularPartsMountDef,guy762_KotORMount_power_blasterDMG,power cell,STRUCTURAL (no description in vanilla either),Armoury/Defs/Absorbed_KotorWeapons/ModularPartDefs/Absorbed_KotorWeapons_ModularPartDefs_RangedVerbs_blasterDMG.xml
Armoury,ModularWeapons2.ModularPartsMountDef,guy762_KotORMount_power_bowcaster,power cell,STRUCTURAL (no description in vanilla either),Armoury/Defs/Absorbed_KotorWeapons/ModularPartDefs/Absorbed_KotorWeapons_ModularPartDefs_RangedVerbs_BowcasterSlugrifles.xml
Armoury,ModularWeapons2.ModularPartsMountDef,guy762_KotORMount_power_disruptorDMG,power cell,STRUCTURAL (no description in vanilla either),Armoury/Defs/Absorbed_KotorWeapons/ModularPartDefs/Absorbed_KotorWeapons_ModularPartDefs_RangedVerbs_disruptorDMG.xml
Armoury,ModularWeapons2.ModularPartsMountDef,guy762_KotORMount_power_ionDMG,power cell,STRUCTURAL (no description in vanilla either),Armoury/Defs/Absorbed_KotorWeapons/ModularPartDefs/Absorbed_KotorWeapons_ModularPartDefs_RangedVerbs_ionDMG.xml
Armoury,ModularWeapons2.ModularPartsMountDef,guy762_KotORMount_power_slugrifle,power cell,STRUCTURAL (no description in vanilla either),Armoury/Defs/Absorbed_KotorWeapons/ModularPartDefs/Absorbed_KotorWeapons_ModularPartDefs_RangedVerbs_BowcasterSlugrifles.xml
Armoury,ModularWeapons2.ModularPartsMountDef,guy762_KotORMount_power_stunDMG,power cell,STRUCTURAL (no description in vanilla either),Armoury/Defs/Absorbed_KotorWeapons/ModularPartDefs/Absorbed_KotorWeapons_ModularPartDefs_RangedVerbs_stunDMG.xml
Armoury,ModularWeapons2.ModularPartsMountDef,guy762_KotORMount_scope,scope,STRUCTURAL (no description in vanilla either),Armoury/Defs/Absorbed_AdditionalMods/kotorcore/ModularWeapons2/Absorbed_Kotorcore_ModularWeapons2_ModularPartsMountsBase.xml
Armoury,ModularWeapons2.ModularPartsMountDef,guy762_KotORMount_trigger_NoVerbs,trigger,STRUCTURAL (no description in vanilla either),Armoury/Defs/Absorbed_AdditionalMods/kotorcore/ModularWeapons2/Absorbed_Kotorcore_ModularWeapons2_ModularPartsMountsBase.xml
Armoury,ModularWeapons2.ModularPartsMountDef,guy762_KotORMount_trigger_blasterDMG,trigger,STRUCTURAL (no description in vanilla either),Armoury/Defs/Absorbed_KotorWeapons/ModularPartDefs/Absorbed_KotorWeapons_ModularPartDefs_RangedVerbs_blasterDMG.xml
Armoury,ModularWeapons2.ModularPartsMountDef,guy762_KotORMount_trigger_disruptorDMG,trigger,STRUCTURAL (no description in vanilla either),Armoury/Defs/Absorbed_KotorWeapons/ModularPartDefs/Absorbed_KotorWeapons_ModularPartDefs_RangedVerbs_disruptorDMG.xml
Armoury,ModularWeapons2.ModularPartsMountDef,guy762_KotORMount_trigger_hvyrep,trigger,STRUCTURAL (no description in vanilla either),Armoury/Defs/Absorbed_KotorWeapons/ModularPartDefs/Absorbed_KotorWeapons_ModularPartDefs_RangedVerbs_LightHeavyRepeaters.xml
Armoury,ModularWeapons2.ModularPartsMountDef,guy762_KotORMount_trigger_ionDMG,trigger,STRUCTURAL (no description in vanilla either),Armoury/Defs/Absorbed_KotorWeapons/ModularPartDefs/Absorbed_KotorWeapons_ModularPartDefs_RangedVerbs_ionDMG.xml
Armoury,ModularWeapons2.ModularPartsMountDef,guy762_KotORMount_trigger_lgtrep,trigger,STRUCTURAL (no description in vanilla either),Armoury/Defs/Absorbed_KotorWeapons/ModularPartDefs/Absorbed_KotorWeapons_ModularPartDefs_RangedVerbs_LightHeavyRepeaters.xml
Armoury,ModularWeapons2.ModularPartsMountDef,guy762_KotORMount_trigger_stunDMG,trigger,STRUCTURAL (no description in vanilla either),Armoury/Defs/Absorbed_KotorWeapons/ModularPartDefs/Absorbed_KotorWeapons_ModularPartDefs_RangedVerbs_stunDMG.xml
Armoury,ModularWeapons2.ModularPartsMountDef,guy762_KotORMount_underlay,armor underlay,STRUCTURAL (no description in vanilla either),Armoury/Defs/Absorbed_AdditionalMods/kotorcore/ModularWeapons2/Absorbed_Kotorcore_ModularWeapons2_ModularPartsMountsBase.xml
Armoury,ModularWeapons2.ModularPartsMountDef,guy762_KotORMount_underlay_hat,headgear underlay,STRUCTURAL (no description in vanilla either),Armoury/Defs/Absorbed_AdditionalMods/kotorcore/ModularWeapons2/Absorbed_Kotorcore_ModularWeapons2_ModularPartsMountsBase.xml
Armoury,ModularWeapons2.ModularPartsMountDef,guy762_KotORMount_underlay_hvy,armor underlay (heavy),STRUCTURAL (no description in vanilla either),Armoury/Defs/Absorbed_AdditionalMods/kotorcore/ModularWeapons2/Absorbed_Kotorcore_ModularWeapons2_ModularPartsMountsBase.xml
Armoury,ModularWeapons2.ModularPartsMountDef,guy762_KotORMount_underlay_robe,armor underlay (robe),STRUCTURAL (no description in vanilla either),Armoury/Defs/Absorbed_AdditionalMods/kotorcore/ModularWeapons2/Absorbed_Kotorcore_ModularWeapons2_ModularPartsMountsBase.xml
Armoury,ModularWeapons2.ModularPartsMountDef,guy762_KotORMount_visortech,visor tech,STRUCTURAL (no description in vanilla either),Armoury/Defs/Absorbed_AdditionalMods/kotorcore/ModularWeapons2/Absorbed_Kotorcore_ModularWeapons2_ModularPartsMountsBase.xml
Armoury,ModularWeapons2.ModularPartsMountDef,guy762_KotORMount_wristgun,wrist-mounted weapon,STRUCTURAL (no description in vanilla either),Armoury/Defs/Absorbed_AdditionalMods/kotorcore/ModularWeapons2/Absorbed_Kotorcore_ModularWeapons2_ModularPartsMountsBase.xml
Armoury,PawnGroupKindDef,SWCP_PawnGroupKind_TaxCollector,,STRUCTURAL (no description in vanilla either),Armoury/Defs/Absorbed_KotorCore/Absorbed_KotorCore_PawnGroupKind_TaxCollectors.xml
Armoury,PawnKindDef,SWPotF_ysalamir,ysalamir,STRUCTURAL (no description in vanilla either),Armoury/Defs/Absorbed_AdditionalMods/kotorcore/VEF/Absorbed_Kotorcore_VEF_Ysalamiri.xml
Armoury,PipeSystem.PipeNetDef,KotORPipeSystem_Rhydonium,,STRUCTURAL (no description in vanilla either),Armoury/Defs/Absorbed_AdditionalMods/kotorcore/VEF/Absorbed_Kotorcore_VEF_KotORPipeSystem_Rhydonium.xml
Armoury,PipeSystem.PipeNetDef,KotORPipeSystem_Tibanna,,STRUCTURAL (no description in vanilla either),Armoury/Defs/Absorbed_AdditionalMods/kotorcore/VEF/Absorbed_Kotorcore_VEF_KotORPipeSystem_Tibanna.xml
Armoury,PrefabDef,guy762_DevPrefab_FullMapParkingLotRuler,,STRUCTURAL (no description in vanilla either),Armoury/Defs/Absorbed_KotorCore/Absorbed_KotorCore_DevPrefab_ParkingLotRuler.xml
Armoury,PrefabDef,guy762_DevPrefab_ParkingLotRuler,,STRUCTURAL (no description in vanilla either),Armoury/Defs/Absorbed_KotorCore/Absorbed_KotorCore_DevPrefab_ParkingLotRuler.xml
Armoury,ResearchTabDef,MM_StarWarsShipTab,Star Wars Ships,STRUCTURAL (no description in vanilla either),Armoury/Defs/Absorbed_AdditionalMods/kotorcore/BTDKotORGravships/Absorbed_Kotorcore_BTDKotORGravships_ResearchTabs.xml
Armoury,ResearchTabDef,kotor_ResearchTab,SWKotOR,STRUCTURAL (no description in vanilla either),Armoury/Defs/Absorbed_KotorCore/researchDefs/Absorbed_KotorCore_Czerkatech_Base_Research.xml
Armoury,RulePackDef,NamerWeaponLightsaber,,STRUCTURAL (no description in vanilla either),Armoury/Defs/Absorbed_KotorWeapons/ThingDefs_Weapons/Absorbed_KotorWeapons_lightsabernames.xml
Armoury,RulePackDef,SWCP_NamerCloneTrooper,,STRUCTURAL (no description in vanilla either),Armoury/Defs/Absorbed_KotorCore/Absorbed_KotorCore_RulePackDefs_CloneTrooper.xml
Armoury,RulePackDef,guy762_NamerPawnKindFiles_Inquisitorus,,STRUCTURAL (no description in vanilla either),Armoury/Defs/Absorbed_KotorCore/Absorbed_KotorCore_RulePacks_StormtrooperNameMaker.xml
Armoury,RulePackDef,guy762_NamerPawnKindFiles_StormtrooperID,,STRUCTURAL (no description in vanilla either),Armoury/Defs/Absorbed_KotorCore/Absorbed_KotorCore_RulePacks_StormtrooperNameMaker.xml
Armoury,RulePackDef,guy762_NamerPawnKind_FemaleInquisitor,,STRUCTURAL (no description in vanilla either),Armoury/Defs/Absorbed_KotorCore/Absorbed_KotorCore_RulePacks_StormtrooperNameMaker.xml
Armoury,RulePackDef,guy762_NamerPawnKind_MaleInquisitor,,STRUCTURAL (no description in vanilla either),Armoury/Defs/Absorbed_KotorCore/Absorbed_KotorCore_RulePacks_StormtrooperNameMaker.xml
Armoury,RulePackDef,guy762_NamerPawnKind_RaptorID,,STRUCTURAL (no description in vanilla either),Armoury/Defs/Absorbed_KotorCore/Absorbed_KotorCore_RulePacks_StormtrooperNameMaker.xml
Armoury,RulePackDef,guy762_NamerPawnKind_RaptorPilotID,,STRUCTURAL (no description in vanilla either),Armoury/Defs/Absorbed_KotorCore/Absorbed_KotorCore_RulePacks_StormtrooperNameMaker.xml
Armoury,RulePackDef,guy762_NamerPawnKind_StormtrooperID,,STRUCTURAL (no description in vanilla either),Armoury/Defs/Absorbed_KotorCore/Absorbed_KotorCore_RulePacks_StormtrooperNameMaker.xml
Armoury,RulePackDef,guy762_NamerPawnKind_TIEPilotID,,STRUCTURAL (no description in vanilla either),Armoury/Defs/Absorbed_KotorCore/Absorbed_KotorCore_RulePacks_StormtrooperNameMaker.xml
Armoury,SoundDef,Interceptor_BlockProjectile,,STRUCTURAL (no description in vanilla either),Armoury/Defs/Absorbed_KotorCore/SoundDefs/Absorbed_KotorCore_Sounds_Lightsaber.xml
Armoury,SoundDef,RSW_12-blaster-pistol-sound-effect,,STRUCTURAL (no description in vanilla either),Armoury/Defs/SoundDefs/Absorbed_JDSArmory_Sounds.xml
Armoury,SoundDef,RSW_14_blaster_pistol_Shot,,STRUCTURAL (no description in vanilla either),Armoury/Defs/SoundDefs/Absorbed_JDSArmory_Sounds.xml
Armoury,SoundDef,RSW_16_Carbine_Rifle_Shot,,STRUCTURAL (no description in vanilla either),Armoury/Defs/SoundDefs/Absorbed_JDSArmory_Sounds.xml
Armoury,SoundDef,RSW_180Blaster_Pistol_Shot,,STRUCTURAL (no description in vanilla either),Armoury/Defs/SoundDefs/Absorbed_JDSArmory_Sounds.xml
Armoury,SoundDef,RSW_1Mandalorian_Blaster_Weapon_Shot,,STRUCTURAL (no description in vanilla either),Armoury/Defs/SoundDefs/Absorbed_JDSArmory_Sounds.xml
Armoury,SoundDef,RSW_2Mandalorian_Blaster_Weapon_Shot,,STRUCTURAL (no description in vanilla either),Armoury/Defs/SoundDefs/Absorbed_JDSArmory_Sounds.xml
Armoury,SoundDef,RSW_38x-targeting-rifle-sound-effects-battlefront-ii,,STRUCTURAL (no description in vanilla either),Armoury/Defs/SoundDefs/Absorbed_JDSArmory_Sounds.xml
Armoury,SoundDef,RSW_3Mandalorian_Blaster_Weapon_Shot,,STRUCTURAL (no description in vanilla either),Armoury/Defs/SoundDefs/Absorbed_JDSArmory_Sounds.xml
Armoury,SoundDef,RSW_4Mandalorian_Blaster_Weapon_Shot,,STRUCTURAL (no description in vanilla either),Armoury/Defs/SoundDefs/Absorbed_JDSArmory_Sounds.xml
Armoury,SoundDef,RSW_B-2_Wrist_Blaster_Shot,,STRUCTURAL (no description in vanilla either),Armoury/Defs/SoundDefs/Absorbed_JDSArmory_Sounds.xml
Armoury,SoundDef,RSW_B-2_Wrist_Cannon_Shot,,STRUCTURAL (no description in vanilla either),Armoury/Defs/SoundDefs/Absorbed_JDSArmory_Sounds.xml
Armoury,SoundDef,RSW_DC-15A_Blaster_Rifle_Shot,,STRUCTURAL (no description in vanilla either),Armoury/Defs/SoundDefs/Absorbed_JDSArmory_Sounds.xml
Armoury,SoundDef,RSW_DC-15S_Blaster_Carbine_Shot,,STRUCTURAL (no description in vanilla either),Armoury/Defs/SoundDefs/Absorbed_JDSArmory_Sounds.xml
Armoury,SoundDef,RSW_DC-17_Blaster_Pistol_Shot,,STRUCTURAL (no description in vanilla either),Armoury/Defs/SoundDefs/Absorbed_JDSArmory_Sounds.xml
Armoury,SoundDef,RSW_Droidek_Shot,,STRUCTURAL (no description in vanilla either),Armoury/Defs/SoundDefs/Absorbed_JDSArmory_Sounds.xml
Armoury,SoundDef,RSW_E-5_Bblaster_Rifle_Shot,,STRUCTURAL (no description in vanilla either),Armoury/Defs/SoundDefs/Absorbed_JDSArmory_Sounds.xml
Armoury,SoundDef,RSW_RNShotEWebMG,,STRUCTURAL (no description in vanilla either),Armoury/Defs/SoundDefs/Absorbed_Eweb_Sounds.xml
Armoury,SoundDef,RSW_Rifle_Shot1,,STRUCTURAL (no description in vanilla either),Armoury/Defs/SoundDefs/Absorbed_JDSArmory_Sounds.xml
Armoury,SoundDef,RSW_Z6_Rotary_Blaster_Cannon_Shot,,STRUCTURAL (no description in vanilla either),Armoury/Defs/SoundDefs/Absorbed_JDSArmory_Sounds.xml
Armoury,SoundDef,kotorsound_AAT_idle,,STRUCTURAL (no description in vanilla either),Armoury/Defs/Absorbed_KotorCore/SoundDefs/Absorbed_KotorCore_VehicleSounds_Engines.xml
Armoury,SoundDef,kotorsound_AAT_moving,,STRUCTURAL (no description in vanilla either),Armoury/Defs/Absorbed_KotorCore/SoundDefs/Absorbed_KotorCore_VehicleSounds_Engines.xml
Armoury,SoundDef,kotorsound_AATgun,,STRUCTURAL (no description in vanilla either),Armoury/Defs/Absorbed_KotorCore/SoundDefs/Absorbed_KotorCore_VehicleSounds_Weapons.xml
Armoury,SoundDef,kotorsound_AATgun_quiet,,STRUCTURAL (no description in vanilla either),Armoury/Defs/Absorbed_KotorCore/SoundDefs/Absorbed_KotorCore_WeaponSounds_SWWarlords.xml
Armoury,SoundDef,kotorsound_ATPTgun,,STRUCTURAL (no description in vanilla either),Armoury/Defs/Absorbed_KotorCore/SoundDefs/Absorbed_KotorCore_VehicleSounds_Weapons.xml
Armoury,SoundDef,kotorsound_ATPTsteppy,,STRUCTURAL (no description in vanilla either),Armoury/Defs/Absorbed_KotorCore/SoundDefs/Absorbed_KotorCore_VehicleSounds_Engines.xml
Armoury,SoundDef,kotorsound_ATSTgun,,STRUCTURAL (no description in vanilla either),Armoury/Defs/Absorbed_KotorCore/SoundDefs/Absorbed_KotorCore_VehicleSounds_Weapons.xml
Armoury,SoundDef,kotorsound_ATSTsteppy,,STRUCTURAL (no description in vanilla either),Armoury/Defs/Absorbed_KotorCore/SoundDefs/Absorbed_KotorCore_VehicleSounds_Engines.xml
Armoury,SoundDef,kotorsound_AllRepComMetalCreaking,,STRUCTURAL (no description in vanilla either),Armoury/Defs/Absorbed_KotorCore/SoundDefs/Absorbed_KotorCore_BuildingSounds_RandomAmbienceNoises.xml
Armoury,SoundDef,kotorsound_B2SBD_heavygun,,STRUCTURAL (no description in vanilla either),Armoury/Defs/Absorbed_KotorCore/SoundDefs/Absorbed_KotorCore_WeaponSounds_SWWarlords.xml
Armoury,SoundDef,kotorsound_BF1missile,,STRUCTURAL (no description in vanilla either),Armoury/Defs/Absorbed_KotorCore/SoundDefs/Absorbed_KotorCore_WeaponSounds_Missiles.xml
Armoury,SoundDef,kotorsound_BeepsAndBoopsMix,,STRUCTURAL (no description in vanilla either),Armoury/Defs/Absorbed_KotorCore/SoundDefs/Absorbed_KotorCore_Sounds_Misc.xml
Armoury,SoundDef,kotorsound_CISpistol,,STRUCTURAL (no description in vanilla either),Armoury/Defs/Absorbed_KotorCore/SoundDefs/Absorbed_KotorCore_WeaponSounds_SWWarlords.xml
Armoury,SoundDef,kotorsound_DC15aRifle,,STRUCTURAL (no description in vanilla either),Armoury/Defs/Absorbed_KotorCore/SoundDefs/Absorbed_KotorCore_WeaponSounds_SWWarlords.xml
Armoury,SoundDef,kotorsound_DC15cCarbine,,STRUCTURAL (no description in vanilla either),Armoury/Defs/Absorbed_KotorCore/SoundDefs/Absorbed_KotorCore_WeaponSounds_SWWarlords.xml
Armoury,SoundDef,kotorsound_DC17sPistol,,STRUCTURAL (no description in vanilla either),Armoury/Defs/Absorbed_KotorCore/SoundDefs/Absorbed_KotorCore_WeaponSounds_SWWarlords.xml
Armoury,SoundDef,kotorsound_DL18pistol,,STRUCTURAL (no description in vanilla either),Armoury/Defs/Absorbed_KotorCore/SoundDefs/Absorbed_KotorCore_WeaponSounds_SWWarlords.xml
Armoury,SoundDef,kotorsound_DL18pistol_snipe,,STRUCTURAL (no description in vanilla either),Armoury/Defs/Absorbed_KotorCore/SoundDefs/Absorbed_KotorCore_WeaponSounds_SWWarlords.xml
Armoury,SoundDef,kotorsound_DL21pistol,,STRUCTURAL (no description in vanilla either),Armoury/Defs/Absorbed_KotorCore/SoundDefs/Absorbed_KotorCore_WeaponSounds_SWWarlords.xml
Armoury,SoundDef,kotorsound_DL21pistol_trishot,,STRUCTURAL (no description in vanilla either),Armoury/Defs/Absorbed_KotorCore/SoundDefs/Absorbed_KotorCore_WeaponSounds_SWWarlords.xml
Armoury,SoundDef,kotorsound_DLT18rifle,,STRUCTURAL (no description in vanilla either),Armoury/Defs/Absorbed_KotorCore/SoundDefs/Absorbed_KotorCore_WeaponSounds_SWWarlords.xml
Armoury,SoundDef,kotorsound_DLT19repeater,,STRUCTURAL (no description in vanilla either),Armoury/Defs/Absorbed_KotorCore/SoundDefs/Absorbed_KotorCore_WeaponSounds_SWWarlords.xml
Armoury,SoundDef,kotorsound_DroidOff,,STRUCTURAL (no description in vanilla either),Armoury/Defs/Absorbed_KotorCore/SoundDefs/Absorbed_KotorCore_Sounds_Misc.xml
Armoury,SoundDef,kotorsound_DroidOn,,STRUCTURAL (no description in vanilla either),Armoury/Defs/Absorbed_KotorCore/SoundDefs/Absorbed_KotorCore_Sounds_Misc.xml
Armoury,SoundDef,kotorsound_E11alt,,STRUCTURAL (no description in vanilla either),Armoury/Defs/Absorbed_KotorCore/SoundDefs/Absorbed_KotorCore_WeaponSounds_SWWarlords.xml
Armoury,SoundDef,kotorsound_E11carbine,,STRUCTURAL (no description in vanilla either),Armoury/Defs/Absorbed_KotorCore/SoundDefs/Absorbed_KotorCore_WeaponSounds_SWWarlords.xml
Armoury,SoundDef,kotorsound_E5alt,,STRUCTURAL (no description in vanilla either),Armoury/Defs/Absorbed_KotorCore/SoundDefs/Absorbed_KotorCore_WeaponSounds_SWWarlords.xml
Armoury,SoundDef,kotorsound_E5blaster,,STRUCTURAL (no description in vanilla either),Armoury/Defs/Absorbed_KotorCore/SoundDefs/Absorbed_KotorCore_WeaponSounds_SWWarlords.xml
Armoury,SoundDef,kotorsound_EE3carbine,,STRUCTURAL (no description in vanilla either),Armoury/Defs/Absorbed_KotorCore/SoundDefs/Absorbed_KotorCore_WeaponSounds_SWWarlords.xml
Armoury,SoundDef,kotorsound_EE3carbine_alt,,STRUCTURAL (no description in vanilla either),Armoury/Defs/Absorbed_KotorCore/SoundDefs/Absorbed_KotorCore_WeaponSounds_SWWarlords.xml
Armoury,SoundDef,kotorsound_EaWturbolaser,,STRUCTURAL (no description in vanilla either),Armoury/Defs/Absorbed_KotorCore/SoundDefs/Absorbed_KotorCore_WeaponSounds_Cannons.xml
Armoury,SoundDef,kotorsound_EaWturret,,STRUCTURAL (no description in vanilla either),Armoury/Defs/Absorbed_KotorCore/SoundDefs/Absorbed_KotorCore_VehicleSounds_Weapons.xml
Armoury,SoundDef,kotorsound_EaWturret_AA,,STRUCTURAL (no description in vanilla either),Armoury/Defs/Absorbed_KotorCore/SoundDefs/Absorbed_KotorCore_VehicleSounds_Weapons.xml
Armoury,SoundDef,kotorsound_GALAARrifle,,STRUCTURAL (no description in vanilla either),Armoury/Defs/Absorbed_KotorCore/SoundDefs/Absorbed_KotorCore_WeaponSounds_SWWarlords.xml
Armoury,SoundDef,kotorsound_GoldeneyeRifle,,STRUCTURAL (no description in vanilla either),Armoury/Defs/Absorbed_KotorCore/SoundDefs/Absorbed_KotorCore_WeaponSounds_Special.xml
Armoury,SoundDef,kotorsound_GonkDroid,,STRUCTURAL (no description in vanilla either),Armoury/Defs/Absorbed_KotorCore/SoundDefs/Absorbed_KotorCore_Kotor_Misc_Sounds.xml
Armoury,SoundDef,kotorsound_GonkDroid_destroyed,,STRUCTURAL (no description in vanilla either),Armoury/Defs/Absorbed_KotorCore/SoundDefs/Absorbed_KotorCore_Kotor_Misc_Sounds.xml
Armoury,SoundDef,kotorsound_HologramSFXMix,,STRUCTURAL (no description in vanilla either),Armoury/Defs/Absorbed_KotorCore/SoundDefs/Absorbed_KotorCore_Sounds_Misc.xml
Armoury,SoundDef,kotorsound_JKammobank,,STRUCTURAL (no description in vanilla either),Armoury/Defs/Absorbed_KotorCore/SoundDefs/Absorbed_KotorCore_Sounds_Misc.xml
Armoury,SoundDef,kotorsound_JKdetpack_stick,,STRUCTURAL (no description in vanilla either),Armoury/Defs/Absorbed_KotorCore/SoundDefs/Absorbed_KotorCore_WeaponSounds_Misc.xml
Armoury,SoundDef,kotorsound_JKdetpack_throw,,STRUCTURAL (no description in vanilla either),Armoury/Defs/Absorbed_KotorCore/SoundDefs/Absorbed_KotorCore_WeaponSounds_Misc.xml
Armoury,SoundDef,kotorsound_JKdetpack_warning,,STRUCTURAL (no description in vanilla either),Armoury/Defs/Absorbed_KotorCore/SoundDefs/Absorbed_KotorCore_WeaponSounds_Misc.xml
Armoury,SoundDef,kotorsound_JKdisruptor,,STRUCTURAL (no description in vanilla either),Armoury/Defs/Absorbed_KotorCore/SoundDefs/Absorbed_KotorCore_WeaponSounds_SWWarlords.xml
Armoury,SoundDef,kotorsound_JKdisruptorbeam_oneshot,,STRUCTURAL (no description in vanilla either),Armoury/Defs/Absorbed_KotorCore/SoundDefs/Absorbed_KotorCore_WeaponSounds_SWWarlords.xml
Armoury,SoundDef,kotorsound_JKrepeater_AltFire,,STRUCTURAL (no description in vanilla either),Armoury/Defs/Absorbed_KotorCore/SoundDefs/Absorbed_KotorCore_WeaponSounds_SWWarlords.xml
Armoury,SoundDef,kotorsound_JKrepeater_AltFireExplode,,STRUCTURAL (no description in vanilla either),Armoury/Defs/Absorbed_KotorCore/SoundDefs/Absorbed_KotorCore_WeaponSounds_SWWarlords.xml
Armoury,SoundDef,kotorsound_JKrocket,,STRUCTURAL (no description in vanilla either),Armoury/Defs/Absorbed_KotorCore/SoundDefs/Absorbed_KotorCore_WeaponSounds_Missiles.xml
Armoury,SoundDef,kotorsound_JKrocket_alt,,STRUCTURAL (no description in vanilla either),Armoury/Defs/Absorbed_KotorCore/SoundDefs/Absorbed_KotorCore_WeaponSounds_Missiles.xml
Armoury,SoundDef,kotorsound_JKshieldbank,,STRUCTURAL (no description in vanilla either),Armoury/Defs/Absorbed_KotorCore/SoundDefs/Absorbed_KotorCore_Sounds_Misc.xml
Armoury,SoundDef,kotorsound_KotORUIBoopsMix,,STRUCTURAL (no description in vanilla either),Armoury/Defs/Absorbed_KotorCore/SoundDefs/Absorbed_KotorCore_Sounds_Misc.xml
Armoury,SoundDef,kotorsound_RT97Crepeater,,STRUCTURAL (no description in vanilla either),Armoury/Defs/Absorbed_KotorCore/SoundDefs/Absorbed_KotorCore_WeaponSounds_SWWarlords.xml
Armoury,SoundDef,kotorsound_RebelBlaster,,STRUCTURAL (no description in vanilla either),Armoury/Defs/Absorbed_KotorCore/SoundDefs/Absorbed_KotorCore_WeaponSounds_SWWarlords.xml
Armoury,SoundDef,kotorsound_RebelBlaster_heavy,,STRUCTURAL (no description in vanilla either),Armoury/Defs/Absorbed_KotorCore/SoundDefs/Absorbed_KotorCore_WeaponSounds_SWWarlords.xml
Armoury,SoundDef,kotorsound_RebelBlaster_heavy_louder,,STRUCTURAL (no description in vanilla either),Armoury/Defs/Absorbed_KotorCore/SoundDefs/Absorbed_KotorCore_WeaponSounds_SWWarlords.xml
Armoury,SoundDef,kotorsound_RebelBlaster_mix,,STRUCTURAL (no description in vanilla either),Armoury/Defs/Absorbed_KotorCore/SoundDefs/Absorbed_KotorCore_WeaponSounds_SWWarlords.xml
Armoury,SoundDef,kotorsound_RepComDC17MortarExplode,,STRUCTURAL (no description in vanilla either),Armoury/Defs/Absorbed_KotorCore/SoundDefs/Absorbed_KotorCore_WeaponSounds_SWWarlords.xml
Armoury,SoundDef,kotorsound_SBDtrishot,,STRUCTURAL (no description in vanilla either),Armoury/Defs/Absorbed_KotorCore/SoundDefs/Absorbed_KotorCore_WeaponSounds_Special.xml
Armoury,SoundDef,kotorsound_SE14pistol,,STRUCTURAL (no description in vanilla either),Armoury/Defs/Absorbed_KotorCore/SoundDefs/Absorbed_KotorCore_WeaponSounds_SWWarlords.xml
Armoury,SoundDef,kotorsound_SFmissile,,STRUCTURAL (no description in vanilla either),Armoury/Defs/Absorbed_KotorCore/SoundDefs/Absorbed_KotorCore_VehicleSounds_Weapons.xml
Armoury,SoundDef,kotorsound_SFtorp,,STRUCTURAL (no description in vanilla either),Armoury/Defs/Absorbed_KotorCore/SoundDefs/Absorbed_KotorCore_VehicleSounds_Weapons.xml
Armoury,SoundDef,kotorsound_SPHAT,,STRUCTURAL (no description in vanilla either),Armoury/Defs/Absorbed_KotorCore/SoundDefs/Absorbed_KotorCore_WeaponSounds_SWWarlords.xml
Armoury,SoundDef,kotorsound_SPHAT_beam,,STRUCTURAL (no description in vanilla either),Armoury/Defs/Absorbed_KotorCore/SoundDefs/Absorbed_KotorCore_WeaponSounds_Beams.xml
Armoury,SoundDef,kotorsound_SWGLrepeater,,STRUCTURAL (no description in vanilla either),Armoury/Defs/Absorbed_KotorCore/SoundDefs/Absorbed_KotorCore_WeaponSounds_SWWarlords.xml
Armoury,SoundDef,kotorsound_ShipAmbience_ActionVI,,STRUCTURAL (no description in vanilla either),Armoury/Defs/Absorbed_KotorCore/SoundDefs/Absorbed_KotorCore_BuildingSounds_ShipAmbience.xml
Armoury,SoundDef,kotorsound_ShipAmbience_CROCGozanti,,STRUCTURAL (no description in vanilla either),Armoury/Defs/Absorbed_KotorCore/SoundDefs/Absorbed_KotorCore_BuildingSounds_ShipAmbience.xml
Armoury,SoundDef,kotorsound_ShipAmbience_CivGozanti,,STRUCTURAL (no description in vanilla either),Armoury/Defs/Absorbed_KotorCore/SoundDefs/Absorbed_KotorCore_BuildingSounds_ShipAmbience.xml
Armoury,SoundDef,kotorsound_ShipAmbience_ImpGozanti,,STRUCTURAL (no description in vanilla either),Armoury/Defs/Absorbed_KotorCore/SoundDefs/Absorbed_KotorCore_BuildingSounds_ShipAmbience.xml
Armoury,SoundDef,kotorsound_ShipAmbience_RaiderCorvette,,STRUCTURAL (no description in vanilla either),Armoury/Defs/Absorbed_KotorCore/SoundDefs/Absorbed_KotorCore_BuildingSounds_ShipAmbience.xml
Armoury,SoundDef,kotorsound_ShipAmbience_YT1300transport,,STRUCTURAL (no description in vanilla either),Armoury/Defs/Absorbed_KotorCore/SoundDefs/Absorbed_KotorCore_BuildingSounds_ShipAmbience.xml
Armoury,SoundDef,kotorsound_SotEpulse,,STRUCTURAL (no description in vanilla either),Armoury/Defs/Absorbed_KotorCore/SoundDefs/Absorbed_KotorCore_WeaponSounds_Special.xml
Armoury,SoundDef,kotorsound_SubtleRepComMetalCreaking,,STRUCTURAL (no description in vanilla either),Armoury/Defs/Absorbed_KotorCore/SoundDefs/Absorbed_KotorCore_BuildingSounds_RandomAmbienceNoises.xml
Armoury,SoundDef,kotorsound_T21repeater,,STRUCTURAL (no description in vanilla either),Armoury/Defs/Absorbed_KotorCore/SoundDefs/Absorbed_KotorCore_WeaponSounds_SWWarlords.xml
Armoury,SoundDef,kotorsound_T2BGun,,STRUCTURAL (no description in vanilla either),Armoury/Defs/Absorbed_KotorCore/SoundDefs/Absorbed_KotorCore_VehicleSounds_Weapons.xml
Armoury,SoundDef,kotorsound_TIECrawlerGun,,STRUCTURAL (no description in vanilla either),Armoury/Defs/Absorbed_KotorCore/SoundDefs/Absorbed_KotorCore_VehicleSounds_Weapons.xml
Armoury,SoundDef,kotorsound_TIEgun,,STRUCTURAL (no description in vanilla either),Armoury/Defs/Absorbed_KotorCore/SoundDefs/Absorbed_KotorCore_VehicleSounds_Weapons.xml
Armoury,SoundDef,kotorsound_TIEgun_short,,STRUCTURAL (no description in vanilla either),Armoury/Defs/Absorbed_KotorCore/SoundDefs/Absorbed_KotorCore_VehicleSounds_Weapons.xml
Armoury,SoundDef,kotorsound_TankAntiInfantryGun,,STRUCTURAL (no description in vanilla either),Armoury/Defs/Absorbed_KotorCore/SoundDefs/Absorbed_KotorCore_VehicleSounds_Weapons.xml
Armoury,SoundDef,kotorsound_TankAntiVehicleGun,,STRUCTURAL (no description in vanilla either),Armoury/Defs/Absorbed_KotorCore/SoundDefs/Absorbed_KotorCore_VehicleSounds_Weapons.xml
Armoury,SoundDef,kotorsound_TankMissileLauncher,,STRUCTURAL (no description in vanilla either),Armoury/Defs/Absorbed_KotorCore/SoundDefs/Absorbed_KotorCore_VehicleSounds_Weapons.xml
Armoury,SoundDef,kotorsound_WESTARpistol,,STRUCTURAL (no description in vanilla either),Armoury/Defs/Absorbed_KotorCore/SoundDefs/Absorbed_KotorCore_WeaponSounds_SWWarlords.xml
Armoury,SoundDef,kotorsound_bag_close,,STRUCTURAL (no description in vanilla either),Armoury/Defs/Absorbed_KotorCore/SoundDefs/Absorbed_KotorCore_Sounds_Containers.xml
Armoury,SoundDef,kotorsound_bag_open,,STRUCTURAL (no description in vanilla either),Armoury/Defs/Absorbed_KotorCore/SoundDefs/Absorbed_KotorCore_Sounds_Containers.xml
Armoury,SoundDef,kotorsound_battlefrontshotgun,,STRUCTURAL (no description in vanilla either),Armoury/Defs/Absorbed_KotorCore/SoundDefs/Absorbed_KotorCore_WeaponSounds_SWWarlords.xml
Armoury,SoundDef,kotorsound_beam_midair,,STRUCTURAL (no description in vanilla either),Armoury/Defs/Absorbed_KotorCore/SoundDefs/Absorbed_KotorCore_VehicleSounds_Weapons.xml
Armoury,SoundDef,kotorsound_beamturret_fire,,STRUCTURAL (no description in vanilla either),Armoury/Defs/Absorbed_KotorCore/SoundDefs/Absorbed_KotorCore_VehicleSounds_Weapons.xml
Armoury,SoundDef,kotorsound_bigmissile,,STRUCTURAL (no description in vanilla either),Armoury/Defs/Absorbed_KotorCore/SoundDefs/Absorbed_KotorCore_WeaponSounds_Missiles.xml
Armoury,SoundDef,kotorsound_blade_hithard,,STRUCTURAL (no description in vanilla either),Armoury/Defs/Absorbed_KotorCore/SoundDefs/Absorbed_KotorCore_WeaponSounds_Melee.xml
Armoury,SoundDef,kotorsound_blade_hitsoft,,STRUCTURAL (no description in vanilla either),Armoury/Defs/Absorbed_KotorCore/SoundDefs/Absorbed_KotorCore_WeaponSounds_Melee.xml
Armoury,SoundDef,kotorsound_blade_swing,,STRUCTURAL (no description in vanilla either),Armoury/Defs/Absorbed_KotorCore/SoundDefs/Absorbed_KotorCore_WeaponSounds_Melee.xml
Armoury,SoundDef,kotorsound_blasterexplosion_mix,,STRUCTURAL (no description in vanilla either),Armoury/Defs/Absorbed_KotorCore/SoundDefs/Absorbed_KotorCore_WeaponSounds_Misc.xml
Armoury,SoundDef,kotorsound_blastspecial,,STRUCTURAL (no description in vanilla either),Armoury/Defs/Absorbed_KotorCore/SoundDefs/Absorbed_KotorCore_Sounds_Misc.xml
Armoury,SoundDef,kotorsound_blunt_hithard,,STRUCTURAL (no description in vanilla either),Armoury/Defs/Absorbed_KotorCore/SoundDefs/Absorbed_KotorCore_WeaponSounds_Melee.xml
Armoury,SoundDef,kotorsound_blunt_hitshield,,STRUCTURAL (no description in vanilla either),Armoury/Defs/Absorbed_KotorCore/SoundDefs/Absorbed_KotorCore_WeaponSounds_Melee.xml
Armoury,SoundDef,kotorsound_blunt_hitsoft,,STRUCTURAL (no description in vanilla either),Armoury/Defs/Absorbed_KotorCore/SoundDefs/Absorbed_KotorCore_WeaponSounds_Melee.xml
Armoury,SoundDef,kotorsound_bombdrop,,STRUCTURAL (no description in vanilla either),Armoury/Defs/Absorbed_KotorCore/SoundDefs/Absorbed_KotorCore_VehicleSounds_Weapons.xml
Armoury,SoundDef,kotorsound_bombletdrop,,STRUCTURAL (no description in vanilla either),Armoury/Defs/Absorbed_KotorCore/SoundDefs/Absorbed_KotorCore_VehicleSounds_Weapons.xml
Armoury,SoundDef,kotorsound_bombletexplode,,STRUCTURAL (no description in vanilla either),Armoury/Defs/Absorbed_KotorCore/SoundDefs/Absorbed_KotorCore_VehicleSounds_Weapons.xml
Armoury,SoundDef,kotorsound_bowcaster1,,STRUCTURAL (no description in vanilla either),Armoury/Defs/Absorbed_KotorCore/SoundDefs/Absorbed_KotorCore_WeaponSounds_Special.xml
Armoury,SoundDef,kotorsound_bowcaster2,,STRUCTURAL (no description in vanilla either),Armoury/Defs/Absorbed_KotorCore/SoundDefs/Absorbed_KotorCore_WeaponSounds_Special.xml
Armoury,SoundDef,kotorsound_bowcharge,,STRUCTURAL (no description in vanilla either),Armoury/Defs/Absorbed_KotorCore/SoundDefs/Absorbed_KotorCore_WeaponSounds_Misc.xml
Armoury,SoundDef,kotorsound_bryar,,STRUCTURAL (no description in vanilla either),Armoury/Defs/Absorbed_KotorCore/SoundDefs/Absorbed_KotorCore_WeaponSounds_SWWarlords.xml
Armoury,SoundDef,kotorsound_bryar_alt,,STRUCTURAL (no description in vanilla either),Armoury/Defs/Absorbed_KotorCore/SoundDefs/Absorbed_KotorCore_WeaponSounds_SWWarlords.xml
Armoury,SoundDef,kotorsound_building_BespinPressurizedDoor,,STRUCTURAL (no description in vanilla either),Armoury/Defs/Absorbed_KotorCore/SoundDefs/Absorbed_KotorCore_BuildingSounds_Doors.xml
Armoury,SoundDef,kotorsound_building_BiggerImperialDoor,,STRUCTURAL (no description in vanilla either),Armoury/Defs/Absorbed_KotorCore/SoundDefs/Absorbed_KotorCore_BuildingSounds_Doors.xml
Armoury,SoundDef,kotorsound_building_ClassicBiggerJKDoor,,STRUCTURAL (no description in vanilla either),Armoury/Defs/Absorbed_KotorCore/SoundDefs/Absorbed_KotorCore_BuildingSounds_Doors.xml
Armoury,SoundDef,kotorsound_building_ClassicJKDoor,,STRUCTURAL (no description in vanilla either),Armoury/Defs/Absorbed_KotorCore/SoundDefs/Absorbed_KotorCore_BuildingSounds_Doors.xml
Armoury,SoundDef,kotorsound_building_DoorClose,,STRUCTURAL (no description in vanilla either),Armoury/Defs/Absorbed_KotorCore/SoundDefs/Absorbed_KotorCore_BuildingSounds_Doors.xml
Armoury,SoundDef,kotorsound_building_ElectricCracklePowerGenerator,,STRUCTURAL (no description in vanilla either),Armoury/Defs/Absorbed_KotorCore/SoundDefs/Absorbed_KotorCore_BuildingSounds_Ambience_PowerGenerators.xml
Armoury,SoundDef,kotorsound_building_ImperialDoor,,STRUCTURAL (no description in vanilla either),Armoury/Defs/Absorbed_KotorCore/SoundDefs/Absorbed_KotorCore_BuildingSounds_Doors.xml
Armoury,SoundDef,kotorsound_building_OtherNarShaddaaDoor,,STRUCTURAL (no description in vanilla either),Armoury/Defs/Absorbed_KotorCore/SoundDefs/Absorbed_KotorCore_BuildingSounds_Doors.xml
Armoury,SoundDef,kotorsound_building_PowerGenerator,,STRUCTURAL (no description in vanilla either),Armoury/Defs/Absorbed_KotorCore/SoundDefs/Absorbed_KotorCore_BuildingSounds_Ambience_PowerGenerators.xml
Armoury,SoundDef,kotorsound_building_PressurizedDoor,,STRUCTURAL (no description in vanilla either),Armoury/Defs/Absorbed_KotorCore/SoundDefs/Absorbed_KotorCore_BuildingSounds_Doors.xml
Armoury,SoundDef,kotorsound_building_QuieterPowerGenerator,,STRUCTURAL (no description in vanilla either),Armoury/Defs/Absorbed_KotorCore/SoundDefs/Absorbed_KotorCore_BuildingSounds_Ambience_PowerGenerators.xml
Armoury,SoundDef,kotorsound_building_RuggedPressurizedDoor,,STRUCTURAL (no description in vanilla either),Armoury/Defs/Absorbed_KotorCore/SoundDefs/Absorbed_KotorCore_BuildingSounds_Doors.xml
Armoury,SoundDef,kotorsound_building_ShittyNarShaddaaDoor,,STRUCTURAL (no description in vanilla either),Armoury/Defs/Absorbed_KotorCore/SoundDefs/Absorbed_KotorCore_BuildingSounds_Doors.xml
Armoury,SoundDef,kotorsound_building_telemetry_ChirpsAndBeep,,STRUCTURAL (no description in vanilla either),Armoury/Defs/Absorbed_KotorCore/SoundDefs/Absorbed_KotorCore_BuildingSounds_Ambience.xml
Armoury,SoundDef,kotorsound_building_telemetry_ClassicWarble,,STRUCTURAL (no description in vanilla either),Armoury/Defs/Absorbed_KotorCore/SoundDefs/Absorbed_KotorCore_BuildingSounds_Ambience.xml
Armoury,SoundDef,kotorsound_building_telemetry_Purr,,STRUCTURAL (no description in vanilla either),Armoury/Defs/Absorbed_KotorCore/SoundDefs/Absorbed_KotorCore_BuildingSounds_Ambience.xml
Armoury,SoundDef,kotorsound_building_telemetry_RadarWithBloop,,STRUCTURAL (no description in vanilla either),Armoury/Defs/Absorbed_KotorCore/SoundDefs/Absorbed_KotorCore_BuildingSounds_Ambience.xml
Armoury,SoundDef,kotorsound_building_telemetry_SoftRattleWithCalculatingBeeps,,STRUCTURAL (no description in vanilla either),Armoury/Defs/Absorbed_KotorCore/SoundDefs/Absorbed_KotorCore_BuildingSounds_Ambience.xml
Armoury,SoundDef,kotorsound_building_telemetry_TrackingBoops,,STRUCTURAL (no description in vanilla either),Armoury/Defs/Absorbed_KotorCore/SoundDefs/Absorbed_KotorCore_BuildingSounds_Ambience.xml
Armoury,SoundDef,kotorsound_building_telemetry_VerySoftWarble,,STRUCTURAL (no description in vanilla either),Armoury/Defs/Absorbed_KotorCore/SoundDefs/Absorbed_KotorCore_BuildingSounds_Ambience.xml
Armoury,SoundDef,kotorsound_building_telemetry_WarbleWithSoftBeep,,STRUCTURAL (no description in vanilla either),Armoury/Defs/Absorbed_KotorCore/SoundDefs/Absorbed_KotorCore_BuildingSounds_Ambience.xml
Armoury,SoundDef,kotorsound_charric,,STRUCTURAL (no description in vanilla either),Armoury/Defs/Absorbed_KotorCore/SoundDefs/Absorbed_KotorCore_WeaponSounds_Special.xml
Armoury,SoundDef,kotorsound_cloak,,STRUCTURAL (no description in vanilla either),Armoury/Defs/Absorbed_KotorCore/SoundDefs/Absorbed_KotorCore_Sounds_Misc.xml
Armoury,SoundDef,kotorsound_damage_laserhit,,STRUCTURAL (no description in vanilla either),Armoury/Defs/Absorbed_KotorCore/SoundDefs/Absorbed_KotorCore_VehicleSounds_Misc.xml
Armoury,SoundDef,kotorsound_damage_scrape,,STRUCTURAL (no description in vanilla either),Armoury/Defs/Absorbed_KotorCore/SoundDefs/Absorbed_KotorCore_VehicleSounds_Misc.xml
Armoury,SoundDef,kotorsound_disbeam,,STRUCTURAL (no description in vanilla either),Armoury/Defs/Absorbed_KotorCore/SoundDefs/Absorbed_KotorCore_WeaponSounds_Beams.xml
Armoury,SoundDef,kotorsound_dl44_altfire,,STRUCTURAL (no description in vanilla either),Armoury/Defs/Absorbed_KotorCore/SoundDefs/Absorbed_KotorCore_WeaponSounds_SWWarlords.xml
Armoury,SoundDef,kotorsound_dl44han,,STRUCTURAL (no description in vanilla either),Armoury/Defs/Absorbed_KotorCore/SoundDefs/Absorbed_KotorCore_WeaponSounds_SWWarlords.xml
Armoury,SoundDef,kotorsound_ebonhawk,,STRUCTURAL (no description in vanilla either),Armoury/Defs/Absorbed_KotorCore/SoundDefs/Absorbed_KotorCore_VehicleSounds_Weapons.xml
Armoury,SoundDef,kotorsound_empirepistol,,STRUCTURAL (no description in vanilla either),Armoury/Defs/Absorbed_KotorCore/SoundDefs/Absorbed_KotorCore_WeaponSounds_SWWarlords.xml
Armoury,SoundDef,kotorsound_engineTIE,,STRUCTURAL (no description in vanilla either),Armoury/Defs/Absorbed_KotorCore/SoundDefs/Absorbed_KotorCore_VehicleSounds_Engines.xml
Armoury,SoundDef,kotorsound_enginehum_TIE,,STRUCTURAL (no description in vanilla either),Armoury/Defs/Absorbed_KotorCore/SoundDefs/Absorbed_KotorCore_VehicleSounds_Engines.xml
Armoury,SoundDef,kotorsound_enginehum_TIEBomber,,STRUCTURAL (no description in vanilla either),Armoury/Defs/Absorbed_KotorCore/SoundDefs/Absorbed_KotorCore_VehicleSounds_Engines.xml
Armoury,SoundDef,kotorsound_enginehum_XWing,,STRUCTURAL (no description in vanilla either),Armoury/Defs/Absorbed_KotorCore/SoundDefs/Absorbed_KotorCore_VehicleSounds_Engines.xml
Armoury,SoundDef,kotorsound_enginehum_YWing,,STRUCTURAL (no description in vanilla either),Armoury/Defs/Absorbed_KotorCore/SoundDefs/Absorbed_KotorCore_VehicleSounds_Engines.xml
Armoury,SoundDef,kotorsound_enginehum_firespray,,STRUCTURAL (no description in vanilla either),Armoury/Defs/Absorbed_KotorCore/SoundDefs/Absorbed_KotorCore_VehicleSounds_Engines.xml
Armoury,SoundDef,kotorsound_enginehum_freefall,,STRUCTURAL (no description in vanilla either),Armoury/Defs/Absorbed_KotorCore/SoundDefs/Absorbed_KotorCore_VehicleSounds_Engines.xml
Armoury,SoundDef,kotorsound_enginehum_havoc,,STRUCTURAL (no description in vanilla either),Armoury/Defs/Absorbed_KotorCore/SoundDefs/Absorbed_KotorCore_VehicleSounds_Engines.xml
Armoury,SoundDef,kotorsound_enginehum_lancet,,STRUCTURAL (no description in vanilla either),Armoury/Defs/Absorbed_KotorCore/SoundDefs/Absorbed_KotorCore_VehicleSounds_Engines.xml
Armoury,SoundDef,kotorsound_enginehum_n1naboo,,STRUCTURAL (no description in vanilla either),Armoury/Defs/Absorbed_KotorCore/SoundDefs/Absorbed_KotorCore_VehicleSounds_Engines.xml
Armoury,SoundDef,kotorsound_enginehum_sigil,,STRUCTURAL (no description in vanilla either),Armoury/Defs/Absorbed_KotorCore/SoundDefs/Absorbed_KotorCore_VehicleSounds_Engines.xml
Armoury,SoundDef,kotorsound_enginehum_snowspeeder,,STRUCTURAL (no description in vanilla either),Armoury/Defs/Absorbed_KotorCore/SoundDefs/Absorbed_KotorCore_VehicleSounds_Engines.xml
Armoury,SoundDef,kotorsound_enginehum_starviper,,STRUCTURAL (no description in vanilla either),Armoury/Defs/Absorbed_KotorCore/SoundDefs/Absorbed_KotorCore_VehicleSounds_Engines.xml
Armoury,SoundDef,kotorsound_firespraygun,,STRUCTURAL (no description in vanilla either),Armoury/Defs/Absorbed_KotorCore/SoundDefs/Absorbed_KotorCore_VehicleSounds_Weapons.xml
Armoury,SoundDef,kotorsound_flamethrower,,STRUCTURAL (no description in vanilla either),Armoury/Defs/Absorbed_KotorCore/SoundDefs/Absorbed_KotorCore_WeaponSounds_Beams.xml
Armoury,SoundDef,kotorsound_flechette,,STRUCTURAL (no description in vanilla either),Armoury/Defs/Absorbed_KotorCore/SoundDefs/Absorbed_KotorCore_WeaponSounds_SWWarlords.xml
Armoury,SoundDef,kotorsound_flechette_alt,,STRUCTURAL (no description in vanilla either),Armoury/Defs/Absorbed_KotorCore/SoundDefs/Absorbed_KotorCore_WeaponSounds_SWWarlords.xml
Armoury,SoundDef,kotorsound_footlocker_close,,STRUCTURAL (no description in vanilla either),Armoury/Defs/Absorbed_KotorCore/SoundDefs/Absorbed_KotorCore_Sounds_Containers.xml
Armoury,SoundDef,kotorsound_footlocker_open,,STRUCTURAL (no description in vanilla either),Armoury/Defs/Absorbed_KotorCore/SoundDefs/Absorbed_KotorCore_Sounds_Containers.xml
Armoury,SoundDef,kotorsound_fraggrenade,,STRUCTURAL (no description in vanilla either),Armoury/Defs/Absorbed_KotorCore/SoundDefs/Absorbed_KotorCore_WeaponSounds_Grenades.xml
Armoury,SoundDef,kotorsound_fusioncutter,,STRUCTURAL (no description in vanilla either),Armoury/Defs/Absorbed_KotorCore/SoundDefs/Absorbed_KotorCore_Sounds_Misc.xml
Armoury,SoundDef,kotorsound_fusioncutter_oneshot,,STRUCTURAL (no description in vanilla either),Armoury/Defs/Absorbed_KotorCore/SoundDefs/Absorbed_KotorCore_Sounds_Misc.xml
Armoury,SoundDef,kotorsound_grenadecook,,STRUCTURAL (no description in vanilla either),Armoury/Defs/Absorbed_KotorCore/SoundDefs/Absorbed_KotorCore_WeaponSounds_Grenades.xml
Armoury,SoundDef,kotorsound_grenadelauncher,,STRUCTURAL (no description in vanilla either),Armoury/Defs/Absorbed_KotorCore/SoundDefs/Absorbed_KotorCore_WeaponSounds_SWWarlords.xml
Armoury,SoundDef,kotorsound_grenadethrow,,STRUCTURAL (no description in vanilla either),Armoury/Defs/Absorbed_KotorCore/SoundDefs/Absorbed_KotorCore_WeaponSounds_Grenades.xml
Armoury,SoundDef,kotorsound_havocgun,,STRUCTURAL (no description in vanilla either),Armoury/Defs/Absorbed_KotorCore/SoundDefs/Absorbed_KotorCore_VehicleSounds_Weapons.xml
Armoury,SoundDef,kotorsound_havocturret,,STRUCTURAL (no description in vanilla either),Armoury/Defs/Absorbed_KotorCore/SoundDefs/Absorbed_KotorCore_VehicleSounds_Weapons.xml
Armoury,SoundDef,kotorsound_healbeam,,STRUCTURAL (no description in vanilla either),Armoury/Defs/Absorbed_KotorCore/SoundDefs/Absorbed_KotorCore_WeaponSounds_Beams.xml
Armoury,SoundDef,kotorsound_heavy1,,STRUCTURAL (no description in vanilla either),Armoury/Defs/Absorbed_KotorCore/SoundDefs/Absorbed_KotorCore_WeaponSounds_Basic.xml
Armoury,SoundDef,kotorsound_heavy2,,STRUCTURAL (no description in vanilla either),Armoury/Defs/Absorbed_KotorCore/SoundDefs/Absorbed_KotorCore_WeaponSounds_Basic.xml
Armoury,SoundDef,kotorsound_hovercar_idle,,STRUCTURAL (no description in vanilla either),Armoury/Defs/Absorbed_KotorCore/SoundDefs/Absorbed_KotorCore_VehicleSounds_Engines.xml
Armoury,SoundDef,kotorsound_hovercar_moving,,STRUCTURAL (no description in vanilla either),Armoury/Defs/Absorbed_KotorCore/SoundDefs/Absorbed_KotorCore_VehicleSounds_Engines.xml
Armoury,SoundDef,kotorsound_hovertank_idle,,STRUCTURAL (no description in vanilla either),Armoury/Defs/Absorbed_KotorCore/SoundDefs/Absorbed_KotorCore_VehicleSounds_Engines.xml
Armoury,SoundDef,kotorsound_hovertank_moving,,STRUCTURAL (no description in vanilla either),Armoury/Defs/Absorbed_KotorCore/SoundDefs/Absorbed_KotorCore_VehicleSounds_Engines.xml
Armoury,SoundDef,kotorsound_hovertankheavy_idle,,STRUCTURAL (no description in vanilla either),Armoury/Defs/Absorbed_KotorCore/SoundDefs/Absorbed_KotorCore_VehicleSounds_Engines.xml
Armoury,SoundDef,kotorsound_hovertankheavy_moving,,STRUCTURAL (no description in vanilla either),Armoury/Defs/Absorbed_KotorCore/SoundDefs/Absorbed_KotorCore_VehicleSounds_Engines.xml
Armoury,SoundDef,kotorsound_impsniper,,STRUCTURAL (no description in vanilla either),Armoury/Defs/Absorbed_KotorCore/SoundDefs/Absorbed_KotorCore_WeaponSounds_SWWarlords.xml
Armoury,SoundDef,kotorsound_impsniper_withtrail,,STRUCTURAL (no description in vanilla either),Armoury/Defs/Absorbed_KotorCore/SoundDefs/Absorbed_KotorCore_WeaponSounds_SWWarlords.xml
Armoury,SoundDef,kotorsound_inject,,STRUCTURAL (no description in vanilla either),Armoury/Defs/Absorbed_KotorCore/SoundDefs/Absorbed_KotorCore_Sounds_Misc.xml
Armoury,SoundDef,kotorsound_ionbeam,,STRUCTURAL (no description in vanilla either),Armoury/Defs/Absorbed_KotorCore/SoundDefs/Absorbed_KotorCore_WeaponSounds_Beams.xml
Armoury,SoundDef,kotorsound_ioncannon,,STRUCTURAL (no description in vanilla either),Armoury/Defs/Absorbed_KotorCore/SoundDefs/Absorbed_KotorCore_VehicleSounds_Weapons.xml
Armoury,SoundDef,kotorsound_ioncannon_small,,STRUCTURAL (no description in vanilla either),Armoury/Defs/Absorbed_KotorCore/SoundDefs/Absorbed_KotorCore_WeaponSounds_Cannons.xml
Armoury,SoundDef,kotorsound_ioncannon_small_louder,,STRUCTURAL (no description in vanilla either),Armoury/Defs/Absorbed_KotorCore/SoundDefs/Absorbed_KotorCore_WeaponSounds_Cannons.xml
Armoury,SoundDef,kotorsound_iongrenade,,STRUCTURAL (no description in vanilla either),Armoury/Defs/Absorbed_KotorCore/SoundDefs/Absorbed_KotorCore_WeaponSounds_Grenades.xml
Armoury,SoundDef,kotorsound_ionjawa,,STRUCTURAL (no description in vanilla either),Armoury/Defs/Absorbed_KotorCore/SoundDefs/Absorbed_KotorCore_WeaponSounds_Special.xml
Armoury,SoundDef,kotorsound_levelup,,STRUCTURAL (no description in vanilla either),Armoury/Defs/Absorbed_KotorCore/SoundDefs/Absorbed_KotorCore_Sounds_GUI.xml
Armoury,SoundDef,kotorsound_lightsaber_deflect,,STRUCTURAL (no description in vanilla either),Armoury/Defs/Absorbed_KotorCore/SoundDefs/Absorbed_KotorCore_Sounds_Lightsaber.xml
Armoury,SoundDef,kotorsound_lightsaber_hithard,,STRUCTURAL (no description in vanilla either),Armoury/Defs/Absorbed_KotorCore/SoundDefs/Absorbed_KotorCore_Sounds_Lightsaber.xml
Armoury,SoundDef,kotorsound_lightsaber_hitsoft,,STRUCTURAL (no description in vanilla either),Armoury/Defs/Absorbed_KotorCore/SoundDefs/Absorbed_KotorCore_Sounds_Lightsaber.xml
Armoury,SoundDef,kotorsound_lightsaber_off,,STRUCTURAL (no description in vanilla either),Armoury/Defs/Absorbed_KotorCore/SoundDefs/Absorbed_KotorCore_Sounds_Lightsaber.xml
Armoury,SoundDef,kotorsound_lightsaber_on,,STRUCTURAL (no description in vanilla either),Armoury/Defs/Absorbed_KotorCore/SoundDefs/Absorbed_KotorCore_Sounds_Lightsaber.xml
Armoury,SoundDef,kotorsound_lightsaber_swing,,STRUCTURAL (no description in vanilla either),Armoury/Defs/Absorbed_KotorCore/SoundDefs/Absorbed_KotorCore_Sounds_Lightsaber.xml
Armoury,SoundDef,kotorsound_lightsaber_swingsustainer,,STRUCTURAL (no description in vanilla either),Armoury/Defs/Absorbed_KotorCore/SoundDefs/Absorbed_KotorCore_Sounds_Lightsaber.xml
Armoury,SoundDef,kotorsound_lightwhip_hit,,STRUCTURAL (no description in vanilla either),Armoury/Defs/Absorbed_KotorCore/SoundDefs/Absorbed_KotorCore_Sounds_Lightsaber.xml
Armoury,SoundDef,kotorsound_lightwhip_swing,,STRUCTURAL (no description in vanilla either),Armoury/Defs/Absorbed_KotorCore/SoundDefs/Absorbed_KotorCore_Sounds_Lightsaber.xml
Armoury,SoundDef,kotorsound_lightwhip_swingsustainer,,STRUCTURAL (no description in vanilla either),Armoury/Defs/Absorbed_KotorCore/SoundDefs/Absorbed_KotorCore_Sounds_Lightsaber.xml
Armoury,SoundDef,kotorsound_lockpick,,STRUCTURAL (no description in vanilla either),Armoury/Defs/Absorbed_KotorCore/SoundDefs/Absorbed_KotorCore_Sounds_GUI.xml
Armoury,SoundDef,kotorsound_mantisiongun,,STRUCTURAL (no description in vanilla either),Armoury/Defs/Absorbed_KotorCore/SoundDefs/Absorbed_KotorCore_VehicleSounds_Weapons.xml
Armoury,SoundDef,kotorsound_massdrivergun,,STRUCTURAL (no description in vanilla either),Armoury/Defs/Absorbed_KotorCore/SoundDefs/Absorbed_KotorCore_WeaponSounds_Cannons.xml
Armoury,SoundDef,kotorsound_medicbelt_longerloop,,STRUCTURAL (no description in vanilla either),Armoury/Defs/Absorbed_KotorCore/SoundDefs/Absorbed_KotorCore_Sounds_Misc.xml
Armoury,SoundDef,kotorsound_medicbelt_loop,,STRUCTURAL (no description in vanilla either),Armoury/Defs/Absorbed_KotorCore/SoundDefs/Absorbed_KotorCore_Sounds_Misc.xml
Armoury,SoundDef,kotorsound_medicbelt_oneshot,,STRUCTURAL (no description in vanilla either),Armoury/Defs/Absorbed_KotorCore/SoundDefs/Absorbed_KotorCore_Sounds_Misc.xml
Armoury,SoundDef,kotorsound_medicbelt_smack,,STRUCTURAL (no description in vanilla either),Armoury/Defs/Absorbed_KotorCore/SoundDefs/Absorbed_KotorCore_Sounds_Misc.xml
Armoury,SoundDef,kotorsound_metalbox_close,,STRUCTURAL (no description in vanilla either),Armoury/Defs/Absorbed_KotorCore/SoundDefs/Absorbed_KotorCore_Sounds_Containers.xml
Armoury,SoundDef,kotorsound_metalbox_open,,STRUCTURAL (no description in vanilla either),Armoury/Defs/Absorbed_KotorCore/SoundDefs/Absorbed_KotorCore_Sounds_Containers.xml
Armoury,SoundDef,kotorsound_milleniumfalcongun,,STRUCTURAL (no description in vanilla either),Armoury/Defs/Absorbed_KotorCore/SoundDefs/Absorbed_KotorCore_VehicleSounds_Weapons.xml
Armoury,SoundDef,kotorsound_missile,,STRUCTURAL (no description in vanilla either),Armoury/Defs/Absorbed_KotorCore/SoundDefs/Absorbed_KotorCore_WeaponSounds_Missiles.xml
Armoury,SoundDef,kotorsound_missileflying,,STRUCTURAL (no description in vanilla either),Armoury/Defs/Absorbed_KotorCore/SoundDefs/Absorbed_KotorCore_WeaponSounds_Missiles.xml
Armoury,SoundDef,kotorsound_nantexgun,,STRUCTURAL (no description in vanilla either),Armoury/Defs/Absorbed_KotorCore/SoundDefs/Absorbed_KotorCore_VehicleSounds_Weapons.xml
Armoury,SoundDef,kotorsound_pistol,,STRUCTURAL (no description in vanilla either),Armoury/Defs/Absorbed_KotorCore/SoundDefs/Absorbed_KotorCore_WeaponSounds_Basic.xml
Armoury,SoundDef,kotorsound_plasmagrenade,,STRUCTURAL (no description in vanilla either),Armoury/Defs/Absorbed_KotorCore/SoundDefs/Absorbed_KotorCore_WeaponSounds_Grenades.xml
Armoury,SoundDef,kotorsound_plasteelcylinder_close,,STRUCTURAL (no description in vanilla either),Armoury/Defs/Absorbed_KotorCore/SoundDefs/Absorbed_KotorCore_Sounds_Containers.xml
Armoury,SoundDef,kotorsound_plasteelcylinder_open,,STRUCTURAL (no description in vanilla either),Armoury/Defs/Absorbed_KotorCore/SoundDefs/Absorbed_KotorCore_Sounds_Containers.xml
Armoury,SoundDef,kotorsound_poisongrenade,,STRUCTURAL (no description in vanilla either),Armoury/Defs/Absorbed_KotorCore/SoundDefs/Absorbed_KotorCore_WeaponSounds_Grenades.xml
Armoury,SoundDef,kotorsound_powercharge,,STRUCTURAL (no description in vanilla either),Armoury/Defs/Absorbed_KotorCore/SoundDefs/Absorbed_KotorCore_WeaponSounds_Misc.xml
Armoury,SoundDef,kotorsound_pp7goldeneye,,STRUCTURAL (no description in vanilla either),Armoury/Defs/Absorbed_KotorCore/SoundDefs/Absorbed_KotorCore_WeaponSounds_Special.xml
Armoury,SoundDef,kotorsound_protorp,,STRUCTURAL (no description in vanilla either),Armoury/Defs/Absorbed_KotorCore/SoundDefs/Absorbed_KotorCore_VehicleSounds_Weapons.xml
Armoury,SoundDef,kotorsound_protorp2,,STRUCTURAL (no description in vanilla either),Armoury/Defs/Absorbed_KotorCore/SoundDefs/Absorbed_KotorCore_VehicleSounds_Weapons.xml
Armoury,SoundDef,kotorsound_pulse,,STRUCTURAL (no description in vanilla either),Armoury/Defs/Absorbed_KotorCore/SoundDefs/Absorbed_KotorCore_WeaponSounds_Special.xml
Armoury,SoundDef,kotorsound_radiationbeam,,STRUCTURAL (no description in vanilla either),Armoury/Defs/Absorbed_KotorCore/SoundDefs/Absorbed_KotorCore_WeaponSounds_Beams.xml
Armoury,SoundDef,kotorsound_railgun,,STRUCTURAL (no description in vanilla either),Armoury/Defs/Absorbed_KotorCore/SoundDefs/Absorbed_KotorCore_WeaponSounds_Special.xml
Armoury,SoundDef,kotorsound_rebelsniper,,STRUCTURAL (no description in vanilla either),Armoury/Defs/Absorbed_KotorCore/SoundDefs/Absorbed_KotorCore_WeaponSounds_SWWarlords.xml
Armoury,SoundDef,kotorsound_relby,,STRUCTURAL (no description in vanilla either),Armoury/Defs/Absorbed_KotorCore/SoundDefs/Absorbed_KotorCore_WeaponSounds_SWWarlords.xml
Armoury,SoundDef,kotorsound_reloadlauncher,,STRUCTURAL (no description in vanilla either),Armoury/Defs/Absorbed_KotorCore/SoundDefs/Absorbed_KotorCore_VehicleSounds_Misc.xml
Armoury,SoundDef,kotorsound_republicsniper,,STRUCTURAL (no description in vanilla either),Armoury/Defs/Absorbed_KotorCore/SoundDefs/Absorbed_KotorCore_WeaponSounds_SWWarlords.xml
Armoury,SoundDef,kotorsound_rifle,,STRUCTURAL (no description in vanilla either),Armoury/Defs/Absorbed_KotorCore/SoundDefs/Absorbed_KotorCore_WeaponSounds_Basic.xml
Armoury,SoundDef,kotorsound_rocket,,STRUCTURAL (no description in vanilla either),Armoury/Defs/Absorbed_KotorCore/SoundDefs/Absorbed_KotorCore_WeaponSounds_Missiles.xml
Armoury,SoundDef,kotorsound_rocketflying,,STRUCTURAL (no description in vanilla either),Armoury/Defs/Absorbed_KotorCore/SoundDefs/Absorbed_KotorCore_WeaponSounds_Missiles.xml
Armoury,SoundDef,kotorsound_scrappile_close,,STRUCTURAL (no description in vanilla either),Armoury/Defs/Absorbed_KotorCore/SoundDefs/Absorbed_KotorCore_Sounds_Containers.xml
Armoury,SoundDef,kotorsound_scrappile_open,,STRUCTURAL (no description in vanilla either),Armoury/Defs/Absorbed_KotorCore/SoundDefs/Absorbed_KotorCore_Sounds_Containers.xml
Armoury,SoundDef,kotorsound_select_JKammo,,STRUCTURAL (no description in vanilla either),Armoury/Defs/Absorbed_KotorCore/SoundDefs/Absorbed_KotorCore_Sounds_Misc.xml
Armoury,SoundDef,kotorsound_select_JKdetpack,,STRUCTURAL (no description in vanilla either),Armoury/Defs/Absorbed_KotorCore/SoundDefs/Absorbed_KotorCore_Sounds_Misc.xml
Armoury,SoundDef,kotorsound_select_JKmedkit,,STRUCTURAL (no description in vanilla either),Armoury/Defs/Absorbed_KotorCore/SoundDefs/Absorbed_KotorCore_Sounds_Misc.xml
Armoury,SoundDef,kotorsound_select_JKshield,,STRUCTURAL (no description in vanilla either),Armoury/Defs/Absorbed_KotorCore/SoundDefs/Absorbed_KotorCore_Sounds_Misc.xml
Armoury,SoundDef,kotorsound_select_SotE,,STRUCTURAL (no description in vanilla either),Armoury/Defs/Absorbed_KotorCore/SoundDefs/Absorbed_KotorCore_Sounds_Misc.xml
Armoury,SoundDef,kotorsound_select_bowcaster,,STRUCTURAL (no description in vanilla either),Armoury/Defs/Absorbed_KotorCore/SoundDefs/Absorbed_KotorCore_Sounds_Misc.xml
Armoury,SoundDef,kotorsound_select_brifle,,STRUCTURAL (no description in vanilla either),Armoury/Defs/Absorbed_KotorCore/SoundDefs/Absorbed_KotorCore_Sounds_Misc.xml
Armoury,SoundDef,kotorsound_select_carbine,,STRUCTURAL (no description in vanilla either),Armoury/Defs/Absorbed_KotorCore/SoundDefs/Absorbed_KotorCore_Sounds_Misc.xml
Armoury,SoundDef,kotorsound_select_dis,,STRUCTURAL (no description in vanilla either),Armoury/Defs/Absorbed_KotorCore/SoundDefs/Absorbed_KotorCore_Sounds_Misc.xml
Armoury,SoundDef,kotorsound_select_grenade,,STRUCTURAL (no description in vanilla either),Armoury/Defs/Absorbed_KotorCore/SoundDefs/Absorbed_KotorCore_Sounds_Misc.xml
Armoury,SoundDef,kotorsound_select_hvypistol,,STRUCTURAL (no description in vanilla either),Armoury/Defs/Absorbed_KotorCore/SoundDefs/Absorbed_KotorCore_Sounds_Misc.xml
Armoury,SoundDef,kotorsound_select_hvyrep,,STRUCTURAL (no description in vanilla either),Armoury/Defs/Absorbed_KotorCore/SoundDefs/Absorbed_KotorCore_Sounds_Misc.xml
Armoury,SoundDef,kotorsound_select_ion,,STRUCTURAL (no description in vanilla either),Armoury/Defs/Absorbed_KotorCore/SoundDefs/Absorbed_KotorCore_Sounds_Misc.xml
Armoury,SoundDef,kotorsound_select_other,,STRUCTURAL (no description in vanilla either),Armoury/Defs/Absorbed_KotorCore/SoundDefs/Absorbed_KotorCore_Sounds_Misc.xml
Armoury,SoundDef,kotorsound_select_pistol,,STRUCTURAL (no description in vanilla either),Armoury/Defs/Absorbed_KotorCore/SoundDefs/Absorbed_KotorCore_Sounds_Misc.xml
Armoury,SoundDef,kotorsound_select_shipgun,,STRUCTURAL (no description in vanilla either),Armoury/Defs/Absorbed_KotorCore/SoundDefs/Absorbed_KotorCore_VehicleSounds_Misc.xml
Armoury,SoundDef,kotorsound_select_slug,,STRUCTURAL (no description in vanilla either),Armoury/Defs/Absorbed_KotorCore/SoundDefs/Absorbed_KotorCore_Sounds_Misc.xml
Armoury,SoundDef,kotorsound_shielddeflect_big,,STRUCTURAL (no description in vanilla either),Armoury/Defs/Absorbed_KotorCore/SoundDefs/Absorbed_KotorCore_Sounds_Misc.xml
Armoury,SoundDef,kotorsound_shielddeflect_small,,STRUCTURAL (no description in vanilla either),Armoury/Defs/Absorbed_KotorCore/SoundDefs/Absorbed_KotorCore_Sounds_Misc.xml
Armoury,SoundDef,kotorsound_shieldhit,,STRUCTURAL (no description in vanilla either),Armoury/Defs/Absorbed_KotorCore/SoundDefs/Absorbed_KotorCore_Sounds_Misc.xml
Armoury,SoundDef,kotorsound_shieldpowerup,,STRUCTURAL (no description in vanilla either),Armoury/Defs/Absorbed_KotorCore/SoundDefs/Absorbed_KotorCore_Sounds_Misc.xml
Armoury,SoundDef,kotorsound_silencedblaster,,STRUCTURAL (no description in vanilla either),Armoury/Defs/Absorbed_KotorCore/SoundDefs/Absorbed_KotorCore_WeaponSounds_Special.xml
Armoury,SoundDef,kotorsound_sithfighter,,STRUCTURAL (no description in vanilla either),Armoury/Defs/Absorbed_KotorCore/SoundDefs/Absorbed_KotorCore_VehicleSounds_Weapons.xml
Armoury,SoundDef,kotorsound_slug,,STRUCTURAL (no description in vanilla either),Armoury/Defs/Absorbed_KotorCore/SoundDefs/Absorbed_KotorCore_WeaponSounds_Special.xml
Armoury,SoundDef,kotorsound_smallrocket,,STRUCTURAL (no description in vanilla either),Armoury/Defs/Absorbed_KotorCore/SoundDefs/Absorbed_KotorCore_WeaponSounds_Missiles.xml
Armoury,SoundDef,kotorsound_sniper,,STRUCTURAL (no description in vanilla either),Armoury/Defs/Absorbed_KotorCore/SoundDefs/Absorbed_KotorCore_WeaponSounds_Basic.xml
Armoury,SoundDef,kotorsound_sniper2,,STRUCTURAL (no description in vanilla either),Armoury/Defs/Absorbed_KotorCore/SoundDefs/Absorbed_KotorCore_WeaponSounds_Basic.xml
Armoury,SoundDef,kotorsound_snowspeedergun,,STRUCTURAL (no description in vanilla either),Armoury/Defs/Absorbed_KotorCore/SoundDefs/Absorbed_KotorCore_VehicleSounds_Weapons.xml
Armoury,SoundDef,kotorsound_soniccannon,,STRUCTURAL (no description in vanilla either),Armoury/Defs/Absorbed_KotorCore/SoundDefs/Absorbed_KotorCore_WeaponSounds_Cannons.xml
Armoury,SoundDef,kotorsound_sonicgrenade,,STRUCTURAL (no description in vanilla either),Armoury/Defs/Absorbed_KotorCore/SoundDefs/Absorbed_KotorCore_WeaponSounds_Grenades.xml
Armoury,SoundDef,kotorsound_speederbike_activate,,STRUCTURAL (no description in vanilla either),Armoury/Defs/Absorbed_KotorCore/SoundDefs/Absorbed_KotorCore_VehicleSounds_Engines.xml
Armoury,SoundDef,kotorsound_speederbike_damaged,,STRUCTURAL (no description in vanilla either),Armoury/Defs/Absorbed_KotorCore/SoundDefs/Absorbed_KotorCore_VehicleSounds_Misc.xml
Armoury,SoundDef,kotorsound_speederbike_deactivate,,STRUCTURAL (no description in vanilla either),Armoury/Defs/Absorbed_KotorCore/SoundDefs/Absorbed_KotorCore_VehicleSounds_Engines.xml
Armoury,SoundDef,kotorsound_speederbike_idle,,STRUCTURAL (no description in vanilla either),Armoury/Defs/Absorbed_KotorCore/SoundDefs/Absorbed_KotorCore_VehicleSounds_Engines.xml
Armoury,SoundDef,kotorsound_speederbike_moving,,STRUCTURAL (no description in vanilla either),Armoury/Defs/Absorbed_KotorCore/SoundDefs/Absorbed_KotorCore_VehicleSounds_Engines.xml
Armoury,SoundDef,kotorsound_speedergun,,STRUCTURAL (no description in vanilla either),Armoury/Defs/Absorbed_KotorCore/SoundDefs/Absorbed_KotorCore_WeaponSounds_Cannons.xml
Armoury,SoundDef,kotorsound_starfighter_activate,,STRUCTURAL (no description in vanilla either),Armoury/Defs/Absorbed_KotorCore/SoundDefs/Absorbed_KotorCore_VehicleSounds_Engines.xml
Armoury,SoundDef,kotorsound_starfighter_deactivate,,STRUCTURAL (no description in vanilla either),Armoury/Defs/Absorbed_KotorCore/SoundDefs/Absorbed_KotorCore_VehicleSounds_Engines.xml
Armoury,SoundDef,kotorsound_starfighter_malfunction,,STRUCTURAL (no description in vanilla either),Armoury/Defs/Absorbed_KotorCore/SoundDefs/Absorbed_KotorCore_VehicleSounds_Engines.xml
Armoury,SoundDef,kotorsound_starvipergun,,STRUCTURAL (no description in vanilla either),Armoury/Defs/Absorbed_KotorCore/SoundDefs/Absorbed_KotorCore_VehicleSounds_Weapons.xml
Armoury,SoundDef,kotorsound_static_off,,STRUCTURAL (no description in vanilla either),Armoury/Defs/Absorbed_KotorCore/SoundDefs/Absorbed_KotorCore_Sounds_Misc.xml
Armoury,SoundDef,kotorsound_static_on,,STRUCTURAL (no description in vanilla either),Armoury/Defs/Absorbed_KotorCore/SoundDefs/Absorbed_KotorCore_Sounds_Misc.xml
Armoury,SoundDef,kotorsound_stun,,STRUCTURAL (no description in vanilla either),Armoury/Defs/Absorbed_KotorCore/SoundDefs/Absorbed_KotorCore_WeaponSounds_Special.xml
Armoury,SoundDef,kotorsound_stunbeam,,STRUCTURAL (no description in vanilla either),Armoury/Defs/Absorbed_KotorCore/SoundDefs/Absorbed_KotorCore_WeaponSounds_Beams.xml
Armoury,SoundDef,kotorsound_stungrenade,,STRUCTURAL (no description in vanilla either),Armoury/Defs/Absorbed_KotorCore/SoundDefs/Absorbed_KotorCore_WeaponSounds_Grenades.xml
Armoury,SoundDef,kotorsound_swordinteract,,STRUCTURAL (no description in vanilla either),Armoury/Defs/Absorbed_KotorCore/SoundDefs/Absorbed_KotorCore_Sounds_Misc.xml
Armoury,SoundDef,kotorsound_targetlock,,STRUCTURAL (no description in vanilla either),Armoury/Defs/Absorbed_KotorCore/SoundDefs/Absorbed_KotorCore_VehicleSounds_Misc.xml
Armoury,SoundDef,kotorsound_targetlock_off,,STRUCTURAL (no description in vanilla either),Armoury/Defs/Absorbed_KotorCore/SoundDefs/Absorbed_KotorCore_VehicleSounds_Misc.xml
Armoury,SoundDef,kotorsound_thermaldet,,STRUCTURAL (no description in vanilla either),Armoury/Defs/Absorbed_KotorCore/SoundDefs/Absorbed_KotorCore_WeaponSounds_Grenades.xml
Armoury,SoundDef,kotorsound_trackedvehicle_idle,,STRUCTURAL (no description in vanilla either),Armoury/Defs/Absorbed_KotorCore/SoundDefs/Absorbed_KotorCore_VehicleSounds_Engines.xml
Armoury,SoundDef,kotorsound_trackedvehicle_moving,,STRUCTURAL (no description in vanilla either),Armoury/Defs/Absorbed_KotorCore/SoundDefs/Absorbed_KotorCore_VehicleSounds_Engines.xml
Armoury,SoundDef,kotorsound_trackedvehicle_quietermoving,,STRUCTURAL (no description in vanilla either),Armoury/Defs/Absorbed_KotorCore/SoundDefs/Absorbed_KotorCore_VehicleSounds_Engines.xml
Armoury,SoundDef,kotorsound_turbolaser,,STRUCTURAL (no description in vanilla either),Armoury/Defs/Absorbed_KotorCore/SoundDefs/Absorbed_KotorCore_VehicleSounds_Weapons.xml
Armoury,SoundDef,kotorsound_turbolaser_LouderForTurrets,,STRUCTURAL (no description in vanilla either),Armoury/Defs/Absorbed_KotorCore/SoundDefs/Absorbed_KotorCore_VehicleSounds_Weapons.xml
Armoury,SoundDef,kotorsound_upgrade,,STRUCTURAL (no description in vanilla either),Armoury/Defs/Absorbed_KotorCore/SoundDefs/Absorbed_KotorCore_Sounds_GUI.xml
Armoury,SoundDef,kotorsound_vulturedroidgun,,STRUCTURAL (no description in vanilla either),Armoury/Defs/Absorbed_KotorCore/SoundDefs/Absorbed_KotorCore_VehicleSounds_Weapons.xml
Armoury,SoundDef,kotorsound_wristblade,,STRUCTURAL (no description in vanilla either),Armoury/Defs/Absorbed_KotorCore/SoundDefs/Absorbed_KotorCore_WeaponSounds_Melee.xml
Armoury,SoundDef,kotorsound_xwinggun,,STRUCTURAL (no description in vanilla either),Armoury/Defs/Absorbed_KotorCore/SoundDefs/Absorbed_KotorCore_VehicleSounds_Weapons.xml
Armoury,SoundDef,kotorsound_ywinggun,,STRUCTURAL (no description in vanilla either),Armoury/Defs/Absorbed_KotorCore/SoundDefs/Absorbed_KotorCore_VehicleSounds_Weapons.xml
Armoury,SoundDef,kotorsound_zapflying,,STRUCTURAL (no description in vanilla either),Armoury/Defs/Absorbed_KotorCore/SoundDefs/Absorbed_KotorCore_WeaponSounds_Special.xml
Armoury,SoundDef,kotorsound_zapper,,STRUCTURAL (no description in vanilla either),Armoury/Defs/Absorbed_KotorCore/SoundDefs/Absorbed_KotorCore_WeaponSounds_Special.xml
Armoury,SoundDef,kotorsound_zoomergun,,STRUCTURAL (no description in vanilla either),Armoury/Defs/Absorbed_KotorCore/SoundDefs/Absorbed_KotorCore_VehicleSounds_Weapons.xml
Armoury,StatCategoryDef,SWCP_LegendaryEffectStats,,STRUCTURAL (no description in vanilla either),Armoury/Defs/Absorbed_KotorCore/Absorbed_KotorCore_Thing_VATS_Zoomer.xml
Armoury,TattooDef,guy762_FaceTattoo_malak,SW_Malak,STRUCTURAL (no description in vanilla either),Armoury/Defs/Absorbed_KotorWeapons/ThingDefs_Apparel/Absorbed_KotorWeapons_Apparel_ImmortalusSithLords.xml
Armoury,TerrainAffordanceDef,guy762_TerrainAffordance_softsand,soft sand,STRUCTURAL (no description in vanilla either),Armoury/Defs/Absorbed_KotorCore/ThingDefs_Buildings/Absorbed_KotorCore_Building_MoistureVaporators.xml
Armoury,TerrainDef,SWCPTerrain_junkyardgarbage,trash-covered soil,TEXT-BEARING,Armoury/Defs/Absorbed_KotorCore/ThingDefs_Resources/Absorbed_KotorCore_KotORResource_JunkPile.xml
Armoury,TerrainDef,SWCPTerrain_junkyardgarbage_soggy,trash sediment,TEXT-BEARING,Armoury/Defs/Absorbed_KotorCore/ThingDefs_Resources/Absorbed_KotorCore_KotORResource_JunkPile.xml
Armoury,ThingCategoryDef,guy762_ApparelDroid,droid equipment (KotOR),STRUCTURAL (no description in vanilla either),Armoury/Defs/Absorbed_KotorCore/ThingCategoryDefs/Absorbed_KotorCore_ThingCategories_All.xml
Armoury,ThingCategoryDef,guy762_ThingCategory_KotORArmor,armor (KotOR),STRUCTURAL (no description in vanilla either),Armoury/Defs/Absorbed_KotorCore/ThingCategoryDefs/Absorbed_KotorCore_ThingCategories_All.xml
Armoury,ThingCategoryDef,guy762_ThingCategory_KotORWeapons,weapons (KotOR),STRUCTURAL (no description in vanilla either),Armoury/Defs/Absorbed_KotorCore/ThingCategoryDefs/Absorbed_KotorCore_ThingCategories_All.xml
Armoury,ThingCategoryDef,guy762_blasters,blasters,STRUCTURAL (no description in vanilla either),Armoury/Defs/Absorbed_KotorCore/ThingCategoryDefs/Absorbed_KotorCore_ThingCategories_All.xml
Armoury,ThingCategoryDef,guy762_gadgets,gadgets (KotOR),STRUCTURAL (no description in vanilla either),Armoury/Defs/Absorbed_KotorCore/ThingCategoryDefs/Absorbed_KotorCore_ThingCategories_All.xml
Armoury,ThingCategoryDef,guy762_implants,implant modules (KotOR),STRUCTURAL (no description in vanilla either),Armoury/Defs/Absorbed_KotorCore/ThingCategoryDefs/Absorbed_KotorCore_ThingCategories_All.xml
Armoury,ThingCategoryDef,guy762_lightsaber,lightsabers,STRUCTURAL (no description in vanilla either),Armoury/Defs/Absorbed_KotorCore/ThingCategoryDefs/Absorbed_KotorCore_ThingCategories_All.xml
Armoury,ThingCategoryDef,guy762_vibroweapons,vibroweapons,STRUCTURAL (no description in vanilla either),Armoury/Defs/Absorbed_KotorCore/ThingCategoryDefs/Absorbed_KotorCore_ThingCategories_All.xml
Armoury,ThingCategoryDef,guy762_weaponmod,equipment upgrades (KotOR),STRUCTURAL (no description in vanilla either),Armoury/Defs/Absorbed_KotorCore/ThingCategoryDefs/Absorbed_KotorCore_ThingCategories_All.xml
Armoury,ThingDef,BulletDeflected,deflected bullet,TEXT-BEARING,Armoury/Defs/Absorbed_KotorCore/ThingDefs_WeaponsArmorsGadgets/Absorbed_KotorCore__BASE_SWKotORWeapons.xml
Armoury,ThingDef,KotORBlasterBolt_advheavy,blaster bolt,STRUCTURAL (projectile/mote/filth - no inspect description in vanilla),Armoury/Defs/Absorbed_KotorCore/ProjectileDefs/Absorbed_KotorCore_Bullets_Base.xml
Armoury,ThingDef,KotORBlasterBolt_default,blaster bolt,STRUCTURAL (projectile/mote/filth - no inspect description in vanilla),Armoury/Defs/Absorbed_KotorCore/ProjectileDefs/Absorbed_KotorCore_Bullets_Base.xml
Armoury,ThingDef,KotORBlasterBolt_heavy,blaster bolt,STRUCTURAL (projectile/mote/filth - no inspect description in vanilla),Armoury/Defs/Absorbed_KotorCore/ProjectileDefs/Absorbed_KotorCore_Bullets_Base.xml
Armoury,ThingDef,KotORBlasterBolt_ioncharger,ion charged blaster bolt,STRUCTURAL (projectile/mote/filth - no inspect description in vanilla),Armoury/Defs/Absorbed_KotorCore/ProjectileDefs/Absorbed_KotorCore_Bullets_Special.xml
Armoury,ThingDef,KotORBlasterBolt_mstheavy,blaster bolt,STRUCTURAL (projectile/mote/filth - no inspect description in vanilla),Armoury/Defs/Absorbed_KotorCore/ProjectileDefs/Absorbed_KotorCore_Bullets_Base.xml
Armoury,ThingDef,KotORBlasterBolt_nadd,blaster bolt,STRUCTURAL (projectile/mote/filth - no inspect description in vanilla),Armoury/Defs/Absorbed_KotorCore/ProjectileDefs/Absorbed_KotorCore_Bullets_Special.xml
Armoury,ThingDef,KotORBlasterBolt_naddheavy,blaster bolt,STRUCTURAL (projectile/mote/filth - no inspect description in vanilla),Armoury/Defs/Absorbed_KotorCore/ProjectileDefs/Absorbed_KotorCore_Bullets_Special.xml
Armoury,ThingDef,KotORBlasterBolt_plasma,plasma bolt,STRUCTURAL (projectile/mote/filth - no inspect description in vanilla),Armoury/Defs/Absorbed_KotorCore/ProjectileDefs/Absorbed_KotorCore_Bullets_Special.xml
Armoury,ThingDef,KotORBlasterBolt_sniper,blaster bolt,STRUCTURAL (projectile/mote/filth - no inspect description in vanilla),Armoury/Defs/Absorbed_KotorCore/ProjectileDefs/Absorbed_KotorCore_Bullets_Base.xml
Armoury,ThingDef,KotORBowcasterBolt_default,bowcaster bolt,STRUCTURAL (projectile/mote/filth - no inspect description in vanilla),Armoury/Defs/Absorbed_KotorCore/ProjectileDefs/Absorbed_KotorCore_Bullets_Special.xml
Armoury,ThingDef,KotORBowcasterBolt_heavy,bowcaster bolt,STRUCTURAL (projectile/mote/filth - no inspect description in vanilla),Armoury/Defs/Absorbed_KotorCore/ProjectileDefs/Absorbed_KotorCore_Bullets_Special.xml
Armoury,ThingDef,KotORCannonBolt_blaster,blaster cannon bolt,STRUCTURAL (projectile/mote/filth - no inspect description in vanilla),Armoury/Defs/Absorbed_KotorCore/ProjectileDefs/Absorbed_KotorCore_Bullets_Special.xml
Armoury,ThingDef,KotORCannonBolt_ion,ion cannon bolt,STRUCTURAL (projectile/mote/filth - no inspect description in vanilla),Armoury/Defs/Absorbed_KotorCore/ProjectileDefs/Absorbed_KotorCore_Bullets_Special.xml
Armoury,ThingDef,KotORCannonBolt_sonic,sonic wave,STRUCTURAL (projectile/mote/filth - no inspect description in vanilla),Armoury/Defs/Absorbed_KotorCore/ProjectileDefs/Absorbed_KotorCore_Bullets_Special.xml
Armoury,ThingDef,KotORDart_saber,Saber-dart,STRUCTURAL (projectile/mote/filth - no inspect description in vanilla),Armoury/Defs/Absorbed_KotorCore/ProjectileDefs/Absorbed_KotorCore_Bullets_Kinetics.xml
Armoury,ThingDef,KotORDart_stun,paralysis dart,STRUCTURAL (projectile/mote/filth - no inspect description in vanilla),Armoury/Defs/Absorbed_KotorCore/ProjectileDefs/Absorbed_KotorCore_Bullets_Kinetics.xml
Armoury,ThingDef,KotORDart_throwingknife,throwing knife,STRUCTURAL (projectile/mote/filth - no inspect description in vanilla),Armoury/Defs/Absorbed_KotorCore/ProjectileDefs/Absorbed_KotorCore_Bullets_Kinetics.xml
Armoury,ThingDef,KotORDart_toxic,toxic dart,STRUCTURAL (projectile/mote/filth - no inspect description in vanilla),Armoury/Defs/Absorbed_KotorCore/ProjectileDefs/Absorbed_KotorCore_Bullets_Kinetics.xml
Armoury,ThingDef,KotORDisruptorBolt_advheavy,disruptor bolt,STRUCTURAL (projectile/mote/filth - no inspect description in vanilla),Armoury/Defs/Absorbed_KotorCore/ProjectileDefs/Absorbed_KotorCore_Bullets_Base.xml
Armoury,ThingDef,KotORDisruptorBolt_baragwinX,disruptor bolt,STRUCTURAL (projectile/mote/filth - no inspect description in vanilla),Armoury/Defs/Absorbed_KotorCore/ProjectileDefs/Absorbed_KotorCore_Bullets_Special.xml
Armoury,ThingDef,KotORDisruptorBolt_charric,maser beam,STRUCTURAL (projectile/mote/filth - no inspect description in vanilla),Armoury/Defs/Absorbed_KotorCore/ProjectileDefs/Absorbed_KotorCore_Bullets_Special.xml
Armoury,ThingDef,KotORDisruptorBolt_default,disruptor bolt,STRUCTURAL (projectile/mote/filth - no inspect description in vanilla),Armoury/Defs/Absorbed_KotorCore/ProjectileDefs/Absorbed_KotorCore_Bullets_Base.xml
Armoury,ThingDef,KotORDisruptorBolt_heavy,disruptor bolt,STRUCTURAL (projectile/mote/filth - no inspect description in vanilla),Armoury/Defs/Absorbed_KotorCore/ProjectileDefs/Absorbed_KotorCore_Bullets_Base.xml
Armoury,ThingDef,KotORDisruptorBolt_mstheavy,disruptor bolt,STRUCTURAL (projectile/mote/filth - no inspect description in vanilla),Armoury/Defs/Absorbed_KotorCore/ProjectileDefs/Absorbed_KotorCore_Bullets_Base.xml
Armoury,ThingDef,KotORDisruptorBolt_sniper,disruptor bolt,STRUCTURAL (projectile/mote/filth - no inspect description in vanilla),Armoury/Defs/Absorbed_KotorCore/ProjectileDefs/Absorbed_KotorCore_Bullets_Base.xml
Armoury,ThingDef,KotORIonBolt_advheavy,ion bolt,STRUCTURAL (projectile/mote/filth - no inspect description in vanilla),Armoury/Defs/Absorbed_KotorCore/ProjectileDefs/Absorbed_KotorCore_Bullets_Base.xml
Armoury,ThingDef,KotORIonBolt_baragwinX,ion bolt,STRUCTURAL (projectile/mote/filth - no inspect description in vanilla),Armoury/Defs/Absorbed_KotorCore/ProjectileDefs/Absorbed_KotorCore_Bullets_Special.xml
Armoury,ThingDef,KotORIonBolt_default,ion bolt,STRUCTURAL (projectile/mote/filth - no inspect description in vanilla),Armoury/Defs/Absorbed_KotorCore/ProjectileDefs/Absorbed_KotorCore_Bullets_Base.xml
Armoury,ThingDef,KotORIonBolt_heavy,ion bolt,STRUCTURAL (projectile/mote/filth - no inspect description in vanilla),Armoury/Defs/Absorbed_KotorCore/ProjectileDefs/Absorbed_KotorCore_Bullets_Base.xml
Armoury,ThingDef,KotORIonBolt_mstheavy,ion bolt,STRUCTURAL (projectile/mote/filth - no inspect description in vanilla),Armoury/Defs/Absorbed_KotorCore/ProjectileDefs/Absorbed_KotorCore_Bullets_Base.xml
Armoury,ThingDef,KotORIonBolt_sniper,ion bolt,STRUCTURAL (projectile/mote/filth - no inspect description in vanilla),Armoury/Defs/Absorbed_KotorCore/ProjectileDefs/Absorbed_KotorCore_Bullets_Base.xml
Armoury,ThingDef,KotORPulseBolt,pulse bolt,STRUCTURAL (projectile/mote/filth - no inspect description in vanilla),Armoury/Defs/Absorbed_KotorCore/ProjectileDefs/Absorbed_KotorCore_Bullets_Special.xml
Armoury,ThingDef,KotORRailgun,rail shot,STRUCTURAL (projectile/mote/filth - no inspect description in vanilla),Armoury/Defs/Absorbed_KotorCore/ProjectileDefs/Absorbed_KotorCore_Bullets_Kinetics.xml
Armoury,ThingDef,KotORRocket,rocket,STRUCTURAL (projectile/mote/filth - no inspect description in vanilla),Armoury/Defs/Absorbed_KotorCore/ProjectileDefs/Absorbed_KotorCore_Bullets_Kinetics.xml
Armoury,ThingDef,KotORRocket_micro,micro rocket,STRUCTURAL (projectile/mote/filth - no inspect description in vanilla),Armoury/Defs/Absorbed_KotorCore/ProjectileDefs/Absorbed_KotorCore_Bullets_Kinetics.xml
Armoury,ThingDef,KotORSlugBolt,slug bolt,STRUCTURAL (projectile/mote/filth - no inspect description in vanilla),Armoury/Defs/Absorbed_KotorCore/ProjectileDefs/Absorbed_KotorCore_Bullets_Kinetics.xml
Armoury,ThingDef,KotORSniperBolt_plasma,plasma bolt,STRUCTURAL (projectile/mote/filth - no inspect description in vanilla),Armoury/Defs/Absorbed_KotorCore/ProjectileDefs/Absorbed_KotorCore_Bullets_Special.xml
Armoury,ThingDef,KotORSonicWave_default,sonic wave,STRUCTURAL (projectile/mote/filth - no inspect description in vanilla),Armoury/Defs/Absorbed_KotorCore/ProjectileDefs/Absorbed_KotorCore_Bullets_Base.xml
Armoury,ThingDef,KotORSonicWave_disruptor,sonic wave,STRUCTURAL (projectile/mote/filth - no inspect description in vanilla),Armoury/Defs/Absorbed_KotorCore/ProjectileDefs/Absorbed_KotorCore_Bullets_Special.xml
Armoury,ThingDef,KotORSonicWave_heavy,sonic wave,STRUCTURAL (projectile/mote/filth - no inspect description in vanilla),Armoury/Defs/Absorbed_KotorCore/ProjectileDefs/Absorbed_KotorCore_Bullets_Base.xml
Armoury,ThingDef,KotORSonicWave_stun,sonic wave,STRUCTURAL (projectile/mote/filth - no inspect description in vanilla),Armoury/Defs/Absorbed_KotorCore/ProjectileDefs/Absorbed_KotorCore_Bullets_Special.xml
Armoury,ThingDef,KotORSonicWave_superheavy,sonic wave,STRUCTURAL (projectile/mote/filth - no inspect description in vanilla),Armoury/Defs/Absorbed_KotorCore/ProjectileDefs/Absorbed_KotorCore_Bullets_Base.xml
Armoury,ThingDef,KotORStunBolt_advheavy,blaster bolt,STRUCTURAL (projectile/mote/filth - no inspect description in vanilla),Armoury/Defs/Absorbed_KotorCore/ProjectileDefs/Absorbed_KotorCore_Bullets_Base.xml
Armoury,ThingDef,KotORStunBolt_default,blaster bolt,STRUCTURAL (projectile/mote/filth - no inspect description in vanilla),Armoury/Defs/Absorbed_KotorCore/ProjectileDefs/Absorbed_KotorCore_Bullets_Base.xml
Armoury,ThingDef,KotORStunBolt_heavy,blaster bolt,STRUCTURAL (projectile/mote/filth - no inspect description in vanilla),Armoury/Defs/Absorbed_KotorCore/ProjectileDefs/Absorbed_KotorCore_Bullets_Base.xml
Armoury,ThingDef,KotORStunBolt_mstheavy,blaster bolt,STRUCTURAL (projectile/mote/filth - no inspect description in vanilla),Armoury/Defs/Absorbed_KotorCore/ProjectileDefs/Absorbed_KotorCore_Bullets_Base.xml
Armoury,ThingDef,KotORStunBolt_sniper,blaster bolt,STRUCTURAL (projectile/mote/filth - no inspect description in vanilla),Armoury/Defs/Absorbed_KotorCore/ProjectileDefs/Absorbed_KotorCore_Bullets_Base.xml
Armoury,ThingDef,KotORknockoutBolt,stun ray,STRUCTURAL (projectile/mote/filth - no inspect description in vanilla),Armoury/Defs/Absorbed_KotorCore/ProjectileDefs/Absorbed_KotorCore_Bullets_Special.xml
Armoury,ThingDef,RSW_B2-HA_Droid_Wrist_Canno_shot,B2-HA Droid Wrist Canno,TEXT-BEARING,Armoury/Defs/ThingDefs/Absorbed_JDSArmory_Projectiles.xml
Armoury,ThingDef,RSW_Bullet_ArchotechChargeBlasterHeavy,archotech archites blaster shot,TEXT-BEARING,Armoury/Defs/ThingDefs/Absorbed_OPTurret.xml
Armoury,ThingDef,RSW_Bullet_Sonic_HivePulse,sonic pulse,TEXT-BEARING,Armoury/Defs/ThingDefs/RSW_Sonic_HiveEmitter.xml
Armoury,ThingDef,RSW_ECD_Grenade_Thowable,ECD Grenade,TEXT-BEARING,Armoury/Defs/ThingDefs/Absorbed_JDSArmory_Projectiles.xml
Armoury,ThingDef,RSW_EWebShot,7.62x54mmR bullet,STRUCTURAL (projectile/mote/filth - no inspect description in vanilla),Armoury/Defs/ThingDefs/Absorbed_Eweb.xml
Armoury,ThingDef,RSW_High_Blue_Blaster_Bolt,Low Blue Blaster Bolt,STRUCTURAL (projectile/mote/filth - no inspect description in vanilla),Armoury/Defs/ThingDefs/Absorbed_JDSArmory_Projectiles.xml
Armoury,ThingDef,RSW_High_Red_Blaster_Bolt,High Red Blaster Bolt,STRUCTURAL (projectile/mote/filth - no inspect description in vanilla),Armoury/Defs/ThingDefs/Absorbed_JDSArmory_Projectiles.xml
Armoury,ThingDef,RSW_JDSA_E-60R_Missile_shot,E-60R Missile,TEXT-BEARING,Armoury/Defs/ThingDefs/Absorbed_JDSArmory_Projectiles.xml
Armoury,ThingDef,RSW_Low_Blue_Blaster_Bolt,Low Blue Blaster Bolt,STRUCTURAL (projectile/mote/filth - no inspect description in vanilla),Armoury/Defs/ThingDefs/Absorbed_JDSArmory_Projectiles.xml
Armoury,ThingDef,RSW_Low_Red_Blaster_Bolt,Low Red Blaster Bolt,STRUCTURAL (projectile/mote/filth - no inspect description in vanilla),Armoury/Defs/ThingDefs/Absorbed_JDSArmory_Projectiles.xml
Armoury,ThingDef,RSW_Mid_Blue_Blaster_Bolt,Low Blue Blaster Bolt,STRUCTURAL (projectile/mote/filth - no inspect description in vanilla),Armoury/Defs/ThingDefs/Absorbed_JDSArmory_Projectiles.xml
Armoury,ThingDef,RSW_Mid_Red_Blaster_Bolt,Mid Red Blaster Bolt,STRUCTURAL (projectile/mote/filth - no inspect description in vanilla),Armoury/Defs/ThingDefs/Absorbed_JDSArmory_Projectiles.xml
Armoury,ThingDef,RSW_Thermal_Detonator_Thowable,Thermal Detonator,TEXT-BEARING,Armoury/Defs/ThingDefs/Absorbed_JDSArmory_Projectiles.xml
Armoury,ThingDef,RSW_Yellow_Bullet_Laser,Yellow Bullet Laser,TEXT-BEARING,Armoury/Defs/ThingDefs/Absorbed_JDSArmory_Projectiles.xml
Armoury,ThingDef,SWProj_DoubleBlasterBolt,blaster bolts,STRUCTURAL (projectile/mote/filth - no inspect description in vanilla),Armoury/Defs/Absorbed_KotorCore/ProjectileDefs/Absorbed_KotorCore_Bullets_Special.xml
Armoury,ThingDef,SWProj_FC1FragGrenade,frag grenade,STRUCTURAL (projectile/mote/filth - no inspect description in vanilla),Armoury/Defs/Absorbed_KotorCore/ProjectileDefs/Absorbed_KotorCore_Bullets_Special.xml
Armoury,ThingDef,SWProj_FC1flechette,flechette,STRUCTURAL (projectile/mote/filth - no inspect description in vanilla),Armoury/Defs/Absorbed_KotorCore/ProjectileDefs/Absorbed_KotorCore_Bullets_Special.xml
Armoury,ThingDef,SWProj_GrenadeLauncherProtonGrenade,proton grenade,STRUCTURAL (projectile/mote/filth - no inspect description in vanilla),Armoury/Defs/Absorbed_KotorCore/ProjectileDefs/Absorbed_KotorCore_Bullets_Special.xml
Armoury,ThingDef,SWProj_IonDisruptor,ion disruptor blast,STRUCTURAL (projectile/mote/filth - no inspect description in vanilla),Armoury/Defs/Absorbed_KotorCore/ProjectileDefs/Absorbed_KotorCore_Bullets_Special.xml
Armoury,ThingDef,SWProj_ScatterBlasterBolt,blaster bolt,STRUCTURAL (projectile/mote/filth - no inspect description in vanilla),Armoury/Defs/Absorbed_KotorCore/ProjectileDefs/Absorbed_KotorCore_Bullets_Special.xml
Armoury,ThingDef,SWProj_TL50bolt,energy bolt,STRUCTURAL (projectile/mote/filth - no inspect description in vanilla),Armoury/Defs/Absorbed_KotorCore/ProjectileDefs/Absorbed_KotorCore_Bullets_Special.xml
Armoury,ThingDef,SWProj_TL50slugbolt,metallic bolt,STRUCTURAL (projectile/mote/filth - no inspect description in vanilla),Armoury/Defs/Absorbed_KotorCore/ProjectileDefs/Absorbed_KotorCore_Bullets_Special.xml
Armoury,ThingDef,guy762_Mote_BlasterBeam,,STRUCTURAL (projectile/mote/filth - no inspect description in vanilla),Armoury/Defs/Absorbed_KotorCore/ProjectileDefs/Absorbed_KotorCore_Bullets_BeamMotes.xml
Armoury,ThingDef,guy762_Mote_DisruptorBeam,,STRUCTURAL (projectile/mote/filth - no inspect description in vanilla),Armoury/Defs/Absorbed_KotorCore/ProjectileDefs/Absorbed_KotorCore_Bullets_BeamMotes.xml
Armoury,ThingDef,guy762_Mote_IonBeam,,STRUCTURAL (projectile/mote/filth - no inspect description in vanilla),Armoury/Defs/Absorbed_KotorCore/ProjectileDefs/Absorbed_KotorCore_Bullets_BeamMotes.xml
Armoury,ThingDef,guy762_Mote_RadiationBeam,,STRUCTURAL (projectile/mote/filth - no inspect description in vanilla),Armoury/Defs/Absorbed_KotorCore/ProjectileDefs/Absorbed_KotorCore_Bullets_BeamMotes.xml
Armoury,ThingDef,guy762_Mote_ShockBeam,,STRUCTURAL (projectile/mote/filth - no inspect description in vanilla),Armoury/Defs/Absorbed_KotorCore/ProjectileDefs/Absorbed_KotorCore_Bullets_BeamMotes.xml
Armoury,ThingDef,guy762_Mote_StunBeam,,STRUCTURAL (projectile/mote/filth - no inspect description in vanilla),Armoury/Defs/Absorbed_KotorCore/ProjectileDefs/Absorbed_KotorCore_Bullets_BeamMotes.xml
Armoury,ThingDef,guy762_OrbMote,,STRUCTURAL (projectile/mote/filth - no inspect description in vanilla),Armoury/Defs/Absorbed_KotorCore/Absorbed_KotorCore_MotesAndFlecks.xml
Armoury,ThingDef,guy762_ThrownGrenade_frag,frag grenade,STRUCTURAL (projectile/mote/filth - no inspect description in vanilla),Armoury/Defs/Absorbed_KotorCore/ProjectileDefs/Absorbed_KotorCore_Bullets_KotORGrenades.xml
Armoury,ThingDef,guy762_ThrownGrenade_ion,ion grenade,STRUCTURAL (projectile/mote/filth - no inspect description in vanilla),Armoury/Defs/Absorbed_KotorCore/ProjectileDefs/Absorbed_KotorCore_Bullets_KotORGrenades.xml
Armoury,ThingDef,guy762_ThrownGrenade_plasma,plasma grenade,STRUCTURAL (projectile/mote/filth - no inspect description in vanilla),Armoury/Defs/Absorbed_KotorCore/ProjectileDefs/Absorbed_KotorCore_Bullets_KotORGrenades.xml
Armoury,ThingDef,guy762_ThrownGrenade_poison,poison grenade,STRUCTURAL (projectile/mote/filth - no inspect description in vanilla),Armoury/Defs/Absorbed_KotorCore/ProjectileDefs/Absorbed_KotorCore_Bullets_KotORGrenades.xml
Armoury,ThingDef,guy762_ThrownGrenade_sonic,sonic grenade,STRUCTURAL (projectile/mote/filth - no inspect description in vanilla),Armoury/Defs/Absorbed_KotorCore/ProjectileDefs/Absorbed_KotorCore_Bullets_KotORGrenades.xml
Armoury,ThingDef,guy762_ThrownGrenade_stun,stun grenade,STRUCTURAL (projectile/mote/filth - no inspect description in vanilla),Armoury/Defs/Absorbed_KotorCore/ProjectileDefs/Absorbed_KotorCore_Bullets_KotORGrenades.xml
Armoury,ThingDef,guy762_ThrownGrenade_thermaldet,thermal detonator,STRUCTURAL (projectile/mote/filth - no inspect description in vanilla),Armoury/Defs/Absorbed_KotorCore/ProjectileDefs/Absorbed_KotorCore_Bullets_KotORGrenades.xml
Armoury,ThingDef,guy762_filth_kolto,Kolto,TEXT-BEARING,Armoury/Defs/Absorbed_KotorCore/HediffDefs/Absorbed_KotorCore_Hediffs_KoltoTank.xml
Armoury,ThingDef,guy762_throwngrenade_foam,,STRUCTURAL (projectile/mote/filth - no inspect description in vanilla),Armoury/Defs/Absorbed_KotorCore/DamageDefs/Absorbed_KotorCore_DamageAndProjectileDefs_KotORDroidUtilityWeapons.xml
Armoury,ThingDef,guy762_throwngrenade_kolto,Kolto,STRUCTURAL (projectile/mote/filth - no inspect description in vanilla),Armoury/Defs/Absorbed_KotorCore/DamageDefs/Absorbed_KotorCore_DamageAndProjectileDefs_KotORDroidUtilityWeapons.xml
Armoury,ThinkTreeDef,guy762_SWCPAI_CommandAbilities,,STRUCTURAL (no description in vanilla either),Armoury/Defs/Absorbed_AdditionalMods/kotorcore/EBSG/Absorbed_Kotorcore_EBSG_ThinkTree_CommandAbilityAI.xml
Armoury,ThoughtDef,RhydoniumHigh,,STRUCTURAL (no description in vanilla either),Armoury/Defs/Absorbed_KotorCore/ThingDefs_Resources/Absorbed_KotorCore_KotORResource_Rhydonium.xml
Armoury,ThoughtDef,SpiceHigh,,STRUCTURAL (no description in vanilla either),Armoury/Defs/Absorbed_KotorCore/ThingDefs_Resources/Absorbed_KotorCore_KotORResource_Spice.xml
Armoury,ThoughtDef,deathstickHigh,,STRUCTURAL (no description in vanilla either),Armoury/Defs/Absorbed_KotorCore/ThingDefs_Consumables/Absorbed_KotorCore_ThingDefs_Deathsticks.xml
Armoury,ThoughtDef,guy762_withdrawlthought_battlestim,,STRUCTURAL (no description in vanilla either),Armoury/Defs/Absorbed_KotorCore/ThingDefs_Consumables/Absorbed_KotorCore_ThingDefs_Stimulants_Battle.xml
Armoury,ThoughtDef,guy762_withdrawlthought_constim,,STRUCTURAL (no description in vanilla either),Armoury/Defs/Absorbed_KotorCore/ThingDefs_Consumables/Absorbed_KotorCore_ThingDefs_Stimulants_Con.xml
Armoury,ThoughtDef,guy762_withdrawlthought_deathstick,,STRUCTURAL (no description in vanilla either),Armoury/Defs/Absorbed_KotorCore/ThingDefs_Consumables/Absorbed_KotorCore_ThingDefs_Deathsticks.xml
Armoury,ThoughtDef,guy762_withdrawlthought_dexstim,,STRUCTURAL (no description in vanilla either),Armoury/Defs/Absorbed_KotorCore/ThingDefs_Consumables/Absorbed_KotorCore_ThingDefs_Stimulants_Dex.xml
Armoury,ThoughtDef,guy762_withdrawlthought_rhydo,,STRUCTURAL (no description in vanilla either),Armoury/Defs/Absorbed_KotorCore/ThingDefs_Resources/Absorbed_KotorCore_KotORResource_Rhydonium.xml
Armoury,ThoughtDef,guy762_withdrawlthought_spice,,STRUCTURAL (no description in vanilla either),Armoury/Defs/Absorbed_KotorCore/ThingDefs_Resources/Absorbed_KotorCore_KotORResource_Spice.xml
Armoury,ThoughtDef,guy762_withdrawlthought_strstim,,STRUCTURAL (no description in vanilla either),Armoury/Defs/Absorbed_KotorCore/ThingDefs_Consumables/Absorbed_KotorCore_ThingDefs_Stimulants_Str.xml
Armoury,ToolCapacityDef,guy762_ToolCapacity_SaberSlash,energy slash,STRUCTURAL (no description in vanilla either),Armoury/Defs/Absorbed_KotorCore/ThingDefs_WeaponsArmorsGadgets/Absorbed_KotorCore__BASE_SWKotORWeapons.xml
Armoury,ToolCapacityDef,guy762_ToolCapacity_SaberStab,energy stab,STRUCTURAL (no description in vanilla either),Armoury/Defs/Absorbed_KotorCore/ThingDefs_WeaponsArmorsGadgets/Absorbed_KotorCore__BASE_SWKotORWeapons.xml
Armoury,TraderKindDef,guy762_BaseTraderKind_baragwin,Baragwin weaponsmith,STRUCTURAL (no description in vanilla either),Armoury/Defs/Absorbed_KotorWeapons/TraderKindDefs/Absorbed_KotorWeapons_BaseTrader_Baragwin.xml
Armoury,TraderKindDef,guy762_BaseTraderKind_gunrunner,black market gunrunner,STRUCTURAL (no description in vanilla either),Armoury/Defs/Absorbed_KotorWeapons/TraderKindDefs/Absorbed_KotorWeapons_BaseTrader_Scum_Gunrunner.xml
Armoury,TraderKindDef,guy762_TraderKind_baragwin,Baragwin weaponsmith,STRUCTURAL (no description in vanilla either),Armoury/Defs/Absorbed_KotorWeapons/TraderKindDefs/Absorbed_KotorWeapons_OrbitalTrader_Baragwin.xml
Armoury,TraderKindDef,guy762_TraderKind_gunrunner,black market gunrunner,STRUCTURAL (no description in vanilla either),Armoury/Defs/Absorbed_KotorWeapons/TraderKindDefs/Absorbed_KotorWeapons_OrbitalTrader_Scum_Gunrunner.xml
Armoury,WHands.ClutterHandsTDef,ClutterHandsSettings_StarWarsKotORCore,Weapon hand settings,STRUCTURAL (no description in vanilla either),Armoury/Defs/Absorbed_AdditionalMods/kotorcore/ShowMeYourHands/Absorbed_Kotorcore_ShowMeYourHands_handmodpositioning.xml
Armoury,WHands.ClutterHandsTDef,ClutterHandsSettings_StarWarsKotORWeaponsandArmor,Weapon hand settings,STRUCTURAL (no description in vanilla either),Armoury/Defs/Absorbed_AdditionalMods/kotorweapons/ShowMeYourHands/Absorbed_Kotorweapons_ShowMeYourHands_handmodpositioning.xml
Armoury,WHands.ClutterHandsTDef,ClutterHandsSettings_StarWarsTheForceLightsaber,Weapon hand settings,STRUCTURAL (no description in vanilla either),Armoury/Defs/Absorbed_AdditionalMods/kotorweapons/ShowMeYourHands/Absorbed_Kotorweapons_ShowMeYourHands_handmodpositioning_LightsaberMod.xml
Armoury,WorkGiverDef,KOTOR_FuelRefinery_WorkGiver,make things at Fuel Refinery,STRUCTURAL (no description in vanilla either),Armoury/Defs/Absorbed_KotorCore/ThingDefs_Resources/Absorbed_KotorCore_KotORResource_Rhydonium.xml
Armoury,WorkGiverDef,KOTOR_WorkGiver_AmmoBank,make things at plasma condenser,STRUCTURAL (no description in vanilla either),Armoury/Defs/Absorbed_KotorCore/ThingDefs_Resources/Absorbed_KotorCore_KotORResource_TibannaPlasma.xml
Armoury,WorkGiverDef,KOTOR_WorkGiver_AratechWorkbench,make things at Aratech workbench,STRUCTURAL (no description in vanilla either),Armoury/Defs/Absorbed_AdditionalMods/kotorcore/ModularWeapons2/Absorbed_Kotorcore_ModularWeapons2_Building_KotORGunsmithWorkbench.xml
Armoury,WorkGiverDef,KOTOR_WorkGiver_ShieldBank,recharge shields at shield recharger,STRUCTURAL (no description in vanilla either),Armoury/Defs/Absorbed_KotorCore/ThingDefs_Buildings/Absorbed_KotorCore_Building_ShieldRecharger.xml
Armoury,WorkGiverDef,RSW_DoBillsMakeBlastechWeapons,make weapon,STRUCTURAL (no description in vanilla either),Armoury/Defs/ThingDefs/Absorbed_JDSArmory_Buildings.xml
Armoury,WorkGiverDef,kotor_DrugLab_WorkGiver,make things at Adascorp lab bench,STRUCTURAL (no description in vanilla either),Armoury/Defs/Absorbed_KotorCore/ThingDefs_Buildings/Absorbed_KotorCore_Building_KotORWorkbenches.xml
Armoury,WorkGiverDef,kotor_PlasmaFurnace_WorkGiver,make things at Plasma Furnace,STRUCTURAL (no description in vanilla either),Armoury/Defs/Absorbed_KotorCore/ThingDefs_Resources/Absorbed_KotorCore_KotORResource_TibannaPlasma.xml
Armoury,XmlExtensions.SettingsMenuDef,guy762_KotORCoreSettingsMenu,Star Wars KotOR Resources and Materials,STRUCTURAL (no description in vanilla either),Armoury/Defs/Absorbed_KotorCore/Absorbed_KotorCore_ModOptionsMenu.xml
SWBestiary,BodyDef,RSW_Acklay,hexapod crustaceous animal,STRUCTURAL (no description in vanilla either),SWBestiary/Defs/Bodies/RSW_MlieWaveB_Bodies.xml
SWBestiary,BodyDef,RSW_BeetleLikeWithHorn,beetle-like with horn,STRUCTURAL (no description in vanilla either),SWBestiary/Defs/BiomesTeamPort/Bodies/RSW_BiomesTeamPort_Bodies.xml
SWBestiary,BodyDef,RSW_BeetleLikeWithStinger,dragonfly-like,STRUCTURAL (no description in vanilla either),SWBestiary/Defs/BiomesTeamPort/Bodies/RSW_BiomesTeamPort_Bodies.xml
SWBestiary,BodyDef,RSW_BiomesCore_Slug,slug,STRUCTURAL (no description in vanilla either),SWBestiary/Defs/BiomesTeamPort/Bodies/RSW_BiomesTeamPort_Bodies.xml
SWBestiary,BodyDef,RSW_Dewback,large quadrapedal reptilian animal,STRUCTURAL (no description in vanilla either),SWBestiary/Defs/Bodies/RSW_MlieWaveB_Bodies.xml
SWBestiary,BodyDef,RSW_FishBody,fish,STRUCTURAL (no description in vanilla either),SWBestiary/Defs/BiomesTeamPort/Bodies/RSW_BiomesTeamPort_Bodies.xml
SWBestiary,BodyDef,RSW_HunchedBipedWithTail,hunched animal,STRUCTURAL (no description in vanilla either),SWBestiary/Defs/BiomesTeamPort/Bodies/RSW_BiomesTeamPort_Bodies.xml
SWBestiary,BodyDef,RSW_LarvaLike,larva-like,STRUCTURAL (no description in vanilla either),SWBestiary/Defs/BiomesTeamPort/Bodies/RSW_BiomesTeamPort_Bodies.xml
SWBestiary,BodyDef,RSW_MantisLike,mantis-like,STRUCTURAL (no description in vanilla either),SWBestiary/Defs/BiomesTeamPort/Bodies/RSW_BiomesTeamPort_Bodies.xml
SWBestiary,BodyDef,RSW_MothLike,mothlike,STRUCTURAL (no description in vanilla either),SWBestiary/Defs/BiomesTeamPort/Bodies/RSW_BiomesTeamPort_Bodies.xml
SWBestiary,BodyDef,RSW_Wampa,wampa,STRUCTURAL (no description in vanilla either),SWBestiary/Defs/Bodies/RSW_MlieWaveB_Bodies.xml
SWBestiary,BodyPartDef,RSW_BiomesCore_SnailFoot,snail foot,STRUCTURAL (no description in vanilla either),SWBestiary/Defs/BiomesTeamPort/Bodies/RSW_BiomesTeamPort_Bodies.xml
SWBestiary,BodyPartDef,RSW_BiomesCore_SnailMouth,mouth,STRUCTURAL (no description in vanilla either),SWBestiary/Defs/BiomesTeamPort/Bodies/RSW_BiomesTeamPort_Bodies.xml
SWBestiary,BodyPartDef,RSW_Fin,fin,STRUCTURAL (no description in vanilla either),SWBestiary/Defs/BiomesTeamPort/Bodies/RSW_BiomesTeamPort_Bodies.xml
SWBestiary,BodyPartDef,RSW_FishGill,gill,STRUCTURAL (no description in vanilla either),SWBestiary/Defs/BiomesTeamPort/Bodies/RSW_BiomesTeamPort_Bodies.xml
SWBestiary,BodyPartDef,RSW_FishTail,tail,STRUCTURAL (no description in vanilla either),SWBestiary/Defs/BiomesTeamPort/Bodies/RSW_BiomesTeamPort_Bodies.xml
SWBestiary,BodyPartDef,RSW_MothWing,wing,STRUCTURAL (no description in vanilla either),SWBestiary/Defs/BiomesTeamPort/Bodies/RSW_BiomesTeamPort_Bodies.xml
SWBestiary,BodyPartDef,RSW_RWBLeftEyeStalk,eyestalk,STRUCTURAL (no description in vanilla either),SWBestiary/Defs/BiomesTeamPort/Bodies/RSW_BiomesTeamPort_Bodies.xml
SWBestiary,BodyPartDef,RSW_RWBRightEyeStalk,eyestalk,STRUCTURAL (no description in vanilla either),SWBestiary/Defs/BiomesTeamPort/Bodies/RSW_BiomesTeamPort_Bodies.xml
SWBestiary,BodyPartDef,RSW_SW_Claw,claw,STRUCTURAL (no description in vanilla either),SWBestiary/Defs/Bodies/RSW_MlieWaveB_BodyParts.xml
SWBestiary,BodyPartDef,RSW_SW_Club,club,STRUCTURAL (no description in vanilla either),SWBestiary/Defs/Bodies/RSW_MlieWaveB_BodyParts.xml
SWBestiary,BodyPartDef,RSW_SW_DexterousTail,dexterous tail,STRUCTURAL (no description in vanilla either),SWBestiary/Defs/Bodies/RSW_MlieWaveB_BodyParts.xml
SWBestiary,BodyPartDef,RSW_SW_DorsalTentacle,dorsal tentacle,STRUCTURAL (no description in vanilla either),SWBestiary/Defs/Bodies/RSW_MlieWaveB_BodyParts.xml
SWBestiary,BodyPartDef,RSW_SW_FrontHorn,front horn,STRUCTURAL (no description in vanilla either),SWBestiary/Defs/Bodies/RSW_MlieWaveB_BodyParts.xml
SWBestiary,BodyPartDef,RSW_SW_LeftClaw,left claw,STRUCTURAL (no description in vanilla either),SWBestiary/Defs/Bodies/RSW_MlieWaveB_BodyParts.xml
SWBestiary,BodyPartDef,RSW_SW_LeftFlipper,left flipper,STRUCTURAL (no description in vanilla either),SWBestiary/Defs/Bodies/RSW_MlieWaveB_BodyParts.xml
SWBestiary,BodyPartDef,RSW_SW_LeftHorn,left horn,STRUCTURAL (no description in vanilla either),SWBestiary/Defs/Bodies/RSW_MlieWaveB_BodyParts.xml
SWBestiary,BodyPartDef,RSW_SW_LeftTentacle,left tentacle,STRUCTURAL (no description in vanilla either),SWBestiary/Defs/Bodies/RSW_MlieWaveB_BodyParts.xml
SWBestiary,BodyPartDef,RSW_SW_LeftWing,left wing,STRUCTURAL (no description in vanilla either),SWBestiary/Defs/Bodies/RSW_MlieWaveB_BodyParts.xml
SWBestiary,BodyPartDef,RSW_SW_RightClaw,right claw,STRUCTURAL (no description in vanilla either),SWBestiary/Defs/Bodies/RSW_MlieWaveB_BodyParts.xml
SWBestiary,BodyPartDef,RSW_SW_RightFlipper,right flipper,STRUCTURAL (no description in vanilla either),SWBestiary/Defs/Bodies/RSW_MlieWaveB_BodyParts.xml
SWBestiary,BodyPartDef,RSW_SW_RightHorn,right horn,STRUCTURAL (no description in vanilla either),SWBestiary/Defs/Bodies/RSW_MlieWaveB_BodyParts.xml
SWBestiary,BodyPartDef,RSW_SW_RightTentacle,right tentacle,STRUCTURAL (no description in vanilla either),SWBestiary/Defs/Bodies/RSW_MlieWaveB_BodyParts.xml
SWBestiary,BodyPartDef,RSW_SW_RightWing,right wing,STRUCTURAL (no description in vanilla either),SWBestiary/Defs/Bodies/RSW_MlieWaveB_BodyParts.xml
SWBestiary,BodyPartDef,RSW_SW_SerpentTail,serpent tail,STRUCTURAL (no description in vanilla either),SWBestiary/Defs/Bodies/RSW_MlieWaveB_BodyParts.xml
SWBestiary,BodyPartDef,RSW_SW_Spikes,spikes,STRUCTURAL (no description in vanilla either),SWBestiary/Defs/Bodies/RSW_MlieWaveB_BodyParts.xml
SWBestiary,BodyPartDef,RSW_Stinger,stinger,STRUCTURAL (no description in vanilla either),SWBestiary/Defs/BiomesTeamPort/Bodies/RSW_BiomesTeamPort_Bodies.xml
SWBestiary,BodyPartGroupDef,RSW_FrontLeftScythe,front left scythe,STRUCTURAL (no description in vanilla either),SWBestiary/Defs/BiomesTeamPort/Bodies/RSW_BiomesTeamPort_Bodies.xml
SWBestiary,BodyPartGroupDef,RSW_FrontRightScythe,front right scythe,STRUCTURAL (no description in vanilla either),SWBestiary/Defs/BiomesTeamPort/Bodies/RSW_BiomesTeamPort_Bodies.xml
SWBestiary,BodyPartGroupDef,RSW_RancorHeart,rancor heart,STRUCTURAL (no description in vanilla either),SWBestiary/Defs/Bodies/RSW_MlieWaveB_BodyParts.xml
SWBestiary,BodyPartGroupDef,RSW_SWClaws,claws,STRUCTURAL (no description in vanilla either),SWBestiary/Defs/Bodies/RSW_MlieWaveB_BodyParts.xml
SWBestiary,BodyPartGroupDef,RSW_SWHornAttackTool,horn,STRUCTURAL (no description in vanilla either),SWBestiary/Defs/Bodies/RSW_MlieWaveB_BodyParts.xml
SWBestiary,BodyPartGroupDef,RSW_SWLeftArmClawAttackTool,left claw,STRUCTURAL (no description in vanilla either),SWBestiary/Defs/Bodies/RSW_MlieWaveB_BodyParts.xml
SWBestiary,BodyPartGroupDef,RSW_SWLeftFingerClaw,left finger claw,STRUCTURAL (no description in vanilla either),SWBestiary/Defs/Bodies/RSW_MlieWaveB_BodyParts.xml
SWBestiary,BodyPartGroupDef,RSW_SWLeftHoof,raised hoof,STRUCTURAL (no description in vanilla either),SWBestiary/Defs/Bodies/RSW_MlieWaveB_BodyParts.xml
SWBestiary,BodyPartGroupDef,RSW_SWLeftLeg,left leg,STRUCTURAL (no description in vanilla either),SWBestiary/Defs/Bodies/RSW_MlieWaveB_BodyParts.xml
SWBestiary,BodyPartGroupDef,RSW_SWLeftLegClawAttackTool,left claw,STRUCTURAL (no description in vanilla either),SWBestiary/Defs/Bodies/RSW_MlieWaveB_BodyParts.xml
SWBestiary,BodyPartGroupDef,RSW_SWRightArmClawAttackTool,right claw,STRUCTURAL (no description in vanilla either),SWBestiary/Defs/Bodies/RSW_MlieWaveB_BodyParts.xml
SWBestiary,BodyPartGroupDef,RSW_SWRightFingerClaw,right finger claw,STRUCTURAL (no description in vanilla either),SWBestiary/Defs/Bodies/RSW_MlieWaveB_BodyParts.xml
SWBestiary,BodyPartGroupDef,RSW_SWRightHoof,raised hoof,STRUCTURAL (no description in vanilla either),SWBestiary/Defs/Bodies/RSW_MlieWaveB_BodyParts.xml
SWBestiary,BodyPartGroupDef,RSW_SWRightLeg,right leg,STRUCTURAL (no description in vanilla either),SWBestiary/Defs/Bodies/RSW_MlieWaveB_BodyParts.xml
SWBestiary,BodyPartGroupDef,RSW_SWRightLegClawAttackTool,right claw,STRUCTURAL (no description in vanilla either),SWBestiary/Defs/Bodies/RSW_MlieWaveB_BodyParts.xml
SWBestiary,BodyPartGroupDef,RSW_SWTailAttackTool,tail,STRUCTURAL (no description in vanilla either),SWBestiary/Defs/Bodies/RSW_MlieWaveB_BodyParts.xml
SWBestiary,BodyPartGroupDef,RSW_SWTentacleAttackTool,thrashing tentacle,STRUCTURAL (no description in vanilla either),SWBestiary/Defs/Bodies/RSW_MlieWaveB_BodyParts.xml
SWBestiary,BodyPartGroupDef,RSW_SWToxicAppendage,poisonous appendage,STRUCTURAL (no description in vanilla either),SWBestiary/Defs/Bodies/RSW_MlieWaveB_BodyParts.xml
SWBestiary,BodyPartGroupDef,RSW_SW_FirstTentacleBeldon,tentacle,STRUCTURAL (no description in vanilla either),SWBestiary/Defs/Bodies/RSW_MlieWaveB_BodyParts.xml
SWBestiary,BodyPartGroupDef,RSW_SW_FirstTentacleBlixus,tentacle,STRUCTURAL (no description in vanilla either),SWBestiary/Defs/Bodies/RSW_MlieWaveB_BodyParts.xml
SWBestiary,BodyPartGroupDef,RSW_SW_FirstTentacleLylek,tentacle,STRUCTURAL (no description in vanilla either),SWBestiary/Defs/Bodies/RSW_MlieWaveB_BodyParts.xml
SWBestiary,BodyPartGroupDef,RSW_SW_SecondTentacleBeldon,tentacle,STRUCTURAL (no description in vanilla either),SWBestiary/Defs/Bodies/RSW_MlieWaveB_BodyParts.xml
SWBestiary,BodyPartGroupDef,RSW_SW_SecondTentacleBlixus,tentacle,STRUCTURAL (no description in vanilla either),SWBestiary/Defs/Bodies/RSW_MlieWaveB_BodyParts.xml
SWBestiary,BodyPartGroupDef,RSW_SW_SecondTentacleLylek,tentacle,STRUCTURAL (no description in vanilla either),SWBestiary/Defs/Bodies/RSW_MlieWaveB_BodyParts.xml
SWBestiary,BodyPartGroupDef,RSW_SW_ThirdTentacleBeldon,tentacle,STRUCTURAL (no description in vanilla either),SWBestiary/Defs/Bodies/RSW_MlieWaveB_BodyParts.xml
SWBestiary,BodyPartGroupDef,RSW_StingerGroup,stinger,STRUCTURAL (no description in vanilla either),SWBestiary/Defs/BiomesTeamPort/Bodies/RSW_BiomesTeamPort_Bodies.xml
SWBestiary,DamageDef,RSW_BloodSuck,blood suck,STRUCTURAL (no description in vanilla either),SWBestiary/Defs/BiomesTeamPort/Support/RSW_BiomesTeamPort_Support.xml
SWBestiary,DamageDef,RSW_ColdDrainDamage,cold drain,STRUCTURAL (no description in vanilla either),SWBestiary/Defs/Livestock/DamageDefs/DamageDefs_ColdDrain.xml
SWBestiary,DamageDef,RSW_Neurotoxin,neurotoxin,STRUCTURAL (no description in vanilla either),SWBestiary/Defs/BiomesTeamPort/Support/RSW_BiomesTeamPort_Support.xml
SWBestiary,DamageDef,RSW_PhoridSting,megaphorid sting,STRUCTURAL (no description in vanilla either),SWBestiary/Defs/BiomesTeamPort/Support/RSW_BiomesTeamPort_Support.xml
SWBestiary,DamageDef,RSW_StunningSpores,stunning spores,STRUCTURAL (no description in vanilla either),SWBestiary/Defs/BiomesTeamPort/Support/RSW_BiomesTeamPort_Support.xml
SWBestiary,DamageDef,RSW_ToxicBite,toxic bite,STRUCTURAL (no description in vanilla either),SWBestiary/Defs/BiomesTeamPort/Support/RSW_BiomesTeamPort_Support.xml
SWBestiary,DamageDef,RSW_ToxicHeadbutt,toxic skin,STRUCTURAL (no description in vanilla either),SWBestiary/Defs/BiomesTeamPort/Support/RSW_BiomesTeamPort_Support.xml
SWBestiary,DamageDef,RSW_ToxicScratch,toxic claws,STRUCTURAL (no description in vanilla either),SWBestiary/Defs/BiomesTeamPort/Support/RSW_BiomesTeamPort_Support.xml
SWBestiary,DamageDef,RSW_ToxicSpores,toxic spores,STRUCTURAL (no description in vanilla either),SWBestiary/Defs/BiomesTeamPort/Support/RSW_BiomesTeamPort_Support.xml
SWBestiary,EffecterDef,RSW_EatFish,,STRUCTURAL (no description in vanilla either),SWBestiary/Defs/BiomesTeamPort/Support/RSW_BiomesTeamPort_Support.xml
SWBestiary,FleckDef,RSW_Fishing,,STRUCTURAL (no description in vanilla either),SWBestiary/Defs/BiomesTeamPort/Support/RSW_BiomesTeamPort_Support.xml
SWBestiary,LifeStageDef,RSW_DiggerAdult,adult,STRUCTURAL (no description in vanilla either),SWBestiary/Defs/BiomesTeamPort/Support/RSW_BiomesTeamPort_Support.xml
SWBestiary,LifeStageDef,RSW_DiggerBaby,baby,STRUCTURAL (no description in vanilla either),SWBestiary/Defs/BiomesTeamPort/Support/RSW_BiomesTeamPort_Support.xml
SWBestiary,LifeStageDef,RSW_DiggerJuvenile,juvenile,STRUCTURAL (no description in vanilla either),SWBestiary/Defs/BiomesTeamPort/Support/RSW_BiomesTeamPort_Support.xml
SWBestiary,LifeStageDef,RSW_EusocialInsectAdult,adult,STRUCTURAL (no description in vanilla either),SWBestiary/Defs/BiomesTeamPort/Support/RSW_BiomesTeamPort_Support.xml
SWBestiary,LifeStageDef,RSW_EusocialInsectNymphFirst,nymph,STRUCTURAL (no description in vanilla either),SWBestiary/Defs/BiomesTeamPort/Support/RSW_BiomesTeamPort_Support.xml
SWBestiary,LifeStageDef,RSW_EusocialInsectNymphSecond,immature,STRUCTURAL (no description in vanilla either),SWBestiary/Defs/BiomesTeamPort/Support/RSW_BiomesTeamPort_Support.xml
SWBestiary,LifeStageDef,RSW_InsectLarvalFirst,larva,STRUCTURAL (no description in vanilla either),SWBestiary/Defs/BiomesTeamPort/Support/RSW_BiomesTeamPort_Support.xml
SWBestiary,LifeStageDef,RSW_InsectLarvalSecound,larva,STRUCTURAL (no description in vanilla either),SWBestiary/Defs/BiomesTeamPort/Support/RSW_BiomesTeamPort_Support.xml
SWBestiary,LifeStageDef,RSW_InsectLarvalThird,larva,STRUCTURAL (no description in vanilla either),SWBestiary/Defs/BiomesTeamPort/Support/RSW_BiomesTeamPort_Support.xml
SWBestiary,LifeStageDef,RSW_Pupa,pupa,STRUCTURAL (no description in vanilla either),SWBestiary/Defs/BiomesTeamPort/Support/RSW_BiomesTeamPort_Support.xml
SWBestiary,PawnKindDef,RSW_AaroxisDendoria,aaroxis dendoria,STRUCTURAL (no description in vanilla either),SWBestiary/Defs/BiomesTeamPort/ThingDefs_Races/RSW_BiomesTeamPort_Races.xml
SWBestiary,PawnKindDef,RSW_AaroxisDendoriaLarvae,cinnabar caterpillar,STRUCTURAL (no description in vanilla either),SWBestiary/Defs/BiomesTeamPort/ThingDefs_Races/RSW_BiomesTeamPort_Races.xml
SWBestiary,PawnKindDef,RSW_AaroxisDendoriaPupa,aaroxis dendoria pupa,STRUCTURAL (no description in vanilla either),SWBestiary/Defs/BiomesTeamPort/ThingDefs_Races/RSW_BiomesTeamPort_Races.xml
SWBestiary,PawnKindDef,RSW_AbyssalColo,abyssal colo,STRUCTURAL (no description in vanilla either),SWBestiary/Defs/SeaBeasts/ThingDefs_Races/SeaBeasts_Colo.xml
SWBestiary,PawnKindDef,RSW_AcidSlug,acid slug,STRUCTURAL (no description in vanilla either),SWBestiary/Defs/BiomesTeamPort/ThingDefs_Races/RSW_BiomesTeamPort_Races.xml
SWBestiary,PawnKindDef,RSW_Acklay,acklay,STRUCTURAL (no description in vanilla either),SWBestiary/Defs/ThingDefs_Races/RSW_Acklay.xml
SWBestiary,PawnKindDef,RSW_Bantha,bantha,STRUCTURAL (no description in vanilla either),SWBestiary/Defs/ThingDefs_Races/RSW_Bantha.xml
SWBestiary,PawnKindDef,RSW_Baseopsis,Baseopsis,STRUCTURAL (no description in vanilla either),SWBestiary/Defs/ThingDefs_Races/RSW_Absorbed_Baseopsis.xml
SWBestiary,PawnKindDef,RSW_Basilisk,basilisk,STRUCTURAL (no description in vanilla either),SWBestiary/Defs/BiomesTeamPort/ThingDefs_Races/RSW_BiomesTeamPort_Races.xml
SWBestiary,PawnKindDef,RSW_BloodletterPetrel,bloodletter petrel,STRUCTURAL (no description in vanilla either),SWBestiary/Defs/BiomesTeamPort/ThingDefs_Races/RSW_BiomesTeamPort_Races.xml
SWBestiary,PawnKindDef,RSW_BloodropLarvae,bloodrop larvae,STRUCTURAL (no description in vanilla either),SWBestiary/Defs/BiomesTeamPort/ThingDefs_Races/RSW_BiomesTeamPort_Races.xml
SWBestiary,PawnKindDef,RSW_BloodropMoth,bloodrop moth,STRUCTURAL (no description in vanilla either),SWBestiary/Defs/BiomesTeamPort/ThingDefs_Races/RSW_BiomesTeamPort_Races.xml
SWBestiary,PawnKindDef,RSW_BloodropPupa,bloodrop pupa,STRUCTURAL (no description in vanilla either),SWBestiary/Defs/BiomesTeamPort/ThingDefs_Races/RSW_BiomesTeamPort_Races.xml
SWBestiary,PawnKindDef,RSW_BovineBeetle,bovine beetle,STRUCTURAL (no description in vanilla either),SWBestiary/Defs/BiomesTeamPort/ThingDefs_Races/RSW_BiomesTeamPort_Races.xml
SWBestiary,PawnKindDef,RSW_BovineBeetleLarvae,bovine beetle grub,STRUCTURAL (no description in vanilla either),SWBestiary/Defs/BiomesTeamPort/ThingDefs_Races/RSW_BiomesTeamPort_Races.xml
SWBestiary,PawnKindDef,RSW_BovineBeetlePupa,Bovine pupa,STRUCTURAL (no description in vanilla either),SWBestiary/Defs/BiomesTeamPort/ThingDefs_Races/RSW_BiomesTeamPort_Races.xml
SWBestiary,PawnKindDef,RSW_BunkerBug,bunkerbug,STRUCTURAL (no description in vanilla either),SWBestiary/Defs/BiomesTeamPort/ThingDefs_Races/RSW_BiomesTeamPort_Races.xml
SWBestiary,PawnKindDef,RSW_CaveLemming,cave lemming,STRUCTURAL (no description in vanilla either),SWBestiary/Defs/BiomesTeamPort/ThingDefs_Races/RSW_BiomesTeamPort_Races.xml
SWBestiary,PawnKindDef,RSW_Cindermare,cindermare,STRUCTURAL (no description in vanilla either),SWBestiary/Defs/Livestock/PawnKindDefs/PawnKindDefs_ForsakenCrags.xml
SWBestiary,PawnKindDef,RSW_ColoClawFish,colo claw fish,STRUCTURAL (no description in vanilla either),SWBestiary/Defs/SeaBeasts/ThingDefs_Races/SeaBeasts_Colo.xml
SWBestiary,PawnKindDef,RSW_ColonyPustuleHornet,pustule hornet,STRUCTURAL (no description in vanilla either),SWBestiary/Defs/BiomesTeamPort/ThingDefs_Races/RSW_BiomesTeamPort_Races.xml
SWBestiary,PawnKindDef,RSW_ColonyPustuleHornetQueen,pustule queen,STRUCTURAL (no description in vanilla either),SWBestiary/Defs/BiomesTeamPort/ThingDefs_Races/RSW_BiomesTeamPort_Races.xml
SWBestiary,PawnKindDef,RSW_Creature_Mantrap,mantrap,STRUCTURAL (no description in vanilla either),SWBestiary/Defs/BiomesTeamPort/ThingDefs_Races/RSW_BiomesTeamPort_Races.xml
SWBestiary,PawnKindDef,RSW_CrestedDragon,crested dragon,STRUCTURAL (no description in vanilla either),SWBestiary/Defs/BiomesTeamPort/ThingDefs_Races/RSW_BiomesTeamPort_Races.xml
SWBestiary,PawnKindDef,RSW_CrimsonOpee,crimson opee,STRUCTURAL (no description in vanilla either),SWBestiary/Defs/SeaBeasts/ThingDefs_Races/SeaBeasts_Opee.xml
SWBestiary,PawnKindDef,RSW_CrystalCrab,crystal crab,STRUCTURAL (no description in vanilla either),SWBestiary/Defs/BiomesTeamPort/ThingDefs_Races/RSW_BiomesTeamPort_Races.xml
SWBestiary,PawnKindDef,RSW_CrystalFairyMole,crystal fairy mole,STRUCTURAL (no description in vanilla either),SWBestiary/Defs/BiomesTeamPort/ThingDefs_Races/RSW_BiomesTeamPort_Races.xml
SWBestiary,PawnKindDef,RSW_Dewback,dewback,STRUCTURAL (no description in vanilla either),SWBestiary/Defs/ThingDefs_Races/RSW_Dewback.xml
SWBestiary,PawnKindDef,RSW_Diggerpede,diggerpede,STRUCTURAL (no description in vanilla either),SWBestiary/Defs/BiomesTeamPort/ThingDefs_Races/RSW_BiomesTeamPort_Races.xml
SWBestiary,PawnKindDef,RSW_Diplocaulus,Diplocaulus,STRUCTURAL (no description in vanilla either),SWBestiary/Defs/ThingDefs_Races/RSW_Absorbed_Diplocaulus.xml
SWBestiary,PawnKindDef,RSW_ElderSando,elder sando,STRUCTURAL (no description in vanilla either),SWBestiary/Defs/SeaBeasts/ThingDefs_Races/SeaBeasts_Sando.xml
SWBestiary,PawnKindDef,RSW_Faa,faa scalefish,STRUCTURAL (no description in vanilla either),SWBestiary/Defs/SeaBeasts/ThingDefs_Races/SeaBeasts_Scalefish.xml
SWBestiary,PawnKindDef,RSW_FaaJuv,young faa scalefish,STRUCTURAL (no description in vanilla either),SWBestiary/Defs/SeaBeasts/ThingDefs_Races/SeaBeasts_NurseryJuveniles.xml
SWBestiary,PawnKindDef,RSW_FacetMoth,facet moth,STRUCTURAL (no description in vanilla either),SWBestiary/Defs/BiomesTeamPort/ThingDefs_Races/RSW_BiomesTeamPort_Races.xml
SWBestiary,PawnKindDef,RSW_FacetMothLarvae,facet larvae,STRUCTURAL (no description in vanilla either),SWBestiary/Defs/BiomesTeamPort/ThingDefs_Races/RSW_BiomesTeamPort_Races.xml
SWBestiary,PawnKindDef,RSW_FacetMothPupa,facet pupa,STRUCTURAL (no description in vanilla either),SWBestiary/Defs/BiomesTeamPort/ThingDefs_Races/RSW_BiomesTeamPort_Races.xml
SWBestiary,PawnKindDef,RSW_FleeceSpider,fleece spider,STRUCTURAL (no description in vanilla either),SWBestiary/Defs/BiomesTeamPort/ThingDefs_Races/RSW_BiomesTeamPort_Races.xml
SWBestiary,PawnKindDef,RSW_FoundryBeetle,foundry beetle,STRUCTURAL (no description in vanilla either),SWBestiary/Defs/BiomesTeamPort/ThingDefs_Races/RSW_BiomesTeamPort_Races.xml
SWBestiary,PawnKindDef,RSW_FoundryBeetleLarvae,foundry grub,STRUCTURAL (no description in vanilla either),SWBestiary/Defs/BiomesTeamPort/ThingDefs_Races/RSW_BiomesTeamPort_Races.xml
SWBestiary,PawnKindDef,RSW_FoundryBeetlePupa,foundry pupa,STRUCTURAL (no description in vanilla either),SWBestiary/Defs/BiomesTeamPort/ThingDefs_Races/RSW_BiomesTeamPort_Races.xml
SWBestiary,PawnKindDef,RSW_FungalMantis,fungal mimic mantis,STRUCTURAL (no description in vanilla either),SWBestiary/Defs/BiomesTeamPort/ThingDefs_Races/RSW_BiomesTeamPort_Races.xml
SWBestiary,PawnKindDef,RSW_FungalWeevil,fungal weevil,STRUCTURAL (no description in vanilla either),SWBestiary/Defs/BiomesTeamPort/ThingDefs_Races/RSW_BiomesTeamPort_Races.xml
SWBestiary,PawnKindDef,RSW_GastroToad,gastro toad,STRUCTURAL (no description in vanilla either),SWBestiary/Defs/BiomesTeamPort/ThingDefs_Races/RSW_BiomesTeamPort_Races.xml
SWBestiary,PawnKindDef,RSW_Gembug,gembug,STRUCTURAL (no description in vanilla either),SWBestiary/Defs/BiomesTeamPort/ThingDefs_Races/RSW_BiomesTeamPort_Races.xml
SWBestiary,PawnKindDef,RSW_GlowSlug,glowslug,STRUCTURAL (no description in vanilla either),SWBestiary/Defs/BiomesTeamPort/ThingDefs_Races/RSW_BiomesTeamPort_Races.xml
SWBestiary,PawnKindDef,RSW_Glowtail,glowtail,STRUCTURAL (no description in vanilla either),SWBestiary/Defs/BiomesTeamPort/ThingDefs_Races/RSW_BiomesTeamPort_Races.xml
SWBestiary,PawnKindDef,RSW_Holcorobeus,Holcorobeus,STRUCTURAL (no description in vanilla either),SWBestiary/Defs/ThingDefs_Races/RSW_Absorbed_Holcorobeus.xml
SWBestiary,PawnKindDef,RSW_ImperialToad,imperial toad,STRUCTURAL (no description in vanilla either),SWBestiary/Defs/BiomesTeamPort/ThingDefs_Races/RSW_BiomesTeamPort_Races.xml
SWBestiary,PawnKindDef,RSW_Jellypot,jellypot,STRUCTURAL (no description in vanilla either),SWBestiary/Defs/BiomesTeamPort/ThingDefs_Races/RSW_BiomesTeamPort_Races.xml
SWBestiary,PawnKindDef,RSW_Jerba,jerba,STRUCTURAL (no description in vanilla either),SWBestiary/Defs/ThingDefs_Races/RSW_Jerba.xml
SWBestiary,PawnKindDef,RSW_JewelBeetle,jewel beetle,STRUCTURAL (no description in vanilla either),SWBestiary/Defs/BiomesTeamPort/ThingDefs_Races/RSW_BiomesTeamPort_Races.xml
SWBestiary,PawnKindDef,RSW_JewelBeetleLarvae,jewel grub,STRUCTURAL (no description in vanilla either),SWBestiary/Defs/BiomesTeamPort/ThingDefs_Races/RSW_BiomesTeamPort_Races.xml
SWBestiary,PawnKindDef,RSW_JewelBeetlePupa,jewel pupa,STRUCTURAL (no description in vanilla either),SWBestiary/Defs/BiomesTeamPort/ThingDefs_Races/RSW_BiomesTeamPort_Races.xml
SWBestiary,PawnKindDef,RSW_Karrask,karrask,STRUCTURAL (no description in vanilla either),SWBestiary/Defs/Livestock/PawnKindDefs/PawnKindDefs_Karrask.xml
SWBestiary,PawnKindDef,RSW_Laa,laa scalefish,STRUCTURAL (no description in vanilla either),SWBestiary/Defs/SeaBeasts/ThingDefs_Races/SeaBeasts_Scalefish.xml
SWBestiary,PawnKindDef,RSW_LaaJuv,young laa scalefish,STRUCTURAL (no description in vanilla either),SWBestiary/Defs/SeaBeasts/ThingDefs_Races/SeaBeasts_NurseryJuveniles.xml
SWBestiary,PawnKindDef,RSW_Lanternwhale,lanternwhale,STRUCTURAL (no description in vanilla either),SWBestiary/Defs/SeaBeasts/ThingDefs_Races/SeaBeasts_Colossi.xml
SWBestiary,PawnKindDef,RSW_Maligoat,maligoat,STRUCTURAL (no description in vanilla either),SWBestiary/Defs/BiomesTeamPort/ThingDefs_Races/RSW_BiomesTeamPort_Races.xml
SWBestiary,PawnKindDef,RSW_Maxolotl,maxolotl,STRUCTURAL (no description in vanilla either),SWBestiary/Defs/BiomesTeamPort/ThingDefs_Races/RSW_BiomesTeamPort_Races.xml
SWBestiary,PawnKindDef,RSW_Mee,mee scalefish,STRUCTURAL (no description in vanilla either),SWBestiary/Defs/SeaBeasts/ThingDefs_Races/SeaBeasts_Scalefish.xml
SWBestiary,PawnKindDef,RSW_MeeJuv,young mee scalefish,STRUCTURAL (no description in vanilla either),SWBestiary/Defs/SeaBeasts/ThingDefs_Races/SeaBeasts_NurseryJuveniles.xml
SWBestiary,PawnKindDef,RSW_Megakrill,megakrill,STRUCTURAL (no description in vanilla either),SWBestiary/Defs/BiomesTeamPort/ThingDefs_Races/RSW_BiomesTeamPort_Races.xml
SWBestiary,PawnKindDef,RSW_Megaphorid,megaphorid,STRUCTURAL (no description in vanilla either),SWBestiary/Defs/BiomesTeamPort/ThingDefs_Races/RSW_BiomesTeamPort_Races.xml
SWBestiary,PawnKindDef,RSW_MegaphoridLarva,megaphorid maggot,STRUCTURAL (no description in vanilla either),SWBestiary/Defs/BiomesTeamPort/ThingDefs_Races/RSW_BiomesTeamPort_Races.xml
SWBestiary,PawnKindDef,RSW_Megapleura,megapleura,STRUCTURAL (no description in vanilla either),SWBestiary/Defs/BiomesTeamPort/ThingDefs_Races/RSW_BiomesTeamPort_Races.xml
SWBestiary,PawnKindDef,RSW_MossBeetle,moss beetle,STRUCTURAL (no description in vanilla either),SWBestiary/Defs/BiomesTeamPort/ThingDefs_Races/RSW_BiomesTeamPort_Races.xml
SWBestiary,PawnKindDef,RSW_MossBeetleLarvae,moss larva,STRUCTURAL (no description in vanilla either),SWBestiary/Defs/BiomesTeamPort/ThingDefs_Races/RSW_BiomesTeamPort_Races.xml
SWBestiary,PawnKindDef,RSW_MossBeetlePupa,moss pupa,STRUCTURAL (no description in vanilla either),SWBestiary/Defs/BiomesTeamPort/ThingDefs_Races/RSW_BiomesTeamPort_Races.xml
SWBestiary,PawnKindDef,RSW_MutagenicNorphea,mutagenic norphea,STRUCTURAL (no description in vanilla either),SWBestiary/Defs/BiomesTeamPort/ThingDefs_Races/RSW_BiomesTeamPort_Races.xml
SWBestiary,PawnKindDef,RSW_MutatingTumorfishAdult,mutating tumorfish,STRUCTURAL (no description in vanilla either),SWBestiary/Defs/BiomesTeamPort/ThingDefs_Races/RSW_BiomesTeamPort_Races.xml
SWBestiary,PawnKindDef,RSW_MutatingTumorfishFry,mutating tumorfish fry,STRUCTURAL (no description in vanilla either),SWBestiary/Defs/BiomesTeamPort/ThingDefs_Races/RSW_BiomesTeamPort_Races.xml
SWBestiary,PawnKindDef,RSW_MutatingTumorfishSpawn,mutating tumorfish spawn,STRUCTURAL (no description in vanilla either),SWBestiary/Defs/BiomesTeamPort/ThingDefs_Races/RSW_BiomesTeamPort_Races.xml
SWBestiary,PawnKindDef,RSW_Mynock,mynock,STRUCTURAL (no description in vanilla either),SWBestiary/Defs/ShipVermin/PawnKindDefs/RSW_Mynock_PawnKind.xml
SWBestiary,PawnKindDef,RSW_Nuna,nuna,STRUCTURAL (no description in vanilla either),SWBestiary/Defs/ThingDefs_Races/RSW_Nuna.xml
SWBestiary,PawnKindDef,RSW_Onnik,onnik,STRUCTURAL (no description in vanilla either),SWBestiary/Defs/Livestock/PawnKindDefs/PawnKindDefs_Onnik.xml
SWBestiary,PawnKindDef,RSW_OpeeSeaKiller,opee sea killer,STRUCTURAL (no description in vanilla either),SWBestiary/Defs/SeaBeasts/ThingDefs_Races/SeaBeasts_Opee.xml
SWBestiary,PawnKindDef,RSW_OpeeSeaKillerJuv,sub-adult opee sea killer,STRUCTURAL (no description in vanilla either),SWBestiary/Defs/SeaBeasts/ThingDefs_Races/SeaBeasts_NurseryJuveniles.xml
SWBestiary,PawnKindDef,RSW_Platyhystrix,Platyhystrix,STRUCTURAL (no description in vanilla either),SWBestiary/Defs/ThingDefs_Races/RSW_Absorbed_Platyhystrix.xml
SWBestiary,PawnKindDef,RSW_PodWorm,pod worm,STRUCTURAL (no description in vanilla either),SWBestiary/Defs/BiomesTeamPort/ThingDefs_Races/RSW_BiomesTeamPort_Races.xml
SWBestiary,PawnKindDef,RSW_Polluwog,polluwog,STRUCTURAL (no description in vanilla either),SWBestiary/Defs/BiomesTeamPort/ThingDefs_Races/RSW_BiomesTeamPort_Races.xml
SWBestiary,PawnKindDef,RSW_Porg,porg,STRUCTURAL (no description in vanilla either),SWBestiary/Defs/ThingDefs_Races/RSW_Porg.xml
SWBestiary,PawnKindDef,RSW_Protosolpuga,Protosolpuga,STRUCTURAL (no description in vanilla either),SWBestiary/Defs/ThingDefs_Races/RSW_Absorbed_Protosolpuga.xml
SWBestiary,PawnKindDef,RSW_Protovermes,Protovermes,STRUCTURAL (no description in vanilla either),SWBestiary/Defs/ThingDefs_Races/RSW_Absorbed_Protovermes.xml
SWBestiary,PawnKindDef,RSW_PustuleHornet,pustule hornet,STRUCTURAL (no description in vanilla either),SWBestiary/Defs/BiomesTeamPort/ThingDefs_Races/RSW_BiomesTeamPort_Races.xml
SWBestiary,PawnKindDef,RSW_PustuleHornetQueen,pustule queen,STRUCTURAL (no description in vanilla either),SWBestiary/Defs/BiomesTeamPort/ThingDefs_Races/RSW_BiomesTeamPort_Races.xml
SWBestiary,PawnKindDef,RSW_PustuleHornetSpawned,pustule hornet,STRUCTURAL (no description in vanilla either),SWBestiary/Defs/BiomesTeamPort/ThingDefs_Races/RSW_BiomesTeamPort_Races.xml
SWBestiary,PawnKindDef,RSW_Reefback,reefback,STRUCTURAL (no description in vanilla either),SWBestiary/Defs/SeaBeasts/ThingDefs_Races/SeaBeasts_Colossi.xml
SWBestiary,PawnKindDef,RSW_RoyalRhino,royal rhino beetle,STRUCTURAL (no description in vanilla either),SWBestiary/Defs/BiomesTeamPort/ThingDefs_Races/RSW_BiomesTeamPort_Races.xml
SWBestiary,PawnKindDef,RSW_RoyalRhinoLarvae,royal rhino grub,STRUCTURAL (no description in vanilla either),SWBestiary/Defs/BiomesTeamPort/ThingDefs_Races/RSW_BiomesTeamPort_Races.xml
SWBestiary,PawnKindDef,RSW_RoyalRhinoPupa,royal rhino pupa,STRUCTURAL (no description in vanilla either),SWBestiary/Defs/BiomesTeamPort/ThingDefs_Races/RSW_BiomesTeamPort_Races.xml
SWBestiary,PawnKindDef,RSW_RustNipper,rust nipper,STRUCTURAL (no description in vanilla either),SWBestiary/Defs/SeaBeasts/ThingDefs_Races/SeaBeasts_Swarm.xml
SWBestiary,PawnKindDef,RSW_RustNipperJuv,young rust nipper,STRUCTURAL (no description in vanilla either),SWBestiary/Defs/SeaBeasts/ThingDefs_Races/SeaBeasts_NurseryJuveniles.xml
SWBestiary,PawnKindDef,RSW_Sacapillar,sacapillar,STRUCTURAL (no description in vanilla either),SWBestiary/Defs/BiomesTeamPort/ThingDefs_Races/RSW_BiomesTeamPort_Races.xml
SWBestiary,PawnKindDef,RSW_SandLeaper,sand leaper,STRUCTURAL (no description in vanilla either),SWBestiary/Defs/BiomesTeamPort/ThingDefs_Races/RSW_BiomesTeamPort_Races.xml
SWBestiary,PawnKindDef,RSW_SandPillar,sandpillar,STRUCTURAL (no description in vanilla either),SWBestiary/Defs/BiomesTeamPort/ThingDefs_Races/RSW_BiomesTeamPort_Races.xml
SWBestiary,PawnKindDef,RSW_SandStalker,sand stalker,STRUCTURAL (no description in vanilla either),SWBestiary/Defs/ThingDefs_Races/RSW_SandStalker.xml
SWBestiary,PawnKindDef,RSW_SandoAquaMonster,sando aqua monster,STRUCTURAL (no description in vanilla either),SWBestiary/Defs/SeaBeasts/ThingDefs_Races/SeaBeasts_Sando.xml
SWBestiary,PawnKindDef,RSW_Screecher,screecher,STRUCTURAL (no description in vanilla either),SWBestiary/Defs/BiomesTeamPort/ThingDefs_Races/RSW_BiomesTeamPort_Races.xml
SWBestiary,PawnKindDef,RSW_Segnosaurus,Segnosaurus,STRUCTURAL (no description in vanilla either),SWBestiary/Defs/ThingDefs_Races/RSW_Absorbed_Segnosaurus.xml
SWBestiary,PawnKindDef,RSW_ShaleGorger,shale gorger,STRUCTURAL (no description in vanilla either),SWBestiary/Defs/SeaBeasts/ThingDefs_Races/SeaBeasts_Opee.xml
SWBestiary,PawnKindDef,RSW_ShatterjawBeetle,shatterjaw beetle,STRUCTURAL (no description in vanilla either),SWBestiary/Defs/BiomesTeamPort/ThingDefs_Races/RSW_BiomesTeamPort_Races.xml
SWBestiary,PawnKindDef,RSW_ShatterjawBeetleLarvae,shatterjaw grub,STRUCTURAL (no description in vanilla either),SWBestiary/Defs/BiomesTeamPort/ThingDefs_Races/RSW_BiomesTeamPort_Races.xml
SWBestiary,PawnKindDef,RSW_ShatterjawBeetlePupa,shatterjaw pupa,STRUCTURAL (no description in vanilla either),SWBestiary/Defs/BiomesTeamPort/ThingDefs_Races/RSW_BiomesTeamPort_Races.xml
SWBestiary,PawnKindDef,RSW_SiltLamprey,silt lamprey,STRUCTURAL (no description in vanilla either),SWBestiary/Defs/SeaBeasts/ThingDefs_Races/SeaBeasts_Swarm.xml
SWBestiary,PawnKindDef,RSW_SiltLampreyJuv,young silt lamprey,STRUCTURAL (no description in vanilla either),SWBestiary/Defs/SeaBeasts/ThingDefs_Races/SeaBeasts_NurseryJuveniles.xml
SWBestiary,PawnKindDef,RSW_Skarnix,skarnix,STRUCTURAL (no description in vanilla either),SWBestiary/Defs/Livestock/PawnKindDefs/PawnKindDefs_ForsakenCrags.xml
SWBestiary,PawnKindDef,RSW_SmogMoth,smog moth,STRUCTURAL (no description in vanilla either),SWBestiary/Defs/BiomesTeamPort/ThingDefs_Races/RSW_BiomesTeamPort_Races.xml
SWBestiary,PawnKindDef,RSW_SmogMothLarvae,smog caterpillar,STRUCTURAL (no description in vanilla either),SWBestiary/Defs/BiomesTeamPort/ThingDefs_Races/RSW_BiomesTeamPort_Races.xml
SWBestiary,PawnKindDef,RSW_SmogPupa,smog pupa,STRUCTURAL (no description in vanilla either),SWBestiary/Defs/BiomesTeamPort/ThingDefs_Races/RSW_BiomesTeamPort_Races.xml
SWBestiary,PawnKindDef,RSW_Starmaw,starmaw,STRUCTURAL (no description in vanilla either),SWBestiary/Defs/SeaBeasts/ThingDefs_Races/SeaBeasts_Colossi.xml
SWBestiary,PawnKindDef,RSW_Stoneback,stoneback,STRUCTURAL (no description in vanilla either),SWBestiary/Defs/BiomesTeamPort/ThingDefs_Races/RSW_BiomesTeamPort_Races.xml
SWBestiary,PawnKindDef,RSW_StormSando,storm sando,STRUCTURAL (no description in vanilla either),SWBestiary/Defs/SeaBeasts/ThingDefs_Races/SeaBeasts_Sando.xml
SWBestiary,PawnKindDef,RSW_Tellurox,tellurox,STRUCTURAL (no description in vanilla either),SWBestiary/Defs/HelixTellurox/ThingDefs_Races/Races_Tellurox.xml
SWBestiary,PawnKindDef,RSW_Termitotron,Termitotron,STRUCTURAL (no description in vanilla either),SWBestiary/Defs/ThingDefs_Races/RSW_Absorbed_Termitotron.xml
SWBestiary,PawnKindDef,RSW_ThornbackColo,thornback colo,STRUCTURAL (no description in vanilla either),SWBestiary/Defs/SeaBeasts/ThingDefs_Races/SeaBeasts_Colo.xml
SWBestiary,PawnKindDef,RSW_Thrumbungus,thrumbungus,STRUCTURAL (no description in vanilla either),SWBestiary/Defs/BiomesTeamPort/ThingDefs_Races/RSW_BiomesTeamPort_Races.xml
SWBestiary,PawnKindDef,RSW_TruffleMole,truffle mole,STRUCTURAL (no description in vanilla either),SWBestiary/Defs/BiomesTeamPort/ThingDefs_Races/RSW_BiomesTeamPort_Races.xml
SWBestiary,PawnKindDef,RSW_Vulptex,vulptex,STRUCTURAL (no description in vanilla either),SWBestiary/Defs/ThingDefs_Races/RSW_Vulptex.xml
SWBestiary,PawnKindDef,RSW_Wampa,wampa,STRUCTURAL (no description in vanilla either),SWBestiary/Defs/ThingDefs_Races/RSW_Wampa.xml
SWBestiary,PawnKindDef,RSW_Yobshrimp,pale yobshrimp,STRUCTURAL (no description in vanilla either),SWBestiary/Defs/SeaBeasts/ThingDefs_Races/SeaBeasts_Swarm.xml
SWBestiary,PawnKindDef,RSW_YobshrimpJuv,young pale yobshrimp,STRUCTURAL (no description in vanilla either),SWBestiary/Defs/SeaBeasts/ThingDefs_Races/SeaBeasts_NurseryJuveniles.xml
SWBestiary,PawnKindDef,RSW_Yooka,yooka,STRUCTURAL (no description in vanilla either),SWBestiary/Defs/BiomesTeamPort/ThingDefs_Races/RSW_BiomesTeamPort_Races.xml
SWBestiary,RulePackDef,RSW_Biomes_NamerCrab,,STRUCTURAL (no description in vanilla either),SWBestiary/Defs/BiomesTeamPort/Support/RSW_BiomesTeamPort_Support.xml
SWBestiary,SoundDef,RSW_Ability_Beserk,,STRUCTURAL (no description in vanilla either),SWBestiary/Defs/SoundDefs/SoundDefs_SWBestiary.xml
SWBestiary,SoundDef,RSW_Ability_Calamity,,STRUCTURAL (no description in vanilla either),SWBestiary/Defs/SoundDefs/SoundDefs_SWBestiary.xml
SWBestiary,SoundDef,RSW_Ability_Force,,STRUCTURAL (no description in vanilla either),SWBestiary/Defs/SoundDefs/SoundDefs_SWBestiary.xml
SWBestiary,SoundDef,RSW_Ability_ForceFocus_Warmup,,STRUCTURAL (no description in vanilla either),SWBestiary/Defs/SoundDefs/SoundDefs_SWBestiary.xml
SWBestiary,SoundDef,RSW_Ability_ForceScream,,STRUCTURAL (no description in vanilla either),SWBestiary/Defs/SoundDefs/SoundDefs_SWBestiary.xml
SWBestiary,SoundDef,RSW_Ability_Leap_Air,,STRUCTURAL (no description in vanilla either),SWBestiary/Defs/SoundDefs/SoundDefs_SWBestiary.xml
SWBestiary,SoundDef,RSW_Ability_Leap_Land,,STRUCTURAL (no description in vanilla either),SWBestiary/Defs/SoundDefs/SoundDefs_SWBestiary.xml
SWBestiary,SoundDef,RSW_Ability_SootheSong,,STRUCTURAL (no description in vanilla either),SWBestiary/Defs/SoundDefs/SoundDefs_SWBestiary.xml
SWBestiary,SoundDef,RSW_Ability_Spit,,STRUCTURAL (no description in vanilla either),SWBestiary/Defs/SoundDefs/SoundDefs_SWBestiary.xml
SWBestiary,SoundDef,RSW_Ability_Spit_Warmup,,STRUCTURAL (no description in vanilla either),SWBestiary/Defs/SoundDefs/SoundDefs_SWBestiary.xml
SWBestiary,SoundDef,RSW_Ability_Spur,,STRUCTURAL (no description in vanilla either),SWBestiary/Defs/SoundDefs/SoundDefs_SWBestiary.xml
SWBestiary,SoundDef,RSW_Ability_SwarmCall,,STRUCTURAL (no description in vanilla either),SWBestiary/Defs/SoundDefs/SoundDefs_SWBestiary.xml
SWBestiary,SoundDef,RSW_Ability_SwarmCall_Warmup,,STRUCTURAL (no description in vanilla either),SWBestiary/Defs/SoundDefs/SoundDefs_SWBestiary.xml
SWBestiary,SoundDef,RSW_Ability_WebShot,,STRUCTURAL (no description in vanilla either),SWBestiary/Defs/SoundDefs/SoundDefs_SWBestiary.xml
SWBestiary,SoundDef,RSW_Biomes_BovineBeetle_Angry,,STRUCTURAL (no description in vanilla either),SWBestiary/Defs/BiomesTeamPort/SoundDefs/RSW_BiomesTeamPort_Sounds.xml
SWBestiary,SoundDef,RSW_Biomes_BovineBeetle_Call,,STRUCTURAL (no description in vanilla either),SWBestiary/Defs/BiomesTeamPort/SoundDefs/RSW_BiomesTeamPort_Sounds.xml
SWBestiary,SoundDef,RSW_Biomes_BovineBeetle_Death,,STRUCTURAL (no description in vanilla either),SWBestiary/Defs/BiomesTeamPort/SoundDefs/RSW_BiomesTeamPort_Sounds.xml
SWBestiary,SoundDef,RSW_Biomes_BovineBeetle_Wounded,,STRUCTURAL (no description in vanilla either),SWBestiary/Defs/BiomesTeamPort/SoundDefs/RSW_BiomesTeamPort_Sounds.xml
SWBestiary,SoundDef,RSW_Biomes_ChemSnail_Angry,,STRUCTURAL (no description in vanilla either),SWBestiary/Defs/BiomesTeamPort/SoundDefs/RSW_BiomesTeamPort_Sounds.xml
SWBestiary,SoundDef,RSW_Biomes_ChemSnail_Call,,STRUCTURAL (no description in vanilla either),SWBestiary/Defs/BiomesTeamPort/SoundDefs/RSW_BiomesTeamPort_Sounds.xml
SWBestiary,SoundDef,RSW_Biomes_ChemSnail_Death,,STRUCTURAL (no description in vanilla either),SWBestiary/Defs/BiomesTeamPort/SoundDefs/RSW_BiomesTeamPort_Sounds.xml
SWBestiary,SoundDef,RSW_Biomes_ChemSnail_Wounded,,STRUCTURAL (no description in vanilla either),SWBestiary/Defs/BiomesTeamPort/SoundDefs/RSW_BiomesTeamPort_Sounds.xml
SWBestiary,SoundDef,RSW_Biomes_GiantSnail_Angry,,STRUCTURAL (no description in vanilla either),SWBestiary/Defs/BiomesTeamPort/SoundDefs/RSW_BiomesTeamPort_Sounds.xml
SWBestiary,SoundDef,RSW_Biomes_GiantSnail_Call,,STRUCTURAL (no description in vanilla either),SWBestiary/Defs/BiomesTeamPort/SoundDefs/RSW_BiomesTeamPort_Sounds.xml
SWBestiary,SoundDef,RSW_Biomes_GiantSnail_Death,,STRUCTURAL (no description in vanilla either),SWBestiary/Defs/BiomesTeamPort/SoundDefs/RSW_BiomesTeamPort_Sounds.xml
SWBestiary,SoundDef,RSW_Biomes_GiantSnail_Wounded,,STRUCTURAL (no description in vanilla either),SWBestiary/Defs/BiomesTeamPort/SoundDefs/RSW_BiomesTeamPort_Sounds.xml
SWBestiary,SoundDef,RSW_Biomes_GlowSnail_Angry,,STRUCTURAL (no description in vanilla either),SWBestiary/Defs/BiomesTeamPort/SoundDefs/RSW_BiomesTeamPort_Sounds.xml
SWBestiary,SoundDef,RSW_Biomes_GlowSnail_Call,,STRUCTURAL (no description in vanilla either),SWBestiary/Defs/BiomesTeamPort/SoundDefs/RSW_BiomesTeamPort_Sounds.xml
SWBestiary,SoundDef,RSW_Biomes_GlowSnail_Death,,STRUCTURAL (no description in vanilla either),SWBestiary/Defs/BiomesTeamPort/SoundDefs/RSW_BiomesTeamPort_Sounds.xml
SWBestiary,SoundDef,RSW_Biomes_GlowSnail_Wounded,,STRUCTURAL (no description in vanilla either),SWBestiary/Defs/BiomesTeamPort/SoundDefs/RSW_BiomesTeamPort_Sounds.xml
SWBestiary,SoundDef,RSW_Biomes_Jellypot_Angry,,STRUCTURAL (no description in vanilla either),SWBestiary/Defs/BiomesTeamPort/SoundDefs/RSW_BiomesTeamPort_Sounds.xml
SWBestiary,SoundDef,RSW_Biomes_Jellypot_Call,,STRUCTURAL (no description in vanilla either),SWBestiary/Defs/BiomesTeamPort/SoundDefs/RSW_BiomesTeamPort_Sounds.xml
SWBestiary,SoundDef,RSW_Biomes_Jellypot_Death,,STRUCTURAL (no description in vanilla either),SWBestiary/Defs/BiomesTeamPort/SoundDefs/RSW_BiomesTeamPort_Sounds.xml
SWBestiary,SoundDef,RSW_Biomes_Jellypot_Wounded,,STRUCTURAL (no description in vanilla either),SWBestiary/Defs/BiomesTeamPort/SoundDefs/RSW_BiomesTeamPort_Sounds.xml
SWBestiary,SoundDef,RSW_Biomes_MossBeetle_Angry,,STRUCTURAL (no description in vanilla either),SWBestiary/Defs/BiomesTeamPort/SoundDefs/RSW_BiomesTeamPort_Sounds.xml
SWBestiary,SoundDef,RSW_Biomes_MossBeetle_Call,,STRUCTURAL (no description in vanilla either),SWBestiary/Defs/BiomesTeamPort/SoundDefs/RSW_BiomesTeamPort_Sounds.xml
SWBestiary,SoundDef,RSW_Biomes_MossBeetle_Death,,STRUCTURAL (no description in vanilla either),SWBestiary/Defs/BiomesTeamPort/SoundDefs/RSW_BiomesTeamPort_Sounds.xml
SWBestiary,SoundDef,RSW_Biomes_MossBeetle_Wounded,,STRUCTURAL (no description in vanilla either),SWBestiary/Defs/BiomesTeamPort/SoundDefs/RSW_BiomesTeamPort_Sounds.xml
SWBestiary,SoundDef,RSW_Biomes_Pillbug_Angry,,STRUCTURAL (no description in vanilla either),SWBestiary/Defs/BiomesTeamPort/SoundDefs/RSW_BiomesTeamPort_Sounds.xml
SWBestiary,SoundDef,RSW_Biomes_Pillbug_Call,,STRUCTURAL (no description in vanilla either),SWBestiary/Defs/BiomesTeamPort/SoundDefs/RSW_BiomesTeamPort_Sounds.xml
SWBestiary,SoundDef,RSW_Biomes_Pillbug_Death,,STRUCTURAL (no description in vanilla either),SWBestiary/Defs/BiomesTeamPort/SoundDefs/RSW_BiomesTeamPort_Sounds.xml
SWBestiary,SoundDef,RSW_Biomes_Pillbug_Wounded,,STRUCTURAL (no description in vanilla either),SWBestiary/Defs/BiomesTeamPort/SoundDefs/RSW_BiomesTeamPort_Sounds.xml
SWBestiary,SoundDef,RSW_Biomes_RoyalRhino_Angry,,STRUCTURAL (no description in vanilla either),SWBestiary/Defs/BiomesTeamPort/SoundDefs/RSW_BiomesTeamPort_Sounds.xml
SWBestiary,SoundDef,RSW_Biomes_RoyalRhino_Call,,STRUCTURAL (no description in vanilla either),SWBestiary/Defs/BiomesTeamPort/SoundDefs/RSW_BiomesTeamPort_Sounds.xml
SWBestiary,SoundDef,RSW_Biomes_RoyalRhino_Death,,STRUCTURAL (no description in vanilla either),SWBestiary/Defs/BiomesTeamPort/SoundDefs/RSW_BiomesTeamPort_Sounds.xml
SWBestiary,SoundDef,RSW_Biomes_RoyalRhino_Wounded,,STRUCTURAL (no description in vanilla either),SWBestiary/Defs/BiomesTeamPort/SoundDefs/RSW_BiomesTeamPort_Sounds.xml
SWBestiary,SoundDef,RSW_Biomes_SonarRabbit_Angry,,STRUCTURAL (no description in vanilla either),SWBestiary/Defs/BiomesTeamPort/SoundDefs/RSW_BiomesTeamPort_Sounds.xml
SWBestiary,SoundDef,RSW_Biomes_SonarRabbit_Call,,STRUCTURAL (no description in vanilla either),SWBestiary/Defs/BiomesTeamPort/SoundDefs/RSW_BiomesTeamPort_Sounds.xml
SWBestiary,SoundDef,RSW_Biomes_SonarRabbit_Death,,STRUCTURAL (no description in vanilla either),SWBestiary/Defs/BiomesTeamPort/SoundDefs/RSW_BiomesTeamPort_Sounds.xml
SWBestiary,SoundDef,RSW_Biomes_SonarRabbit_Wounded,,STRUCTURAL (no description in vanilla either),SWBestiary/Defs/BiomesTeamPort/SoundDefs/RSW_BiomesTeamPort_Sounds.xml
SWBestiary,SoundDef,RSW_Biomes_TruffleMole_Angry,,STRUCTURAL (no description in vanilla either),SWBestiary/Defs/BiomesTeamPort/SoundDefs/RSW_BiomesTeamPort_Sounds.xml
SWBestiary,SoundDef,RSW_Biomes_TruffleMole_Call,,STRUCTURAL (no description in vanilla either),SWBestiary/Defs/BiomesTeamPort/SoundDefs/RSW_BiomesTeamPort_Sounds.xml
SWBestiary,SoundDef,RSW_Biomes_TruffleMole_Death,,STRUCTURAL (no description in vanilla either),SWBestiary/Defs/BiomesTeamPort/SoundDefs/RSW_BiomesTeamPort_Sounds.xml
SWBestiary,SoundDef,RSW_Biomes_TruffleMole_Wounded,,STRUCTURAL (no description in vanilla either),SWBestiary/Defs/BiomesTeamPort/SoundDefs/RSW_BiomesTeamPort_Sounds.xml
SWBestiary,SoundDef,RSW_Biomes_Yooka_Angry,,STRUCTURAL (no description in vanilla either),SWBestiary/Defs/BiomesTeamPort/SoundDefs/RSW_BiomesTeamPort_Sounds.xml
SWBestiary,SoundDef,RSW_Biomes_Yooka_Call,,STRUCTURAL (no description in vanilla either),SWBestiary/Defs/BiomesTeamPort/SoundDefs/RSW_BiomesTeamPort_Sounds.xml
SWBestiary,SoundDef,RSW_Biomes_Yooka_Death,,STRUCTURAL (no description in vanilla either),SWBestiary/Defs/BiomesTeamPort/SoundDefs/RSW_BiomesTeamPort_Sounds.xml
SWBestiary,SoundDef,RSW_Biomes_Yooka_Wounded,,STRUCTURAL (no description in vanilla either),SWBestiary/Defs/BiomesTeamPort/SoundDefs/RSW_BiomesTeamPort_Sounds.xml
SWBestiary,SoundDef,RSW_Ingest_Glitterstim,,STRUCTURAL (no description in vanilla either),SWBestiary/Defs/SoundDefs/SoundDefs_SWBestiary.xml
SWBestiary,SoundDef,RSW_Pawn_Acklay_Angry,,STRUCTURAL (no description in vanilla either),SWBestiary/Defs/SoundDefs/SoundDefs_SWBestiary.xml
SWBestiary,SoundDef,RSW_Pawn_Acklay_Call,,STRUCTURAL (no description in vanilla either),SWBestiary/Defs/SoundDefs/SoundDefs_SWBestiary.xml
SWBestiary,SoundDef,RSW_Pawn_Acklay_Death,,STRUCTURAL (no description in vanilla either),SWBestiary/Defs/SoundDefs/SoundDefs_SWBestiary.xml
SWBestiary,SoundDef,RSW_Pawn_Acklay_Wounded,,STRUCTURAL (no description in vanilla either),SWBestiary/Defs/SoundDefs/SoundDefs_SWBestiary.xml
SWBestiary,SoundDef,RSW_Pawn_Aiwha_Angry,,STRUCTURAL (no description in vanilla either),SWBestiary/Defs/SoundDefs/SoundDefs_SWBestiary.xml
SWBestiary,SoundDef,RSW_Pawn_Aiwha_Call,,STRUCTURAL (no description in vanilla either),SWBestiary/Defs/SoundDefs/SoundDefs_SWBestiary.xml
SWBestiary,SoundDef,RSW_Pawn_Aiwha_Death,,STRUCTURAL (no description in vanilla either),SWBestiary/Defs/SoundDefs/SoundDefs_SWBestiary.xml
SWBestiary,SoundDef,RSW_Pawn_Aiwha_Wounded,,STRUCTURAL (no description in vanilla either),SWBestiary/Defs/SoundDefs/SoundDefs_SWBestiary.xml
SWBestiary,SoundDef,RSW_Pawn_Akk_Angry,,STRUCTURAL (no description in vanilla either),SWBestiary/Defs/SoundDefs/SoundDefs_SWBestiary.xml
SWBestiary,SoundDef,RSW_Pawn_Akk_Call,,STRUCTURAL (no description in vanilla either),SWBestiary/Defs/SoundDefs/SoundDefs_SWBestiary.xml
SWBestiary,SoundDef,RSW_Pawn_Akk_Death,,STRUCTURAL (no description in vanilla either),SWBestiary/Defs/SoundDefs/SoundDefs_SWBestiary.xml
SWBestiary,SoundDef,RSW_Pawn_Akk_Wounded,,STRUCTURAL (no description in vanilla either),SWBestiary/Defs/SoundDefs/SoundDefs_SWBestiary.xml
SWBestiary,SoundDef,RSW_Pawn_Anooba_Angry,,STRUCTURAL (no description in vanilla either),SWBestiary/Defs/SoundDefs/SoundDefs_SWBestiary.xml
SWBestiary,SoundDef,RSW_Pawn_Anooba_Call,,STRUCTURAL (no description in vanilla either),SWBestiary/Defs/SoundDefs/SoundDefs_SWBestiary.xml
SWBestiary,SoundDef,RSW_Pawn_Anooba_Death,,STRUCTURAL (no description in vanilla either),SWBestiary/Defs/SoundDefs/SoundDefs_SWBestiary.xml
SWBestiary,SoundDef,RSW_Pawn_Anooba_Wounded,,STRUCTURAL (no description in vanilla either),SWBestiary/Defs/SoundDefs/SoundDefs_SWBestiary.xml
SWBestiary,SoundDef,RSW_Pawn_Bantha_Angry,,STRUCTURAL (no description in vanilla either),SWBestiary/Defs/SoundDefs/SoundDefs_SWBestiary.xml
SWBestiary,SoundDef,RSW_Pawn_Bantha_Call,,STRUCTURAL (no description in vanilla either),SWBestiary/Defs/SoundDefs/SoundDefs_SWBestiary.xml
SWBestiary,SoundDef,RSW_Pawn_Bantha_Death,,STRUCTURAL (no description in vanilla either),SWBestiary/Defs/SoundDefs/SoundDefs_SWBestiary.xml
SWBestiary,SoundDef,RSW_Pawn_Bantha_Wounded,,STRUCTURAL (no description in vanilla either),SWBestiary/Defs/SoundDefs/SoundDefs_SWBestiary.xml
SWBestiary,SoundDef,RSW_Pawn_Behemoth_Angry,,STRUCTURAL (no description in vanilla either),SWBestiary/Defs/SoundDefs/SoundDefs_SWBestiary.xml
SWBestiary,SoundDef,RSW_Pawn_Behemoth_Call,,STRUCTURAL (no description in vanilla either),SWBestiary/Defs/SoundDefs/SoundDefs_SWBestiary.xml
SWBestiary,SoundDef,RSW_Pawn_Behemoth_Death,,STRUCTURAL (no description in vanilla either),SWBestiary/Defs/SoundDefs/SoundDefs_SWBestiary.xml
SWBestiary,SoundDef,RSW_Pawn_Behemoth_Wounded,,STRUCTURAL (no description in vanilla either),SWBestiary/Defs/SoundDefs/SoundDefs_SWBestiary.xml
SWBestiary,SoundDef,RSW_Pawn_Beldon_Angry,,STRUCTURAL (no description in vanilla either),SWBestiary/Defs/SoundDefs/SoundDefs_SWBestiary.xml
SWBestiary,SoundDef,RSW_Pawn_Beldon_Call,,STRUCTURAL (no description in vanilla either),SWBestiary/Defs/SoundDefs/SoundDefs_SWBestiary.xml
SWBestiary,SoundDef,RSW_Pawn_Beldon_Death,,STRUCTURAL (no description in vanilla either),SWBestiary/Defs/SoundDefs/SoundDefs_SWBestiary.xml
SWBestiary,SoundDef,RSW_Pawn_Beldon_Wounded,,STRUCTURAL (no description in vanilla either),SWBestiary/Defs/SoundDefs/SoundDefs_SWBestiary.xml
SWBestiary,SoundDef,RSW_Pawn_Blarth_Angry,,STRUCTURAL (no description in vanilla either),SWBestiary/Defs/SoundDefs/SoundDefs_SWBestiary.xml
SWBestiary,SoundDef,RSW_Pawn_Blarth_Call,,STRUCTURAL (no description in vanilla either),SWBestiary/Defs/SoundDefs/SoundDefs_SWBestiary.xml
SWBestiary,SoundDef,RSW_Pawn_Blarth_Death,,STRUCTURAL (no description in vanilla either),SWBestiary/Defs/SoundDefs/SoundDefs_SWBestiary.xml
SWBestiary,SoundDef,RSW_Pawn_Blarth_Wounded,,STRUCTURAL (no description in vanilla either),SWBestiary/Defs/SoundDefs/SoundDefs_SWBestiary.xml
SWBestiary,SoundDef,RSW_Pawn_Blixus_Angry,,STRUCTURAL (no description in vanilla either),SWBestiary/Defs/SoundDefs/SoundDefs_SWBestiary.xml
SWBestiary,SoundDef,RSW_Pawn_Blixus_Call,,STRUCTURAL (no description in vanilla either),SWBestiary/Defs/SoundDefs/SoundDefs_SWBestiary.xml
SWBestiary,SoundDef,RSW_Pawn_Blixus_Death,,STRUCTURAL (no description in vanilla either),SWBestiary/Defs/SoundDefs/SoundDefs_SWBestiary.xml
SWBestiary,SoundDef,RSW_Pawn_Blixus_Wounded,,STRUCTURAL (no description in vanilla either),SWBestiary/Defs/SoundDefs/SoundDefs_SWBestiary.xml
SWBestiary,SoundDef,RSW_Pawn_Blurrg_Angry,,STRUCTURAL (no description in vanilla either),SWBestiary/Defs/SoundDefs/SoundDefs_SWBestiary.xml
SWBestiary,SoundDef,RSW_Pawn_Blurrg_Call,,STRUCTURAL (no description in vanilla either),SWBestiary/Defs/SoundDefs/SoundDefs_SWBestiary.xml
SWBestiary,SoundDef,RSW_Pawn_Blurrg_Death,,STRUCTURAL (no description in vanilla either),SWBestiary/Defs/SoundDefs/SoundDefs_SWBestiary.xml
SWBestiary,SoundDef,RSW_Pawn_Blurrg_Wounded,,STRUCTURAL (no description in vanilla either),SWBestiary/Defs/SoundDefs/SoundDefs_SWBestiary.xml
SWBestiary,SoundDef,RSW_Pawn_Boarwolf_Angry,,STRUCTURAL (no description in vanilla either),SWBestiary/Defs/SoundDefs/SoundDefs_SWBestiary.xml
SWBestiary,SoundDef,RSW_Pawn_Boarwolf_Call,,STRUCTURAL (no description in vanilla either),SWBestiary/Defs/SoundDefs/SoundDefs_SWBestiary.xml
SWBestiary,SoundDef,RSW_Pawn_Boarwolf_Death,,STRUCTURAL (no description in vanilla either),SWBestiary/Defs/SoundDefs/SoundDefs_SWBestiary.xml
SWBestiary,SoundDef,RSW_Pawn_Boarwolf_Wounded,,STRUCTURAL (no description in vanilla either),SWBestiary/Defs/SoundDefs/SoundDefs_SWBestiary.xml
SWBestiary,SoundDef,RSW_Pawn_Bogwing_Angry,,STRUCTURAL (no description in vanilla either),SWBestiary/Defs/SoundDefs/SoundDefs_SWBestiary.xml
SWBestiary,SoundDef,RSW_Pawn_Bogwing_Call,,STRUCTURAL (no description in vanilla either),SWBestiary/Defs/SoundDefs/SoundDefs_SWBestiary.xml
SWBestiary,SoundDef,RSW_Pawn_Bogwing_Death,,STRUCTURAL (no description in vanilla either),SWBestiary/Defs/SoundDefs/SoundDefs_SWBestiary.xml
SWBestiary,SoundDef,RSW_Pawn_Bogwing_Wounded,,STRUCTURAL (no description in vanilla either),SWBestiary/Defs/SoundDefs/SoundDefs_SWBestiary.xml
SWBestiary,SoundDef,RSW_Pawn_Bolotaur_Angry,,STRUCTURAL (no description in vanilla either),SWBestiary/Defs/SoundDefs/SoundDefs_SWBestiary.xml
SWBestiary,SoundDef,RSW_Pawn_Bolotaur_Call,,STRUCTURAL (no description in vanilla either),SWBestiary/Defs/SoundDefs/SoundDefs_SWBestiary.xml
SWBestiary,SoundDef,RSW_Pawn_Bolotaur_Death,,STRUCTURAL (no description in vanilla either),SWBestiary/Defs/SoundDefs/SoundDefs_SWBestiary.xml
SWBestiary,SoundDef,RSW_Pawn_Bolotaur_Wounded,,STRUCTURAL (no description in vanilla either),SWBestiary/Defs/SoundDefs/SoundDefs_SWBestiary.xml
SWBestiary,SoundDef,RSW_Pawn_Boma_Angry,,STRUCTURAL (no description in vanilla either),SWBestiary/Defs/SoundDefs/SoundDefs_SWBestiary.xml
SWBestiary,SoundDef,RSW_Pawn_Boma_Call,,STRUCTURAL (no description in vanilla either),SWBestiary/Defs/SoundDefs/SoundDefs_SWBestiary.xml
SWBestiary,SoundDef,RSW_Pawn_Boma_Death,,STRUCTURAL (no description in vanilla either),SWBestiary/Defs/SoundDefs/SoundDefs_SWBestiary.xml
SWBestiary,SoundDef,RSW_Pawn_Boma_Wounded,,STRUCTURAL (no description in vanilla either),SWBestiary/Defs/SoundDefs/SoundDefs_SWBestiary.xml
SWBestiary,SoundDef,RSW_Pawn_Brezak_Angry,,STRUCTURAL (no description in vanilla either),SWBestiary/Defs/SoundDefs/SoundDefs_SWBestiary.xml
SWBestiary,SoundDef,RSW_Pawn_Brezak_Call,,STRUCTURAL (no description in vanilla either),SWBestiary/Defs/SoundDefs/SoundDefs_SWBestiary.xml
SWBestiary,SoundDef,RSW_Pawn_Brezak_Death,,STRUCTURAL (no description in vanilla either),SWBestiary/Defs/SoundDefs/SoundDefs_SWBestiary.xml
SWBestiary,SoundDef,RSW_Pawn_Brezak_Wounded,,STRUCTURAL (no description in vanilla either),SWBestiary/Defs/SoundDefs/SoundDefs_SWBestiary.xml
SWBestiary,SoundDef,RSW_Pawn_CanCell_Angry,,STRUCTURAL (no description in vanilla either),SWBestiary/Defs/SoundDefs/SoundDefs_SWBestiary.xml
SWBestiary,SoundDef,RSW_Pawn_CanCell_Call,,STRUCTURAL (no description in vanilla either),SWBestiary/Defs/SoundDefs/SoundDefs_SWBestiary.xml
SWBestiary,SoundDef,RSW_Pawn_CanCell_Death,,STRUCTURAL (no description in vanilla either),SWBestiary/Defs/SoundDefs/SoundDefs_SWBestiary.xml
SWBestiary,SoundDef,RSW_Pawn_CanCell_Wounded,,STRUCTURAL (no description in vanilla either),SWBestiary/Defs/SoundDefs/SoundDefs_SWBestiary.xml
SWBestiary,SoundDef,RSW_Pawn_Cannok_Angry,,STRUCTURAL (no description in vanilla either),SWBestiary/Defs/SoundDefs/SoundDefs_SWBestiary.xml
SWBestiary,SoundDef,RSW_Pawn_Cannok_Call,,STRUCTURAL (no description in vanilla either),SWBestiary/Defs/SoundDefs/SoundDefs_SWBestiary.xml
SWBestiary,SoundDef,RSW_Pawn_Cannok_Death,,STRUCTURAL (no description in vanilla either),SWBestiary/Defs/SoundDefs/SoundDefs_SWBestiary.xml
SWBestiary,SoundDef,RSW_Pawn_Cannok_Wounded,,STRUCTURAL (no description in vanilla either),SWBestiary/Defs/SoundDefs/SoundDefs_SWBestiary.xml
SWBestiary,SoundDef,RSW_Pawn_ChrysalideRancor_Angry,,STRUCTURAL (no description in vanilla either),SWBestiary/Defs/SoundDefs/SoundDefs_SWBestiary.xml
SWBestiary,SoundDef,RSW_Pawn_ChrysalideRancor_Call,,STRUCTURAL (no description in vanilla either),SWBestiary/Defs/SoundDefs/SoundDefs_SWBestiary.xml
SWBestiary,SoundDef,RSW_Pawn_ChrysalideRancor_Death,,STRUCTURAL (no description in vanilla either),SWBestiary/Defs/SoundDefs/SoundDefs_SWBestiary.xml
SWBestiary,SoundDef,RSW_Pawn_ChrysalideRancor_Wounded,,STRUCTURAL (no description in vanilla either),SWBestiary/Defs/SoundDefs/SoundDefs_SWBestiary.xml
SWBestiary,SoundDef,RSW_Pawn_Clodhopper_Angry,,STRUCTURAL (no description in vanilla either),SWBestiary/Defs/SoundDefs/SoundDefs_SWBestiary.xml
SWBestiary,SoundDef,RSW_Pawn_Clodhopper_Call,,STRUCTURAL (no description in vanilla either),SWBestiary/Defs/SoundDefs/SoundDefs_SWBestiary.xml
SWBestiary,SoundDef,RSW_Pawn_Clodhopper_Death,,STRUCTURAL (no description in vanilla either),SWBestiary/Defs/SoundDefs/SoundDefs_SWBestiary.xml
SWBestiary,SoundDef,RSW_Pawn_Clodhopper_Wounded,,STRUCTURAL (no description in vanilla either),SWBestiary/Defs/SoundDefs/SoundDefs_SWBestiary.xml
SWBestiary,SoundDef,RSW_Pawn_Convor_Angry,,STRUCTURAL (no description in vanilla either),SWBestiary/Defs/SoundDefs/SoundDefs_SWBestiary.xml
SWBestiary,SoundDef,RSW_Pawn_Convor_Call,,STRUCTURAL (no description in vanilla either),SWBestiary/Defs/SoundDefs/SoundDefs_SWBestiary.xml
SWBestiary,SoundDef,RSW_Pawn_Convor_Death,,STRUCTURAL (no description in vanilla either),SWBestiary/Defs/SoundDefs/SoundDefs_SWBestiary.xml
SWBestiary,SoundDef,RSW_Pawn_Convor_Wounded,,STRUCTURAL (no description in vanilla either),SWBestiary/Defs/SoundDefs/SoundDefs_SWBestiary.xml
SWBestiary,SoundDef,RSW_Pawn_CorellianHound_Angry,,STRUCTURAL (no description in vanilla either),SWBestiary/Defs/SoundDefs/SoundDefs_SWBestiary.xml
SWBestiary,SoundDef,RSW_Pawn_CorellianHound_Call,,STRUCTURAL (no description in vanilla either),SWBestiary/Defs/SoundDefs/SoundDefs_SWBestiary.xml
SWBestiary,SoundDef,RSW_Pawn_CorellianHound_Death,,STRUCTURAL (no description in vanilla either),SWBestiary/Defs/SoundDefs/SoundDefs_SWBestiary.xml
SWBestiary,SoundDef,RSW_Pawn_CorellianHound_Wounded,,STRUCTURAL (no description in vanilla either),SWBestiary/Defs/SoundDefs/SoundDefs_SWBestiary.xml
SWBestiary,SoundDef,RSW_Pawn_Corinathoth_Angry,,STRUCTURAL (no description in vanilla either),SWBestiary/Defs/SoundDefs/SoundDefs_SWBestiary.xml
SWBestiary,SoundDef,RSW_Pawn_Corinathoth_Call,,STRUCTURAL (no description in vanilla either),SWBestiary/Defs/SoundDefs/SoundDefs_SWBestiary.xml
SWBestiary,SoundDef,RSW_Pawn_Corinathoth_Death,,STRUCTURAL (no description in vanilla either),SWBestiary/Defs/SoundDefs/SoundDefs_SWBestiary.xml
SWBestiary,SoundDef,RSW_Pawn_Corinathoth_Wounded,,STRUCTURAL (no description in vanilla either),SWBestiary/Defs/SoundDefs/SoundDefs_SWBestiary.xml
SWBestiary,SoundDef,RSW_Pawn_Dactillion_Angry,,STRUCTURAL (no description in vanilla either),SWBestiary/Defs/SoundDefs/SoundDefs_SWBestiary.xml
SWBestiary,SoundDef,RSW_Pawn_Dactillion_Call,,STRUCTURAL (no description in vanilla either),SWBestiary/Defs/SoundDefs/SoundDefs_SWBestiary.xml
SWBestiary,SoundDef,RSW_Pawn_Dactillion_Death,,STRUCTURAL (no description in vanilla either),SWBestiary/Defs/SoundDefs/SoundDefs_SWBestiary.xml
SWBestiary,SoundDef,RSW_Pawn_Dactillion_Wounded,,STRUCTURAL (no description in vanilla either),SWBestiary/Defs/SoundDefs/SoundDefs_SWBestiary.xml
SWBestiary,SoundDef,RSW_Pawn_Dalgo_Angry,,STRUCTURAL (no description in vanilla either),SWBestiary/Defs/SoundDefs/SoundDefs_SWBestiary.xml
SWBestiary,SoundDef,RSW_Pawn_Dalgo_Call,,STRUCTURAL (no description in vanilla either),SWBestiary/Defs/SoundDefs/SoundDefs_SWBestiary.xml
SWBestiary,SoundDef,RSW_Pawn_Dalgo_Death,,STRUCTURAL (no description in vanilla either),SWBestiary/Defs/SoundDefs/SoundDefs_SWBestiary.xml
SWBestiary,SoundDef,RSW_Pawn_Dalgo_Wounded,,STRUCTURAL (no description in vanilla either),SWBestiary/Defs/SoundDefs/SoundDefs_SWBestiary.xml
SWBestiary,SoundDef,RSW_Pawn_Devourer_Angry,,STRUCTURAL (no description in vanilla either),SWBestiary/Defs/SoundDefs/SoundDefs_SWBestiary.xml
SWBestiary,SoundDef,RSW_Pawn_Devourer_Call,,STRUCTURAL (no description in vanilla either),SWBestiary/Defs/SoundDefs/SoundDefs_SWBestiary.xml
SWBestiary,SoundDef,RSW_Pawn_Devourer_Death,,STRUCTURAL (no description in vanilla either),SWBestiary/Defs/SoundDefs/SoundDefs_SWBestiary.xml
SWBestiary,SoundDef,RSW_Pawn_Devourer_Wounded,,STRUCTURAL (no description in vanilla either),SWBestiary/Defs/SoundDefs/SoundDefs_SWBestiary.xml
SWBestiary,SoundDef,RSW_Pawn_Dewback_Angry,,STRUCTURAL (no description in vanilla either),SWBestiary/Defs/SoundDefs/SoundDefs_SWBestiary.xml
SWBestiary,SoundDef,RSW_Pawn_Dewback_Call,,STRUCTURAL (no description in vanilla either),SWBestiary/Defs/SoundDefs/SoundDefs_SWBestiary.xml
SWBestiary,SoundDef,RSW_Pawn_Dewback_Death,,STRUCTURAL (no description in vanilla either),SWBestiary/Defs/SoundDefs/SoundDefs_SWBestiary.xml
SWBestiary,SoundDef,RSW_Pawn_Dewback_Wounded,,STRUCTURAL (no description in vanilla either),SWBestiary/Defs/SoundDefs/SoundDefs_SWBestiary.xml
SWBestiary,SoundDef,RSW_Pawn_Dianoga_Angry,,STRUCTURAL (no description in vanilla either),SWBestiary/Defs/SoundDefs/SoundDefs_SWBestiary.xml
SWBestiary,SoundDef,RSW_Pawn_Dianoga_Call,,STRUCTURAL (no description in vanilla either),SWBestiary/Defs/SoundDefs/SoundDefs_SWBestiary.xml
SWBestiary,SoundDef,RSW_Pawn_Dianoga_Death,,STRUCTURAL (no description in vanilla either),SWBestiary/Defs/SoundDefs/SoundDefs_SWBestiary.xml
SWBestiary,SoundDef,RSW_Pawn_Dianoga_Wounded,,STRUCTURAL (no description in vanilla either),SWBestiary/Defs/SoundDefs/SoundDefs_SWBestiary.xml
SWBestiary,SoundDef,RSW_Pawn_Dragonsnake_Angry,,STRUCTURAL (no description in vanilla either),SWBestiary/Defs/SoundDefs/SoundDefs_SWBestiary.xml
SWBestiary,SoundDef,RSW_Pawn_Dragonsnake_Call,,STRUCTURAL (no description in vanilla either),SWBestiary/Defs/SoundDefs/SoundDefs_SWBestiary.xml
SWBestiary,SoundDef,RSW_Pawn_Dragonsnake_Death,,STRUCTURAL (no description in vanilla either),SWBestiary/Defs/SoundDefs/SoundDefs_SWBestiary.xml
SWBestiary,SoundDef,RSW_Pawn_Dragonsnake_Wounded,,STRUCTURAL (no description in vanilla either),SWBestiary/Defs/SoundDefs/SoundDefs_SWBestiary.xml
SWBestiary,SoundDef,RSW_Pawn_Drexl_Angry,,STRUCTURAL (no description in vanilla either),SWBestiary/Defs/SoundDefs/SoundDefs_SWBestiary.xml
SWBestiary,SoundDef,RSW_Pawn_Drexl_Call,,STRUCTURAL (no description in vanilla either),SWBestiary/Defs/SoundDefs/SoundDefs_SWBestiary.xml
SWBestiary,SoundDef,RSW_Pawn_Drexl_Death,,STRUCTURAL (no description in vanilla either),SWBestiary/Defs/SoundDefs/SoundDefs_SWBestiary.xml
SWBestiary,SoundDef,RSW_Pawn_Drexl_Wounded,,STRUCTURAL (no description in vanilla either),SWBestiary/Defs/SoundDefs/SoundDefs_SWBestiary.xml
SWBestiary,SoundDef,RSW_Pawn_EnergySpider_Angry,,STRUCTURAL (no description in vanilla either),SWBestiary/Defs/SoundDefs/SoundDefs_SWBestiary.xml
SWBestiary,SoundDef,RSW_Pawn_EnergySpider_Call,,STRUCTURAL (no description in vanilla either),SWBestiary/Defs/SoundDefs/SoundDefs_SWBestiary.xml
SWBestiary,SoundDef,RSW_Pawn_EnergySpider_Death,,STRUCTURAL (no description in vanilla either),SWBestiary/Defs/SoundDefs/SoundDefs_SWBestiary.xml
SWBestiary,SoundDef,RSW_Pawn_EnergySpider_Wounded,,STRUCTURAL (no description in vanilla either),SWBestiary/Defs/SoundDefs/SoundDefs_SWBestiary.xml
SWBestiary,SoundDef,RSW_Pawn_Eopie_Angry,,STRUCTURAL (no description in vanilla either),SWBestiary/Defs/SoundDefs/SoundDefs_SWBestiary.xml
SWBestiary,SoundDef,RSW_Pawn_Eopie_Call,,STRUCTURAL (no description in vanilla either),SWBestiary/Defs/SoundDefs/SoundDefs_SWBestiary.xml
SWBestiary,SoundDef,RSW_Pawn_Eopie_Death,,STRUCTURAL (no description in vanilla either),SWBestiary/Defs/SoundDefs/SoundDefs_SWBestiary.xml
SWBestiary,SoundDef,RSW_Pawn_Eopie_Wounded,,STRUCTURAL (no description in vanilla either),SWBestiary/Defs/SoundDefs/SoundDefs_SWBestiary.xml
SWBestiary,SoundDef,RSW_Pawn_Falumpaset_Angry,,STRUCTURAL (no description in vanilla either),SWBestiary/Defs/SoundDefs/SoundDefs_SWBestiary.xml
SWBestiary,SoundDef,RSW_Pawn_Falumpaset_Call,,STRUCTURAL (no description in vanilla either),SWBestiary/Defs/SoundDefs/SoundDefs_SWBestiary.xml
SWBestiary,SoundDef,RSW_Pawn_Falumpaset_Death,,STRUCTURAL (no description in vanilla either),SWBestiary/Defs/SoundDefs/SoundDefs_SWBestiary.xml
SWBestiary,SoundDef,RSW_Pawn_Falumpaset_Wounded,,STRUCTURAL (no description in vanilla either),SWBestiary/Defs/SoundDefs/SoundDefs_SWBestiary.xml
SWBestiary,SoundDef,RSW_Pawn_Fambaa_Angry,,STRUCTURAL (no description in vanilla either),SWBestiary/Defs/SoundDefs/SoundDefs_SWBestiary.xml
SWBestiary,SoundDef,RSW_Pawn_Fambaa_Call,,STRUCTURAL (no description in vanilla either),SWBestiary/Defs/SoundDefs/SoundDefs_SWBestiary.xml
SWBestiary,SoundDef,RSW_Pawn_Fambaa_Death,,STRUCTURAL (no description in vanilla either),SWBestiary/Defs/SoundDefs/SoundDefs_SWBestiary.xml
SWBestiary,SoundDef,RSW_Pawn_Fambaa_Wounded,,STRUCTURAL (no description in vanilla either),SWBestiary/Defs/SoundDefs/SoundDefs_SWBestiary.xml
SWBestiary,SoundDef,RSW_Pawn_Fanback_Angry,,STRUCTURAL (no description in vanilla either),SWBestiary/Defs/SoundDefs/SoundDefs_SWBestiary.xml
SWBestiary,SoundDef,RSW_Pawn_Fanback_Call,,STRUCTURAL (no description in vanilla either),SWBestiary/Defs/SoundDefs/SoundDefs_SWBestiary.xml
SWBestiary,SoundDef,RSW_Pawn_Fanback_Death,,STRUCTURAL (no description in vanilla either),SWBestiary/Defs/SoundDefs/SoundDefs_SWBestiary.xml
SWBestiary,SoundDef,RSW_Pawn_Fanback_Wounded,,STRUCTURAL (no description in vanilla either),SWBestiary/Defs/SoundDefs/SoundDefs_SWBestiary.xml
SWBestiary,SoundDef,RSW_Pawn_FeralGrazer_Angry,,STRUCTURAL (no description in vanilla either),SWBestiary/Defs/SoundDefs/SoundDefs_SWBestiary.xml
SWBestiary,SoundDef,RSW_Pawn_FeralGrazer_Call,,STRUCTURAL (no description in vanilla either),SWBestiary/Defs/SoundDefs/SoundDefs_SWBestiary.xml
SWBestiary,SoundDef,RSW_Pawn_FeralGrazer_Death,,STRUCTURAL (no description in vanilla either),SWBestiary/Defs/SoundDefs/SoundDefs_SWBestiary.xml
SWBestiary,SoundDef,RSW_Pawn_FeralGrazer_Wounded,,STRUCTURAL (no description in vanilla either),SWBestiary/Defs/SoundDefs/SoundDefs_SWBestiary.xml
SWBestiary,SoundDef,RSW_Pawn_FeralNerf_Angry,,STRUCTURAL (no description in vanilla either),SWBestiary/Defs/SoundDefs/SoundDefs_SWBestiary.xml
SWBestiary,SoundDef,RSW_Pawn_FeralNerf_Call,,STRUCTURAL (no description in vanilla either),SWBestiary/Defs/SoundDefs/SoundDefs_SWBestiary.xml
SWBestiary,SoundDef,RSW_Pawn_FeralNerf_Death,,STRUCTURAL (no description in vanilla either),SWBestiary/Defs/SoundDefs/SoundDefs_SWBestiary.xml
SWBestiary,SoundDef,RSW_Pawn_FeralNerf_Wounded,,STRUCTURAL (no description in vanilla either),SWBestiary/Defs/SoundDefs/SoundDefs_SWBestiary.xml
SWBestiary,SoundDef,RSW_Pawn_FrogDog_Angry,,STRUCTURAL (no description in vanilla either),SWBestiary/Defs/SoundDefs/SoundDefs_SWBestiary.xml
SWBestiary,SoundDef,RSW_Pawn_FrogDog_Call,,STRUCTURAL (no description in vanilla either),SWBestiary/Defs/SoundDefs/SoundDefs_SWBestiary.xml
SWBestiary,SoundDef,RSW_Pawn_FrogDog_Death,,STRUCTURAL (no description in vanilla either),SWBestiary/Defs/SoundDefs/SoundDefs_SWBestiary.xml
SWBestiary,SoundDef,RSW_Pawn_FrogDog_Wounded,,STRUCTURAL (no description in vanilla either),SWBestiary/Defs/SoundDefs/SoundDefs_SWBestiary.xml
SWBestiary,SoundDef,RSW_Pawn_Gelagrub_Angry,,STRUCTURAL (no description in vanilla either),SWBestiary/Defs/SoundDefs/SoundDefs_SWBestiary.xml
SWBestiary,SoundDef,RSW_Pawn_Gelagrub_Call,,STRUCTURAL (no description in vanilla either),SWBestiary/Defs/SoundDefs/SoundDefs_SWBestiary.xml
SWBestiary,SoundDef,RSW_Pawn_Gelagrub_Death,,STRUCTURAL (no description in vanilla either),SWBestiary/Defs/SoundDefs/SoundDefs_SWBestiary.xml
SWBestiary,SoundDef,RSW_Pawn_Gelagrub_Wounded,,STRUCTURAL (no description in vanilla either),SWBestiary/Defs/SoundDefs/SoundDefs_SWBestiary.xml
SWBestiary,SoundDef,RSW_Pawn_Gizka_Angry,,STRUCTURAL (no description in vanilla either),SWBestiary/Defs/SoundDefs/SoundDefs_SWBestiary.xml
SWBestiary,SoundDef,RSW_Pawn_Gizka_Call,,STRUCTURAL (no description in vanilla either),SWBestiary/Defs/SoundDefs/SoundDefs_SWBestiary.xml
SWBestiary,SoundDef,RSW_Pawn_Gizka_Death,,STRUCTURAL (no description in vanilla either),SWBestiary/Defs/SoundDefs/SoundDefs_SWBestiary.xml
SWBestiary,SoundDef,RSW_Pawn_Gizka_Wounded,,STRUCTURAL (no description in vanilla either),SWBestiary/Defs/SoundDefs/SoundDefs_SWBestiary.xml
SWBestiary,SoundDef,RSW_Pawn_Gorg_Angry,,STRUCTURAL (no description in vanilla either),SWBestiary/Defs/SoundDefs/SoundDefs_SWBestiary.xml
SWBestiary,SoundDef,RSW_Pawn_Gorg_Call,,STRUCTURAL (no description in vanilla either),SWBestiary/Defs/SoundDefs/SoundDefs_SWBestiary.xml
SWBestiary,SoundDef,RSW_Pawn_Gorg_Death,,STRUCTURAL (no description in vanilla either),SWBestiary/Defs/SoundDefs/SoundDefs_SWBestiary.xml
SWBestiary,SoundDef,RSW_Pawn_Gorg_Wounded,,STRUCTURAL (no description in vanilla either),SWBestiary/Defs/SoundDefs/SoundDefs_SWBestiary.xml
SWBestiary,SoundDef,RSW_Pawn_Gornt_Angry,,STRUCTURAL (no description in vanilla either),SWBestiary/Defs/SoundDefs/SoundDefs_SWBestiary.xml
SWBestiary,SoundDef,RSW_Pawn_Gornt_Call,,STRUCTURAL (no description in vanilla either),SWBestiary/Defs/SoundDefs/SoundDefs_SWBestiary.xml
SWBestiary,SoundDef,RSW_Pawn_Gornt_Death,,STRUCTURAL (no description in vanilla either),SWBestiary/Defs/SoundDefs/SoundDefs_SWBestiary.xml
SWBestiary,SoundDef,RSW_Pawn_Gornt_Wounded,,STRUCTURAL (no description in vanilla either),SWBestiary/Defs/SoundDefs/SoundDefs_SWBestiary.xml
SWBestiary,SoundDef,RSW_Pawn_GraniteSlug_Angry,,STRUCTURAL (no description in vanilla either),SWBestiary/Defs/SoundDefs/SoundDefs_SWBestiary.xml
SWBestiary,SoundDef,RSW_Pawn_GraniteSlug_Call,,STRUCTURAL (no description in vanilla either),SWBestiary/Defs/SoundDefs/SoundDefs_SWBestiary.xml
SWBestiary,SoundDef,RSW_Pawn_GraniteSlug_Death,,STRUCTURAL (no description in vanilla either),SWBestiary/Defs/SoundDefs/SoundDefs_SWBestiary.xml
SWBestiary,SoundDef,RSW_Pawn_GraniteSlug_Wounded,,STRUCTURAL (no description in vanilla either),SWBestiary/Defs/SoundDefs/SoundDefs_SWBestiary.xml
SWBestiary,SoundDef,RSW_Pawn_Grank_Angry,,STRUCTURAL (no description in vanilla either),SWBestiary/Defs/SoundDefs/SoundDefs_SWBestiary.xml
SWBestiary,SoundDef,RSW_Pawn_Grank_Call,,STRUCTURAL (no description in vanilla either),SWBestiary/Defs/SoundDefs/SoundDefs_SWBestiary.xml
SWBestiary,SoundDef,RSW_Pawn_Grank_Death,,STRUCTURAL (no description in vanilla either),SWBestiary/Defs/SoundDefs/SoundDefs_SWBestiary.xml
SWBestiary,SoundDef,RSW_Pawn_Grank_Wounded,,STRUCTURAL (no description in vanilla either),SWBestiary/Defs/SoundDefs/SoundDefs_SWBestiary.xml
SWBestiary,SoundDef,RSW_Pawn_GreaterKraytDragon_Angry,,STRUCTURAL (no description in vanilla either),SWBestiary/Defs/SoundDefs/SoundDefs_SWBestiary.xml
SWBestiary,SoundDef,RSW_Pawn_GreaterKraytDragon_Call,,STRUCTURAL (no description in vanilla either),SWBestiary/Defs/SoundDefs/SoundDefs_SWBestiary.xml
SWBestiary,SoundDef,RSW_Pawn_GreaterKraytDragon_Death,,STRUCTURAL (no description in vanilla either),SWBestiary/Defs/SoundDefs/SoundDefs_SWBestiary.xml
SWBestiary,SoundDef,RSW_Pawn_GreaterKraytDragon_Wounded,,STRUCTURAL (no description in vanilla either),SWBestiary/Defs/SoundDefs/SoundDefs_SWBestiary.xml
SWBestiary,SoundDef,RSW_Pawn_Gualaar_Angry,,STRUCTURAL (no description in vanilla either),SWBestiary/Defs/SoundDefs/SoundDefs_SWBestiary.xml
SWBestiary,SoundDef,RSW_Pawn_Gualaar_Call,,STRUCTURAL (no description in vanilla either),SWBestiary/Defs/SoundDefs/SoundDefs_SWBestiary.xml
SWBestiary,SoundDef,RSW_Pawn_Gualaar_Death,,STRUCTURAL (no description in vanilla either),SWBestiary/Defs/SoundDefs/SoundDefs_SWBestiary.xml
SWBestiary,SoundDef,RSW_Pawn_Gualaar_Wounded,,STRUCTURAL (no description in vanilla either),SWBestiary/Defs/SoundDefs/SoundDefs_SWBestiary.xml
SWBestiary,SoundDef,RSW_Pawn_Gullipud_Angry,,STRUCTURAL (no description in vanilla either),SWBestiary/Defs/SoundDefs/SoundDefs_SWBestiary.xml
SWBestiary,SoundDef,RSW_Pawn_Gullipud_Call,,STRUCTURAL (no description in vanilla either),SWBestiary/Defs/SoundDefs/SoundDefs_SWBestiary.xml
SWBestiary,SoundDef,RSW_Pawn_Gullipud_Death,,STRUCTURAL (no description in vanilla either),SWBestiary/Defs/SoundDefs/SoundDefs_SWBestiary.xml
SWBestiary,SoundDef,RSW_Pawn_Gullipud_Wounded,,STRUCTURAL (no description in vanilla either),SWBestiary/Defs/SoundDefs/SoundDefs_SWBestiary.xml
SWBestiary,SoundDef,RSW_Pawn_Gundark_Angry,,STRUCTURAL (no description in vanilla either),SWBestiary/Defs/SoundDefs/SoundDefs_SWBestiary.xml
SWBestiary,SoundDef,RSW_Pawn_Gundark_Call,,STRUCTURAL (no description in vanilla either),SWBestiary/Defs/SoundDefs/SoundDefs_SWBestiary.xml
SWBestiary,SoundDef,RSW_Pawn_Gundark_Death,,STRUCTURAL (no description in vanilla either),SWBestiary/Defs/SoundDefs/SoundDefs_SWBestiary.xml
SWBestiary,SoundDef,RSW_Pawn_Gundark_Wounded,,STRUCTURAL (no description in vanilla either),SWBestiary/Defs/SoundDefs/SoundDefs_SWBestiary.xml
SWBestiary,SoundDef,RSW_Pawn_Gutkurr_Angry,,STRUCTURAL (no description in vanilla either),SWBestiary/Defs/SoundDefs/SoundDefs_SWBestiary.xml
SWBestiary,SoundDef,RSW_Pawn_Gutkurr_Call,,STRUCTURAL (no description in vanilla either),SWBestiary/Defs/SoundDefs/SoundDefs_SWBestiary.xml
SWBestiary,SoundDef,RSW_Pawn_Gutkurr_Death,,STRUCTURAL (no description in vanilla either),SWBestiary/Defs/SoundDefs/SoundDefs_SWBestiary.xml
SWBestiary,SoundDef,RSW_Pawn_Gutkurr_Wounded,,STRUCTURAL (no description in vanilla either),SWBestiary/Defs/SoundDefs/SoundDefs_SWBestiary.xml
SWBestiary,SoundDef,RSW_Pawn_HarvesterBeetle_Angry,,STRUCTURAL (no description in vanilla either),SWBestiary/Defs/SoundDefs/SoundDefs_SWBestiary.xml
SWBestiary,SoundDef,RSW_Pawn_HarvesterBeetle_Call,,STRUCTURAL (no description in vanilla either),SWBestiary/Defs/SoundDefs/SoundDefs_SWBestiary.xml
SWBestiary,SoundDef,RSW_Pawn_HarvesterBeetle_Death,,STRUCTURAL (no description in vanilla either),SWBestiary/Defs/SoundDefs/SoundDefs_SWBestiary.xml
SWBestiary,SoundDef,RSW_Pawn_HarvesterBeetle_Wounded,,STRUCTURAL (no description in vanilla either),SWBestiary/Defs/SoundDefs/SoundDefs_SWBestiary.xml
SWBestiary,SoundDef,RSW_Pawn_Hawkbat_Angry,,STRUCTURAL (no description in vanilla either),SWBestiary/Defs/SoundDefs/SoundDefs_SWBestiary.xml
SWBestiary,SoundDef,RSW_Pawn_Hawkbat_Call,,STRUCTURAL (no description in vanilla either),SWBestiary/Defs/SoundDefs/SoundDefs_SWBestiary.xml
SWBestiary,SoundDef,RSW_Pawn_Hawkbat_Death,,STRUCTURAL (no description in vanilla either),SWBestiary/Defs/SoundDefs/SoundDefs_SWBestiary.xml
SWBestiary,SoundDef,RSW_Pawn_Hawkbat_Wounded,,STRUCTURAL (no description in vanilla either),SWBestiary/Defs/SoundDefs/SoundDefs_SWBestiary.xml
SWBestiary,SoundDef,RSW_Pawn_Horax_Angry,,STRUCTURAL (no description in vanilla either),SWBestiary/Defs/SoundDefs/SoundDefs_SWBestiary.xml
SWBestiary,SoundDef,RSW_Pawn_Horax_Call,,STRUCTURAL (no description in vanilla either),SWBestiary/Defs/SoundDefs/SoundDefs_SWBestiary.xml
SWBestiary,SoundDef,RSW_Pawn_Horax_Death,,STRUCTURAL (no description in vanilla either),SWBestiary/Defs/SoundDefs/SoundDefs_SWBestiary.xml
SWBestiary,SoundDef,RSW_Pawn_Horax_Wounded,,STRUCTURAL (no description in vanilla either),SWBestiary/Defs/SoundDefs/SoundDefs_SWBestiary.xml
SWBestiary,SoundDef,RSW_Pawn_Hrumph_Angry,,STRUCTURAL (no description in vanilla either),SWBestiary/Defs/SoundDefs/SoundDefs_SWBestiary.xml
SWBestiary,SoundDef,RSW_Pawn_Hrumph_Call,,STRUCTURAL (no description in vanilla either),SWBestiary/Defs/SoundDefs/SoundDefs_SWBestiary.xml
SWBestiary,SoundDef,RSW_Pawn_Hrumph_Death,,STRUCTURAL (no description in vanilla either),SWBestiary/Defs/SoundDefs/SoundDefs_SWBestiary.xml
SWBestiary,SoundDef,RSW_Pawn_Hrumph_Wounded,,STRUCTURAL (no description in vanilla either),SWBestiary/Defs/SoundDefs/SoundDefs_SWBestiary.xml
SWBestiary,SoundDef,RSW_Pawn_Hssiss_Angry,,STRUCTURAL (no description in vanilla either),SWBestiary/Defs/SoundDefs/SoundDefs_SWBestiary.xml
SWBestiary,SoundDef,RSW_Pawn_Hssiss_Call,,STRUCTURAL (no description in vanilla either),SWBestiary/Defs/SoundDefs/SoundDefs_SWBestiary.xml
SWBestiary,SoundDef,RSW_Pawn_Hssiss_Death,,STRUCTURAL (no description in vanilla either),SWBestiary/Defs/SoundDefs/SoundDefs_SWBestiary.xml
SWBestiary,SoundDef,RSW_Pawn_Hssiss_Wounded,,STRUCTURAL (no description in vanilla either),SWBestiary/Defs/SoundDefs/SoundDefs_SWBestiary.xml
SWBestiary,SoundDef,RSW_Pawn_Igitz_Angry,,STRUCTURAL (no description in vanilla either),SWBestiary/Defs/SoundDefs/SoundDefs_SWBestiary.xml
SWBestiary,SoundDef,RSW_Pawn_Igitz_Call,,STRUCTURAL (no description in vanilla either),SWBestiary/Defs/SoundDefs/SoundDefs_SWBestiary.xml
SWBestiary,SoundDef,RSW_Pawn_Igitz_Death,,STRUCTURAL (no description in vanilla either),SWBestiary/Defs/SoundDefs/SoundDefs_SWBestiary.xml
SWBestiary,SoundDef,RSW_Pawn_Igitz_Wounded,,STRUCTURAL (no description in vanilla either),SWBestiary/Defs/SoundDefs/SoundDefs_SWBestiary.xml
SWBestiary,SoundDef,RSW_Pawn_Insectomorph_Angry,,STRUCTURAL (no description in vanilla either),SWBestiary/Defs/SoundDefs/SoundDefs_SWBestiary.xml
SWBestiary,SoundDef,RSW_Pawn_Insectomorph_Call,,STRUCTURAL (no description in vanilla either),SWBestiary/Defs/SoundDefs/SoundDefs_SWBestiary.xml
SWBestiary,SoundDef,RSW_Pawn_Insectomorph_Death,,STRUCTURAL (no description in vanilla either),SWBestiary/Defs/SoundDefs/SoundDefs_SWBestiary.xml
SWBestiary,SoundDef,RSW_Pawn_Insectomorph_Wounded,,STRUCTURAL (no description in vanilla either),SWBestiary/Defs/SoundDefs/SoundDefs_SWBestiary.xml
SWBestiary,SoundDef,RSW_Pawn_Iriaz_Angry,,STRUCTURAL (no description in vanilla either),SWBestiary/Defs/SoundDefs/SoundDefs_SWBestiary.xml
SWBestiary,SoundDef,RSW_Pawn_Iriaz_Call,,STRUCTURAL (no description in vanilla either),SWBestiary/Defs/SoundDefs/SoundDefs_SWBestiary.xml
SWBestiary,SoundDef,RSW_Pawn_Iriaz_Death,,STRUCTURAL (no description in vanilla either),SWBestiary/Defs/SoundDefs/SoundDefs_SWBestiary.xml
SWBestiary,SoundDef,RSW_Pawn_Iriaz_Wounded,,STRUCTURAL (no description in vanilla either),SWBestiary/Defs/SoundDefs/SoundDefs_SWBestiary.xml
SWBestiary,SoundDef,RSW_Pawn_Jakobeast_Angry,,STRUCTURAL (no description in vanilla either),SWBestiary/Defs/SoundDefs/SoundDefs_SWBestiary.xml
SWBestiary,SoundDef,RSW_Pawn_Jakobeast_Call,,STRUCTURAL (no description in vanilla either),SWBestiary/Defs/SoundDefs/SoundDefs_SWBestiary.xml
SWBestiary,SoundDef,RSW_Pawn_Jakobeast_Death,,STRUCTURAL (no description in vanilla either),SWBestiary/Defs/SoundDefs/SoundDefs_SWBestiary.xml
SWBestiary,SoundDef,RSW_Pawn_Jakobeast_Wounded,,STRUCTURAL (no description in vanilla either),SWBestiary/Defs/SoundDefs/SoundDefs_SWBestiary.xml
SWBestiary,SoundDef,RSW_Pawn_Jamel_Angry,,STRUCTURAL (no description in vanilla either),SWBestiary/Defs/SoundDefs/SoundDefs_SWBestiary.xml
SWBestiary,SoundDef,RSW_Pawn_Jamel_Call,,STRUCTURAL (no description in vanilla either),SWBestiary/Defs/SoundDefs/SoundDefs_SWBestiary.xml
SWBestiary,SoundDef,RSW_Pawn_Jamel_Death,,STRUCTURAL (no description in vanilla either),SWBestiary/Defs/SoundDefs/SoundDefs_SWBestiary.xml
SWBestiary,SoundDef,RSW_Pawn_Jamel_Wounded,,STRUCTURAL (no description in vanilla either),SWBestiary/Defs/SoundDefs/SoundDefs_SWBestiary.xml
SWBestiary,SoundDef,RSW_Pawn_Jimvu_Angry,,STRUCTURAL (no description in vanilla either),SWBestiary/Defs/SoundDefs/SoundDefs_SWBestiary.xml
SWBestiary,SoundDef,RSW_Pawn_Jimvu_Call,,STRUCTURAL (no description in vanilla either),SWBestiary/Defs/SoundDefs/SoundDefs_SWBestiary.xml
SWBestiary,SoundDef,RSW_Pawn_Jimvu_Death,,STRUCTURAL (no description in vanilla either),SWBestiary/Defs/SoundDefs/SoundDefs_SWBestiary.xml
SWBestiary,SoundDef,RSW_Pawn_Jimvu_Wounded,,STRUCTURAL (no description in vanilla either),SWBestiary/Defs/SoundDefs/SoundDefs_SWBestiary.xml
SWBestiary,SoundDef,RSW_Pawn_JungleRancor_Angry,,STRUCTURAL (no description in vanilla either),SWBestiary/Defs/SoundDefs/SoundDefs_SWBestiary.xml
SWBestiary,SoundDef,RSW_Pawn_JungleRancor_Call,,STRUCTURAL (no description in vanilla either),SWBestiary/Defs/SoundDefs/SoundDefs_SWBestiary.xml
SWBestiary,SoundDef,RSW_Pawn_JungleRancor_Death,,STRUCTURAL (no description in vanilla either),SWBestiary/Defs/SoundDefs/SoundDefs_SWBestiary.xml
SWBestiary,SoundDef,RSW_Pawn_JungleRancor_Wounded,,STRUCTURAL (no description in vanilla either),SWBestiary/Defs/SoundDefs/SoundDefs_SWBestiary.xml
SWBestiary,SoundDef,RSW_Pawn_Kaadu_Angry,,STRUCTURAL (no description in vanilla either),SWBestiary/Defs/SoundDefs/SoundDefs_SWBestiary.xml
SWBestiary,SoundDef,RSW_Pawn_Kaadu_Call,,STRUCTURAL (no description in vanilla either),SWBestiary/Defs/SoundDefs/SoundDefs_SWBestiary.xml
SWBestiary,SoundDef,RSW_Pawn_Kaadu_Death,,STRUCTURAL (no description in vanilla either),SWBestiary/Defs/SoundDefs/SoundDefs_SWBestiary.xml
SWBestiary,SoundDef,RSW_Pawn_Kaadu_Wounded,,STRUCTURAL (no description in vanilla either),SWBestiary/Defs/SoundDefs/SoundDefs_SWBestiary.xml
SWBestiary,SoundDef,RSW_Pawn_Katarn_Angry,,STRUCTURAL (no description in vanilla either),SWBestiary/Defs/SoundDefs/SoundDefs_SWBestiary.xml
SWBestiary,SoundDef,RSW_Pawn_Katarn_Call,,STRUCTURAL (no description in vanilla either),SWBestiary/Defs/SoundDefs/SoundDefs_SWBestiary.xml
SWBestiary,SoundDef,RSW_Pawn_Katarn_Death,,STRUCTURAL (no description in vanilla either),SWBestiary/Defs/SoundDefs/SoundDefs_SWBestiary.xml
SWBestiary,SoundDef,RSW_Pawn_Katarn_Wounded,,STRUCTURAL (no description in vanilla either),SWBestiary/Defs/SoundDefs/SoundDefs_SWBestiary.xml
SWBestiary,SoundDef,RSW_Pawn_KellDragon_Angry,,STRUCTURAL (no description in vanilla either),SWBestiary/Defs/SoundDefs/SoundDefs_SWBestiary.xml
SWBestiary,SoundDef,RSW_Pawn_KellDragon_Call,,STRUCTURAL (no description in vanilla either),SWBestiary/Defs/SoundDefs/SoundDefs_SWBestiary.xml
SWBestiary,SoundDef,RSW_Pawn_KellDragon_Death,,STRUCTURAL (no description in vanilla either),SWBestiary/Defs/SoundDefs/SoundDefs_SWBestiary.xml
SWBestiary,SoundDef,RSW_Pawn_KellDragon_Wounded,,STRUCTURAL (no description in vanilla either),SWBestiary/Defs/SoundDefs/SoundDefs_SWBestiary.xml
SWBestiary,SoundDef,RSW_Pawn_Kinrath_Angry,,STRUCTURAL (no description in vanilla either),SWBestiary/Defs/SoundDefs/SoundDefs_SWBestiary.xml
SWBestiary,SoundDef,RSW_Pawn_Kinrath_Call,,STRUCTURAL (no description in vanilla either),SWBestiary/Defs/SoundDefs/SoundDefs_SWBestiary.xml
SWBestiary,SoundDef,RSW_Pawn_Kinrath_Death,,STRUCTURAL (no description in vanilla either),SWBestiary/Defs/SoundDefs/SoundDefs_SWBestiary.xml
SWBestiary,SoundDef,RSW_Pawn_Kinrath_Wounded,,STRUCTURAL (no description in vanilla either),SWBestiary/Defs/SoundDefs/SoundDefs_SWBestiary.xml
SWBestiary,SoundDef,RSW_Pawn_Klorslug_Angry,,STRUCTURAL (no description in vanilla either),SWBestiary/Defs/SoundDefs/SoundDefs_SWBestiary.xml
SWBestiary,SoundDef,RSW_Pawn_Klorslug_Call,,STRUCTURAL (no description in vanilla either),SWBestiary/Defs/SoundDefs/SoundDefs_SWBestiary.xml
SWBestiary,SoundDef,RSW_Pawn_Klorslug_Death,,STRUCTURAL (no description in vanilla either),SWBestiary/Defs/SoundDefs/SoundDefs_SWBestiary.xml
SWBestiary,SoundDef,RSW_Pawn_Klorslug_Wounded,,STRUCTURAL (no description in vanilla either),SWBestiary/Defs/SoundDefs/SoundDefs_SWBestiary.xml
SWBestiary,SoundDef,RSW_Pawn_KowakianMonkeyLizard_Angry,,STRUCTURAL (no description in vanilla either),SWBestiary/Defs/SoundDefs/SoundDefs_SWBestiary.xml
SWBestiary,SoundDef,RSW_Pawn_KowakianMonkeyLizard_Call,,STRUCTURAL (no description in vanilla either),SWBestiary/Defs/SoundDefs/SoundDefs_SWBestiary.xml
SWBestiary,SoundDef,RSW_Pawn_KowakianMonkeyLizard_Death,,STRUCTURAL (no description in vanilla either),SWBestiary/Defs/SoundDefs/SoundDefs_SWBestiary.xml
SWBestiary,SoundDef,RSW_Pawn_KowakianMonkeyLizard_Wounded,,STRUCTURAL (no description in vanilla either),SWBestiary/Defs/SoundDefs/SoundDefs_SWBestiary.xml
SWBestiary,SoundDef,RSW_Pawn_KraytDragon_Angry,,STRUCTURAL (no description in vanilla either),SWBestiary/Defs/SoundDefs/SoundDefs_SWBestiary.xml
SWBestiary,SoundDef,RSW_Pawn_KraytDragon_Call,,STRUCTURAL (no description in vanilla either),SWBestiary/Defs/SoundDefs/SoundDefs_SWBestiary.xml
SWBestiary,SoundDef,RSW_Pawn_KraytDragon_Death,,STRUCTURAL (no description in vanilla either),SWBestiary/Defs/SoundDefs/SoundDefs_SWBestiary.xml
SWBestiary,SoundDef,RSW_Pawn_KraytDragon_Wounded,,STRUCTURAL (no description in vanilla either),SWBestiary/Defs/SoundDefs/SoundDefs_SWBestiary.xml
SWBestiary,SoundDef,RSW_Pawn_Kreetle_Angry,,STRUCTURAL (no description in vanilla either),SWBestiary/Defs/SoundDefs/SoundDefs_SWBestiary.xml
SWBestiary,SoundDef,RSW_Pawn_Kreetle_Call,,STRUCTURAL (no description in vanilla either),SWBestiary/Defs/SoundDefs/SoundDefs_SWBestiary.xml
SWBestiary,SoundDef,RSW_Pawn_Kreetle_Death,,STRUCTURAL (no description in vanilla either),SWBestiary/Defs/SoundDefs/SoundDefs_SWBestiary.xml
SWBestiary,SoundDef,RSW_Pawn_Kreetle_Wounded,,STRUCTURAL (no description in vanilla either),SWBestiary/Defs/SoundDefs/SoundDefs_SWBestiary.xml
SWBestiary,SoundDef,RSW_Pawn_Krykna_Angry,,STRUCTURAL (no description in vanilla either),SWBestiary/Defs/SoundDefs/SoundDefs_SWBestiary.xml
SWBestiary,SoundDef,RSW_Pawn_Krykna_Call,,STRUCTURAL (no description in vanilla either),SWBestiary/Defs/SoundDefs/SoundDefs_SWBestiary.xml
SWBestiary,SoundDef,RSW_Pawn_Krykna_Death,,STRUCTURAL (no description in vanilla either),SWBestiary/Defs/SoundDefs/SoundDefs_SWBestiary.xml
SWBestiary,SoundDef,RSW_Pawn_Krykna_Wounded,,STRUCTURAL (no description in vanilla either),SWBestiary/Defs/SoundDefs/SoundDefs_SWBestiary.xml
SWBestiary,SoundDef,RSW_Pawn_KwazelMaw_Angry,,STRUCTURAL (no description in vanilla either),SWBestiary/Defs/SoundDefs/SoundDefs_SWBestiary.xml
SWBestiary,SoundDef,RSW_Pawn_KwazelMaw_Call,,STRUCTURAL (no description in vanilla either),SWBestiary/Defs/SoundDefs/SoundDefs_SWBestiary.xml
SWBestiary,SoundDef,RSW_Pawn_KwazelMaw_Death,,STRUCTURAL (no description in vanilla either),SWBestiary/Defs/SoundDefs/SoundDefs_SWBestiary.xml
SWBestiary,SoundDef,RSW_Pawn_KwazelMaw_Wounded,,STRUCTURAL (no description in vanilla either),SWBestiary/Defs/SoundDefs/SoundDefs_SWBestiary.xml
SWBestiary,SoundDef,RSW_Pawn_Kwi_Angry,,STRUCTURAL (no description in vanilla either),SWBestiary/Defs/SoundDefs/SoundDefs_SWBestiary.xml
SWBestiary,SoundDef,RSW_Pawn_Kwi_Call,,STRUCTURAL (no description in vanilla either),SWBestiary/Defs/SoundDefs/SoundDefs_SWBestiary.xml
SWBestiary,SoundDef,RSW_Pawn_Kwi_Death,,STRUCTURAL (no description in vanilla either),SWBestiary/Defs/SoundDefs/SoundDefs_SWBestiary.xml
SWBestiary,SoundDef,RSW_Pawn_Kwi_Wounded,,STRUCTURAL (no description in vanilla either),SWBestiary/Defs/SoundDefs/SoundDefs_SWBestiary.xml
SWBestiary,SoundDef,RSW_Pawn_LavaFlea_Angry,,STRUCTURAL (no description in vanilla either),SWBestiary/Defs/SoundDefs/SoundDefs_SWBestiary.xml
SWBestiary,SoundDef,RSW_Pawn_LavaFlea_Call,,STRUCTURAL (no description in vanilla either),SWBestiary/Defs/SoundDefs/SoundDefs_SWBestiary.xml
SWBestiary,SoundDef,RSW_Pawn_LavaFlea_Death,,STRUCTURAL (no description in vanilla either),SWBestiary/Defs/SoundDefs/SoundDefs_SWBestiary.xml
SWBestiary,SoundDef,RSW_Pawn_LavaFlea_Wounded,,STRUCTURAL (no description in vanilla either),SWBestiary/Defs/SoundDefs/SoundDefs_SWBestiary.xml
SWBestiary,SoundDef,RSW_Pawn_Leaftail_Angry,,STRUCTURAL (no description in vanilla either),SWBestiary/Defs/SoundDefs/SoundDefs_SWBestiary.xml
SWBestiary,SoundDef,RSW_Pawn_Leaftail_Call,,STRUCTURAL (no description in vanilla either),SWBestiary/Defs/SoundDefs/SoundDefs_SWBestiary.xml
SWBestiary,SoundDef,RSW_Pawn_Leaftail_Death,,STRUCTURAL (no description in vanilla either),SWBestiary/Defs/SoundDefs/SoundDefs_SWBestiary.xml
SWBestiary,SoundDef,RSW_Pawn_Leaftail_Wounded,,STRUCTURAL (no description in vanilla either),SWBestiary/Defs/SoundDefs/SoundDefs_SWBestiary.xml
SWBestiary,SoundDef,RSW_Pawn_Lothcat_Angry,,STRUCTURAL (no description in vanilla either),SWBestiary/Defs/SoundDefs/SoundDefs_SWBestiary.xml
SWBestiary,SoundDef,RSW_Pawn_Lothcat_Call,,STRUCTURAL (no description in vanilla either),SWBestiary/Defs/SoundDefs/SoundDefs_SWBestiary.xml
SWBestiary,SoundDef,RSW_Pawn_Lothcat_Death,,STRUCTURAL (no description in vanilla either),SWBestiary/Defs/SoundDefs/SoundDefs_SWBestiary.xml
SWBestiary,SoundDef,RSW_Pawn_Lothcat_Wounded,,STRUCTURAL (no description in vanilla either),SWBestiary/Defs/SoundDefs/SoundDefs_SWBestiary.xml
SWBestiary,SoundDef,RSW_Pawn_LylekBaby_Angry,,STRUCTURAL (no description in vanilla either),SWBestiary/Defs/SoundDefs/SoundDefs_SWBestiary.xml
SWBestiary,SoundDef,RSW_Pawn_LylekBaby_Call,,STRUCTURAL (no description in vanilla either),SWBestiary/Defs/SoundDefs/SoundDefs_SWBestiary.xml
SWBestiary,SoundDef,RSW_Pawn_LylekBaby_Death,,STRUCTURAL (no description in vanilla either),SWBestiary/Defs/SoundDefs/SoundDefs_SWBestiary.xml
SWBestiary,SoundDef,RSW_Pawn_LylekBaby_Wounded,,STRUCTURAL (no description in vanilla either),SWBestiary/Defs/SoundDefs/SoundDefs_SWBestiary.xml
SWBestiary,SoundDef,RSW_Pawn_Lylek_Angry,,STRUCTURAL (no description in vanilla either),SWBestiary/Defs/SoundDefs/SoundDefs_SWBestiary.xml
SWBestiary,SoundDef,RSW_Pawn_Lylek_Call,,STRUCTURAL (no description in vanilla either),SWBestiary/Defs/SoundDefs/SoundDefs_SWBestiary.xml
SWBestiary,SoundDef,RSW_Pawn_Lylek_Death,,STRUCTURAL (no description in vanilla either),SWBestiary/Defs/SoundDefs/SoundDefs_SWBestiary.xml
SWBestiary,SoundDef,RSW_Pawn_Lylek_Wounded,,STRUCTURAL (no description in vanilla either),SWBestiary/Defs/SoundDefs/SoundDefs_SWBestiary.xml
SWBestiary,SoundDef,RSW_Pawn_Maalraas_Angry,,STRUCTURAL (no description in vanilla either),SWBestiary/Defs/SoundDefs/SoundDefs_SWBestiary.xml
SWBestiary,SoundDef,RSW_Pawn_Maalraas_Call,,STRUCTURAL (no description in vanilla either),SWBestiary/Defs/SoundDefs/SoundDefs_SWBestiary.xml
SWBestiary,SoundDef,RSW_Pawn_Maalraas_Death,,STRUCTURAL (no description in vanilla either),SWBestiary/Defs/SoundDefs/SoundDefs_SWBestiary.xml
SWBestiary,SoundDef,RSW_Pawn_Maalraas_Wounded,,STRUCTURAL (no description in vanilla either),SWBestiary/Defs/SoundDefs/SoundDefs_SWBestiary.xml
SWBestiary,SoundDef,RSW_Pawn_Manka_Angry,,STRUCTURAL (no description in vanilla either),SWBestiary/Defs/SoundDefs/SoundDefs_SWBestiary.xml
SWBestiary,SoundDef,RSW_Pawn_Manka_Call,,STRUCTURAL (no description in vanilla either),SWBestiary/Defs/SoundDefs/SoundDefs_SWBestiary.xml
SWBestiary,SoundDef,RSW_Pawn_Manka_Death,,STRUCTURAL (no description in vanilla either),SWBestiary/Defs/SoundDefs/SoundDefs_SWBestiary.xml
SWBestiary,SoundDef,RSW_Pawn_Manka_Wounded,,STRUCTURAL (no description in vanilla either),SWBestiary/Defs/SoundDefs/SoundDefs_SWBestiary.xml
SWBestiary,SoundDef,RSW_Pawn_Mantis_Call,,STRUCTURAL (no description in vanilla either),SWBestiary/Defs/BiomesTeamPort/SoundDefs/RSW_BiomesTeamPort_Sounds.xml
SWBestiary,SoundDef,RSW_Pawn_MarshHaunt_Angry,,STRUCTURAL (no description in vanilla either),SWBestiary/Defs/SoundDefs/SoundDefs_SWBestiary.xml
SWBestiary,SoundDef,RSW_Pawn_MarshHaunt_Call,,STRUCTURAL (no description in vanilla either),SWBestiary/Defs/SoundDefs/SoundDefs_SWBestiary.xml
SWBestiary,SoundDef,RSW_Pawn_MarshHaunt_Death,,STRUCTURAL (no description in vanilla either),SWBestiary/Defs/SoundDefs/SoundDefs_SWBestiary.xml
SWBestiary,SoundDef,RSW_Pawn_MarshHaunt_Wounded,,STRUCTURAL (no description in vanilla either),SWBestiary/Defs/SoundDefs/SoundDefs_SWBestiary.xml
SWBestiary,SoundDef,RSW_Pawn_Massiff_Angry,,STRUCTURAL (no description in vanilla either),SWBestiary/Defs/SoundDefs/SoundDefs_SWBestiary.xml
SWBestiary,SoundDef,RSW_Pawn_Massiff_Call,,STRUCTURAL (no description in vanilla either),SWBestiary/Defs/SoundDefs/SoundDefs_SWBestiary.xml
SWBestiary,SoundDef,RSW_Pawn_Massiff_Death,,STRUCTURAL (no description in vanilla either),SWBestiary/Defs/SoundDefs/SoundDefs_SWBestiary.xml
SWBestiary,SoundDef,RSW_Pawn_Massiff_Wounded,,STRUCTURAL (no description in vanilla either),SWBestiary/Defs/SoundDefs/SoundDefs_SWBestiary.xml
SWBestiary,SoundDef,RSW_Pawn_MastiffPhalone_Angry,,STRUCTURAL (no description in vanilla either),SWBestiary/Defs/SoundDefs/SoundDefs_SWBestiary.xml
SWBestiary,SoundDef,RSW_Pawn_MastiffPhalone_Call,,STRUCTURAL (no description in vanilla either),SWBestiary/Defs/SoundDefs/SoundDefs_SWBestiary.xml
SWBestiary,SoundDef,RSW_Pawn_MastiffPhalone_Death,,STRUCTURAL (no description in vanilla either),SWBestiary/Defs/SoundDefs/SoundDefs_SWBestiary.xml
SWBestiary,SoundDef,RSW_Pawn_MastiffPhalone_Wounded,,STRUCTURAL (no description in vanilla either),SWBestiary/Defs/SoundDefs/SoundDefs_SWBestiary.xml
SWBestiary,SoundDef,RSW_Pawn_Mastmot_Angry,,STRUCTURAL (no description in vanilla either),SWBestiary/Defs/SoundDefs/SoundDefs_SWBestiary.xml
SWBestiary,SoundDef,RSW_Pawn_Mastmot_Call,,STRUCTURAL (no description in vanilla either),SWBestiary/Defs/SoundDefs/SoundDefs_SWBestiary.xml
SWBestiary,SoundDef,RSW_Pawn_Mastmot_Death,,STRUCTURAL (no description in vanilla either),SWBestiary/Defs/SoundDefs/SoundDefs_SWBestiary.xml
SWBestiary,SoundDef,RSW_Pawn_Mastmot_Wounded,,STRUCTURAL (no description in vanilla either),SWBestiary/Defs/SoundDefs/SoundDefs_SWBestiary.xml
SWBestiary,SoundDef,RSW_Pawn_Mawvorr_Angry,,STRUCTURAL (no description in vanilla either),SWBestiary/Defs/SoundDefs/SoundDefs_SWBestiary.xml
SWBestiary,SoundDef,RSW_Pawn_Mawvorr_Call,,STRUCTURAL (no description in vanilla either),SWBestiary/Defs/SoundDefs/SoundDefs_SWBestiary.xml
SWBestiary,SoundDef,RSW_Pawn_Mawvorr_Death,,STRUCTURAL (no description in vanilla either),SWBestiary/Defs/SoundDefs/SoundDefs_SWBestiary.xml
SWBestiary,SoundDef,RSW_Pawn_Mawvorr_Wounded,,STRUCTURAL (no description in vanilla either),SWBestiary/Defs/SoundDefs/SoundDefs_SWBestiary.xml
SWBestiary,SoundDef,RSW_Pawn_Mott_Angry,,STRUCTURAL (no description in vanilla either),SWBestiary/Defs/SoundDefs/SoundDefs_SWBestiary.xml
SWBestiary,SoundDef,RSW_Pawn_Mott_Call,,STRUCTURAL (no description in vanilla either),SWBestiary/Defs/SoundDefs/SoundDefs_SWBestiary.xml
SWBestiary,SoundDef,RSW_Pawn_Mott_Death,,STRUCTURAL (no description in vanilla either),SWBestiary/Defs/SoundDefs/SoundDefs_SWBestiary.xml
SWBestiary,SoundDef,RSW_Pawn_Mott_Wounded,,STRUCTURAL (no description in vanilla either),SWBestiary/Defs/SoundDefs/SoundDefs_SWBestiary.xml
SWBestiary,SoundDef,RSW_Pawn_Mudhorn_Angry,,STRUCTURAL (no description in vanilla either),SWBestiary/Defs/SoundDefs/SoundDefs_SWBestiary.xml
SWBestiary,SoundDef,RSW_Pawn_Mudhorn_Call,,STRUCTURAL (no description in vanilla either),SWBestiary/Defs/SoundDefs/SoundDefs_SWBestiary.xml
SWBestiary,SoundDef,RSW_Pawn_Mudhorn_Death,,STRUCTURAL (no description in vanilla either),SWBestiary/Defs/SoundDefs/SoundDefs_SWBestiary.xml
SWBestiary,SoundDef,RSW_Pawn_Mudhorn_Wounded,,STRUCTURAL (no description in vanilla either),SWBestiary/Defs/SoundDefs/SoundDefs_SWBestiary.xml
SWBestiary,SoundDef,RSW_Pawn_Mynock_Angry,,STRUCTURAL (no description in vanilla either),SWBestiary/Defs/SoundDefs/SoundDefs_SWBestiary.xml
SWBestiary,SoundDef,RSW_Pawn_Mynock_Call,,STRUCTURAL (no description in vanilla either),SWBestiary/Defs/SoundDefs/SoundDefs_SWBestiary.xml
SWBestiary,SoundDef,RSW_Pawn_Mynock_Death,,STRUCTURAL (no description in vanilla either),SWBestiary/Defs/SoundDefs/SoundDefs_SWBestiary.xml
SWBestiary,SoundDef,RSW_Pawn_Mynock_Wounded,,STRUCTURAL (no description in vanilla either),SWBestiary/Defs/SoundDefs/SoundDefs_SWBestiary.xml
SWBestiary,SoundDef,RSW_Pawn_Narglatch_Angry,,STRUCTURAL (no description in vanilla either),SWBestiary/Defs/SoundDefs/SoundDefs_SWBestiary.xml
SWBestiary,SoundDef,RSW_Pawn_Narglatch_Call,,STRUCTURAL (no description in vanilla either),SWBestiary/Defs/SoundDefs/SoundDefs_SWBestiary.xml
SWBestiary,SoundDef,RSW_Pawn_Narglatch_Death,,STRUCTURAL (no description in vanilla either),SWBestiary/Defs/SoundDefs/SoundDefs_SWBestiary.xml
SWBestiary,SoundDef,RSW_Pawn_Narglatch_Wounded,,STRUCTURAL (no description in vanilla either),SWBestiary/Defs/SoundDefs/SoundDefs_SWBestiary.xml
SWBestiary,SoundDef,RSW_Pawn_Neebray_Angry,,STRUCTURAL (no description in vanilla either),SWBestiary/Defs/SoundDefs/SoundDefs_SWBestiary.xml
SWBestiary,SoundDef,RSW_Pawn_Neebray_Call,,STRUCTURAL (no description in vanilla either),SWBestiary/Defs/SoundDefs/SoundDefs_SWBestiary.xml
SWBestiary,SoundDef,RSW_Pawn_Neebray_Death,,STRUCTURAL (no description in vanilla either),SWBestiary/Defs/SoundDefs/SoundDefs_SWBestiary.xml
SWBestiary,SoundDef,RSW_Pawn_Neebray_Wounded,,STRUCTURAL (no description in vanilla either),SWBestiary/Defs/SoundDefs/SoundDefs_SWBestiary.xml
SWBestiary,SoundDef,RSW_Pawn_Nexu_Angry,,STRUCTURAL (no description in vanilla either),SWBestiary/Defs/SoundDefs/SoundDefs_SWBestiary.xml
SWBestiary,SoundDef,RSW_Pawn_Nexu_Call,,STRUCTURAL (no description in vanilla either),SWBestiary/Defs/SoundDefs/SoundDefs_SWBestiary.xml
SWBestiary,SoundDef,RSW_Pawn_Nexu_Death,,STRUCTURAL (no description in vanilla either),SWBestiary/Defs/SoundDefs/SoundDefs_SWBestiary.xml
SWBestiary,SoundDef,RSW_Pawn_Nexu_Wounded,,STRUCTURAL (no description in vanilla either),SWBestiary/Defs/SoundDefs/SoundDefs_SWBestiary.xml
SWBestiary,SoundDef,RSW_Pawn_Nuna_Angry,,STRUCTURAL (no description in vanilla either),SWBestiary/Defs/SoundDefs/SoundDefs_SWBestiary.xml
SWBestiary,SoundDef,RSW_Pawn_Nuna_Call,,STRUCTURAL (no description in vanilla either),SWBestiary/Defs/SoundDefs/SoundDefs_SWBestiary.xml
SWBestiary,SoundDef,RSW_Pawn_Nuna_Death,,STRUCTURAL (no description in vanilla either),SWBestiary/Defs/SoundDefs/SoundDefs_SWBestiary.xml
SWBestiary,SoundDef,RSW_Pawn_Nuna_Wounded,,STRUCTURAL (no description in vanilla either),SWBestiary/Defs/SoundDefs/SoundDefs_SWBestiary.xml
SWBestiary,SoundDef,RSW_Pawn_Orray_Angry,,STRUCTURAL (no description in vanilla either),SWBestiary/Defs/SoundDefs/SoundDefs_SWBestiary.xml
SWBestiary,SoundDef,RSW_Pawn_Orray_Call,,STRUCTURAL (no description in vanilla either),SWBestiary/Defs/SoundDefs/SoundDefs_SWBestiary.xml
SWBestiary,SoundDef,RSW_Pawn_Orray_Death,,STRUCTURAL (no description in vanilla either),SWBestiary/Defs/SoundDefs/SoundDefs_SWBestiary.xml
SWBestiary,SoundDef,RSW_Pawn_Orray_Wounded,,STRUCTURAL (no description in vanilla either),SWBestiary/Defs/SoundDefs/SoundDefs_SWBestiary.xml
SWBestiary,SoundDef,RSW_Pawn_PaintedSpat_Angry,,STRUCTURAL (no description in vanilla either),SWBestiary/Defs/SoundDefs/SoundDefs_SWBestiary.xml
SWBestiary,SoundDef,RSW_Pawn_PaintedSpat_Call,,STRUCTURAL (no description in vanilla either),SWBestiary/Defs/SoundDefs/SoundDefs_SWBestiary.xml
SWBestiary,SoundDef,RSW_Pawn_PaintedSpat_Death,,STRUCTURAL (no description in vanilla either),SWBestiary/Defs/SoundDefs/SoundDefs_SWBestiary.xml
SWBestiary,SoundDef,RSW_Pawn_PaintedSpat_Wounded,,STRUCTURAL (no description in vanilla either),SWBestiary/Defs/SoundDefs/SoundDefs_SWBestiary.xml
SWBestiary,SoundDef,RSW_Pawn_PekoPeko_Angry,,STRUCTURAL (no description in vanilla either),SWBestiary/Defs/SoundDefs/SoundDefs_SWBestiary.xml
SWBestiary,SoundDef,RSW_Pawn_PekoPeko_Call,,STRUCTURAL (no description in vanilla either),SWBestiary/Defs/SoundDefs/SoundDefs_SWBestiary.xml
SWBestiary,SoundDef,RSW_Pawn_PekoPeko_Death,,STRUCTURAL (no description in vanilla either),SWBestiary/Defs/SoundDefs/SoundDefs_SWBestiary.xml
SWBestiary,SoundDef,RSW_Pawn_PekoPeko_Wounded,,STRUCTURAL (no description in vanilla either),SWBestiary/Defs/SoundDefs/SoundDefs_SWBestiary.xml
SWBestiary,SoundDef,RSW_Pawn_Pikobis_Angry,,STRUCTURAL (no description in vanilla either),SWBestiary/Defs/SoundDefs/SoundDefs_SWBestiary.xml
SWBestiary,SoundDef,RSW_Pawn_Pikobis_Call,,STRUCTURAL (no description in vanilla either),SWBestiary/Defs/SoundDefs/SoundDefs_SWBestiary.xml
SWBestiary,SoundDef,RSW_Pawn_Pikobis_Death,,STRUCTURAL (no description in vanilla either),SWBestiary/Defs/SoundDefs/SoundDefs_SWBestiary.xml
SWBestiary,SoundDef,RSW_Pawn_Pikobis_Wounded,,STRUCTURAL (no description in vanilla either),SWBestiary/Defs/SoundDefs/SoundDefs_SWBestiary.xml
SWBestiary,SoundDef,RSW_Pawn_Porg_Angry,,STRUCTURAL (no description in vanilla either),SWBestiary/Defs/SoundDefs/SoundDefs_SWBestiary.xml
SWBestiary,SoundDef,RSW_Pawn_Porg_Call,,STRUCTURAL (no description in vanilla either),SWBestiary/Defs/SoundDefs/SoundDefs_SWBestiary.xml
SWBestiary,SoundDef,RSW_Pawn_Porg_Death,,STRUCTURAL (no description in vanilla either),SWBestiary/Defs/SoundDefs/SoundDefs_SWBestiary.xml
SWBestiary,SoundDef,RSW_Pawn_Porg_Wounded,,STRUCTURAL (no description in vanilla either),SWBestiary/Defs/SoundDefs/SoundDefs_SWBestiary.xml
SWBestiary,SoundDef,RSW_Pawn_Qormot_Angry,,STRUCTURAL (no description in vanilla either),SWBestiary/Defs/SoundDefs/SoundDefs_SWBestiary.xml
SWBestiary,SoundDef,RSW_Pawn_Qormot_Call,,STRUCTURAL (no description in vanilla either),SWBestiary/Defs/SoundDefs/SoundDefs_SWBestiary.xml
SWBestiary,SoundDef,RSW_Pawn_Qormot_Death,,STRUCTURAL (no description in vanilla either),SWBestiary/Defs/SoundDefs/SoundDefs_SWBestiary.xml
SWBestiary,SoundDef,RSW_Pawn_Qormot_Wounded,,STRUCTURAL (no description in vanilla either),SWBestiary/Defs/SoundDefs/SoundDefs_SWBestiary.xml
SWBestiary,SoundDef,RSW_Pawn_RancorBaby_Angry,,STRUCTURAL (no description in vanilla either),SWBestiary/Defs/SoundDefs/SoundDefs_SWBestiary.xml
SWBestiary,SoundDef,RSW_Pawn_RancorBaby_Call,,STRUCTURAL (no description in vanilla either),SWBestiary/Defs/SoundDefs/SoundDefs_SWBestiary.xml
SWBestiary,SoundDef,RSW_Pawn_RancorBaby_Death,,STRUCTURAL (no description in vanilla either),SWBestiary/Defs/SoundDefs/SoundDefs_SWBestiary.xml
SWBestiary,SoundDef,RSW_Pawn_RancorBaby_Wounded,,STRUCTURAL (no description in vanilla either),SWBestiary/Defs/SoundDefs/SoundDefs_SWBestiary.xml
SWBestiary,SoundDef,RSW_Pawn_Rancor_Angry,,STRUCTURAL (no description in vanilla either),SWBestiary/Defs/SoundDefs/SoundDefs_SWBestiary.xml
SWBestiary,SoundDef,RSW_Pawn_Rancor_Call,,STRUCTURAL (no description in vanilla either),SWBestiary/Defs/SoundDefs/SoundDefs_SWBestiary.xml
SWBestiary,SoundDef,RSW_Pawn_Rancor_Death,,STRUCTURAL (no description in vanilla either),SWBestiary/Defs/SoundDefs/SoundDefs_SWBestiary.xml
SWBestiary,SoundDef,RSW_Pawn_Rancor_Wounded,,STRUCTURAL (no description in vanilla either),SWBestiary/Defs/SoundDefs/SoundDefs_SWBestiary.xml
SWBestiary,SoundDef,RSW_Pawn_Raxshir_Angry,,STRUCTURAL (no description in vanilla either),SWBestiary/Defs/SoundDefs/SoundDefs_SWBestiary.xml
SWBestiary,SoundDef,RSW_Pawn_Raxshir_Call,,STRUCTURAL (no description in vanilla either),SWBestiary/Defs/SoundDefs/SoundDefs_SWBestiary.xml
SWBestiary,SoundDef,RSW_Pawn_Raxshir_Death,,STRUCTURAL (no description in vanilla either),SWBestiary/Defs/SoundDefs/SoundDefs_SWBestiary.xml
SWBestiary,SoundDef,RSW_Pawn_Raxshir_Wounded,,STRUCTURAL (no description in vanilla either),SWBestiary/Defs/SoundDefs/SoundDefs_SWBestiary.xml
SWBestiary,SoundDef,RSW_Pawn_ReekBaby_Angry,,STRUCTURAL (no description in vanilla either),SWBestiary/Defs/SoundDefs/SoundDefs_SWBestiary.xml
SWBestiary,SoundDef,RSW_Pawn_ReekBaby_Call,,STRUCTURAL (no description in vanilla either),SWBestiary/Defs/SoundDefs/SoundDefs_SWBestiary.xml
SWBestiary,SoundDef,RSW_Pawn_ReekBaby_Death,,STRUCTURAL (no description in vanilla either),SWBestiary/Defs/SoundDefs/SoundDefs_SWBestiary.xml
SWBestiary,SoundDef,RSW_Pawn_ReekBaby_Wounded,,STRUCTURAL (no description in vanilla either),SWBestiary/Defs/SoundDefs/SoundDefs_SWBestiary.xml
SWBestiary,SoundDef,RSW_Pawn_Reek_Angry,,STRUCTURAL (no description in vanilla either),SWBestiary/Defs/SoundDefs/SoundDefs_SWBestiary.xml
SWBestiary,SoundDef,RSW_Pawn_Reek_Call,,STRUCTURAL (no description in vanilla either),SWBestiary/Defs/SoundDefs/SoundDefs_SWBestiary.xml
SWBestiary,SoundDef,RSW_Pawn_Reek_Death,,STRUCTURAL (no description in vanilla either),SWBestiary/Defs/SoundDefs/SoundDefs_SWBestiary.xml
SWBestiary,SoundDef,RSW_Pawn_Reek_Wounded,,STRUCTURAL (no description in vanilla either),SWBestiary/Defs/SoundDefs/SoundDefs_SWBestiary.xml
SWBestiary,SoundDef,RSW_Pawn_Roggwart_Angry,,STRUCTURAL (no description in vanilla either),SWBestiary/Defs/SoundDefs/SoundDefs_SWBestiary.xml
SWBestiary,SoundDef,RSW_Pawn_Roggwart_Call,,STRUCTURAL (no description in vanilla either),SWBestiary/Defs/SoundDefs/SoundDefs_SWBestiary.xml
SWBestiary,SoundDef,RSW_Pawn_Roggwart_Death,,STRUCTURAL (no description in vanilla either),SWBestiary/Defs/SoundDefs/SoundDefs_SWBestiary.xml
SWBestiary,SoundDef,RSW_Pawn_Roggwart_Wounded,,STRUCTURAL (no description in vanilla either),SWBestiary/Defs/SoundDefs/SoundDefs_SWBestiary.xml
SWBestiary,SoundDef,RSW_Pawn_Ronto_Angry,,STRUCTURAL (no description in vanilla either),SWBestiary/Defs/SoundDefs/SoundDefs_SWBestiary.xml
SWBestiary,SoundDef,RSW_Pawn_Ronto_Call,,STRUCTURAL (no description in vanilla either),SWBestiary/Defs/SoundDefs/SoundDefs_SWBestiary.xml
SWBestiary,SoundDef,RSW_Pawn_Ronto_Death,,STRUCTURAL (no description in vanilla either),SWBestiary/Defs/SoundDefs/SoundDefs_SWBestiary.xml
SWBestiary,SoundDef,RSW_Pawn_Ronto_Wounded,,STRUCTURAL (no description in vanilla either),SWBestiary/Defs/SoundDefs/SoundDefs_SWBestiary.xml
SWBestiary,SoundDef,RSW_Pawn_Runyip_Angry,,STRUCTURAL (no description in vanilla either),SWBestiary/Defs/SoundDefs/SoundDefs_SWBestiary.xml
SWBestiary,SoundDef,RSW_Pawn_Runyip_Call,,STRUCTURAL (no description in vanilla either),SWBestiary/Defs/SoundDefs/SoundDefs_SWBestiary.xml
SWBestiary,SoundDef,RSW_Pawn_Runyip_Death,,STRUCTURAL (no description in vanilla either),SWBestiary/Defs/SoundDefs/SoundDefs_SWBestiary.xml
SWBestiary,SoundDef,RSW_Pawn_Runyip_Wounded,,STRUCTURAL (no description in vanilla either),SWBestiary/Defs/SoundDefs/SoundDefs_SWBestiary.xml
SWBestiary,SoundDef,RSW_Pawn_Rycrit_Angry,,STRUCTURAL (no description in vanilla either),SWBestiary/Defs/SoundDefs/SoundDefs_SWBestiary.xml
SWBestiary,SoundDef,RSW_Pawn_Rycrit_Call,,STRUCTURAL (no description in vanilla either),SWBestiary/Defs/SoundDefs/SoundDefs_SWBestiary.xml
SWBestiary,SoundDef,RSW_Pawn_Rycrit_Death,,STRUCTURAL (no description in vanilla either),SWBestiary/Defs/SoundDefs/SoundDefs_SWBestiary.xml
SWBestiary,SoundDef,RSW_Pawn_Rycrit_Wounded,,STRUCTURAL (no description in vanilla either),SWBestiary/Defs/SoundDefs/SoundDefs_SWBestiary.xml
SWBestiary,SoundDef,RSW_Pawn_Sarlacc_Angry,,STRUCTURAL (no description in vanilla either),SWBestiary/Defs/SoundDefs/SoundDefs_SWBestiary.xml
SWBestiary,SoundDef,RSW_Pawn_Sarlacc_Butchered,,STRUCTURAL (no description in vanilla either),SWBestiary/Defs/SoundDefs/SoundDefs_SWBestiary.xml
SWBestiary,SoundDef,RSW_Pawn_Sarlacc_Call,,STRUCTURAL (no description in vanilla either),SWBestiary/Defs/SoundDefs/SoundDefs_SWBestiary.xml
SWBestiary,SoundDef,RSW_Pawn_Sarlacc_Call_Ambient,,STRUCTURAL (no description in vanilla either),SWBestiary/Defs/SoundDefs/SoundDefs_SWBestiary.xml
SWBestiary,SoundDef,RSW_Pawn_Sarlacc_Death,,STRUCTURAL (no description in vanilla either),SWBestiary/Defs/SoundDefs/SoundDefs_SWBestiary.xml
SWBestiary,SoundDef,RSW_Pawn_Sarlacc_Eat,,STRUCTURAL (no description in vanilla either),SWBestiary/Defs/SoundDefs/SoundDefs_SWBestiary.xml
SWBestiary,SoundDef,RSW_Pawn_Sarlacc_Wounded,,STRUCTURAL (no description in vanilla either),SWBestiary/Defs/SoundDefs/SoundDefs_SWBestiary.xml
SWBestiary,SoundDef,RSW_Pawn_Scurrier_Angry,,STRUCTURAL (no description in vanilla either),SWBestiary/Defs/SoundDefs/SoundDefs_SWBestiary.xml
SWBestiary,SoundDef,RSW_Pawn_Scurrier_Call,,STRUCTURAL (no description in vanilla either),SWBestiary/Defs/SoundDefs/SoundDefs_SWBestiary.xml
SWBestiary,SoundDef,RSW_Pawn_Scurrier_Death,,STRUCTURAL (no description in vanilla either),SWBestiary/Defs/SoundDefs/SoundDefs_SWBestiary.xml
SWBestiary,SoundDef,RSW_Pawn_Scurrier_Wounded,,STRUCTURAL (no description in vanilla either),SWBestiary/Defs/SoundDefs/SoundDefs_SWBestiary.xml
SWBestiary,SoundDef,RSW_Pawn_Shaak_Angry,,STRUCTURAL (no description in vanilla either),SWBestiary/Defs/SoundDefs/SoundDefs_SWBestiary.xml
SWBestiary,SoundDef,RSW_Pawn_Shaak_Call,,STRUCTURAL (no description in vanilla either),SWBestiary/Defs/SoundDefs/SoundDefs_SWBestiary.xml
SWBestiary,SoundDef,RSW_Pawn_Shaak_Death,,STRUCTURAL (no description in vanilla either),SWBestiary/Defs/SoundDefs/SoundDefs_SWBestiary.xml
SWBestiary,SoundDef,RSW_Pawn_Shaak_Wounded,,STRUCTURAL (no description in vanilla either),SWBestiary/Defs/SoundDefs/SoundDefs_SWBestiary.xml
SWBestiary,SoundDef,RSW_Pawn_Shiro_Angry,,STRUCTURAL (no description in vanilla either),SWBestiary/Defs/SoundDefs/SoundDefs_SWBestiary.xml
SWBestiary,SoundDef,RSW_Pawn_Shiro_Call,,STRUCTURAL (no description in vanilla either),SWBestiary/Defs/SoundDefs/SoundDefs_SWBestiary.xml
SWBestiary,SoundDef,RSW_Pawn_Shiro_Death,,STRUCTURAL (no description in vanilla either),SWBestiary/Defs/SoundDefs/SoundDefs_SWBestiary.xml
SWBestiary,SoundDef,RSW_Pawn_Shiro_Wounded,,STRUCTURAL (no description in vanilla either),SWBestiary/Defs/SoundDefs/SoundDefs_SWBestiary.xml
SWBestiary,SoundDef,RSW_Pawn_Shyrack_Angry,,STRUCTURAL (no description in vanilla either),SWBestiary/Defs/SoundDefs/SoundDefs_SWBestiary.xml
SWBestiary,SoundDef,RSW_Pawn_Shyrack_Call,,STRUCTURAL (no description in vanilla either),SWBestiary/Defs/SoundDefs/SoundDefs_SWBestiary.xml
SWBestiary,SoundDef,RSW_Pawn_Shyrack_Death,,STRUCTURAL (no description in vanilla either),SWBestiary/Defs/SoundDefs/SoundDefs_SWBestiary.xml
SWBestiary,SoundDef,RSW_Pawn_Shyrack_Wounded,,STRUCTURAL (no description in vanilla either),SWBestiary/Defs/SoundDefs/SoundDefs_SWBestiary.xml
SWBestiary,SoundDef,RSW_Pawn_Silooth_Angry,,STRUCTURAL (no description in vanilla either),SWBestiary/Defs/SoundDefs/SoundDefs_SWBestiary.xml
SWBestiary,SoundDef,RSW_Pawn_Silooth_Call,,STRUCTURAL (no description in vanilla either),SWBestiary/Defs/SoundDefs/SoundDefs_SWBestiary.xml
SWBestiary,SoundDef,RSW_Pawn_Silooth_Death,,STRUCTURAL (no description in vanilla either),SWBestiary/Defs/SoundDefs/SoundDefs_SWBestiary.xml
SWBestiary,SoundDef,RSW_Pawn_Silooth_Wounded,,STRUCTURAL (no description in vanilla either),SWBestiary/Defs/SoundDefs/SoundDefs_SWBestiary.xml
SWBestiary,SoundDef,RSW_Pawn_Skalder_Angry,,STRUCTURAL (no description in vanilla either),SWBestiary/Defs/SoundDefs/SoundDefs_SWBestiary.xml
SWBestiary,SoundDef,RSW_Pawn_Skalder_Call,,STRUCTURAL (no description in vanilla either),SWBestiary/Defs/SoundDefs/SoundDefs_SWBestiary.xml
SWBestiary,SoundDef,RSW_Pawn_Skalder_Death,,STRUCTURAL (no description in vanilla either),SWBestiary/Defs/SoundDefs/SoundDefs_SWBestiary.xml
SWBestiary,SoundDef,RSW_Pawn_Skalder_Wounded,,STRUCTURAL (no description in vanilla either),SWBestiary/Defs/SoundDefs/SoundDefs_SWBestiary.xml
SWBestiary,SoundDef,RSW_Pawn_Sketto_Angry,,STRUCTURAL (no description in vanilla either),SWBestiary/Defs/SoundDefs/SoundDefs_SWBestiary.xml
SWBestiary,SoundDef,RSW_Pawn_Sketto_Call,,STRUCTURAL (no description in vanilla either),SWBestiary/Defs/SoundDefs/SoundDefs_SWBestiary.xml
SWBestiary,SoundDef,RSW_Pawn_Sketto_Death,,STRUCTURAL (no description in vanilla either),SWBestiary/Defs/SoundDefs/SoundDefs_SWBestiary.xml
SWBestiary,SoundDef,RSW_Pawn_Sketto_Wounded,,STRUCTURAL (no description in vanilla either),SWBestiary/Defs/SoundDefs/SoundDefs_SWBestiary.xml
SWBestiary,SoundDef,RSW_Pawn_Snoruuk_Angry,,STRUCTURAL (no description in vanilla either),SWBestiary/Defs/SoundDefs/SoundDefs_SWBestiary.xml
SWBestiary,SoundDef,RSW_Pawn_Snoruuk_Call,,STRUCTURAL (no description in vanilla either),SWBestiary/Defs/SoundDefs/SoundDefs_SWBestiary.xml
SWBestiary,SoundDef,RSW_Pawn_Snoruuk_Death,,STRUCTURAL (no description in vanilla either),SWBestiary/Defs/SoundDefs/SoundDefs_SWBestiary.xml
SWBestiary,SoundDef,RSW_Pawn_Snoruuk_Wounded,,STRUCTURAL (no description in vanilla either),SWBestiary/Defs/SoundDefs/SoundDefs_SWBestiary.xml
SWBestiary,SoundDef,RSW_Pawn_Strill_Angry,,STRUCTURAL (no description in vanilla either),SWBestiary/Defs/SoundDefs/SoundDefs_SWBestiary.xml
SWBestiary,SoundDef,RSW_Pawn_Strill_Call,,STRUCTURAL (no description in vanilla either),SWBestiary/Defs/SoundDefs/SoundDefs_SWBestiary.xml
SWBestiary,SoundDef,RSW_Pawn_Strill_Death,,STRUCTURAL (no description in vanilla either),SWBestiary/Defs/SoundDefs/SoundDefs_SWBestiary.xml
SWBestiary,SoundDef,RSW_Pawn_Tach_Angry,,STRUCTURAL (no description in vanilla either),SWBestiary/Defs/SoundDefs/SoundDefs_SWBestiary.xml
SWBestiary,SoundDef,RSW_Pawn_Tach_Call,,STRUCTURAL (no description in vanilla either),SWBestiary/Defs/SoundDefs/SoundDefs_SWBestiary.xml
SWBestiary,SoundDef,RSW_Pawn_Tach_Death,,STRUCTURAL (no description in vanilla either),SWBestiary/Defs/SoundDefs/SoundDefs_SWBestiary.xml
SWBestiary,SoundDef,RSW_Pawn_Tach_Wounded,,STRUCTURAL (no description in vanilla either),SWBestiary/Defs/SoundDefs/SoundDefs_SWBestiary.xml
SWBestiary,SoundDef,RSW_Pawn_Taozin_Angry,,STRUCTURAL (no description in vanilla either),SWBestiary/Defs/SoundDefs/SoundDefs_SWBestiary.xml
SWBestiary,SoundDef,RSW_Pawn_Taozin_Call,,STRUCTURAL (no description in vanilla either),SWBestiary/Defs/SoundDefs/SoundDefs_SWBestiary.xml
SWBestiary,SoundDef,RSW_Pawn_Taozin_Death,,STRUCTURAL (no description in vanilla either),SWBestiary/Defs/SoundDefs/SoundDefs_SWBestiary.xml
SWBestiary,SoundDef,RSW_Pawn_Taozin_Wounded,,STRUCTURAL (no description in vanilla either),SWBestiary/Defs/SoundDefs/SoundDefs_SWBestiary.xml
SWBestiary,SoundDef,RSW_Pawn_TauntaunBaby_Angry,,STRUCTURAL (no description in vanilla either),SWBestiary/Defs/SoundDefs/SoundDefs_SWBestiary.xml
SWBestiary,SoundDef,RSW_Pawn_TauntaunBaby_Call,,STRUCTURAL (no description in vanilla either),SWBestiary/Defs/SoundDefs/SoundDefs_SWBestiary.xml
SWBestiary,SoundDef,RSW_Pawn_TauntaunBaby_Death,,STRUCTURAL (no description in vanilla either),SWBestiary/Defs/SoundDefs/SoundDefs_SWBestiary.xml
SWBestiary,SoundDef,RSW_Pawn_TauntaunBaby_Wounded,,STRUCTURAL (no description in vanilla either),SWBestiary/Defs/SoundDefs/SoundDefs_SWBestiary.xml
SWBestiary,SoundDef,RSW_Pawn_Tauntaun_Angry,,STRUCTURAL (no description in vanilla either),SWBestiary/Defs/SoundDefs/SoundDefs_SWBestiary.xml
SWBestiary,SoundDef,RSW_Pawn_Tauntaun_Call,,STRUCTURAL (no description in vanilla either),SWBestiary/Defs/SoundDefs/SoundDefs_SWBestiary.xml
SWBestiary,SoundDef,RSW_Pawn_Tauntaun_Death,,STRUCTURAL (no description in vanilla either),SWBestiary/Defs/SoundDefs/SoundDefs_SWBestiary.xml
SWBestiary,SoundDef,RSW_Pawn_Tauntaun_Wounded,,STRUCTURAL (no description in vanilla either),SWBestiary/Defs/SoundDefs/SoundDefs_SWBestiary.xml
SWBestiary,SoundDef,RSW_Pawn_Thranta_Angry,,STRUCTURAL (no description in vanilla either),SWBestiary/Defs/SoundDefs/SoundDefs_SWBestiary.xml
SWBestiary,SoundDef,RSW_Pawn_Thranta_Call,,STRUCTURAL (no description in vanilla either),SWBestiary/Defs/SoundDefs/SoundDefs_SWBestiary.xml
SWBestiary,SoundDef,RSW_Pawn_Thranta_Death,,STRUCTURAL (no description in vanilla either),SWBestiary/Defs/SoundDefs/SoundDefs_SWBestiary.xml
SWBestiary,SoundDef,RSW_Pawn_Thranta_Wounded,,STRUCTURAL (no description in vanilla either),SWBestiary/Defs/SoundDefs/SoundDefs_SWBestiary.xml
SWBestiary,SoundDef,RSW_Pawn_Tibidee_Angry,,STRUCTURAL (no description in vanilla either),SWBestiary/Defs/SoundDefs/SoundDefs_SWBestiary.xml
SWBestiary,SoundDef,RSW_Pawn_Tibidee_Call,,STRUCTURAL (no description in vanilla either),SWBestiary/Defs/SoundDefs/SoundDefs_SWBestiary.xml
SWBestiary,SoundDef,RSW_Pawn_Tibidee_Death,,STRUCTURAL (no description in vanilla either),SWBestiary/Defs/SoundDefs/SoundDefs_SWBestiary.xml
SWBestiary,SoundDef,RSW_Pawn_Tibidee_Wounded,,STRUCTURAL (no description in vanilla either),SWBestiary/Defs/SoundDefs/SoundDefs_SWBestiary.xml
SWBestiary,SoundDef,RSW_Pawn_Tooke_Angry,,STRUCTURAL (no description in vanilla either),SWBestiary/Defs/SoundDefs/SoundDefs_SWBestiary.xml
SWBestiary,SoundDef,RSW_Pawn_Tooke_Call,,STRUCTURAL (no description in vanilla either),SWBestiary/Defs/SoundDefs/SoundDefs_SWBestiary.xml
SWBestiary,SoundDef,RSW_Pawn_Tooke_Death,,STRUCTURAL (no description in vanilla either),SWBestiary/Defs/SoundDefs/SoundDefs_SWBestiary.xml
SWBestiary,SoundDef,RSW_Pawn_Tooke_Wounded,,STRUCTURAL (no description in vanilla either),SWBestiary/Defs/SoundDefs/SoundDefs_SWBestiary.xml
SWBestiary,SoundDef,RSW_Pawn_Tukata_Angry,,STRUCTURAL (no description in vanilla either),SWBestiary/Defs/SoundDefs/SoundDefs_SWBestiary.xml
SWBestiary,SoundDef,RSW_Pawn_Tukata_Call,,STRUCTURAL (no description in vanilla either),SWBestiary/Defs/SoundDefs/SoundDefs_SWBestiary.xml
SWBestiary,SoundDef,RSW_Pawn_Tukata_Death,,STRUCTURAL (no description in vanilla either),SWBestiary/Defs/SoundDefs/SoundDefs_SWBestiary.xml
SWBestiary,SoundDef,RSW_Pawn_Tukata_Wounded,,STRUCTURAL (no description in vanilla either),SWBestiary/Defs/SoundDefs/SoundDefs_SWBestiary.xml
SWBestiary,SoundDef,RSW_Pawn_TuskCat_Angry,,STRUCTURAL (no description in vanilla either),SWBestiary/Defs/SoundDefs/SoundDefs_SWBestiary.xml
SWBestiary,SoundDef,RSW_Pawn_TuskCat_Call,,STRUCTURAL (no description in vanilla either),SWBestiary/Defs/SoundDefs/SoundDefs_SWBestiary.xml
SWBestiary,SoundDef,RSW_Pawn_TuskCat_Death,,STRUCTURAL (no description in vanilla either),SWBestiary/Defs/SoundDefs/SoundDefs_SWBestiary.xml
SWBestiary,SoundDef,RSW_Pawn_TuskCat_Wounded,,STRUCTURAL (no description in vanilla either),SWBestiary/Defs/SoundDefs/SoundDefs_SWBestiary.xml
SWBestiary,SoundDef,RSW_Pawn_Urusai_Angry,,STRUCTURAL (no description in vanilla either),SWBestiary/Defs/SoundDefs/SoundDefs_SWBestiary.xml
SWBestiary,SoundDef,RSW_Pawn_Urusai_Call,,STRUCTURAL (no description in vanilla either),SWBestiary/Defs/SoundDefs/SoundDefs_SWBestiary.xml
SWBestiary,SoundDef,RSW_Pawn_Urusai_Death,,STRUCTURAL (no description in vanilla either),SWBestiary/Defs/SoundDefs/SoundDefs_SWBestiary.xml
SWBestiary,SoundDef,RSW_Pawn_Urusai_Wounded,,STRUCTURAL (no description in vanilla either),SWBestiary/Defs/SoundDefs/SoundDefs_SWBestiary.xml
SWBestiary,SoundDef,RSW_Pawn_Uvak_Angry,,STRUCTURAL (no description in vanilla either),SWBestiary/Defs/SoundDefs/SoundDefs_SWBestiary.xml
SWBestiary,SoundDef,RSW_Pawn_Uvak_Call,,STRUCTURAL (no description in vanilla either),SWBestiary/Defs/SoundDefs/SoundDefs_SWBestiary.xml
SWBestiary,SoundDef,RSW_Pawn_Uvak_Death,,STRUCTURAL (no description in vanilla either),SWBestiary/Defs/SoundDefs/SoundDefs_SWBestiary.xml
SWBestiary,SoundDef,RSW_Pawn_Uvak_Wounded,,STRUCTURAL (no description in vanilla either),SWBestiary/Defs/SoundDefs/SoundDefs_SWBestiary.xml
SWBestiary,SoundDef,RSW_Pawn_Vapaad_Angry,,STRUCTURAL (no description in vanilla either),SWBestiary/Defs/SoundDefs/SoundDefs_SWBestiary.xml
SWBestiary,SoundDef,RSW_Pawn_Vapaad_Call,,STRUCTURAL (no description in vanilla either),SWBestiary/Defs/SoundDefs/SoundDefs_SWBestiary.xml
SWBestiary,SoundDef,RSW_Pawn_Vapaad_Death,,STRUCTURAL (no description in vanilla either),SWBestiary/Defs/SoundDefs/SoundDefs_SWBestiary.xml
SWBestiary,SoundDef,RSW_Pawn_Vapaad_Wounded,,STRUCTURAL (no description in vanilla either),SWBestiary/Defs/SoundDefs/SoundDefs_SWBestiary.xml
SWBestiary,SoundDef,RSW_Pawn_Varactyl_Angry,,STRUCTURAL (no description in vanilla either),SWBestiary/Defs/SoundDefs/SoundDefs_SWBestiary.xml
SWBestiary,SoundDef,RSW_Pawn_Varactyl_Call,,STRUCTURAL (no description in vanilla either),SWBestiary/Defs/SoundDefs/SoundDefs_SWBestiary.xml
SWBestiary,SoundDef,RSW_Pawn_Varactyl_Death,,STRUCTURAL (no description in vanilla either),SWBestiary/Defs/SoundDefs/SoundDefs_SWBestiary.xml
SWBestiary,SoundDef,RSW_Pawn_Varactyl_Wounded,,STRUCTURAL (no description in vanilla either),SWBestiary/Defs/SoundDefs/SoundDefs_SWBestiary.xml
SWBestiary,SoundDef,RSW_Pawn_Veermok_Angry,,STRUCTURAL (no description in vanilla either),SWBestiary/Defs/SoundDefs/SoundDefs_SWBestiary.xml
SWBestiary,SoundDef,RSW_Pawn_Veermok_Call,,STRUCTURAL (no description in vanilla either),SWBestiary/Defs/SoundDefs/SoundDefs_SWBestiary.xml
SWBestiary,SoundDef,RSW_Pawn_Veermok_Death,,STRUCTURAL (no description in vanilla either),SWBestiary/Defs/SoundDefs/SoundDefs_SWBestiary.xml
SWBestiary,SoundDef,RSW_Pawn_Veermok_Wounded,,STRUCTURAL (no description in vanilla either),SWBestiary/Defs/SoundDefs/SoundDefs_SWBestiary.xml
SWBestiary,SoundDef,RSW_Pawn_Voorpak_Angry,,STRUCTURAL (no description in vanilla either),SWBestiary/Defs/SoundDefs/SoundDefs_SWBestiary.xml
SWBestiary,SoundDef,RSW_Pawn_Voorpak_Call,,STRUCTURAL (no description in vanilla either),SWBestiary/Defs/SoundDefs/SoundDefs_SWBestiary.xml
SWBestiary,SoundDef,RSW_Pawn_Voorpak_Death,,STRUCTURAL (no description in vanilla either),SWBestiary/Defs/SoundDefs/SoundDefs_SWBestiary.xml
SWBestiary,SoundDef,RSW_Pawn_Voorpak_Wounded,,STRUCTURAL (no description in vanilla either),SWBestiary/Defs/SoundDefs/SoundDefs_SWBestiary.xml
SWBestiary,SoundDef,RSW_Pawn_Vornskyr_Angry,,STRUCTURAL (no description in vanilla either),SWBestiary/Defs/SoundDefs/SoundDefs_SWBestiary.xml
SWBestiary,SoundDef,RSW_Pawn_Vornskyr_Call,,STRUCTURAL (no description in vanilla either),SWBestiary/Defs/SoundDefs/SoundDefs_SWBestiary.xml
SWBestiary,SoundDef,RSW_Pawn_Vornskyr_Death,,STRUCTURAL (no description in vanilla either),SWBestiary/Defs/SoundDefs/SoundDefs_SWBestiary.xml
SWBestiary,SoundDef,RSW_Pawn_Vornskyr_Wounded,,STRUCTURAL (no description in vanilla either),SWBestiary/Defs/SoundDefs/SoundDefs_SWBestiary.xml
SWBestiary,SoundDef,RSW_Pawn_Vulptex_Angry,,STRUCTURAL (no description in vanilla either),SWBestiary/Defs/SoundDefs/SoundDefs_SWBestiary.xml
SWBestiary,SoundDef,RSW_Pawn_Vulptex_Call,,STRUCTURAL (no description in vanilla either),SWBestiary/Defs/SoundDefs/SoundDefs_SWBestiary.xml
SWBestiary,SoundDef,RSW_Pawn_Vulptex_Death,,STRUCTURAL (no description in vanilla either),SWBestiary/Defs/SoundDefs/SoundDefs_SWBestiary.xml
SWBestiary,SoundDef,RSW_Pawn_Vulptex_Wounded,,STRUCTURAL (no description in vanilla either),SWBestiary/Defs/SoundDefs/SoundDefs_SWBestiary.xml
SWBestiary,SoundDef,RSW_Pawn_Wampa_Angry,,STRUCTURAL (no description in vanilla either),SWBestiary/Defs/SoundDefs/SoundDefs_SWBestiary.xml
SWBestiary,SoundDef,RSW_Pawn_Wampa_Call,,STRUCTURAL (no description in vanilla either),SWBestiary/Defs/SoundDefs/SoundDefs_SWBestiary.xml
SWBestiary,SoundDef,RSW_Pawn_Wampa_Death,,STRUCTURAL (no description in vanilla either),SWBestiary/Defs/SoundDefs/SoundDefs_SWBestiary.xml
SWBestiary,SoundDef,RSW_Pawn_Wampa_Wounded,,STRUCTURAL (no description in vanilla either),SWBestiary/Defs/SoundDefs/SoundDefs_SWBestiary.xml
SWBestiary,SoundDef,RSW_Pawn_WarWyrm_Angry,,STRUCTURAL (no description in vanilla either),SWBestiary/Defs/SoundDefs/SoundDefs_SWBestiary.xml
SWBestiary,SoundDef,RSW_Pawn_WarWyrm_Call,,STRUCTURAL (no description in vanilla either),SWBestiary/Defs/SoundDefs/SoundDefs_SWBestiary.xml
SWBestiary,SoundDef,RSW_Pawn_WarWyrm_Death,,STRUCTURAL (no description in vanilla either),SWBestiary/Defs/SoundDefs/SoundDefs_SWBestiary.xml
SWBestiary,SoundDef,RSW_Pawn_WarWyrm_Wounded,,STRUCTURAL (no description in vanilla either),SWBestiary/Defs/SoundDefs/SoundDefs_SWBestiary.xml
SWBestiary,SoundDef,RSW_Pawn_Warbird_Angry,,STRUCTURAL (no description in vanilla either),SWBestiary/Defs/SoundDefs/SoundDefs_SWBestiary.xml
SWBestiary,SoundDef,RSW_Pawn_Warbird_Call,,STRUCTURAL (no description in vanilla either),SWBestiary/Defs/SoundDefs/SoundDefs_SWBestiary.xml
SWBestiary,SoundDef,RSW_Pawn_Warbird_Death,,STRUCTURAL (no description in vanilla either),SWBestiary/Defs/SoundDefs/SoundDefs_SWBestiary.xml
SWBestiary,SoundDef,RSW_Pawn_Warbird_Wounded,,STRUCTURAL (no description in vanilla either),SWBestiary/Defs/SoundDefs/SoundDefs_SWBestiary.xml
SWBestiary,SoundDef,RSW_Pawn_Whisperbird_Angry,,STRUCTURAL (no description in vanilla either),SWBestiary/Defs/SoundDefs/SoundDefs_SWBestiary.xml
SWBestiary,SoundDef,RSW_Pawn_Whisperbird_Call,,STRUCTURAL (no description in vanilla either),SWBestiary/Defs/SoundDefs/SoundDefs_SWBestiary.xml
SWBestiary,SoundDef,RSW_Pawn_Whisperbird_Death,,STRUCTURAL (no description in vanilla either),SWBestiary/Defs/SoundDefs/SoundDefs_SWBestiary.xml
SWBestiary,SoundDef,RSW_Pawn_Whisperbird_Wounded,,STRUCTURAL (no description in vanilla either),SWBestiary/Defs/SoundDefs/SoundDefs_SWBestiary.xml
SWBestiary,SoundDef,RSW_Pawn_WompRat_Angry,,STRUCTURAL (no description in vanilla either),SWBestiary/Defs/SoundDefs/SoundDefs_SWBestiary.xml
SWBestiary,SoundDef,RSW_Pawn_WompRat_Call,,STRUCTURAL (no description in vanilla either),SWBestiary/Defs/SoundDefs/SoundDefs_SWBestiary.xml
SWBestiary,SoundDef,RSW_Pawn_WompRat_Death,,STRUCTURAL (no description in vanilla either),SWBestiary/Defs/SoundDefs/SoundDefs_SWBestiary.xml
SWBestiary,SoundDef,RSW_Pawn_WompRat_Wounded,,STRUCTURAL (no description in vanilla either),SWBestiary/Defs/SoundDefs/SoundDefs_SWBestiary.xml
SWBestiary,SoundDef,RSW_Pawn_Woolamander_Angry,,STRUCTURAL (no description in vanilla either),SWBestiary/Defs/SoundDefs/SoundDefs_SWBestiary.xml
SWBestiary,SoundDef,RSW_Pawn_Woolamander_Call,,STRUCTURAL (no description in vanilla either),SWBestiary/Defs/SoundDefs/SoundDefs_SWBestiary.xml
SWBestiary,SoundDef,RSW_Pawn_Woolamander_Death,,STRUCTURAL (no description in vanilla either),SWBestiary/Defs/SoundDefs/SoundDefs_SWBestiary.xml
SWBestiary,SoundDef,RSW_Pawn_Woolamander_Wounded,,STRUCTURAL (no description in vanilla either),SWBestiary/Defs/SoundDefs/SoundDefs_SWBestiary.xml
SWBestiary,SoundDef,RSW_Pawn_Worrt_Angry,,STRUCTURAL (no description in vanilla either),SWBestiary/Defs/SoundDefs/SoundDefs_SWBestiary.xml
SWBestiary,SoundDef,RSW_Pawn_Worrt_Call,,STRUCTURAL (no description in vanilla either),SWBestiary/Defs/SoundDefs/SoundDefs_SWBestiary.xml
SWBestiary,SoundDef,RSW_Pawn_Worrt_Death,,STRUCTURAL (no description in vanilla either),SWBestiary/Defs/SoundDefs/SoundDefs_SWBestiary.xml
SWBestiary,SoundDef,RSW_Pawn_Worrt_Wounded,,STRUCTURAL (no description in vanilla either),SWBestiary/Defs/SoundDefs/SoundDefs_SWBestiary.xml
SWBestiary,SoundDef,RSW_Pawn_Wraid_Angry,,STRUCTURAL (no description in vanilla either),SWBestiary/Defs/SoundDefs/SoundDefs_SWBestiary.xml
SWBestiary,SoundDef,RSW_Pawn_Wraid_Call,,STRUCTURAL (no description in vanilla either),SWBestiary/Defs/SoundDefs/SoundDefs_SWBestiary.xml
SWBestiary,SoundDef,RSW_Pawn_Wraid_Death,,STRUCTURAL (no description in vanilla either),SWBestiary/Defs/SoundDefs/SoundDefs_SWBestiary.xml
SWBestiary,SoundDef,RSW_Pawn_Wraid_Wounded,,STRUCTURAL (no description in vanilla either),SWBestiary/Defs/SoundDefs/SoundDefs_SWBestiary.xml
SWBestiary,SoundDef,RSW_Pawn_Wyyyschokk_Angry,,STRUCTURAL (no description in vanilla either),SWBestiary/Defs/SoundDefs/SoundDefs_SWBestiary.xml
SWBestiary,SoundDef,RSW_Pawn_Wyyyschokk_Call,,STRUCTURAL (no description in vanilla either),SWBestiary/Defs/SoundDefs/SoundDefs_SWBestiary.xml
SWBestiary,SoundDef,RSW_Pawn_Wyyyschokk_Death,,STRUCTURAL (no description in vanilla either),SWBestiary/Defs/SoundDefs/SoundDefs_SWBestiary.xml
SWBestiary,SoundDef,RSW_Pawn_Wyyyschokk_Wounded,,STRUCTURAL (no description in vanilla either),SWBestiary/Defs/SoundDefs/SoundDefs_SWBestiary.xml
SWBestiary,SoundDef,RSW_Pawn_Yobshrimp_Angry,,STRUCTURAL (no description in vanilla either),SWBestiary/Defs/SoundDefs/SoundDefs_SWBestiary.xml
SWBestiary,SoundDef,RSW_Pawn_Yobshrimp_Call,,STRUCTURAL (no description in vanilla either),SWBestiary/Defs/SoundDefs/SoundDefs_SWBestiary.xml
SWBestiary,SoundDef,RSW_Pawn_Yobshrimp_Death,,STRUCTURAL (no description in vanilla either),SWBestiary/Defs/SoundDefs/SoundDefs_SWBestiary.xml
SWBestiary,SoundDef,RSW_Pawn_Yobshrimp_Wounded,,STRUCTURAL (no description in vanilla either),SWBestiary/Defs/SoundDefs/SoundDefs_SWBestiary.xml
SWBestiary,SoundDef,RSW_Pawn_Zeer_Angry,,STRUCTURAL (no description in vanilla either),SWBestiary/Defs/SoundDefs/SoundDefs_SWBestiary.xml
SWBestiary,SoundDef,RSW_Pawn_Zeer_Call,,STRUCTURAL (no description in vanilla either),SWBestiary/Defs/SoundDefs/SoundDefs_SWBestiary.xml
SWBestiary,SoundDef,RSW_Pawn_Zeer_Death,,STRUCTURAL (no description in vanilla either),SWBestiary/Defs/SoundDefs/SoundDefs_SWBestiary.xml
SWBestiary,SoundDef,RSW_Pawn_Zeer_Wounded,,STRUCTURAL (no description in vanilla either),SWBestiary/Defs/SoundDefs/SoundDefs_SWBestiary.xml
SWBestiary,StuffAppearanceDef,RSW_AppearanceCrystal,,STRUCTURAL (no description in vanilla either),SWBestiary/Defs/BiomesTeamPort/Support/RSW_BiomesTeamPort_Support.xml
SWBestiary,StuffCategoryDef,RSW_ChitinStuff,chitinous,STRUCTURAL (no description in vanilla either),SWBestiary/Defs/BiomesTeamPort/Support/RSW_BiomesTeamPort_Support.xml
SWBestiary,ThingDef,RSW_Filth_Acidic_Snail_Slime,acidic slime,STRUCTURAL (projectile/mote/filth - no inspect description in vanilla),SWBestiary/Defs/BiomesTeamPort/ThingDefs_Items/RSW_BiomesTeamPort_Items.xml
SWBestiary,ThingDef,RSW_Filth_Snail_Slime,slime,STRUCTURAL (projectile/mote/filth - no inspect description in vanilla),SWBestiary/Defs/BiomesTeamPort/ThingDefs_Items/RSW_BiomesTeamPort_Items.xml
SWBestiary,ThingDef,RSW_Proj_ThrumbungusShroom,thrumbungus mushroom,STRUCTURAL (projectile/mote/filth - no inspect description in vanilla),SWBestiary/Defs/BiomesTeamPort/ThingDefs_Items/RSW_BiomesTeamPort_Items.xml
SWBestiary,ThingSetMakerDef,RSW_PustuleHornetRaidLootMaker,,STRUCTURAL (no description in vanilla either),SWBestiary/Defs/BiomesTeamPort/Support/RSW_BiomesTeamPort_Support.xml
SWBestiary,ThingSetMakerDef,RSW_RareSandCatches,,STRUCTURAL (no description in vanilla either),SWBestiary/Defs/ThingSetMakerDefs/RSW_RareSandCatches.xml
SWBestiary,ThinkTreeDef,RSW_HermaphroditicAnimal,,STRUCTURAL (no description in vanilla either),SWBestiary/Defs/BiomesTeamPort/Support/RSW_BiomesTeamPort_Support.xml
SWBestiary,ThinkTreeDef,RSW_PupaeThinkTree,,STRUCTURAL (no description in vanilla either),SWBestiary/Defs/BiomesTeamPort/Support/RSW_BiomesTeamPort_Support.xml
SWBestiary,ThoughtDef,RSW_AteRawFish,,STRUCTURAL (no description in vanilla either),SWBestiary/Defs/BiomesTeamPort/Support/RSW_BiomesTeamPort_Support.xml
SWBestiary,ThoughtDef,RSW_AteRawGastropod,,STRUCTURAL (no description in vanilla either),SWBestiary/Defs/BiomesTeamPort/Support/RSW_BiomesTeamPort_Support.xml
SWBestiary,ThoughtDef,RSW_DrankBlueMilk,,STRUCTURAL (no description in vanilla either),SWBestiary/Defs/ThoughtDefs/RSW_Bantha_Thoughts.xml
SWBestiary,ThoughtDef,RSW_DrankRegalMilk,,STRUCTURAL (no description in vanilla either),SWBestiary/Defs/BiomesTeamPort/Support/RSW_BiomesTeamPort_Support.xml
SWBestiary,ThoughtDef,RSW_Jawa_IkeeWatching,,STRUCTURAL (no description in vanilla either),SWBestiary/Defs/JawaIkee/ThoughtDefs/Thought_IkeeWatching.xml
SWBestiary,ToolCapacityDef,RSW_BloodSuck,blood suck,STRUCTURAL (no description in vanilla either),SWBestiary/Defs/BiomesTeamPort/Support/RSW_BiomesTeamPort_Support.xml
