defName,label,description,mod,parent_chain,reason,thingCategories,stuffCategories,MarketValue,Mass,Armor_Sharp,Armor_Blunt,Armor_Heat,Insul_Cold,Insul_Heat,SharpDmg,BluntDmg,Flammability,stuff_statFactors,ingestible,source_kind,sources,biomes,uses_recipe,uses_cost,uses_fuel,uses_category_recipes,uses_stuff_consumers,cs_refs,other_xml_mentions,cluster,consumed,stat_twins,text_twins
RM_EtchcapCap,etchcap caps,"Dense black fungus caps with violet undersides, grown on grain chemistry in the Dark. Rich, mineral and faintly sweet; cooks prize them above any other mushroom.",RimMandrake/Abyss,PlantFoodRawBase,category+parent+produced,PlantFoodRaw,,9,0.05,,,,,,,,,,Fungus,plant,RM_Etchcap(harvest),RM_Abyss,,,,8,0,0,0,food-only,eaten,,
RM_GillAsh,gill-ash,"A pinch of pale grey-green ash, a few flecks of it still glowing faintly. It sheds from the gill-fans of a gharrek that has fed well on the gusts, and it burns hot and flameless when it is pressed and refined.",RimMandrake/Abyss,ResourceBase,category+parent+produced,ResourcesRaw,,1.6,0.03,,,,,,,,1.5,,,creature,RM_Gharrek(comp:Shearable),RM_Abyss,RM_Make_ChemfuelFromGillAsh,,,0,0,0,3,chemical reagent/salt/venom/pigment,direct,,
RM_SummBone,summ bone,"Bone from the summ brood's dead: huge, honeycombed and surprisingly light, harder than it has any right to be. It works like timber and holds like stone.",RimMandrake/Abyss,ResourceBase,stuffProps+category+parent,ResourcesRaw,Woody,3.2,0.25,0.75,0.3,0.25,4,4,0.9,1.1,0.2,Beauty=1.3;Flammability=0.3;MaxHitPoints=1.6;MeleeWeapon_CooldownMultiplier=0.95;WorkToBuild=1.3;WorkToMake=1.3,,,,,,RM_SummGreatBone,,0,1030,0,3,structural wood/bone/stone/ice/clay,direct,,
RM_SummEgg,summ egg,"A leathery egg the size of a crate, warm, faintly lit storm-violet from inside. Taken from a summ brood-mother's clutch. Kept away from her, it calls Witchfire storms and a summ comes looking. It will hatch a summing. A summing imprints only where a great bone of its kind stands aboard the ship; otherwise it hatches wild.",RimMandrake/Abyss,,category,EggsFertilized,,2400,14,,,,,,,,0.2,,,,,,,,,0,0,1,1,food-only,eaten,,
RM_Tholin,tholin dust,"A reddish-brown, faintly oily powder with a greasy sheen: what is left when the Dark's grain has eaten stone or steel. It sweeps up easily, and refines to chemfuel.",RimMandrake/Abyss,ResourceBase,category+parent,ResourcesRaw,,1.2,0.03,,,,,,,,1.2,,,,,,RM_Make_ChemfuelFromTholin,,,0,0,2,2,chemical reagent/salt/venom/pigment,direct,,
RM_BlueIce,blue ice,"A cut block of the oldest ice on the plateau, quarried clean: deep glacial blue shot through with fine white crack-veils, clear enough at the thinnest edge to see a hand through. Distilled-grade water, frozen -- and worth quarrying for exactly that, in a desert with no water anywhere else.",RimMandrake/BlueDesert,ResourceBase,category+parent+produced,ResourcesRaw,,8,3,,,,,,,,0,,,mineral,RM_BlueIceMineable(mined),RM_BlueDesert;RUT_BlueDesert,RM_MeltBlueIce,,RM_ColdSinkRack,0,0,0,12,structural wood/bone/stone/ice/clay,direct,,
RM_BlueIceMeltwaterCan,blue-ice meltwater,"A sealed can of meltwater from blue ice: water of distilled purity, with nothing in it at all. In a desert with no water anywhere else, it is worth more than it weighs.",RimMandrake/BlueDesert,ResourceBase,category+parent,ResourcesRaw,,10,2,,,,,,,,0,,,,,,,,,0,0,0,9,out of scope (not a material),ORPHAN,,
RM_CharLace,char-lace,"A silver-black lattice of pure carbon, the fused skeleton of a kethevar coil. Light, strong and beautiful, and not a hydrocarbon: it is the one thing from the Blue Desert's flora that is safe to carry somewhere warm.",RimMandrake/BlueDesert,ResourceBase,stuffProps+category+parent,ResourcesRaw,Metallic,4,0.1,,,,,,,,0.4,Beauty=1.5;MaxHitPoints=1.4;WorkToBuild=1.2;WorkToMake=1.2,,,,,,,,0,1061,0,3,"metals, alloys & synthetics",as-stuff,,
RM_ColdWax,cold wax,"A waxy hydrocarbon rendered from a Blue Desert native's fuel glands or gut-oil, or harvested straight from its fractal flora. Inert and stable in the cold; store or refine it anywhere warm and it will not stay inert for long.",RimMandrake/BlueDesert,ResourceBase,category+parent+produced,Manufactured,,,0.05,,,,,,,,2,,,creature;plant,RM_Candler(butcher);RM_Candler(comp:Milkable);RM_Chimeglobe(harvest);RM_Dorrak(butcher);RM_Dovvik(butcher);RM_Galuush(butcher);RM_Glassfern(harvest);RM_Kethevar(harvest);RM_Krissek(butcher);RM_Lisqueth(harvest);RM_Murrek(butcher);RM_Ossivel(butcher);RM_Palefloss(harvest);RM_Utikka(butcher);RM_Vashpuk(harvest);RM_Vekkit(butcher);RM_Vhaulk(butcher);RM_Virr(harvest);RM_Vrisk(butcher);RM_Zhaaz(butcher),RM_BlueDesert;RM_LanternDeeps;RUT_BlueDesert,,,,0,0,2,26,fuel/oil/wax/hydrocarbon,code,,
RM_QeshraRoe,qeshra roe,"Scarlet glassy beads cut from a qeshra cushion: animal feed for the native grazers, and useless to anything warm-blooded. Inert in the cold; store it anywhere warm and it will not stay inert for long.",RimMandrake/BlueDesert,ResourceBase,category+parent+produced,Manufactured,,,0.05,,,,,,,,2,,Plant,plant,RM_Qeshra(harvest),RM_BlueDesert,,,,0,0,0,2,food-only,eaten,,
RM_FexxilShard,fexxil glass,"A sliver of cobalt glass broken off a fexxil burr. Sharp enough to be dangerous in a pocket, and worth carrying anyway.",RimMandrake/Cauldron,ResourceBase,category+parent+produced,ResourcesRaw,,6,0.1,,,,,,,,0,,,plant,RM_Fexxil(harvest),RM_Cauldron,,,,0,0,0,1,glass/silica/optics,ORPHAN,,
RM_TsevrixPulp,tsevrix pulp,"Starchy, filling pulp from a tsevrix bladder, sulfur-yellow and sweating condensate. The bladder holds dissolved vent volatiles, so eaten raw it poisons. Roast it at a stove or campfire and the volatiles drive off.",RimMandrake/Cauldron,PlantFoodRawBase,category+parent+produced,PlantFoodRaw,,1.4,0.1,,,,,,,,,,VegetableOrFruit,plant,RM_Tsevrix(harvest),RM_Cauldron,RM_RoastTsevrix,,,8,0,0,3,food-only,direct,,
RM_TsevrixRoasted,roasted tsevrix,"Tsevrix pulp roasted until the volatiles are gone. Plain, dense and safe: the only plant food in a forest whose meat is all poison.",RimMandrake/Cauldron,PlantFoodRawBase,category+parent,PlantFoodRaw,,2.2,0.1,,,,,,,,,,VegetableOrFruit,,,,,,,8,0,0,3,food-only,eaten,,
RM_Vexxith,vexxith,"A sheared vexxith plate, still holding the curve of the animal's flank. Acid beads off it. Fire cannot warm it. The forge-hands say working it is like arguing with something that has already decided -- and everything made from it outlives the argument, the forge, and the smith.",RimMandrake/Cauldron,ResourceBase,stuffProps+category+parent+produced,ResourcesRaw,Metallic;RM_VexxithPlate,18,1,1.1,0.5,1.4,0,0,1.2,0.9,0,Flammability=0;MaxHitPoints=1.6;MeleeWeapon_CooldownMultiplier=1.1;WorkToBuild=2.2;WorkToMake=2.2,,creature,RM_Vexxiss(comp:Shearable),RM_Cauldron;RUT_Cauldron,,,,0,1062,1,5,armour hide/leather/chitin/plate,as-stuff,,
RM_ZisskaMeat,zisska meat,"Dense, dark meat off a zisska, carrying every ring of mineral the animal rasped off the forest's stone. Nobody eats it plain -- a cook works it the way you'd work a fish that could kill you, and the reputation for surviving the dish travels further than the dish itself does.",RimMandrake/Cauldron,OrganicProductBase,category+parent,MeatRaw,,9,0.02,,,,,,,,0.5,,Meat,,,,,,,7,0,0,4,food-only,eaten,,
RM_RedSap,red sap,Thick red sap harvested from a sapblister's weeping skin. Not food -- it keeps insects at bay and seals a wound.,RimMandrake/Contagion,ResourceBase,parent+produced,ItemsMisc,,1.5,0.2,,,,,,,,0.5,,,plant,RM_Sapblister(harvest),RM_Contagion,,,,0,0,0,1,adhesive/resin/lacquer/sealant,ORPHAN,,
RM_SeedFistFertilizer,seed-fist fertilizer,An armored seed-fist cut from a bloody fist before it could break off and roll to the burn line to die. Ground down it makes a rich fertilizer. Not food.,RimMandrake/Contagion,ResourceBase,parent+produced,ItemsMisc,,2,0.6,,,,,,,,0.4,,,plant,RM_BloodyFist(harvest),RM_Contagion,,,,0,0,0,1,soil/fertiliser,ORPHAN,,
RM_WombpodSac,wombpod sac,"A translucent sac cut from a wombpod, something part-made turning slowly inside. Left alone it hatches into a bloody mess, the host a genome sample can be injected into.",RimMandrake/Contagion,ResourceBase,parent+produced,ItemsMisc,,15,0.4,,,,,,,,0.5,,,plant,RM_Wombpod(harvest),RM_Contagion;RUT_Contagion,,,,0,0,0,3,trophy/relic/curio,ORPHAN,,
RM_DrainedFluids,drained fluids,"Thick, dark body fluid recovered from a drinker's sacks. Whatever it was pulled from, it has been sitting in there for a while. Sealed, it keeps; traders in the dark places know what it is.",RimMandrake/CreatureBehaviors,ResourceBase,category+parent+produced,ResourcesRaw,,6,0.05,,,,,,,,0.5,,,creature,RM_Duumma(butcher),RM_Stillsand,,,,0,0,1,8,out of scope (not a material),code,,
RM_ScaldWalkerChitin,iridesce chitin,"A curved plate torn from something that lives at the bottom of the Scald, where the boil gentles to mere heat. Cooled, it is nearly stone; warmed again, it still smells faintly of the mats it grazed. Traders pay for the novelty as much as the material.",RimMandrake/DivingInteraction,ResourceBase,category+parent+produced,ResourcesRaw,,12,0.6,,,,,,,,0,,,creature,RM_ScaldWalker(butcher),RM_SeabedFloor_TheScald;RM_TheScald;RUT_TheScald,,RM_Apparel_BoilSuit;RM_Apparel_ScaldWrap,,0,0,0,10,armour hide/leather/chitin/plate,direct,,
RM_DrommathBurstSap,burst drommath sap,"A gluttonous payout of sap, all at once, from a drommath burst rather than milked — this animal will never yield again. Worth far more than a season of the trickle it used to give.",RimMandrake/FeverWood,ResourceBase,parent+produced,Foods,,1.0,0.045,,,,,,,,0.5,,VegetableOrFruit,creature,RM_Drommath(butcher),RM_FeverWood,,,,4,0,0,4,food-only,eaten,,
RM_DrommathSap,drommath sap,"A thin trickle of sugar-sap, drawn off a swelling drommath without pushing it to burst. Renewable, for as long as the animal is left alone.",RimMandrake/FeverWood,ResourceBase,parent+produced,Foods,,1.0,0.045,,,,,,,,0.5,,VegetableOrFruit,creature,RM_Drommath(comp:GatherableCalmGated),RM_FeverWood,,,,4,0,0,6,food-only,eaten,,
RM_MurrelithPlumage,murrelith plumage,"Flat, translucent ribbon-plumes sheared from a murrelith's tail rather than plucked — they keep their colour and translucency long after the bird has grown a new set. Fetches a real price at market, which is exactly the problem: a colony living off the crown's silence is one bad trade away from a smaller warning.",RimMandrake/FeverWood,WoolBase,stuffProps+category+parent+produced,Wools,Fabric,9,,,,,10,4,,,,,,creature,RM_Murrelith(comp:Shearable),RM_FeverWood,,,,0,1029,0,0,textile/silk/wool/fibre,as-stuff,,
RM_OssagrelSap,ossagrel sap,Sugar-thick syrup wept from ossagrel canes. Distills into a rough liquor or ferments into nectar; the crown's own sap-suckers drink it straight from the plant.,RimMandrake/FeverWood,ResourceBase,category+parent+produced,PlantFoodRaw,,1.1,0.02,,,,,,,,0.6,,VegetableOrFruit,plant,RM_Ossagrel(harvest),RM_FeverWood,,,,8,0,2,3,food-only,eaten,,
RM_PottersClay,potter's clay,"Grey river clay, bound and lifted clear of the mud by a claithe's own root-plate. Workable straight from the plant.",RimMandrake/FeverWood,ResourceBase,category+parent+produced,ResourcesRaw,,0.6,0.3,,,,,,,,0,,,plant,RM_Claithe(harvest),RM_FeverWood,,,,0,0,2,2,structural wood/bone/stone/ice/clay,code,,
RM_RadioactiveSuppressant,radioactive suppressant charge,"A sealed charge of processed Uranium, machined to go unstable fast and diffuse into whatever it is dumped into. Foul a Fever Wood pool with one and whatever lives beneath it goes quiet for days — the free-tier answer to a threat the campaign world only ever meets with rarer, more dangerous salvage.",RimMandrake/FeverWood,ResourceBase,category+parent,ResourcesRaw,,18,1.2,,,,,,,,0,,,,,,,,,0,0,7,7,chemical reagent/salt/venom/pigment,code,,
RM_RawGiantLeaf,giant leaf,A giant and very impressive leaf.,RimMandrake/FeverWood,PlantFoodRawBase,category+parent+produced,PlantFoodRaw,,0.9,0.01,,,,,,,,,,VegetableOrFruit,plant,RM_GiantLeaf(harvest),RM_FeverWood,,,,8,0,0,2,food-only,eaten,,
RM_SeepOil,seep oil,"Iridescent oil gathered from around a seepril's base. Perfume, lubricant or fuel, depending on who wants it.",RimMandrake/FeverWood,ResourceBase,category+parent+produced,ResourcesRaw,,1.4,0.02,,,,,,,,1.0,,,plant,RM_Seepril(harvest),RM_FeverWood,,,,0,0,2,4,fuel/oil/wax/hydrocarbon,code,,
RM_SekkulaathCream,sekkulaath cream,"A pale, rich, faintly sweet secretion harvested from a fed captive sekkulaath, thick enough to fill pastry. It spoils quickly, same as any dairy off any animal.",RimMandrake/FeverWood,ResourceBase,category+parent,ResourcesRaw,,10,0.15,,,,,,,,0.2,,,,,,,,,0,0,0,7,food-only,ORPHAN,,
RM_SekkulaathSpleenChemicals,sekkulaath spleen chemicals,"A vial of thick, faintly luminous fluid drained from a captive sekkulaath's spleen. Brewed, it makes a narcotic tea that stains everything it touches purple.",RimMandrake/FeverWood,ResourceBase,category+parent,ResourcesRaw,,22,0.1,,,,,,,,0.3,,,,,,,,,0,0,0,7,drug/medicine base,ORPHAN,,
RM_SeveredTentacleFlesh,severed tentacle flesh,"A length of thick, rubbery flesh, still faintly warm, cut from a limb of whatever vast thing lives beneath the Fever Wood's pools. It grows back — eventually, on the animal, not in the pack. Traders who know the biome pay well for it; it renders into a rich meat and a strange, purple-tinged tea.",RimMandrake/FeverWood,ResourceBase,category+parent,ResourcesRaw,,14,0.4,,,,,,,,0.7,,,,,,,,,0,0,1,17,food-only,code,,
RM_ThornbugNectar,thornbug nectar,"Sweet, thick nectar wept by a calm thornbug — the dairy the arboreal cantons run on. A frightened herd dries up for days; every raid on the guild costs nectar before it costs blood.",RimMandrake/FeverWood,ResourceBase,parent+produced,Foods,,2.4,0.045,,,,,,,,0.5,,VegetableOrFruit,creature,RM_Thornbug(comp:GatherableCalmGated),RM_FeverWood,,,,4,0,0,6,food-only,eaten,,
RM_VaulmLacquer,vaulm lacquer,"Amber-hard resin, cracked from a sealed vaulm's own shell. It sets glass-smooth and takes a fine finish — a real crafting material, and the reason anyone bothers a defended sap-sucker at all.",RimMandrake/FeverWood,ResourceBase,category+parent+produced,ResourcesRaw,,4.5,0.4,,,,,,,,0.4,,,creature,RM_Vaulm(leather),RM_FeverWood,,,,0,0,0,4,adhesive/resin/lacquer/sealant,ORPHAN,,
RM_FossilDeepStratum,deep-stratum fossil,"A heavy dark slab from the oldest layers the canyon walls expose — strata so old they read almost black, holding the edge of something immense: massive plated bone, mineral-dark, still curled the way it fell asleep. Whatever it is, it was already ancient when the flood started cutting this ground. Quest-grade; museum-grade; the kind of find a Farmer keeps quiet about until they've decided who dese",RimMandrake/FloodedCanyon,ResourceBase,category+parent+produced,ResourcesRaw,,650,9,,,,,,,,0,,,mineral,RM_FossilSeam_Unique(mined),RM_FloodedCanyon;RUT_CrackedLands,,,,0,0,0,5,trophy/relic/curio,ORPHAN,,
RM_FossilImpression,fossil impression,"A hand-sized slab of canyon-wall stone, split to show the pressed print of something that lived and died here in a wetter age — a fern-mat, a shell-bed, a trackway crossing the face. Common enough that every wall near the water line has a few, and worth a modest sum to anyone off-world who has never seen a sky this dry.",RimMandrake/FloodedCanyon,ResourceBase,category+parent+produced,ResourcesRaw,,18,1.2,,,,,,,,0,,,mineral,RM_FossilSeam_Impression(mined),RM_FloodedCanyon;RUT_CrackedLands,,,,0,0,0,4,trophy/relic/curio,ORPHAN,,
RM_FossilSkeleton,articulated fossil skeleton,"A whole small animal, curled in death and caught whole in the stone — every joint still in place after however many thousand floods. Rare enough that a Farmer who finds one tells the story for years, and serious money to anyone building a collection.",RimMandrake/FloodedCanyon,ResourceBase,category+parent+produced,ResourcesRaw,,140,4,,,,,,,,0,,,mineral,RM_FossilSeam_Skeleton(mined),RM_FloodedCanyon;RUT_CrackedLands,,,,0,0,0,5,trophy/relic/curio,ORPHAN,,
RM_NabbuqBladder,nabbuq bladder,"A water-heavy indigo bladder, sweet and crisp. Eaten raw it is a perfectly good vegetable.",RimMandrake/FloodedCanyon,PlantFoodRawBase,category+parent+produced,PlantFoodRaw,,1.3,0.1,,,,,,,,,,VegetableOrFruit,plant,RM_Nabbuq(harvest),RM_FloodedCanyon,,,,8,0,0,0,food-only,eaten,,
RM_RuqqalFibre,ruqqal cloth,A coarse coral-coloured cloth spun from ruqqal stalks. Rough on the skin and warm for its weight.,RimMandrake/FloodedCanyon,ResourceBase,stuffProps+category+parent+produced,Textiles,Fabric,2.4,0.03,0.40,0.10,0.20,14,10,,,1.1,Beauty=0.9;MaxHitPoints=0.7,,plant,RM_Ruqqal(harvest),RM_FloodedCanyon,,,,1,1029,0,1,textile/silk/wool/fibre,as-stuff,,
RM_ZennaqFilament,zennaq filament,A bundle of springy verdigris-copper wires pulled from a zennaq. They conduct well enough to bind a coil and are brittle enough to snap at the second bend.,RimMandrake/FloodedCanyon,ResourceBase,category+parent+produced,ResourcesRaw,,1.1,0.02,,,,,,,,0.2,,,plant,RM_Zennaq(harvest),RM_FloodedCanyon,,,,0,0,0,1,"metals, alloys & synthetics",ORPHAN,,
RM_RawSlime,raw slime,"A double handful of the living body, lifted out and still moving. It tastes of warm rainwater and old pennies and it is, technically, food.\n\nIt is also the best medicine anyone has ever found. Whatever is poisoning you — venom, tox buildup, a bad mushroom, industrial runoff — it finds and eats, thoroughly and at once. And then it starts on the rest of you, which is the same appetite and cannot b",RimMandrake/GelatinousSlime,OrganicProductBase,parent+produced,Foods,,1.4,0.03,,,,,,,,0.2,,AnimalProduct,plant,RM_Plant_Bellows(harvest),RM_GelatinousSlime,RM_Make_SlimeBlock;RM_Make_SlimeMeal,RM_GeneSeeker;RM_SlimeAntidote,,4,0,1,13,chemical reagent/salt/venom/pigment,direct,,
RM_SlimeAntidote,slime antidote,"A squat glass ampoule of something deliberately awful: a purgative brewed from the slime itself and cut with enough neutroamine to make it lethal to slime and merely terrible for people. Administered into a converting patient, it kills what is reading them inside a few minutes, at the cost of a day or two of genuine poisoning.\n\nIt cannot help someone already returned to the flow. Before that, at",RimMandrake/GelatinousSlime,ResourceBase,category+parent,Drugs,,62,0.1,,,,,,,,0.4,,,,,,,,,0,0,2,2,drug/medicine base,code,,
RM_SlimeBlock,slime block,"Slime driven through a press until the water is gone and what is left has nowhere to go but hard. It sets pale and slightly translucent, takes a wall load without complaint, and never entirely stops smelling like the place it came from. On a body with no bedrock it is the only stone there is.",RimMandrake/GelatinousSlime,ResourceBase,stuffProps+category+parent,StoneBlocks,Stony,0.6,0.5,0.55,0.35,,2,2,,,0.1,Beauty=0.9;Flammability=0.1;MaxHitPoints=0.85;WorkToBuild=0.7,,,,,,,,0,1029,0,3,structural wood/bone/stone/ice/clay,as-stuff,,
RM_BrakkelFruit,brakkel fruit,"Fruit pulled from the dark underside of a brakkel thicket, where it clusters out of sight of anything passing overhead. The Greentide's own foraged staple — richer than a stock berry, and the whole reason nobody in this biome forages for berries any more.",RimMandrake/Greentide,PlantFoodRawBase,category+parent+produced,PlantFoodRaw,,1.6,0.03,,,,,,,,1,,VegetableOrFruit,plant,RM_Brakkel(harvest),RM_Greentide,,,,8,0,0,7,food-only,eaten,,
RM_Dubbol,dubbol,"The riverbed is carpeted in filth and sprouts, and this is what eats the filth. A thick, warty, arm-long sweeper of the river floor, moving through the settled muck below the causeways at the pace of a thing that has never been chased. Where the dubbol are thick the water runs clean enough to drink, nearly. Leathery, and it keeps.",RimMandrake/Greentide,FishBase,category+parent,Fish,,5,0.5,,,,,,,,,,,,,RM_Greentide,,,,2,0,0,4,food-only,eaten,,
RM_FrenzyDose,frenzy dose,"A single measured dose of refined gorbeleth toxin. Taken, it drives the body into a rising, feverish burst of work — and, eventually, a collapse. Untreated, the collapse kills. Tended during the coma, the colonist keeps whatever the burst bought them and lives.",RimMandrake/Greentide,MakeableDrugBase,parent,,,32,0.05,,,,,,,,1,,"Processed, Fluid/drug:Hard",,,,,,,0,0,3,3,drug/medicine base,eaten,,
RM_GorbelethToxin,gorbeleth toxin,"A vial of thick, faintly luminous toxin milked from a gorbeleth's throat sac. Raw, it is only a hazard. Refined, it is the Frenzy's dose.",RimMandrake/Greentide,RoughPlantBase,category+produced,PlantMatter,,2.4,0.03,,,,,,,,0.3,,,plant,RM_Gorbeleth(harvest),RM_Greentide,,RM_FrenzyDose,,0,0,0,8,chemical reagent/salt/venom/pigment,direct,,
RM_GreatboleFruit,greatbole fruit,"A single fruit from a greatbole, the size of a person's torso and the deep purple of a healing bruise. It rots quickly once fallen and cannot be carried alongside anything else — one is already an armful.",RimMandrake/Greentide,ResourceBase,category+parent+produced,PlantFoodRaw,,14,40,,,,,,,,0.6,,,building,RM_GreatboleCore(RM_comp:GreatboleHarvestLadder),RM_Greentide;RUT_Greentide,RM_ButcherGreatboleFruit,,,8,0,1,10,food-only,direct,,
RM_GreatboleGrubSpines,grub spines,"Stiff, barbed spines stripped from a greatbole grub's arched back. Sharp enough to be dangerous loose in a pocket, and worth enough that people carry them anyway.",RimMandrake/Greentide,ResourceBase,category+parent+produced,ResourcesRaw;Leathers,,16,0.15,,,,,,,,0.6,,,creature,RM_GreatboleGrub(leather),,,,,0,0,0,0,trophy/relic/curio,ORPHAN,,
RM_GreatboleHardwood,heartwood,"A dense, dark-grained timber cut from the living heart of a felled greatbole. It never fully stops growing, even off the tree — a plank of it will slowly warp true again if left alone. Worth real money, for exactly that reason.",RimMandrake/Greentide,ResourceBase,category+parent+produced,ResourcesRaw,,7.5,1.2,,,,,,,,0.9,,,building;mineral,RM_GreatboleCore(RM_comp:GreatboleHarvestLadder);RM_GreatboleHeartwood(mined);RM_GreatboleTrunkSegment(mined),RM_Greentide;RUT_Greentide,,,,0,0,0,8,structural wood/bone/stone/ice/clay,ORPHAN,,
RM_GreatboleSeed,greatbole seed,"A single seed from a greatbole fruit. Planted beside open water it grows with startling speed into a young greatbole — and, in centuries no living thing will see out, into an ancient one again. To the Wildsteam Clan, planting one is a sacrament.",RimMandrake/Greentide,ResourceBase,category+parent,ResourcesRaw,,60,0.05,,,,,,,,0.4,,,,,,,,,0,0,1,5,trophy/relic/curio,code,,
RM_Karrun,karrun,"A flat, wide, root-brown crab-thing that lives in the churnmud between the roots, walking on the same swallowed things the mud hides -- and it finds them. A dropped tool, a lost boot, a coin: the karrun carries it about for a while for reasons of its own. Line-fishers along the causeways pull them up holding things. The claws are the eating; the rest is mud.",RimMandrake/Greentide,FishBase,category+parent,Fish,,7,0.6,,,,,,,,,,,,,RM_Greentide,,,,2,0,0,4,food-only,eaten,,
RM_Lozh,lozh,"Lives inside the drowned root causeways, in the channels the roots leave when they rot from within -- an eel the colour of wet bark, thick as a wrist, that hunts along the root-roads at night and ambushes from the same holes travelers step over by day. It is why nobody sleeps with a hand in the water.",RimMandrake/Greentide,FishBase,category+parent,Fish,,,,,,,,,,,,,,,,RM_Greentide,,,,2,0,0,5,food-only,eaten,,
RM_LungerFry,lunger fry,"Something young and outsized for its age, no longer than your arm -- which means whatever it grows into is still under this bank. Eat it now, before it eats you next year. Netted rarer than anything else the river gives up, and the one catch every crew brags about.",RimMandrake/Greentide,FishBase,category+parent,Fish,,12,,,,,,,,,,,,,,,,,,2,0,0,4,food-only,eaten,,
RM_RoyalRind,Royal Rind,"Cured hide off the inside of a greatbole fruit's rind — dense, faintly warm to the touch, and prized across the whole planet. One of Ash'karr's most valuable materials, and the only local protection against the Contagion, the Scald and the Miasma that does not need an expansion to work.",RimMandrake/Greentide,ResourceBase,category+parent,ResourcesRaw,,28,0.4,,,,,,,,0.3,,,,,,,RM_Apparel_RindCoat,,0,0,0,9,armour hide/leather/chitin/plate,direct,,
RM_Saava,saava,"A wide, thin, freshwater bell that rides the standing fog over the river, half in the water and half in the air, trailing stinging threads a body-length down. Under the fog you cannot see them; you feel them. Not lethal. Memorable.",RimMandrake/Greentide,FishBase,category+parent,Fish,,4,0.3,,,,,,,,,,,,,RM_Greentide,,,,2,0,0,4,food-only,eaten,,
RM_SapResin,sap resin,"Thick, amber resin rendered out of green timber over slow heat. Sticky, mildly flammable, and the raw feedstock for anything that needs to be sealed against standing water or hungry ground.",RimMandrake/Greentide,ResourceBase,category+parent,ResourcesRaw,,1.1,0.2,,,,,,,,0.6,,,,,,,RM_StellockLace;RM_ToxinSealant,,0,0,0,10,adhesive/resin/lacquer/sealant,direct,,
RM_SarquinSap,sarquin sap,"Clear sweet sap drained from a sarquin's drip-tentacles. Sugar-rich and mildly intoxicating raw — and the reason sarquin groves are never quiet, so a Jawa tapping one works fast.",RimMandrake/Greentide,PlantFoodRawBase,category+parent+produced,PlantFoodRaw,,2.2,0.02,,,,,,,,1,,VegetableOrFruit,plant,RM_Sarquin(harvest),RM_Greentide,,,,8,0,0,1,food-only,eaten,,
RM_ScaaLumsigh,scaa lumsigh,"A deep-bodied river fish scaled in green and old gold, with a single seam of cold blue light running nose to tail. It hangs in the slow water under the root causeways and flashes that seam when startled, so a disturbed shoal lights the whole channel for a heartbeat and goes dark. Firm, sweet flesh; the glow fades within an hour of the catch.",RimMandrake/Greentide,FishBase,category+parent,Fish,,,,,,,,,,,,,,,,RM_Greentide,,,,2,0,0,5,food-only,eaten,,
RM_StellockBranch,stellock branch,"A severed jungle branch whose cut end has drawn itself closed under a glossy amber film. Inside, the pale wood shows its vessels pinched shut in a neat ring, as if the tree had sealed the wound before the branch finished falling.\n\nA doctor or researcher can study it. It rots like any green cutting, in days, so it must be studied in the jungle or carried home quickly.",RimMandrake/Greentide,ResourceBase,category+parent,ResourcesRaw,,12,1.2,,,,,,,,0.8,,,,,,,,,0,0,0,3,adhesive/resin/lacquer/sealant,ORPHAN,,
RM_StellockLace,stellock lace,"A sealed cartridge of stellock film: a fine amber-green lace that, laid over a bleeding person, draws closed across every wound and stump at once and pinches the vessels shut.\n\nIt stops all bleeding for half a day (the length is a mod setting). It does not tend anything: wounds stay untended, still risk infection, and bleed again when the lace lets go. Used once and gone.",RimMandrake/Greentide,ResourceBase,category+parent,Drugs,,220,0.1,,,,,,,,0.6,,,,,,RM_AdministerStellockLace,,,0,0,4,5,drug/medicine base,direct,,
RM_StenchSporeExtract,stench spore extract,"A reeking green paste rendered out of crushed jungle spore-bladders, harvested straight from a phorrik thicket. Useless as food, and the whole point — nothing wants to be near it.",RimMandrake/Greentide,ResourceBase,category+parent+produced,PlantMatter,,1.4,0.2,,,,,,,,0.3,,,plant,RM_Phorrik(harvest),RM_Greentide,,RM_Grenade_StenchSmoke,,0,0,0,6,chemical reagent/salt/venom/pigment,direct,,
RM_ToxinSealant,toxin sealant,"Sap resin cut and cooked with a caustic reagent until it sets into a paste no root, mire or living tissue can push through. Painted over hungry ground it is the difference between a floor and a swallowed floor.",RimMandrake/Greentide,ResourceBase,category+parent,ResourcesRaw,,2.4,0.25,,,,,,,,0.2,,,,,,,RM_ChurnmudSealed;RM_ToxinSealedFloor,,0,0,0,13,adhesive/resin/lacquer/sealant,direct,,
RM_TumbelGourd,tumbel gourd,"A leathery hollow vessel cut down whole from a tumbel runner. Edible on its own, and worth more to the Jawa as a container than as a meal — the shell keeps its shape long after the plant is gone.",RimMandrake/Greentide,PlantFoodRawBase,category+parent+produced,PlantFoodRaw,,1.3,0.35,,,,,,,,0.6,,VegetableOrFruit,plant,RM_Tumbel(harvest),RM_Greentide,,,,8,0,0,1,food-only,eaten,,
RM_Tuun,tuun,"A small, quick, bark-mottled octopus that climbs the root causeways out of the water to reach the fruit-fall, and has been seen on the lower boughs. It steals -- lines, bait, small bright things, a fisher's whole catch left on the bank. Rare on the hook because it is usually the one holding the hook. Good eating, if you can find it.",RimMandrake/Greentide,FishBase,category+parent,Fish,,8,0.5,,,,,,,,,,,,,RM_Greentide,,,,2,0,0,4,food-only,eaten,,
RM_Uvva,uvva,"A bladder-bodied grazer that hangs under the surface with its mouth open, waiting for the fruit-fall. When the canopy drops its crop the uvva rise in a crowd and gorge -- a fed uvva bloats, spins slowly, and passes seed downstream before it starts again. The river's seed-carrier. Sweet, faintly fizzy, and it does the same to you.",RimMandrake/Greentide,FishBase,category+parent,Fish,,3,0.2,,,,,,,,,,,,,RM_Greentide,,,,2,0,0,4,food-only,eaten,,
RM_Vashuu,vashuu,"A round, palm-sized river fish the grey-blue of rain on slate, with a dotted line of pale lights along each flank. Vashuu school in the shallows by the hundred and blink their lights together when anything crosses the water above them, so a wading hunter walks through a ripple of blue that runs ahead of every step. Common, mild, and easy to net when the lights give them away.",RimMandrake/Greentide,FishBase,category+parent,Fish,,,,,,,,,,,,,,,,RM_Greentide,,,,2,0,0,5,food-only,eaten,,
RM_WollickTuber,wollick tuber,"A deep starchy tuber dug from beneath a wollick rosette, the churnmud around it slumping as it comes free. Bulk carbohydrate — the Greentide's honest answer to a hungry colony, no catch attached.",RimMandrake/Greentide,PlantFoodRawBase,category+parent+produced,PlantFoodRaw,,1.0,0.3,,,,,,,,0.5,,VegetableOrFruit,plant,RM_Wollick(harvest),RM_Greentide,,,,8,0,0,1,food-only,eaten,,
RM_YearningFruitHarvested,yearning fruit,"Picked off the bush before it could give itself away to something else. Just as sweet, just as loaded with digestive accelerant as the one still hanging — eating it is still free calories with the same tax: fast digestion, a quick return of hunger, and a body that will want to sit down for a minute afterward.",RimMandrake/Greentide,PlantFoodRawBase,category+parent+produced,PlantFoodRaw,,1.6,0.05,,,,,,,,,,VegetableOrFruit,plant,RM_YearningFruit(harvest),RM_Greentide,,,,8,0,0,1,food-only,eaten,,
RM_Zeev,zeev,"A hand-long river squid, green-gold, that lives in the fast clean reaches and moves the way the river does -- one hard pulse and gone. Shoals of them ride the current down through the root causeways and pulse back up at night. Fast to catch, faster to spoil. Its ink is nothing special. Its cousin's is.",RimMandrake/Greentide,FishBase,category+parent,Fish,,6,0.4,,,,,,,,,,,,,RM_Greentide,,,,2,0,0,5,food-only,eaten,,
RM_Shell_Thump,thump shell,"An ancient mortar shell with a blunt, padded nose. It barely wounds, but its wide concussion throws everything near the impact - people, animals, loose items - several cells outward. Can be fired from mortars. Explodes when damaged.",RimMandrake/KineticArms,ShellBase,parent,,,45,,,,,,,,,,,,,,,,,,0,0,1,2,out of scope (not a material),code,,
RM_ChunkLanternstone,lanternstone chunk,A chunk of lanternstone. Can be cut into usable crystal at a stonecutter's table.,RimMandrake/LanternDeeps,ChunkRockBase,category+parent+produced,StoneChunks,,,20,,,,,,,,,,,mineral,RM_LanternstoneWall(mined),RM_LanternDeeps,,,,2,0,0,0,gem/crystal/light-stone,category-recipe,,
RM_CrystalChitin,crystal carapace,A crystallized carapace that is commonly found on arthropods in crystal-heavy caverns.,RimMandrake/LanternDeeps,RM_BiomesCore_ChitinBase>LeatherBase,stuffProps+category+parent+produced,Leathers,RM_DeepChitinStuff;Leathery,7.5,0.03,1.25,0.9,1.5,18,8,,,1,Beauty=4;MaxHitPoints=1.4,,creature,RM_FacetMothLarvae(leather);RM_Gembug(leather),RM_LanternDeeps,,,,0,1053,0,0,armour hide/leather/chitin/plate,as-stuff,RSW_CrystalChitin,RSW_CrystalChitin
RM_EggBloodropMothFertilized,bloodrop moth egg (fert.),"A fertilized bloodrop moth egg. If all goes well, it should hatch into a bloodrop larva. It can be eaten raw, but it's much better cooked.",RimMandrake/LanternDeeps,EggFertBase,category+parent+produced,EggsFertilized,,40,,,,,,,,,,,,creature,RM_BloodropMoth(comp:EggLayer),RM_LanternDeeps,,,,0,0,0,0,food-only,eaten,,
RM_EggBloodropMothUnfertilized,bloodrop moth egg (unfert.),"An unfertilized bloodrop moth egg. It can be eaten raw, but it's much, much better cooked.",RimMandrake/LanternDeeps,EggUnfertBase,category+parent+produced,EggsUnfertilized,,20.0,,,,,,,,,,,,creature,RM_BloodropMoth(comp:EggLayer),RM_LanternDeeps,,,,0,0,0,0,food-only,eaten,,
RM_EggGembugFertilized,gembug egg (fert.),"A gembug egg. If all goes well, it should hatch into a baby gembug. It can be eaten raw, but it's much better cooked.",RimMandrake/LanternDeeps,EggFertBase,category+parent+produced,EggsFertilized,,10.0,,,,,,,,,,,,creature,RM_Gembug(comp:EggLayer),RM_LanternDeeps,,,,0,0,0,0,food-only,eaten,,
RM_EggGembugUnfertilized,gembug egg (unfert.),"An unfertilized gembug egg. It can be eaten raw, but it's much, much better cooked.",RimMandrake/LanternDeeps,EggUnfertBase,category+parent+produced,EggsUnfertilized,,5.0,,,,,,,,,,,,creature,RM_Gembug(comp:EggLayer),RM_LanternDeeps,,,,0,0,0,0,food-only,eaten,,
RM_EggMegapleuraFertilized,megapleura egg (fert.),"A fertilized megapleura egg. If all goes well, it should hatch into a baby megapleura. It can be eaten raw, but it's much better cooked.",RimMandrake/LanternDeeps,EggFertBase,category+parent+produced,EggsFertilized,,40,,,,,,,,,,,,creature,RM_Megapleura(comp:EggLayer),,,,,0,0,0,0,food-only,eaten,,
RM_EggMegapleuraUnfertilized,megapleura egg (unfert.),"An unfertilized megapleura egg. It can be eaten raw, but it's much, much better cooked.",RimMandrake/LanternDeeps,EggUnfertBase,category+parent+produced,EggsUnfertilized,,20.0,,,,,,,,,,,,creature,RM_Megapleura(comp:EggLayer),,,,,0,0,0,0,food-only,eaten,,
RM_Filth_CleaverShards,cleaver shards,Sharp blue crystal fragments shed by a Cleaver as it fractures its way across the floor.,RimMandrake/LanternDeeps,BaseFilth,produced,,,,,,,,,,,,,,,creature,RM_Cleaver(RM_comp:Cleave),RM_LanternDeeps,,,,0,0,0,1,glass/silica/optics,ORPHAN,,
RM_GrayChitin,gray shell,"A strong, gray, chitinous shell.",RimMandrake/LanternDeeps,RM_BiomesCore_ChitinBase>LeatherBase,stuffProps+category+parent+produced,Leathers,RM_DeepChitinStuff;Leathery,2.5,0.03,0.54,0.6,1.5,12,12,,,1,MaxHitPoints=0.8,,creature,RM_BloodropMoth(leather),RM_LanternDeeps,,,,0,1053,0,0,armour hide/leather/chitin/plate,as-stuff,RSW_GrayChitin,
RM_Lanternstone,lanternstone,"Blue native crystal cut out of the Lantern Deeps. It carries light: a block of it glows faintly and never stops. Structurally it behaves like a soft, brittle stone, and it is worth rather more than one.",RimMandrake/LanternDeeps,StoneBlocksBase,stuffProps+category+parent+produced,ResourcesRaw,Stony,1,1,,,,,,1.0,0.6,,Beauty=1.25;DoorOpenSpeed=0.5;Flammability=0;MarketValue=0.6;MaxHitPoints=1.8;MeleeWeapon_CooldownMultiplier=1.20;WorkToBuild=6.5;WorkToMake=1.4,,creature;item;mineral;plant,RM_ChunkLanternstone(butcher);RM_Cleaver(butcher);RM_CreepCrust(mined);RM_Lantern(harvest);RM_Lanternstone_Sowable(harvest);RM_OrunGhal(butcher),RM_LanternDeeps,,RM_BuiltLanternstoneWall;RM_BuiltSmoothedLanternstoneWall;RM_LanternstoneFloorConstructed;RM_Lanternstone_Huge;RM_Lanternstone_Large;RM_Lanternstone_Medium;RM_Lanternstone_Small,,0,1029,1,24,gem/crystal/light-stone,direct,,
RM_MediumChitin,tough chitin,Chitin of a giant insect. It's quite durable.,RimMandrake/LanternDeeps,RM_BiomesCore_ChitinBase>LeatherBase,stuffProps+category+parent+produced,Leathers,RM_DeepChitinStuff;Leathery,5.0,0.03,1.1,0.8,1.5,15,15,,,1,Beauty=3;MaxHitPoints=1.2,,creature,RM_Megapleura(leather),,,,,0,1053,0,0,armour hide/leather/chitin/plate,as-stuff,RSW_MediumChitin;RM_RotMediumChitin,
RM_PufferTendrils,puffer tendrils,"Cut tentacles of the twitching puffer. They keep twitching for hours after harvest — pressure, not life — and are good to eat, even raw, if you can watch them.",RimMandrake/LanternDeeps,PlantFoodRawBase,category+parent+produced,PlantFoodRaw,,1.2,0.027,,,,,,,,,,Fungus,plant,RM_TwitchingPuffer(harvest),RM_LanternDeeps,,,,8,0,0,3,food-only,eaten,,
RM_WeakChitin,brittle chitin,Chitin of a giant insect. It is one of the weakest types of chitin.,RimMandrake/LanternDeeps,RM_BiomesCore_ChitinBase>LeatherBase,stuffProps+category+parent+produced,Leathers,RM_DeepChitinStuff;Leathery,1.0,0.03,0.4,0.4,1.5,10,10,,,1,Beauty=1;MaxHitPoints=1.0,,creature,RM_MossBeetleLarvae(leather),,,,,0,1053,0,0,armour hide/leather/chitin/plate,as-stuff,RSW_WeakChitin;RM_RotWeakChitin,RSW_WeakChitin;RM_RotWeakChitin
RM_DeadVenomvine,dead venomvine,"Cane from a venomvine stand smothered until it died - wood that spent its life refusing to burn and, dry at last, burns long and hot. The finest fuel on the plain, and years in the making.",RimMandrake/LeaningScrub,ResourceBase,category+parent,ResourcesRaw,,3.5,0.3,,,,,,,,1,,,,,,,,,0,0,4,3,structural wood/bone/stone/ice/clay,code,,
RM_FuzzFiber,fuzz fiber,"Fine silver-green fronds combed from the fuzz and twisted into loose hanks. Too short and slick to spin into good cloth on its own, but felted with something coarser it makes a dense, light-proof weave.",RimMandrake/LeaningScrub,ResourceBase,category+parent+produced,ResourcesRaw,,0.6,0.02,,,,,,,,1,,,plant,RM_Fuzz(harvest),RM_LeaningScrub,RM_Make_SmotherBlanket,,,0,0,0,3,textile/silk/wool/fibre,direct,,
RM_LureFruit,lure fruit,"A pale, soft fruit as sweet as sugar, grown on a lure venomvine. Anything that eats fruit will cross a field for it. It rots in three days.",RimMandrake/LeaningScrub,PlantFoodRawBase,category+parent,PlantFoodRaw,,2,0.02,,,,,,,,,,VegetableOrFruit,,,,,,,8,0,0,2,food-only,eaten,,
RM_RawVenom,raw venom,Amber venom scraped in thick beads from the canes of an overproducing venomvine stand. Unrefined and dangerous to handle bare-handed; whatever is made from it starts here.,RimMandrake/LeaningScrub,ResourceBase,category+parent+produced,ResourcesRaw,,6,0.1,,,,,,,,0.2,,,plant,RM_DrippingVenomvine(harvest),RM_LeaningScrub,RM_Make_SwornSapMark,,,0,0,0,9,chemical reagent/salt/venom/pigment,direct,,
RM_SweetlineToken,pilgrim's token,"A knot of braided silver-grey wool with a bead or a pebble tied in, left at the foot of a sweetline tree by someone walking the tree-roads. It means nothing to the tree. It means a good deal to whoever left it, and a little to whoever finds it.",RimMandrake/LeaningScrub,ResourceBase,parent,,,3,0.02,,,,,,,,1.0,,,,,,,,,0,0,0,2,trophy/relic/curio,ORPHAN,,
RM_SweetlineWool,sweetline felt,"The coats of every woolly beast that scratches against a sweetline tree, matted and cured in the bark's resin into a dense, soft, silver-grey felt. Warmer than fleece and softer against the skin than anything sheared. A grown tree lets a little go on its own; the rest comes out only when someone strips the bark, under the bark-wardens.",RimMandrake/LeaningScrub,WoolBase,stuffProps+category+parent+produced,Wools,Fabric,5.5,,0.42,,1.3,36,14,,,,,,plant,RM_SweetlineTree(harvest),RM_LeaningScrub;RUT_AridShrubland,RM_Make_SmotherBlanket,,,0,1029,2,6,textile/silk/wool/fibre,direct,RUT_SweetlineWool,
RM_VisslerArm,vissler arm,"The shed arm of a vissler: a curled, jointed whip of lichen-grey plates, the ember glow at its joints fading toward the broken end. It keeps twitching for a while after it is cut. Hunters buy them.",RimMandrake/LeaningScrub,ResourceBase,category+parent+produced,AnimalProductRaw,,4,0.05,,,,,,,,0.3,,Meat,creature,RM_Vissler(butcher),RM_LeaningScrub,,,,0,0,4,5,food-only,eaten,,
RM_BlackChitin,black insect chitin,"Hard overlapping scales of insectoid chitin. Exceptionally durable in combat, but a poor defense against weather.",RimMandrake/LongShade,LeatherBase,stuffProps+category+parent+produced,Leathers,Leathery,4.2,,1.75,0.54,,10,10,,,,Beauty=1.7;MaxHitPoints=1.5,,creature,RM_Ulgga(leather),RM_Stillsand,,,,0,1053,0,0,armour hide/leather/chitin/plate,as-stuff,,
RM_DewfringeSprig,dewfringe sprig,"A handful of dew-beaded fringe, cut from the rim of a shadow. Barely a mouthful of plant matter and the water it carries — nobody farms this, but everybody passing a shade line stops to gather it.",RimMandrake/LongShade,PlantFoodRawBase,category+parent+produced,PlantFoodRaw,,0.8,,,,,,,,,,,VegetableOrFruit,plant,RM_Dewfringe(harvest),RM_LongShade,,,,8,0,0,7,food-only,eaten,,
RM_EggBokkaFertilized,bokka egg (fert.),"A fertilized bokka egg. If all goes well, it should hatch into a baby bokka. It can be eaten raw, but it's much better cooked.",RimMandrake/LongShade,EggFertBase,category+parent+produced,EggsFertilized,,45,,,,,,,,,,,,creature,RM_Bokka(comp:EggLayer),RM_LongShade;RUT_Desert,,,,0,0,0,0,food-only,eaten,,
RM_EggBokkaUnfertilized,bokka egg (unfert.),"An unfertilized bokka egg. It can be eaten raw, but it's much, much better cooked.",RimMandrake/LongShade,EggUnfertBase,category+parent+produced,EggsUnfertilized,,20.0,,,,,,,,,,,,creature,RM_Bokka(comp:EggLayer),RM_LongShade;RUT_Desert,,,,0,0,0,0,food-only,eaten,,
RM_EggGullothFertilized,gulloth egg (fert.),A fertilized gulloth egg: a leathery canteen of a shell. If all goes well it hatches into a gulloth.,RimMandrake/LongShade,EggFertBase,category+parent+produced,EggsFertilized,,9.0,,,,,,,,,,,,creature,RM_Gulloth(comp:EggLayer),RM_LongShade;RUT_Desert,,,,0,0,0,0,food-only,eaten,,
RM_EggGullothUnfertilized,gulloth egg (unfert.),"An unfertilized gulloth egg: a leathery canteen of a shell. It can be eaten raw, but it is better cooked, and disgusting either way.",RimMandrake/LongShade,EggUnfertBase,category+parent+produced,EggsUnfertilized,,9.0,,,,,,,,,,,,creature,RM_Gulloth(comp:EggLayer),RM_LongShade;RUT_Desert,,,,0,0,0,0,food-only,eaten,,
RM_EggPirrikFertilized,pirrik egg (fert.),"A fertilized pirrik egg. If all goes well, it should hatch into a chick.",RimMandrake/LongShade,EggFertBase,category+parent+produced,EggsFertilized,,20.0,,,,,,,,,,,,creature,RM_Pirrik(comp:EggLayer),RM_LongShade,,,,0,0,0,0,food-only,eaten,,
RM_EggPirrikUnfertilized,pirrik egg (unfert.),"An unfertilized pirrik egg. It can be eaten raw, but it's much better cooked.",RimMandrake/LongShade,EggUnfertBase,category+parent+produced,EggsUnfertilized,,20.0,,,,,,,,,,,,creature,RM_Pirrik(comp:EggLayer),RM_LongShade,,,,0,0,0,0,food-only,eaten,,
RM_EggTuskcoilFertilized,ulgga egg (fert.),"Fertilized ulgga egg. If all goes well, it should hatch into a ulgga.",RimMandrake/LongShade,EggFertBase,category+parent+produced,EggsFertilized,,9.0,,,,,,,,,,,,creature,RM_Ulgga(comp:EggLayer),RM_Stillsand,,,,0,0,0,0,food-only,eaten,,
RM_EggTuskcoilUnfertilized,ulgga egg (unfert.),"Unfertilized ulgga egg. Edible raw, much better cooked.",RimMandrake/LongShade,EggUnfertBase,category+parent+produced,EggsUnfertilized,,9.0,,,,,,,,,,,,creature,RM_Ulgga(comp:EggLayer),RM_Stillsand,,,,0,0,0,0,food-only,eaten,,
RM_GloomcastHide,gloomcast hide,"Tanned, dried gloomcast hide. Strong, durable and pricey.",RimMandrake/LongShade,LeatherBase,stuffProps+category+parent+produced,Leathers,Leathery,15.0,,2.2,2.4,,10,20,,,,MaxHitPoints=1.0,,creature,RM_Gloomcast(leather),RM_LongShade;RUT_Desert,,,,0,1053,0,1,armour hide/leather/chitin/plate,as-stuff,RSW_Leather_Horax,
RM_GloomcastMeat,gloomcast meat,A piece of meat from a gloomcast.,RimMandrake/LongShade,OrganicProductBase,category+parent,MeatRaw,,2.0,0.03,,,,,,,,0.5,,Meat,,,,,,,7,0,0,2,food-only,eaten,,
RM_Leather_Mirrak,mirrak hide,"Flat, matte, near-black hide that seems to swallow the light that falls on it. Stretched overhead it throws a deeper shade than any other cloth — the predator that imitates shade makes the best shade there is.",RimMandrake/LongShade,LeatherBase,stuffProps+category+parent+produced,Leathers,Leathery,3.2,,0.6,0.16,,10,20,,,,MaxHitPoints=1.1,,creature,RM_Mirrak(leather),RM_LongShade,,,,0,1053,1,2,armour hide/leather/chitin/plate,as-stuff,,
RM_MaidenbloomHeart,maidenbloom heart,"The cream-and-rust heart of a maidenbloom, cut free of its leaves. Rich plant food that keeps for a few weeks.",RimMandrake/LongShade,PlantFoodRawBase,category+parent+produced,PlantFoodRaw,,1.6,,,,,,,,,,,VegetableOrFruit,plant,RM_Maidenbloom(harvest),RM_LongShade,,,,8,0,0,1,food-only,eaten,,
RM_RawUltracactus,ultriss pulp,"Pale, faintly sweet pulp cut from an ultriss pad. It bruises fast once out of the ground, but nothing else grows this reliably on open sand nobody else can use.",RimMandrake/LongShade,PlantFoodRawBase,category+parent+produced,PlantFoodRaw,,1.6,,,,,,,,,,,VegetableOrFruit,plant,RM_UltrissPad(harvest),RM_Stillsand,,,,8,0,0,4,food-only,eaten,,
RM_UltracactusPad,cut ultriss pad,"A whole pad cut from an ultriss plant, still in its waxy dust-coated rind. Caravans passing through the Long Shade forage these straight off open ground nothing else can use — pale, faintly sweet flesh under a tough skin built to hold what little water it has.",RimMandrake/LongShade,PlantFoodRawBase,category+parent,PlantFoodRaw,,1.4,,,,,,,,,,,VegetableOrFruit,,,,,,,8,0,0,6,food-only,eaten,,
RM_VorrelFruit,vorrel fruit,"Fat, pale, faintly sweet fruit off a vorrel bush. Split one and the flesh is more seed than flesh. Eaten as it comes it is a death sentence with a few hours on it; put through a proper preparation it is the most sought-after dish on the dayside. There is no third option, and the difference is entirely the cook's.",RimMandrake/LongShade,PlantFoodRawBase,category+parent+produced,PlantFoodRaw,,2.4,0.03,,,,,,,,,,VegetableOrFruit,plant,RM_Vorrel(harvest),RM_LongShade,RM_Cook_VorrelSeedDish,,,8,0,0,5,food-only,direct,,
RM_CrowncarpetDead,dead crowncarpet,"A grey, slumped sheet of crowncarpet that died before it reached the press. Worthless as pigment; it exists so a colonist can see what happened to a stack rather than watching it vanish.",RimMandrake/LuminousPigment,ResourceBase,category+parent,ResourcesRaw,,0.5,0.2,,,,,,,,0.3,,,,,,,,,0,0,1,3,chemical reagent/salt/venom/pigment,code,,
RM_CrowncarpetFresh,fresh crowncarpet,"A folded sheet of freshly harvested crowncarpet, still faintly warm and banded rainbow. It will not keep — it dies of its own accord within a day, and it dies at once if it gets cold. Press it soon.",RimMandrake/LuminousPigment,ResourceBase,category+parent+produced,ResourcesRaw,,12,0.2,,,,,,,,0.5,,,plant,RM_Crowncarpet(harvest);RM_CrowncarpetCultured(harvest),RM_TheScald,RM_RefineDeepfire,,RM_GlowTank,0,0,2,9,trophy/relic/curio,direct,,
RM_Deepfire,deepfire,"A jar of pale, faintly glowing pigment pressed from fresh crowncarpet. It carries no colour of its own — mixed into an ordinary dye, it makes whatever colour the dye gives glow, dim and steady, in the dark. Expensive: a whole plant's harvest, refined at real cost, makes only two jars.",RimMandrake/LuminousPigment,ResourceBase,category+parent,ResourcesRaw,,90,0.05,,,,,,,,0.3,,,,,,,,,0,0,10,14,chemical reagent/salt/venom/pigment,code,,
RM_Attar,attar,"A dark, heavy oil of astonishing scent, rendered from delta silt and salt. Artists brush it over a finished work as a glaze that deepens it; the vain rub it into old scars as a balm. It mends nothing, and it is not medicine.",RimMandrake/Miasma,ResourceBase,category+parent,ResourcesRaw,,90,0.05,,,,,,,,0.4,,,,,,,,,0,0,3,4,chemical reagent/salt/venom/pigment,code,,
RM_Bones,bones,"Clean bones left when a rotting bed has finished with a body. Light, dry and slightly greasy.",RimMandrake/Miasma,ResourceBase,category+parent,ResourcesRaw,,0.4,0.2,,,,,,,,0.2,,,,,,,,,0,0,4,3,structural wood/bone/stone/ice/clay,code,,
RM_DeltaLoam,delta loam,"Clean, fertile soil worked loose and cast up by karrobel burrowing through the Miasma's muck. Where the karrobel have been, the ground turns rich and dark — the one export from this biome that arrives already refined.",RimMandrake/Miasma,ResourceBase,category+parent+produced,ResourcesRaw,,3.5,0.6,,,,,,,,0,,,creature,RM_Karrobel(comp:GatherableGas),RM_Miasma;RUT_Miasma,,RM_DecayCell,,0,0,1,4,soil/fertiliser,direct,,
RM_DeltaSalt,delta salt,"Grey-white salt scraped from a brelloch's crusted bark. Coarse, faintly bitter and cheap — the Miasma's most abundant harvestable good, and the one the stills need most.",RimMandrake/Miasma,ResourceBase,category+parent+produced,ResourcesRaw,,0.6,0.02,,,,,,,,0,,,plant,RM_Brelloch(harvest),RM_Miasma,RM_MakeAttar,RM_DecayCell,,0,0,0,6,chemical reagent/salt/venom/pigment,direct,,
RM_DeltaSilt,delta silt,"Black, fine and slick silt dug from an immarel bed, extraordinary-smelling and rich with whatever the gradient has carried down. Refines into the delta's luxury attar wherever a still exists to work it.",RimMandrake/Miasma,ResourceBase,category+parent+produced,ResourcesRaw,,1.2,0.03,,,,,,,,0,,,plant,RM_Immarel(harvest),RM_Miasma,RM_MakeAttar,RM_DecayCell,,0,0,0,7,chemical reagent/salt/venom/pigment,direct,,
RM_EggLilianaFertilized,liliana egg (fert.),"A fertilized liliana egg. If all goes well, it should hatch into a liliana. It can be eaten raw, but it's much better cooked.",RimMandrake/Miasma,EggFertBase,category+parent+produced,EggsFertilized,,50,,,,,,,,,,,,creature,RM_Liliana(comp:EggLayer),RM_Miasma,,,,0,0,0,0,food-only,eaten,,
RM_EggLilianaUnfertilized,liliana egg (unfert.),"An unfertilized liliana egg. It can be eaten raw, but it's much, much better cooked.",RimMandrake/Miasma,EggUnfertBase,category+parent+produced,EggsUnfertilized,,25.0,,,,,,,,,,,,creature,RM_Liliana(comp:EggLayer),RM_Miasma,,,,0,0,0,0,food-only,eaten,,
RM_LilianaSilk,liliana silk,"Blood-red thread gathered from the liliana, the Miasma's wingless moth, which never stops spinning. Soft, warm and luxurious against the skin.",RimMandrake/Miasma,ResourceBase,stuffProps+category+parent+produced,Wools,Fabric,4,0.01,0.15,0.1,0.15,10,10,,,0.9,Beauty=6;Comfort=1.5;Flammability=0.9;MaxHitPoints=1.3,,creature,RM_Liliana(comp:Shearable),RM_Miasma,,,,0,1029,0,1,textile/silk/wool/fibre,as-stuff,RSW_CrimsonSilk,
RM_FE_Fulgurite,fulgurite,"Sand fused to glass by a lightning strike, hollow and branching where the bolt burrowed down before the heat gave out. Worthless to sell, satisfying to find.",RimMandrake/Pyrelands,ResourceBase,category+parent,ResourcesRaw,,3,0.4,,,,,,,,0,,,,,,,,,0,0,1,5,glass/silica/optics,code,,
RM_FE_ScorchFruitYield,scorch-fruit,"A fire-cracked seed-pod's contents — sweet, faintly smoky, prized for having been worth the risk. Spoils fast; this was never meant to be stored.",RimMandrake/Pyrelands,PlantFoodRawBase,category+parent+produced,PlantFoodRaw,,3.5,0.03,,,,,,,,1,,VegetableOrFruit,plant,RM_FE_Plant_ScorchFruit(harvest),RM_Pyrelands,,,,8,0,3,0,food-only,eaten,,
RM_FurnaceHide,furnace hide,"The banded hide of a furnace-beast, mineral seams and all. It is what the animal used to store a week of deep-dayside sun in, and it has not entirely stopped: a coat of it is warm before you put it on, and stays warm in country that would kill you. In the heat it is exactly as good an idea as wearing a stove. It is also the one leather on this planet that does not particularly want to burn.",RimMandrake/Pyrelands,LeatherBase,stuffProps+category+parent+produced,Leathers,Leathery,5.5,,1.66,,,36,8,,,0.4,Beauty=1.8;MaxHitPoints=1.6,,creature,RM_FurnaceBeast(leather),RM_Pyrelands,,,,0,1053,0,3,armour hide/leather/chitin/plate,as-stuff,,
DV_Pyrinth,pyrinth,"A warm, bright orange crystal. Rare and beautiful. It glows and emits warmth innately which means it can be used to make torches or to heat up rooms.",RimMandrake/Pyrinth,ResourceBase,category+parent+produced,ResourcesRaw,,7,0.6,,,,,,,,,,,mineral,DV_MineablePyrinth(mined),,,DV_MeleeWeapon_PyrinthBlade;DV_PyrinthBrazier;DV_PyrinthHeater;DV_PyrinthLamp;DV_PyrinthWallLamp,,0,0,0,12,gem/crystal/light-stone,direct,,
RM_BoltShedCuriosity,shed curiosity,"A small bright object left behind on ground where the bolts have been dancing. It is machined - too well machined - and it is not a part of anything anyone can name. Turn it over and the facets do not quite line up the way facets should. Off-world buyers pay well for one and ask no questions, which is its own kind of answer.",RimMandrake/RustCathedral,ResourceBase,category+parent+produced,ResourcesRaw,,40,0.1,,,,,,,,0,,,creature,RM_LivingBolt(comp:Spawner),RM_RustCathedral;RUT_RustCathedral,,,,0,0,2,1,trophy/relic/curio,code,,
RM_CathedralRoachShell,roach shell plating,"A curved plate of mechanoid chitin-analogue, stripped from a dead cathedral roach. Its alloy is a minor curiosity to a trader, more interesting for what its patient, tireless owner used to do than for the metal itself.",RimMandrake/RustCathedral,ResourceBase,category+parent+produced,ResourcesRaw,,12,0.3,,,,,,,,0,,,creature,RM_CathedralRoach(butcher),RM_RustCathedral,,,,0,0,0,3,armour hide/leather/chitin/plate,ORPHAN,,RUT_CathedralRoachShell
RM_CoolantEelCatch,coolant eel,"A pale, eyeless eel as long as a forearm, cold to the touch long after it leaves the water. Its skin is smooth and faintly metallic, and it goes on twitching for a while after it stops living. Buyers off-plateau pay well for one.",RimMandrake/RustCathedral,FishBase,category+parent,Fish,,18,,,,,,,,,,,,,,RM_RustCathedral,,,,2,0,1,14,food-only,eaten,,
RM_DeadSmartsteel,dead smartsteel,"A dense, oddly patterned alloy pulled from the walls of the plateau. It was smart once — self-assembling, self-repairing — and now it is just very good metal, still worth real money to anyone who deals in the strange.",RimMandrake/RustCathedral,ResourceBase,category+parent+produced,ResourcesRaw,,8,0.5,,,,,,,,0,,,mineral,RM_MineableDeadSmartsteel(mined),RM_RustCathedral;RUT_RustCathedral,,,,0,0,0,3,"metals, alloys & synthetics",ORPHAN,,
RM_LivePatternMetal,live pattern metal,"Deep under the deck plate, past everything already dug, this metal is not dead. Nothing about the readout explains what it is doing, only that it is still doing it. Whoever pulls it out should be ready for what pulling it out means.",RimMandrake/RustCathedral,ResourceBase,category+parent,ResourcesRaw,,14,0.5,,,,,,,,0,,,,,,,,,0,0,4,1,"metals, alloys & synthetics",code,,
RM_CapturedTetchik,captured tetchik,A tetchik pinched alive out of its shell-crust. It clicks in the hand. Put it in glass.,RimMandrake/Scarlands,ResourceBase,category+parent+produced,Manufactured,,6,0.05,,,,,,,,0,,,creature,RM_Tetchik(butcher),RM_Warscar,RM_MakeTetchikJar,,,0,0,0,4,out of scope (not a material),direct,,
RM_ChatrakPlate,chatrak plate,"Scutes cut from a chatrak's back and cured hard. Heavy and unevenly pocked, it will not take dye, but it is the one light-armour leather that turns bullets. Balanced by its weight and by how rarely a chatrak is brought down.",RimMandrake/Scarlands,LeatherBase,stuffProps+category+parent+produced,Leathers,Leathery,7.5,0.2,1.5,0.4,0.8,8,10,,,,MaxHitPoints=1.6,,creature,RM_Chatrak(leather),RM_Warscar,,,,0,1053,1,2,armour hide/leather/chitin/plate,as-stuff,,
RM_CloakLacquer,cloak lacquer,"A shimmering film scraped from a chotrix's hide. It bends light. Worked into a cloak at a tailoring bench, it makes the wearer vanish while they stand still and unseen. The effect never wears off.",RimMandrake/Scarlands,ResourceBase,category+parent+produced,ResourcesRaw,,90,0.2,,,,,,,,0.4,,,creature,RM_Chotrix(butcher),,,RM_Apparel_LacquerCloak,,0,0,0,3,adhesive/resin/lacquer/sealant,direct,,
RM_GlowerCrust,glower crust,"A scraped-up chunk of black radiotrophic varnish, still faintly warm. Burned, it makes a crude, hot fuel; reduced to ash, it makes a pigment nothing else on the planet can match -- deep, matte black that doesn't fade. Handling too much of it too long is its own kind of story.",RimMandrake/Scarlands,ResourceBase,category+parent+produced,ResourcesRaw,,4.5,0.6,,,,,,,,0.5,,,plant,RM_Glower(harvest),RM_Warscar,RM_MakeTetchikJar,RM_GlowerPlate;RM_GlowerShieldPanel,RM_ReactionTap,0,0,0,10,fuel/oil/wax/hydrocarbon,direct,,RUT_GlowerCrust
RM_WarDust,war dust,"Fine grey powder swept off the settled film: ground-up munitions, slag and the poison of an old war. Toxic to handle without care. Packs into tox-gas shells, kills blight on a dusted crop, and stretches dye as a grey filler.",RimMandrake/Scarlands,ResourceBase,category+parent,ResourcesRaw,,4,0.05,,,,,,,,0,,,,,,RM_MakeToxShellFromWarDust;RM_StretchDyeWithWarDust,,,0,0,6,6,chemical reagent/salt/venom/pigment,direct,,
RM_WreckLichenScrapings,wreck-lichen scrapings,"Rust-orange crust scraped off a wreck. Ground and boiled it is a dye base; dry, it burns poorly and smokes.",RimMandrake/Scarlands,ResourceBase,category+parent+produced,ResourcesRaw,,1.8,0.05,,,,,,,,0.8,,,plant,RM_WreckLichen(harvest),,,,,0,0,0,2,chemical reagent/salt/venom/pigment,ORPHAN,,
RM_Biosilica,biosilica,"A handful of clear, glassy lenses cut from a light-pipe nub — real optics, grown rather than ground, and the only non-volcanic natural glass on the planet. Too small and irregular for anything but the most patient hand-fitted work, but genuinely optical-grade: sensor lenses and glazing panels made from it see just as clearly as anything shaped in a furnace.",RimMandrake/Stillsand,ResourceBase,category+parent+produced,ResourcesRaw,,7,0.1,,,,,,,,0,,,mineral;plant,RM_GrownBiosilicaWall(mined);RM_LightPipeNub(harvest),RM_Stillsand;RUT_ExtremeDesert,,RM_SunFurnace;RM_SunGoggles,,0,0,1,11,glass/silica/optics,direct,,
RM_BiosilicaGrit,biosilica grit,"A pinch of silica-cemented crust scraped off the top millimetre of the sand. Worthless alone, but it is the feeder input a patient hand turns into biosilica lenses.",RimMandrake/Stillsand,ResourceBase,category+parent+produced,ResourcesRaw,,1.5,0.05,,,,,,,,0,,,plant,RM_Glasscrust(harvest),RM_Stillsand,,,,0,0,1,1,glass/silica/optics,code,,
RM_Brine,brine,"Salt-bitter water dipped from a cave seep. It cannot be drunk, but a solar still boils the water out of it and leaves the salt behind.",RimMandrake/Stillsand,ResourceBase,category+parent,ResourcesRaw,,0.5,1,,,,,,,,0,,,,,,,,,0,0,0,6,chemical reagent/salt/venom/pigment,ORPHAN,,
RM_CrestPlate,crest-plate,"A curved plate cut from a muurrok's mirror crest. The face is polished so smooth by sand that it throws the sun back like silvered glass. It is light and hard, and it does not tarnish. Set in a ring, a few of them will gather a lot of sunlight into one place.",RimMandrake/Stillsand,ResourceBase,category+parent+produced,ResourcesRaw,,45,1.2,,,,,,,,0,,,creature,RM_Muurrok(butcher),,,RM_SolarOvenCrest,,0,0,0,10,trophy/relic/curio,direct,,
RM_DrazzikEggFertilized,drazzik egg,"Heavy for its size and cool to the touch, sloshing faintly when moved — everything a canteen-egg should feel like to a hand that has learned to trust that weight. Do not trust this one. Something is already moving inside, and it did not wait for the mother to leave before it started deciding who counts as prey.",RimMandrake/Stillsand,EggFertBase,category+parent+produced,EggsFertilized,,35.0,1.2,,,,,,,,,,,creature,RM_Drazzik(comp:EggLayer),RM_Stillsand;RUT_ExtremeDesert,,,,0,0,0,4,food-only,eaten,,
RM_DrazzikEggUnfertilized,drazzik egg (unfert.),"Heavy for its size and cool to the touch, sloshing faintly when moved. Nothing is going to hatch out of this one — it is exactly what it feels like, a rigid shell of good water.",RimMandrake/Stillsand,EggUnfertBase,category+parent+produced,EggsUnfertilized,,35.0,1.2,,,,,,,,,,,creature,RM_Drazzik(comp:EggLayer),RM_Stillsand;RUT_ExtremeDesert,,,,0,0,0,0,food-only,eaten,,
RM_DuneCrawler,dune crawler,"A fist-sized, many-legged scavenger with a fused mineral shell, pulled up out of deep sand on a fishing line. It spends its whole life below the surface filtering decayed organics out of the sand — silverbole leaf-fall, dead things the dune swallowed, whatever a wreck sheds — and only ever reaches the light when something eats it or something catches it. Nothing about it says ""fish."" Cooked, it ea",RimMandrake/Stillsand,FishBase,category+parent,Fish,,,,,,,,,,,,,,,,RM_FloodedCanyon;RM_Stillsand;RUT_CrackedLands,,,,2,0,0,17,food-only,eaten,,
RM_FineSand,fine sand,"The finest grains of desert silica, sifted clean and graded small. Traders buy it by the sack: glassmakers want it for high-quality glass, and it has other uses besides. A sun furnace melts it into lens glass.",RimMandrake/Stillsand,ResourceBase,category+parent,ResourcesRaw,,2.2,0.4,,,,,,,,0,,,,,,RM_MeltLensGlass,,,0,0,1,4,glass/silica/optics,direct,,
RM_GlassPearl,glass pearl,"A smooth, water-clear nodule fused out of silica deep inside a deep-sand pool — kin to the light-pipe nubs that dot the dune sea's surface, but rounder, and rarer, because nothing usually digs this deep to find one. Desert-world optics traders call a good one ""a lens that grew a skin."" Sold whole, or cut for what's inside.",RimMandrake/Stillsand,ResourceBase,category+parent,ResourcesRaw,,38,0.15,,,,,,,,0,,,,,,RM_GrindPearlLens,,,0,0,1,16,glass/silica/optics,direct,,
RM_GlassSand,glass sand,"Pale, clean drift sand shovelled off a dune field. The grains are almost pure silica, worn round by the wind, with very little clay or iron in them. A sun furnace melts it into plain glass, and a sieve can pull the finest grains out of it.",RimMandrake/Stillsand,ResourceBase,category+parent,ResourcesRaw,,0.3,0.5,,,,,,,,0,,,,,RM_Stillsand,RM_Make_LightningBreakerCore;RM_MeltSunGlass,,RM_LightningBreaker,0,0,1,13,glass/silica/optics,direct,,
RM_GuzzkaEggFertilized,guzzka egg,"Bigger than a Jawa's own head and heavy enough to need both arms, this is the whole reason anyone braves a guzzka's cavern at all — a rigid shell of good water thick enough to carry a scavenging party home. Sloshing, cool, and not remotely quiet if you hold still and listen: something inside it is already awake, and it did not wait for its mother to leave before it decided you were the reason to h",RimMandrake/Stillsand,EggFertBase,category+parent+produced,EggsFertilized,,220.0,5.5,,,,,,,,,,,creature,RM_Guzzka(comp:EggLayer),,,,,0,0,0,2,food-only,eaten,,
RM_GuzzkaEggUnfertilized,guzzka egg (unfert.),Bigger than a Jawa's own head and heavy enough to need both arms. Nothing is going to hatch out of this one and nothing inside it is listening for you — it is exactly what it feels like: the best drink of water a person could carry out of the deep desert on their own back.,RimMandrake/Stillsand,EggUnfertBase,category+parent+produced,EggsUnfertilized,,220.0,5.5,,,,,,,,,,,creature,RM_Guzzka(comp:EggLayer),,,,,0,0,0,1,food-only,eaten,,
RM_OllimWood,ollim wood,"Wood struck from an ollim stand — bone-white, dense as stone, and grown so slowly that a single plank predates most ruins on the planet. It shrugs off fire and blistering heat the way almost nothing else does, but a hard strike shatters it clean through: the tree traded strength for the one thing that actually kept it alive out here. Prized in a handful of recipes for exactly that trade-off.",RimMandrake/Stillsand,ResourceBase,stuffProps+category+parent+produced,ResourcesRaw,Woody,7,0.5,0.15,0.15,1.8,6,30,1.6,1.6,0.03,Beauty=1.5;Flammability=0.05;MaxHitPoints=0.55;WorkToBuild=1.1;WorkToMake=1.1,,plant,RM_KneelOllim(harvest);RM_Ollim(harvest),RM_Stillsand;RUT_ExtremeDesert,,,,0,1030,0,7,structural wood/bone/stone/ice/clay,as-stuff,,
RM_QorraxEggFertilized,qorrax egg (fert.),"A fertilized qorrax egg. It will take a long time to hatch. It can be eaten raw, but it's much better cooked.",RimMandrake/Stillsand,EggFertBase,category+parent+produced,EggsFertilized,,35.0,,,,,,,,,,,,creature,RM_Qorrax(comp:EggLayer),AridShrubland;ColdBog;Glowforest;Grasslands;RM_LongShade;RM_Stillsand;RUT_Desert;RUT_ExtremeDesert;Scarlands;SeaIce;TemperateForest;TemperateSwamp;TropicalRainforest;TropicalSwamp,,,,0,0,0,0,food-only,eaten,,
RM_QorraxEggUnfertilized,qorrax egg (unfert.),"An unfertilized qorrax egg. It can be eaten raw, but it's much, much better cooked.",RimMandrake/Stillsand,EggUnfertBase,category+parent+produced,EggsUnfertilized,,7.0,,,,,,,,,,,,creature,RM_Qorrax(comp:EggLayer),AridShrubland;ColdBog;Glowforest;Grasslands;RM_LongShade;RM_Stillsand;RUT_Desert;RUT_ExtremeDesert;Scarlands;SeaIce;TemperateForest;TemperateSwamp;TropicalRainforest;TropicalSwamp,,,,0,0,0,0,food-only,eaten,,
RM_SandSieve,sand sieve,"A staked driftwood frame strung with fine wire mesh. A colonist who carries one sifts glass sand in the home area into fine sand, a handful of grains at a time, and now and then something harder turns up in the mesh.",RimMandrake/Stillsand,,category,Items,,18,1.2,,,,,,,,0.8,,,,,,,,,0,0,2,4,out of scope (not a material),code,,
RM_SoorrakEggFertilized,soorrak egg,"A rigid, mirror-glazed shell the size of a Jawa's torso, cool to the touch and sloshing when it moves: a full clutch is a caravan's worth of drink. Something inside is slowly growing a sail.",RimMandrake/Stillsand,EggFertBase,category+parent+produced,EggsFertilized,,180.0,4.5,,,,,,,,,,,creature,RM_Soorrak(comp:EggLayer),RM_Stillsand,,,,0,0,0,0,food-only,eaten,,
RM_SoorrakEggUnfertilized,soorrak egg (unfert.),"A rigid, mirror-glazed shell, heavy with stored water. Nothing will hatch from it; it is exactly the drink of water it feels like.",RimMandrake/Stillsand,EggUnfertBase,category+parent+produced,EggsUnfertilized,,180.0,4.5,,,,,,,,,,,creature,RM_Soorrak(comp:EggLayer),RM_Stillsand,,,,0,0,0,0,food-only,eaten,,
RM_SunGlass,sun glass,"Thick, clear glass with a faint gold tint, melted out of desert sand by focused sunlight. It is good for glazing, still lids and ornament, and it builds well. It is not clear enough to grind into a lens.",RimMandrake/Stillsand,ResourceBase,stuffProps+category+parent,Manufactured,Stony,2.8,0.5,,,,,,0.4,0.5,0,Beauty=1.6;Flammability=0;MarketValue=1.1;MaxHitPoints=0.8;WorkToBuild=3;WorkToMake=1.2,,,,,,RM_Geophone;RM_SolarOven;RM_SolarOvenCrest;RM_SolarStill;RM_SunGogglesGlass;RM_SunLance;RM_Thumper;RM_WringingStill,,0,1029,0,27,glass/silica/optics,direct,,
RM_AluunCatch,aluun,"A fan-shaped shell-thing that grows on the kelp stems in the light columns, two thin translucent valves held open to whatever falls from the lid, and inside them a mantle that lights — a steady pale gold, the colour of the palette's lamps, bright enough that a kelp tower hung with aluun reads from the shore as a column of small windows. The Compact harvests them by the stem. The meat is a coin of ",RimMandrake/TerminalBiomes,FishBase,category+parent,Fish,,5,0.7,,,,,,,,,,,,,RM_TwilightSea,,,,2,0,0,4,food-only,eaten,,
RM_BladderboilCatch,bladderboil,"A leathery golden sac the size of a head, riding the Scald's boil. When the water around it roars it gulps itself full and swells taut, floating high and hard where nothing else can live; when it drifts into a quiet margin pool it sighs out through its crater-mouths and slumps to a wrinkled bag, half-sunk, resting. Pilgrims call them kettles for the whistle they make letting go. They are entirely ",RimMandrake/TerminalBiomes,FishBase,category+parent,Fish,,3,0.2,,,,,,,,,,,,,RM_TheScald,,,,2,0,0,6,food-only,eaten,,
RM_CargoFloat,cargo float,"A lattice-timber frame lashed to hoolimbre bladders — load it with whatever needs to go downstream, push it into the channel, and the current does the carrying. A weir catches it intact; even the sink cannot spoil what it holds.",RimMandrake/TerminalBiomes,ResourceBase,category+parent,ResourcesRaw,,40,12,,,,,,,,0.6,,,,,,,,,0,0,1,1,out of scope (not a material),code,,
RM_DossCatch,doss,"The eesh's small competitor: a finger-length, hunch-backed shrimp-thing, boiled pink from birth, that works the dung-fall from below where the shoals work it from above — picking over what settles on the mats before the iridai get to it. It is everywhere at the margins in the warm season and it is the pilgrims' snack, gathered with a cloth and eaten from the hand, already cooked like everything he",RimMandrake/TerminalBiomes,FishBase,category+parent,Fish,,5,0.4,,,,,,,,,,,,,RM_TheScald,,,,2,0,0,4,food-only,eaten,,
RM_EeshCatch,eesh,"The silver of the Scald. A finger-long, finless, mirror-skinned sliver that lives in the boiling column and feeds on the dung-fall of the herds below — clouds of them, darting, the water's whole budget in a single restless shape. It has no scales; the skin is a heat-mirror, and a shoal turning is a flash you can see from the rim. Netted at the margin it dies instantly and is already cooked, and it",RimMandrake/TerminalBiomes,FishBase,category+parent,Fish,,,0.4,,,,,,,,,,,,,RM_TheScald,,,,2,0,0,8,food-only,eaten,,
RM_EkkelCatch,ekkel,"Nobody knows which way up an ekkel goes. A fist-sized knot of stiff, heat-mirror filaments — the eesh's skin grown into a tangle — that lives on the vent walls beside the karrash and rolls: it lets go, tumbles down the chimney in the boil-current flashing like a dropped handful of needles, catches, climbs, and lets go again. It is feeding, somehow, on the mat. Netted it is a ball of hot wire with ",RimMandrake/TerminalBiomes,FishBase,category+parent,Fish,,8,0.3,,,,,,,,,,,,,RM_TheScald,,,,2,0,0,6,food-only,eaten,,
RM_ElderSealedRelic,sealed relic,"A flask of grown salt, closed all round with no seam anywhere on it, holding something that was alive. The Elder that produced it could describe the contents exactly — the proteins, the trace metals, the isotope ratios, the way the tissue gave up its water — and could not say what the animal was called, where it lived or when it stopped existing, because it has never held those as facts about anyt",RimMandrake/TerminalBiomes,ResourceBase,category+parent,ResourcesRaw,,900,1.2,,,,,,,,0,,,,,,,,,0,0,1,1,trophy/relic/curio,code,,
RM_EssarnCatch,essarn,"A finless, bone-white ribbon netted from the Grey Sea's brine — eyeless, salt-rimed, and the one catch here that isn't shy about the open murk. The Grey's most reliable line.",RimMandrake/TerminalBiomes,FishBase,category+parent,Fish,,5,0.3,,,,,,,,,,,,,RM_GreySea,,,,2,0,0,7,food-only,eaten,,
RM_FessuCatch,fessu,"A hand-wide, paper-thin fish-thing that is more crystal than flesh: a translucent lattice of frozen hydrocarbon grown around a thread of something alive, flat as a snowflake, drifting edge-on through the fuel where the snow falls thickest. It feeds by growing — each night's fall adds a rim to it, and an old fessu is a plate. Landed it steams in the cold, and it is so light it can be held up to the",RimMandrake/TerminalBiomes,FishBase,category+parent,Fish,,6,0.2,,,,,,,,1.0,,,,,RM_TheChill,,,,2,0,0,4,food-only,eaten,,
RM_GruskCatch,grusk,"Blue-black wedges knocked off a pillar face with the mineral foot still attached, so every one comes up wearing a chip of the column it grew on. The meat inside is dark and tastes of the whole sea at once. People are divided.",RimMandrake/TerminalBiomes,FishBase,category+parent,Fish,,6,0.5,,,,,,,,,,,,,RM_GreySea,,,,2,0,0,3,food-only,eaten,,
RM_HaarnCatch,haarn,"Nobody agrees what a haarn is. It is a jacket of pillar-mineral the size of a helmet, closed all round, that moves — slowly, along the floor, from pillar to pillar, leaving a scrape-line in the silt like a very small version of the giant's. Cut open there is a soft thing inside with no eyes and a great many small hooks, and it dies at once in open air. It is the Grey's only true extremophile: it l",RimMandrake/TerminalBiomes,FishBase,category+parent,Fish,,8,0.8,,,,,,,,,,,,,RM_GreySea,,,,2,0,0,6,food-only,eaten,,
RM_HeeminCatch,heemin,"A near-transparent sliver hauled off the Chill's top layer, aurora colours still faintly refracting through it before it stiffens in the cold.",RimMandrake/TerminalBiomes,FishBase,category+parent,Fish,,5,0.2,,,,,,,,,,,,,RM_TheChill,,,,2,0,0,4,food-only,eaten,,
RM_HessalCatch,hessal,"A bivalve-thing whose two shells are grown from the sea's crystal rather than from anything living, so a hessal bed reads as a patch of frost on the floor. It seals itself for years at a stretch when the brine thickens and reopens when the fog-season thins it, and nobody has seen one open. Prised apart it holds a knot of grey meat that keeps for a week in its own salt and tastes of nothing but the",RimMandrake/TerminalBiomes,FishBase,category+parent,Fish,,5,0.7,,,,,,,,,,,,,RM_GreySea,,,,2,0,0,8,food-only,eaten,,
RM_HolluCatch,hollu,"A bell that forms on the underside of the waveglass, up in the ceiling gardens, and lets go — falling slowly down the whole height of the column, pulsing, stinging what it passes, to lie on the floor and be eaten by nuudal. A big garden sheds them all night. Divers learn the fall pattern of their skylight the way farmers learn rain. Netted mid-fall it is a sting and a bell of salt water; cooked, i",RimMandrake/TerminalBiomes,FishBase,category+parent,Fish,,4,0.3,,,,,,,,,,,,,RM_TwilightSea,,,,2,0,0,3,food-only,eaten,,
RM_HydrocarbonFlesh,hydrocarbon flesh,"Cut wax, spent tar, ripened pitch — the fatty offcuts of the Chill floor's own flora, stacked and inert. Not food, for pawn or animal, on any read of it: a refinery input, full stop, and the fuel chain's very-late-game supplement to the pipes the colony already runs from its ship.",RimMandrake/TerminalBiomes,ResourceBase,category+parent+produced,Manufactured,,3,0.4,,,,,,,,1.5,,,creature,RM_Hesuun(meat),RM_SeabedFloor_TheChill;RM_TheChill;RUT_PropaneLake,RM_Make_ChemfuelFromHydrocarbonFlesh,,,0,0,1,10,fuel/oil/wax/hydrocarbon,direct,,
RM_IlissCatch,iliss,"A wire-thin eel the length of a forearm, black, with a spine of conductive mineral that the auroral ground currents run through — it lives along the bed of the lake where the electrojet's currents cross, and on a reconnection night the whole floor of a bay hums with them. It hunts nothing; it feeds on the charge, or on what the charge kills. Landed on a wet line it bites with a shock that has knoc",RimMandrake/TerminalBiomes,FishBase,category+parent,Fish,,7,0.4,,,,,,,,1.0,,,,,RM_TheChill,,,,2,0,0,3,food-only,eaten,,
RM_ImmuCatch,immu,"A finger-long, soft, eyeless fish-thing that lives inside the shells of dead hessal — it never grew any armour of its own and borrows the sea's. Lift a shell and it is there, curled, and it will not leave: shore-folk carry the shell home and shake it out over the pan. It is the most timid thing in the Grey and the only one with any colour, a faint sick pink under the skin. Sweet, small, and mostly",RimMandrake/TerminalBiomes,FishBase,category+parent,Fish,,6,0.3,,,,,,,,,,,,,RM_GreySea,,,,2,0,0,5,food-only,eaten,,
RM_KarrashCatch,karrash,"Lives on the vent chimneys themselves, in the hottest water anything survives, plated in mineral crust it grows from the brine — a crab-thing that looks like a piece of the vent walked off. It eats the mat where the mat is thickest and is eaten by nothing, because nothing else goes there. Landed, the crust cracks off as it cools and the meat inside is white and sweet. The shells are sold as rim-pi",RimMandrake/TerminalBiomes,FishBase,category+parent,Fish,,7,0.6,,,,,,,,,,,,,RM_TheScald,,,,2,0,0,6,food-only,eaten,,
RM_KarrudCatch,karrud,"A slab-flat, palm-wide fish-thing that has given up swimming for lying still. The upper face grows a plate of pillar-mineral — the sea builds on anything that holds still long enough, and the karrud holds very still — so from above it is a chip of grey stone with a mouth-slit underneath. It moves only when the brine at the bottom gets too strong even for it, sliding uphill along the pillar bases a",RimMandrake/TerminalBiomes,FishBase,category+parent,Fish,,,,,,,,,,,,,,,,RM_GreySea,,,,2,0,0,7,food-only,eaten,,
RM_KelluCatch,kellu,"The kelp squid: arm-long, forest-dark, hiding in the fronds by day and hunting the shoals in the dark between columns by night. Its ink is the thing — thick, lightfast, black as the Grey. The Compact's charts are drawn in it, and it is the black in every dye-house that trades with the deep. A kellu on the line is half a catch and half an inkwell.",RimMandrake/TerminalBiomes,FishBase,category+parent,Fish,,6,0.4,,,,,,,,,,,,,RM_TwilightSea,,,,2,0,0,3,food-only,eaten,,
RM_KettlewickSalt,kettlewick salt,"A pinch of crusted white-grey mineral scraped from the collar of a kettlewick, left behind by every clean drop the little distillery ever sweated. Pilgrims of both faiths keep a grain in a pocket and read opposite things in it. Not drinkable, and not meant to be.",RimMandrake/TerminalBiomes,ResourceBase,category+parent+produced,ResourcesRaw,,4,0.05,,,,,,,,0,,,plant,RM_Kettlewick(harvest),RM_TheScald,,,,0,0,0,2,chemical reagent/salt/venom/pigment,ORPHAN,,
RM_KrellikCatch,krellik,"A crab-thing plated in hydrocarbon frost, each plate a clear crystal grown from the fuel snow and shed and regrown nightly, so a krellik is always half new. It walks the solid propane at the lake's edge and the floor beneath, picking at the crystal flora's fallen fragments, and it is the one thing on the shore the Frostmite will not eat — the shell is too cold even for that. Cracked, the plates ri",RimMandrake/TerminalBiomes,FishBase,category+parent,Fish,,7,0.6,,,,,,,,1.0,,,,,RM_TheChill,,,,2,0,0,4,food-only,eaten,,
RM_LampBladder,lamp bladder,"A fist-sized bladder pulled whole off a hoolimbre stand, still glowing the same soft green it glowed on the plant. It doesn't need clipping to anything or fed anything — set it down and it lights the ground around it until it rots, a few days on, or until you fix it properly to a chain instead.",RimMandrake/TerminalBiomes,ResourceBase,category+parent+produced,PlantFoodRaw,,4,0.3,,,,,,,,0.3,,,plant,RM_Gloamurn(harvest);RM_HoolimbrePlant(harvest),RM_TwilightSea,,RM_HoolimbreLampClipped,RM_SunSphere,8,0,1,7,fuel/oil/wax/hydrocarbon,direct,,
RM_LiiruCatch,liiru,"The Twilight's elegant thing: a ribbon-eel as long as an arm and no wider than a finger, that swims upright through the light columns in slow vertical S-curves, and carries along its whole length a single unbroken line of blue-white light. A column with liiru in it looks, from the bank, as if someone had drawn on the water. It eats what falls, it is eaten by the kellu, and it is not fast; it does ",RimMandrake/TerminalBiomes,FishBase,category+parent,Fish,,7,,,,,,,,,,,,,,RM_TwilightSea,,,,2,0,0,3,food-only,eaten,,
RM_MaaluCatch,maalu,"A bell of grey jelly the size of two hands that has half turned to stone: the sea's crystal grows into it from the rim inward, and a maalu drifts with the weight of its own mineral edge pulling it down, sagging, tilting, never quite sinking. It is not luminous — nothing down here is — and it is not dangerous; it is barely alive. Netted, the crystal rim crumbles and the jelly inside is a mouthful o",RimMandrake/TerminalBiomes,FishBase,category+parent,Fish,,4,0.3,,,,,,,,,,,,,RM_GreySea,,,,2,0,0,5,food-only,eaten,,
RM_MuddalCatch,iridai,"The iridesce's small cousin: a hand-long, armored, heat-glossed thing that grazes the crowncarpet mats at the margins where the boil gentles, moving along the rainbow bands and taking the pigment into its skin, so an iridai is banded too — a little strip of the Scald's oldest truth. Pilgrims gather them at the baths with a cloth. Cooked the moment it leaves the water, which is to say already.",RimMandrake/TerminalBiomes,FishBase,category+parent,Fish,,5,0.5,,,,,,,,,,,,,RM_TheScald,,,,2,0,0,4,food-only,eaten,,
RM_MurrolCatch,murrol,"The mud channels' river-fauna made specific: a thick, blunt, near-blind eel that rides the invisible current along the channel banks, mouth open, fat on the nutrient-fed silt, so slow that bank-harvesters pick them up by hand. The deep's comfort food. Nothing about it is difficult, and the Compact's dock kitchens serve nothing else on a bad day.",RimMandrake/TerminalBiomes,FishBase,category+parent,Fish,,,,,,,,,,,,,,,,RM_TwilightSea,,,,2,0,0,4,food-only,eaten,,
RM_NiimCatch,niim,"The silver of the Twilight — the lit shoal of the light columns, the ordinary fish, the fish that behaves like a fish. Blue-white, hand-long, a dot-line of cold light along the flank, it schools in the light columns under the waveglass in crowds that make the column flash when they turn. The Compact's whole under-lid economy is a net dropped into a niim column. Hunted by the kellu in the dark betw",RimMandrake/TerminalBiomes,FishBase,category+parent,Fish,,,,,,,,,,,,,,,,RM_TwilightSea,,,,2,0,0,6,food-only,eaten,,
RM_NissikCatch,nissik,"A double handful of glass-bodied pickers strained out of the bottom water, still faintly twitching. Individually they are nothing; by the netful they are the most reliable food this sea gives up, and the shore camps eat them boiled whole, shells and all.",RimMandrake/TerminalBiomes,FishBase,category+parent,Fish,,3,0.25,,,,,,,,,,,,,RM_GreySea,,,,2,0,0,3,food-only,eaten,,
RM_NoolimCatch,noolim,"A netful of dull silver slivers, hauled up from far under the Twilight Sea's waveglass — never one alone, always a shoal.",RimMandrake/TerminalBiomes,FishBase,category+parent,Fish,,4,0.25,,,,,,,,,,,,,RM_TwilightSea,,,,2,0,0,3,food-only,eaten,,
RM_NoothelmBulb,noothelm bulb,"A sealed golden bulb harvested off a noothelm stand. Unlit and inert until it is clipped whole to a tether-chain, at which point it wakes and never needs anything again.",RimMandrake/TerminalBiomes,ResourceBase,category+parent+produced,PlantFoodRaw,,6,0.3,,,,,,,,0.2,,,plant,RM_Farwick(harvest);RM_NoothelmPlant(harvest),RM_TwilightSea,,RM_NoothelmLampClipped,,8,0,0,6,fuel/oil/wax/hydrocarbon,direct,,
RM_NuudalCatch,nuudal,"The ceiling gardens shed a constant detritus rain from far overhead, and the floor is nuudal: long, soft, mottled, moving through the fall like cattle through a snowfall, eating it. The richest ground in the sea is the mud under a busy skylight, and nuudal are what turn it over. Every net in the columns comes up with a few. Filling, and nobody has ever asked for seconds.",RimMandrake/TerminalBiomes,FishBase,category+parent,Fish,,5,0.5,,,,,,,,,,,,,RM_TwilightSea,,,,2,0,0,3,food-only,eaten,,
RM_OdduCatch,oddu,"Kin to the rime nodule and the reason anyone fishes this shore: a fist-sized shell-thing that sits in the fuel and does what the nodule does on land — draws propane out of its surroundings into a sac of clear jelly that is, eaten, a very mild euphoric. The shell is frost-white and closes when the aurora fades. Raised from the lake it is cold enough to burn, and the scrapers of the Flats carry them",RimMandrake/TerminalBiomes,FishBase,category+parent,Fish,,9,0.7,,,,,,,,1.0,,,,,RM_TheChill,,,,2,0,0,6,food-only,eaten,,
RM_OoboCatch,oobo,"Lives in the ceiling gardens, hanging from the underside of the waveglass among the filter-feeders, and hunts by letting go — a soft, wide-armed drop through the whole dark height of the water onto whatever is below, and a long slow climb back up a kelp stem. The gardener tolerates it; the oobo groom the lid's underside as they go. Divers hate it with the specific hatred of people who have had one",RimMandrake/TerminalBiomes,FishBase,category+parent,Fish,,8,0.5,,,,,,,,,,,,,RM_TwilightSea,,,,2,0,0,3,food-only,eaten,,
RM_OomalCatch,oomal,"A blind, arm-long brine-eel the colour of boiled paper, so translucent the salt-crust it has swallowed shows as a grey line down the middle of it. It lives in the silt at the pillar feet and does not come up; the shore-nets take it when the bottom-brine surges. It is always sick — every oomal carries lesions where the salt has got in — and it is never fast. Shore-folk eat it and say it is better t",RimMandrake/TerminalBiomes,FishBase,category+parent,Fish,,,,,,,,,,,,,,,,RM_GreySea,,,,2,0,0,6,food-only,eaten,,
RM_OovanamCatch,oovanam,"A soot-dark, flattened crawler dredged off the solid-propane floor, still dusted pale with tholin ash. Uncommon.",RimMandrake/TerminalBiomes,FishBase,category+parent,Fish,,7,0.35,,,,,,,,,,,,,RM_TheChill,,,,2,0,0,4,food-only,eaten,,
RM_OovuCatch,oovu,"A bell of frozen hydrocarbon jelly that rides at the surface of the fuel where the snow lands, catching it — a floating cup with a crystal rim, tipping and righting, faintly green under the aurora because the aurora is the only light. It has no sting; it has almost nothing. Netted it is a bell of propane with a frost crust, and the shore-folk keep them for the lamp, not the pot: an oovu on a wire ",RimMandrake/TerminalBiomes,FishBase,category+parent,Fish,,3,0.2,,,,,,,,1.0,,,,,RM_TheChill,,,,2,0,0,4,food-only,eaten,,
RM_PalluCatch,pallu,"A saucer-sized floater that lives only in the light columns, holding a green symbiont film on its upper skin to the skylight like a face turned to the sun. A bright column is crowded with them, stacked in the water at every depth the light reaches, and a column the gardener lets close goes dark and the pallu sink out of it in a slow rain. The Compact counts them to price a skylight. Thin, green, s",RimMandrake/TerminalBiomes,FishBase,category+parent,Fish,,3,0.2,,,,,,,,,,,,,RM_TwilightSea,,,RM_SunSphere,2,0,1,5,food-only,direct,,
RM_PitchpearlBeads,pitchpearl beads,"Glossy black beads, each one a season's worth of the sky's darkest manufacture, rolled and sealed around a grit of ice. Low-grade forage — animals take them readily, pawns only when nothing better is left — and, sealed and portable as they are, exactly what a refinery wants once a colony has one.",RimMandrake/TerminalBiomes,ResourceBase,category+parent+produced,PlantFoodRaw,,2,0.05,,,,,,,,1.0,,Plant,plant,RM_Pitchpearl(harvest),RM_TheChill,RM_Make_HydrocarbonFleshFromChillFlora,,,8,0,0,5,fuel/oil/wax/hydrocarbon,direct,,
RM_RawSalt,coarse salt,"Grey-white salt broken out of the Grey Sea's own formations, still gritty with the sediment it grew in. The commonest substance on a dying sea's floor and the reason anyone dives it at all: the planet's chemical works, made portable a sackful at a time.",RimMandrake/TerminalBiomes,ResourceBase,category+parent+produced,ResourcesRaw,,0.9,0.04,,,,,,,,0,,,mineral;plant,RM_BrineEncasement(mined);RM_BrineJacket(mined);RM_Hoarstock(harvest);RM_Rimebeard(harvest);RM_SaltDome(mined);RM_SaltPillar(mined),RM_GreySea;RM_SeabedFloor_GreySea;RUT_GreySea;genstep:RM_GreySeaScatterDomes;genstep:RM_GreySeaScatterPillars,,,,0,0,2,9,chemical reagent/salt/venom/pigment,code,,
RM_RimeNoduleEuphoric,rime-nodule euphoric,"A bead of clear jelly drawn out of the fuel itself — propane extracted from its surroundings and left to sit until it is, eaten, a very mild euphoric. Cold enough to burn the tongue coming up, and about the closest thing the nightside offers to a good evening. Tarspool crowns yield the same compound the shore's own rime nodules do; nobody scraping a tarspool crown or cracking a nodule thinks of th",RimMandrake/TerminalBiomes,DrugBase,parent,,,10,0.05,,,,,,,,0.5,,Fluid/drug:Social,,,,,,,0,0,0,8,drug/medicine base,eaten,,
RM_Saal,saal,"The bubble-sailor, netted: a bell no bigger than a fist with a single stiff sail-vane that it sets into the trailing lines of boiling bubbles and rides — up the vent columns, drifting down, riding again. The Scald's kindest resident and its signature silhouette; pilgrims read their traffic the way sailors read gulls. Nobody fishes for them on purpose. One in a margin-net is let go more often than ",RimMandrake/TerminalBiomes,FishBase,category+parent,Fish,,4,0.3,,,,,,,,,,,,,RM_TheScald,,,,2,0,0,7,food-only,eaten,,
RM_SallikCatch,sallik,"A thumb-sized crab-thing that never grew a shell of its own: it excretes the salt it cannot keep out and wears the crust, layer on layer, until it is a walking lump of the sea's own mineral with legs underneath. Touch the water and every sallik within reach pulls its legs in and becomes a pebble. Cracked open there is very little in it, and that little is salt-sweet and good. The crusts are kept b",RimMandrake/TerminalBiomes,FishBase,category+parent,Fish,,7,0.6,,,,,,,,,,,,,RM_GreySea,,,,2,0,0,7,food-only,eaten,,
RM_SaltAmber,amber crystal salt,"Honey-coloured salt from the crystals that grow in the chimney fields, carrying whatever the vented brine dissolved out of the rock beneath. Smoky, warm, and the only one of the four that tastes of somewhere rather than of salt.",RimMandrake/TerminalBiomes,RM_CrystalSaltBase>ResourceBase,category+parent+produced,ResourcesRaw,,11,0.05,,,,,,,,0,,,mineral,RM_GreatSaltCrystal_Amber(mined),RM_GreySea;RUT_GreySea,RSW_CureWithAmberSalt,,,0,0,0,3,chemical reagent/salt/venom/pigment,direct,,
RM_SaltCameo,salt cameo,"A small creature — nobody can say which, or ever could — jacketed whole in pillar-mineral where it sank, the Grey's own statuary shrunk to a fist and made portable. Not carved: grown, the way everything else down there grows. A salt cameo does not rot and does not wear; it is exactly as it was found, and it will still be exactly that in a hundred years.",RimMandrake/TerminalBiomes,ResourceBase,category+parent,ResourcesRaw,,30,0.15,,,,,,,,0,,,,,,,,,0,0,0,4,trophy/relic/curio,trade/quest,,RUT_SaltCameo
RM_SaltPink,pink crystal salt,"Shell-coloured salt from the pink crystals, the stain running right through each flake rather than sitting on it. It tastes of iron behind the salt, faintly, and it colours anything it is cooked into.",RimMandrake/TerminalBiomes,RM_CrystalSaltBase>ResourceBase,category+parent+produced,ResourcesRaw,,12,0.05,,,,,,,,0,,,mineral,RM_GreatSaltCrystal_Pink(mined),RM_GreySea;RUT_GreySea,RSW_CureWithPinkSalt,,,0,0,0,3,chemical reagent/salt/venom/pigment,direct,,
RM_SaltViolet,violet crystal salt,"The rarest of the four, and the one that looks least like it grew. Violet salt comes only from the deep crystals near the pool margins, it comes in small quantities, and it is traded by weight against silver. It tastes sharp and slightly mineral and it is a very long way from anywhere.",RimMandrake/TerminalBiomes,RM_CrystalSaltBase>ResourceBase,category+parent+produced,ResourcesRaw,,18,0.05,,,,,,,,0,,,mineral,RM_GreatSaltCrystal_Violet(mined),RM_GreySea;RUT_GreySea,RSW_CureWithVioletSalt,,,0,0,0,3,chemical reagent/salt/venom/pigment,direct,,
RM_SaltWhite,white crystal salt,"Salt cleaved off a great crystal along its own planes: flat-faced flakes that catch what little light there is, clean of the sediment that fouls the coarse stuff. It is worth carrying up from the bottom of a sea, which coarse salt is not, and a cook who has used it will not go back.",RimMandrake/TerminalBiomes,RM_CrystalSaltBase>ResourceBase,category+parent+produced,ResourcesRaw,,9,0.05,,,,,,,,0,,,mineral,RM_GreatSaltCrystal_White(mined),RM_GreySea;RUT_GreySea,RSW_CureWithWhiteSalt,,,0,0,0,3,chemical reagent/salt/venom/pigment,direct,,
RM_ShullaCatch,shulla,"A hot-white sliver netted from between the Scald's vent plumes, a heat-shimmer still playing off its edge as it cools in the pail. Always comes up in company.",RimMandrake/TerminalBiomes,FishBase,category+parent,Fish,,4,0.25,,,,,,,,,,,,,RM_TheScald,,,,2,0,0,5,food-only,eaten,,
RM_SlackwaxTimber,slackwax timber,"Cut slackwax, set stone-hard the instant it left the fuel. It holds whatever shape it drowned in — chairs, hafts, window-lattices are all cut straight from a bed of it — and it burns like a torch if brought anywhere near flame.",RimMandrake/TerminalBiomes,ResourceVerbBase,stuffProps+category+parent+produced,ResourcesRaw,Woody,1.8,0.4,0.54,0.54,0.40,8,4,0.40,0.9,1.5,Beauty=1.2;DoorOpenSpeed=1.2;Flammability=1.3;MaxHitPoints=0.65;WorkToBuild=0.7;WorkToMake=0.7,,plant,RM_Slackwax(harvest),RM_TheChill,RM_Make_HydrocarbonFleshFromChillFlora,,,0,1030,0,7,structural wood/bone/stone/ice/clay,direct,,
RM_StonewaterIce,stonewater ice,"Chipped bone-white ice from a stonewater brake — the hardest mineral this biome owns, granite at −80°. Usable straight from the chip pile for cooking or drinking, cold enough to ache; melted properly it is the only real water the lake floor has.",RimMandrake/TerminalBiomes,ResourceBase,parent+produced,Foods,,1,0.4,,,,,,,,0,,Fluid,plant,RM_Stonewater(harvest),RM_SeabedFloor_TheChill;RM_TheChill;RUT_PropaneLake,RM_Extract_MeltedWater,,,4,0,0,4,structural wood/bone/stone/ice/clay,direct,,
RM_TarnnCatch,tarnn,"A colony, not a creature — or a creature that grew like a colony. A branching lattice of clear crystal the size of a bucket, half of it frozen hydrocarbon and half of it something alive threaded through the crystal, growing a hand's width every night from the fuel snow and fracturing back when the aurora is weak. It is the sea's version of the crystal flora on the shore, and nobody has decided whi",RimMandrake/TerminalBiomes,FishBase,category+parent,Fish,,8,0.8,,,,,,,,1.0,,,,,RM_TheChill,,,,2,0,0,4,food-only,eaten,,
RM_TarspoolStalk,tarspool stalk,"A whole tarspool, cut and unresolved: black base, amber middle, violet crown, still banded in the order the sky laid it down. Wicking floss holds the fractions apart until something takes it apart on purpose.",RimMandrake/TerminalBiomes,ResourceBase,category+parent+produced,ResourcesRaw,,4,0.5,,,,,,,,1.0,,,plant,RM_Tarspool(harvest),RM_TheChill,RM_Resolve_TarspoolStalk,,,0,0,0,5,fuel/oil/wax/hydrocarbon,direct,,
RM_TetherChain,tether-chain,"An alloy-and-bladder chain, the Compact's own showcase work: light enough to haul one-handed, strong enough to hold a cage or a lamp against the current. Nothing in the constellation moves without one clipped to it, and the Compact sells them one or two at a time.",RimMandrake/TerminalBiomes,ResourceBase,category+parent,ResourcesRaw,,140,1.5,,,,,,,,0.2,,,,,,,RM_ConstellationCageCube;RM_ConstellationCageSphere;RM_HoolimbreLampClipped;RM_NoothelmLampClipped,,0,0,0,11,out of scope (not a material),direct,,
RM_ThollimCatch,thollim,"Thick grey valves dredged out of the floor sediment, still shut and still heavy. A thollim keeps a fortnight in its own brine without any help, which on a coast with no cold and no rain is most of the reason anybody settles there.",RimMandrake/TerminalBiomes,FishBase,category+parent,Fish,,7,0.75,,,,,,,,,,,,,RM_GreySea,,,,2,0,0,3,food-only,eaten,,
RM_ThuumCatch,shimmer eel,"An eel that lives under the crowncarpet mats — between the rainbow mat and the rock, in the thin hot film where the mat is thickest — and takes the pigment into its skin the way the iridai does, so a shimmer eel carries dull rainbows down its whole length in the mat's own colours, behind an armored head, and a pilgrim who lifts a mat-edge at the baths sometimes finds one lying there like a strip o",RimMandrake/TerminalBiomes,FishBase,category+parent,Fish,,,,,,,,,,,,,,,,RM_TheScald,,,,2,0,0,4,food-only,eaten,,
RM_TikkarrCatch,tikkarr,"A long-legged, kelp-coloured crab-thing that lives up in the kelp forest, not on the floor — clinging, cutting, carrying fronds down to its holes. It is the sea-farm's pest and its pollinator both; cut kelp plots without tikkarr in them grow back slow. Armored, a good meal in the legs, and fond of nets.",RimMandrake/TerminalBiomes,FishBase,category+parent,Fish,,7,0.6,,,,,,,,,,,,,RM_TwilightSea,,,,2,0,0,3,food-only,eaten,,
RM_TollhornCore,tollhorn core,"A cut cylinder of soft horn-coral, banded like tree rings: a gold-veined band for every week of standing light above it, a blank one for every dark season. A core sample of the sky. The Compact's well-keeper buys them dearly, and has never once sold one.",RimMandrake/TerminalBiomes,ResourceBase,category+parent+produced,ResourcesRaw,,45,0.6,,,,,,,,0,,,plant,RM_Tollhorn(harvest),,,,,0,0,0,2,structural wood/bone/stone/ice/clay,ORPHAN,,
RM_VauliskLureOrgan,vaulisk lure organ,"A fist-sized gland, still faintly gold, pulled from a dead vaulisk. It holds its light exactly as steadily dead as it did alive — no piip, no breathing pulse, nothing a Compact house would ever hang a rafter for. Some things down here keep it anyway, out where nobody has to sleep under it.",RimMandrake/TerminalBiomes,ResourceBase,category+parent+produced,ResourcesRaw,,60,0.6,,,,,,,,0.5,,,creature,RM_Vaulisk(RM_comp:DropLureOrganOnDeath),RM_SeabedFloor_TwilightSea;RM_TwilightSea;RUT_TwilightSea,,,,0,0,1,1,chemical reagent/salt/venom/pigment,code,,
RM_VeilPane,fallen waveglass pane,"A whole sheet of the lid, come down entire and settled on the floor — still catching whatever light reaches this deep, still faintly warm from the fall. It will not move again on its own, and it is worth going to: harvest it before something else does.",RimMandrake/TerminalBiomes,ShipChunkBase,parent,,,,,,,,,,,,0,,,,,RM_SeabedFloor_TwilightSea;RM_TwilightSea;RUT_TwilightSea,,,,0,0,6,14,glass/silica/optics,code,,
RM_WaveglassShard,waveglass shard,"A broken piece of the lid, dense and faintly luminous, cool to the touch even fresh from a fall. It holds light the way the whole sky does, in miniature.",RimMandrake/TerminalBiomes,ResourceBase,category+parent+produced,ResourcesRaw,,2.6,0.3,,,,,,,,,,,item,RM_VeilPane(killedLeavings),RM_SeabedFloor_TwilightSea;RM_TwilightSea;RUT_TwilightSea,,RM_VeilPane,,0,0,0,4,glass/silica/optics,direct,,
RM_WeloonCatch,weloon,"A rounded, felt-textured shell netted off the Twilight Sea's floor, a few flakes of the shed waveglass it was picking at still caught in its claspers. Uncommon.",RimMandrake/TerminalBiomes,FishBase,category+parent,Fish,,6,0.4,,,,,,,,,,,,,RM_TwilightSea,,,,2,0,0,3,food-only,eaten,,
RM_ZhiilCatch,zhiil,"The young of the thing that makes the V-wake. Hand-long, black, ridged, a body built of the same propane-native chemistry as its parent and already agitated by anything that moves in the fuel — a zhiil in a net thrashes until it freezes solid, and then it is a spiny black icicle that thaws back to thrashing on the fire. Scrapers who have fished up a zhiil pull the line and leave, because the paren",RimMandrake/TerminalBiomes,FishBase,category+parent,Fish,,5,0.4,,,,,,,,1.0,,,,,RM_TheChill,,,,2,0,0,3,food-only,eaten,,
RUT_LampBlack,lamp-black,"Thick, lightfast ink pressed from a kellu's own sac — black as the Grey, and the only black the Compact trusts for a chart that has to survive salt water and a decade in a tube. Dye-houses on the surface pay for it sight unseen; the deep's own dock kitchens will not touch a squid that hasn't already given its ink up.",RimMandrake/TerminalBiomes,ResourceBase,category+parent+produced,ResourcesRaw,,24,0.1,,,,,,,,0.5,,,creature,RM_Kellu(butcher),RM_TwilightSea,,,,0,0,0,9,chemical reagent/salt/venom/pigment,trade/quest,,
RM_DhokkurHide,dhokkur hide,"Plated hide from a dhokkur, glassy black and heavier than it looks. The boiling rain runs off it without leaving a mark; forge-hands prize it for anything that has to stand between a body and the heat.",RimMandrake/TheForge,LeatherBase,stuffProps+category+parent+produced,Leathers,Leathery,9,,1.4,0.6,2.4,6,40,,,0,Flammability=0;MaxHitPoints=1.3,,creature,RM_Dhokkur(leather),RM_TheForge;RUT_TheForge,,,,0,1053,0,1,armour hide/leather/chitin/plate,as-stuff,,
RM_Floatstone,floatstone,"A block of floatstone weighs what a lie weighs. Spun glass whirled into tangles, frozen mid-swirl, strong the way a woven thing is strong -- it will not burn, it barely presses on the hand that carries it, and a wall of it looks like swirled stone spun sugar cut into blocks. The Farmers sell it by the promise instead of the weight. Nobody has ever asked for the weight back.",RimMandrake/TheForge,StoneBlocksBase,stuffProps+category+parent+produced,StoneBlocks,RM_SpunstoneWeave,8,0.1,,,,,,0.8,0.9,0,Beauty=1.8;DoorOpenSpeed=0.8;Flammability=0;MarketValue=1.0;MaxHitPoints=2.2;MeleeWeapon_CooldownMultiplier=0.9;WorkToBuild=3.5;WorkToMake=1.1,,plant,RM_FloatstoneGarden(harvest),RM_TheForge;RUT_TheForge,,RM_FloatstoneKeelBrace,,0,2,0,7,glass/silica/optics,direct,,
RM_AmbrosyxShroom,ambrosyx shroom,"A soft, rare shroom. Ambrosyx tastes wonderful and produces a subtle mood-increasing chemical high. However, if eaten too often, it can generate a mild addiction.",RimMandrake/TheRot,DrugBase,parent,,,15,0.1,,,,,,,,,,Fungus/drug:Social,,,,,,,0,0,0,0,drug/medicine base,eaten,,
RM_ChitinPlating,chitin plating,"Cured plates of insectoid chitin, layered and bonded for armor. Light, tough, and faintly iridescent.",RimMandrake/TheRot,ResourceBase,stuffProps+category+parent,ResourcesRaw,RM_ChitinStuff,3.2,0.4,0.9,0.7,0.3,10,6,,,0.3,MaxHitPoints=0.6;WorkToMake=1.1,,,,,,,,0,1,0,2,armour hide/leather/chitin/plate,as-stuff,,
RM_EggFungalMantisFertilized,fungal mimic mantis egg (fert.),"A fertilized skerrith egg. If all goes well, it should hatch into a mantis larvae. It can be eaten raw, but it's much better cooked.",RimMandrake/TheRot,EggFertBase,category+parent+produced,EggsFertilized,,40,,,,,,,,,,,,creature,RM_Skerrith(comp:EggLayer),RM_TheRot,,,,0,0,0,0,food-only,eaten,,
RM_EggFungalMantisUnfertilized,fungal mimic mantis egg (unfert.),"An unfertilized fungal mimic mantis egg. It can be eaten raw, but it's much, much better cooked.",RimMandrake/TheRot,EggUnfertBase,category+parent+produced,EggsUnfertilized,,20.0,,,,,,,,,,,,creature,RM_Skerrith(comp:EggLayer),RM_TheRot,,,,0,0,0,0,food-only,eaten,,
RM_EggFungalWeevilFertilized,grellik egg (fert.),"A fertilized grellik egg. If all goes well, it should hatch into a baby weevil. It can be eaten raw, but it's much better cooked.",RimMandrake/TheRot,EggFertBase,category+parent+produced,EggsFertilized,,20.0,,,,,,,,,,,,creature,RM_Grellik(comp:EggLayer),RM_TheRot,,,,0,0,0,0,food-only,eaten,,
RM_EggFungalWeevilUnfertilized,grellik egg (unfert.),"An unfertilized grellik egg. It can be eaten raw, but it's much, much better cooked.",RimMandrake/TheRot,EggUnfertBase,category+parent+produced,EggsUnfertilized,,10.0,,,,,,,,,,,,creature,RM_Grellik(comp:EggLayer),RM_TheRot,,,,0,0,0,0,food-only,eaten,,
RM_FragileChitin,fragile chitin,Chitin of a giant insect. It doesn't protect very well.,RimMandrake/TheRot,RM_RotBiomesCore_ChitinBase>LeatherBase,stuffProps+category+parent+produced,Leathers,RM_ChitinStuff;Leathery,1.0,0.03,0.45,0.50,1.5,10,10,,,1,Beauty=0.25;MaxHitPoints=1.0,,creature,RM_Hwelgrue(leather);RM_IllothLarvae(leather);RM_Thozzik(leather);RM_ThozzikColony(leather);RM_ThozzikColonyQueen(leather);RM_ThozzikQueen(leather);RM_ThozzikSpawned(leather),RM_TheRot;RUT_TheRot,,,,0,1054,0,0,armour hide/leather/chitin/plate,as-stuff,RSW_FragileChitin,
RM_FungalMantisClaw,fungal mimic mantis claw,A claw from a fungal mimic mantis. It's priceless in most markets. This is a true trophy and needed for special weapons.,RimMandrake/TheRot,ResourceVerbBase,parent+produced,ItemsMisc,,150,3,,,,,,,,0.4,,,creature,RM_Skerrith(butcher),RM_TheRot,,,,0,0,0,1,trophy/relic/curio,ORPHAN,,RSW_FungalMantisClaw
RM_Glimmerslime,glimmerslime,"Glimmerslime is a slime mold, not a real mushroom at all. It lives in symbiosis with the shinecaps.",RimMandrake/TheRot,PlantFoodRawBase,category+parent+produced,PlantFoodRaw,,1.2,0.027,,,,,,,,,,VegetableOrFruit,plant,RM_Shinecap(harvest),RM_TheRot;RUT_TheRot,,,,8,0,0,0,food-only,eaten,,
RM_IllothEggFertilized,illoth egg (fert.),"A fertilized illoth egg. If all goes well, it should hatch into a smog larvae. It can be eaten raw, but it's much better cooked.",RimMandrake/TheRot,EggFertBase,category+parent+produced,EggsFertilized,,40,,,,,,,,,,,,creature,RM_Illoth(comp:EggLayer),RM_TheRot,,,,0,0,0,0,food-only,eaten,,
RM_IllothEggUnfertilized,illoth egg (unfert.),"An unfertilized illoth egg. It can be eaten raw, but it's much, much better cooked.",RimMandrake/TheRot,EggUnfertBase,category+parent+produced,EggsUnfertilized,,20,,,,,,,,,,,,creature,RM_Illoth(comp:EggLayer),RM_TheRot,,,,0,0,0,0,food-only,eaten,,
RM_LiveIngredient_AgelessCap,orlath cap flesh,"Freshly cut flesh from an ageless cap, still faintly warm. It has to reach a brewing vessel fast, or it's worthless.",RimMandrake/TheRot,ResourceBase,parent+produced,Foods,,18,0.1,,,,,,,,0.5,,,plant,RM_AgelessCap(harvest),RM_TheRot,RM_Brew_AgelessBrew;RM_Brew_MycoidSymbiont;RM_Brew_SheenbloodSymbiont,,,4,0,0,6,drug/medicine base,direct,,
RM_LiveIngredient_EuphoricCrown,lussa crown cap,"A whole cap cut from a euphoric crown, still faintly luminous. It has to reach a brewing vessel fast, or it's worthless.",RimMandrake/TheRot,ResourceBase,parent+produced,Foods,,18,0.1,,,,,,,,0.5,,,plant,RM_EuphoricCrown(harvest),RM_TheRot,RM_Brew_EuphoricBrew;RM_Brew_NightwakeSymbiont;RM_Brew_ToxicInjection,,,4,0,0,6,drug/medicine base,direct,,
RM_LiveIngredient_RegenerantVeil,mirrash veil tissue,"A cut strip of living veil tissue, still faintly pulsing. It has to reach a brewing vessel fast, or it's worthless.",RimMandrake/TheRot,ResourceBase,parent+produced,Foods,,18,0.1,,,,,,,,0.4,,,plant,RM_RegenerantVeil(harvest),RM_TheRot,RM_Brew_MycoidSymbiont;RM_Brew_QuickfleshSymbiont;RM_Brew_RegenerantBrew,,,4,0,0,6,drug/medicine base,direct,,
RM_LivingFurnaceCap,living thurrom hearth,"A furnace cap taken whole and still alive, warm to hold and slightly damp. Packed into a frame it will keep burning its own tissue for heat until there is nothing left of it.",RimMandrake/TheRot,ResourceBase,category+parent+produced,ResourcesRaw,,3.5,0.4,,,,,,,,0.3,,,plant,RM_FurnaceCap(harvest),,,RM_GrownFurnace,,0,0,0,3,trophy/relic/curio,direct,,
RM_MedicineFungal,fungal medicine,"A pack of fungal concoctions extracted from the mortal morel. It is less potent than industrial pharmaceuticals, but much better than nothing.",RimMandrake/TheRot,MedicineBase,produced,,,10,0.35,,,,,,,,1.3,,,plant,RM_MortalMorelPlant(harvest);RM_MortalMorelPlantGrowable(harvest),RM_TheRot;RUT_TheRot,RM_IndustrialMedicineFromFungal;RM_Make_UnjoiningDraught,,,0,0,0,3,drug/medicine base,direct,,
RM_MoonlessSilk,moonless leather,"Tanned, dried, scraped mushroom layers. A good underground material for making clothes and bags.",RimMandrake/TheRot,ResourceBase,stuffProps+category+parent+produced,Leathers,Leathery,4.5,0.026,0.50,0.9,3.75,25,40,,,0,Beauty=3.0;Flammability=0.05;MaxHitPoints=1.0,,plant,RM_MoonlessStripesPlant(harvest),,,RM_MoonlessCarpet,,0,1053,0,2,armour hide/leather/chitin/plate,direct,,
RM_MushroomLeather,mushroom leather,"A squishy damp fabric, not really leather.",RimMandrake/TheRot,LeatherBase,stuffProps+category+parent,Leathers,Leathery,,0.03,0.22,0.22,1.8,22,8,,,0.2,,,,,,,RM_BrewingVessel,,0,1053,0,6,armour hide/leather/chitin/plate,direct,,
RM_MushroomLog,mushroom log,"Material from large fibrous fungi. Useful for building structures and weapons. Good animal feed, but largely inedible for humans.\n\nDoes not burn easily and cannot be used as fuel for normal burning but can be used for darklight sources.",RimMandrake/TheRot,ResourceVerbBase,stuffProps+category+parent+produced,ResourcesRaw;Foods,Woody,1.1,0.4,0.54,0.54,0.40,8,4,0.40,0.9,0,Beauty=1;DoorOpenSpeed=1.2;Flammability=0;MaxHitPoints=0.55;WorkToBuild=0.7;WorkToMake=0.7,Fungus,plant,RM_Arpeau(harvest);RM_FlakespireFungus(harvest);RM_GreenArpeau(harvest);RM_Skulltop(harvest),RM_TheRot;RUT_TheRot,RM_Make_MushroomLeather,RM_HeavyMushroomBridge;RM_MushroomBridge;RM_MushroomFloor;RM_MycelialMatting;RM_MycelialSoil;RUT_FungalMantisScythe,,4,1030,0,14,structural wood/bone/stone/ice/clay,direct,,
RM_RawDulcis,dulcis,"Dulcis mushrooms. Nice to eat, even raw, if you like fungus.",RimMandrake/TheRot,PlantFoodRawBase,category+parent+produced,PlantFoodRaw,,1.2,0.027,,,,,,,,,,Fungus,plant,RM_DulcisPlant(harvest),,,,,8,0,0,0,food-only,eaten,,
RM_RotMediumChitin,tough chitin,Chitin of a giant insect. It's quite durable.,RimMandrake/TheRot,RM_RotBiomesCore_ChitinBase>LeatherBase,stuffProps+category+parent+produced,Leathers,RM_ChitinStuff;Leathery,5.0,0.03,1.1,0.8,1.5,15,15,,,1,Beauty=3;MaxHitPoints=1.2,,creature,RM_Skerrith(leather),RM_TheRot,,,,0,1054,0,0,armour hide/leather/chitin/plate,as-stuff,RSW_MediumChitin;RM_MediumChitin,
RM_RotWeakChitin,brittle chitin,Chitin of a giant insect. It is one of the weakest types of chitin.,RimMandrake/TheRot,RM_RotBiomesCore_ChitinBase>LeatherBase,stuffProps+category+parent+produced,Leathers,RM_ChitinStuff;Leathery,1.0,0.03,0.4,0.4,1.5,10,10,,,1,Beauty=1;MaxHitPoints=1.0,,creature,RM_Grellik(leather),RM_TheRot,,,,0,1054,0,0,armour hide/leather/chitin/plate,as-stuff,RSW_WeakChitin;RM_WeakChitin,RSW_WeakChitin;RM_WeakChitin
RM_Symbiont_Mycoid,mycoid symbiont,"A dense grey button of gut-wall fungus, bred for a job that has nothing to do with this biome. It is worth what it is worth because of somewhere else — a place where being digested is the local weather.",RimMandrake/TheRot,DrugBase,parent,,,540,0.4,,,,,,,,,,Meat,,,,,,,0,0,0,2,drug/medicine base,eaten,,
RM_Symbiont_Nightwake,nightwake symbiont,"A pale, slow-moving thread coiled in a leaf of veil tissue. It wants the base of a skull, and once it has one its host will never sleep again — nor be entirely predictable again either.",RimMandrake/TheRot,DrugBase,parent,,,760,0.4,,,,,,,,,,Meat,,,,,,,0,0,0,2,drug/medicine base,eaten,,
RM_Symbiont_Quickflesh,quickflesh symbiont,"A palm-sized fold of living tissue, warm and slightly mobile. Swallowed, it finds the underside of the skin and settles in for good, rebuilding damage faster than any human body manages — on an appetite to match.",RimMandrake/TheRot,DrugBase,parent,,,700,0.4,,,,,,,,,,Meat,,,,,,,0,0,0,2,drug/medicine base,eaten,,
RM_Symbiont_Sheenblood,sheenblood symbiont,"A bead of the Rot's own reproductive tissue, kept alive in a drop of its own sleet. Swallowing it is the formal act of giving up: the Sheen stops treating the host as material. The sun, which the Rot has never met, is a different matter.",RimMandrake/TheRot,DrugBase,parent,,,880,0.4,,,,,,,,,,Meat,,,,,,,0,0,0,2,drug/medicine base,eaten,,
RM_Tea_AgeReversal,ageless brew,"A thin, faintly warm liquor pressed from ageless cap flesh within minutes of cutting it. Drunk fresh, it unpicks years of accumulated damage in a single afternoon — and then the body is saturated, and will take nothing more from it for a year. Nobody has ever managed to carry a cup home.",RimMandrake/TheRot,DrugBase,parent,,,820,0.3,,,,,,,,,,Liquor,,,,,,,0,0,0,2,drug/medicine base,eaten,,
RM_Tea_Bioregeneration,regenerant brew,"Veil tissue steeped just short of boiling, so the cells survive the cup. For a few days afterward the drinker's body treats every old injury as new work in progress, and finishes it properly.",RimMandrake/TheRot,DrugBase,parent,,,640,0.3,,,,,,,,,,Liquor,,,,,,,0,0,0,2,drug/medicine base,eaten,,
RM_Tea_Pleasure,lussa crown brew,The crown's cap wrung out over heat into half a cup of something that smells like a remembered summer. It is the most straightforwardly wonderful thing on this planet and it is gone by the day after tomorrow.,RimMandrake/TheRot,DrugBase,parent,,,310,0.3,,,,,,,,,,Liquor,,,,,,,0,0,0,2,drug/medicine base,eaten,,
RM_ToxiChitin,toxic chitin,Chitin of a giant insect adapted to toxic environments. It's fairly durable.,RimMandrake/TheRot,RM_RotBiomesCore_ChitinBase>LeatherBase,stuffProps+category+parent+produced,Leathers,RM_ChitinStuff;Leathery,5.0,0.03,1.1,0.6,1.5,15,15,,,1,Beauty=0.25;MaxHitPoints=1.2,,creature,RM_Illoth(leather),RM_TheRot,,,,0,1054,0,0,armour hide/leather/chitin/plate,as-stuff,RSW_ToxiChitin,RSW_ToxiChitin
RM_UnjoiningDraught,unjoining draught,"A vile fungal purge. Drunk, it drives out every living thing joined to the body: muscle parasites, gut worms, any symbiont of the Rot, and anything worse hiding in the flesh. The patient spends a day very sick, and the draught leaves a permanent scar on a liver or kidney.\n\nIf something is hiding in the body that is not a parasite, the draught will find it, and it will come out fighting.",RimMandrake/TheRot,DrugBase,parent,,,120,0.2,,,,,,,,0.7,,Processed/drug:Medical,,,,,,,0,0,1,6,drug/medicine base,eaten,,
RM_Bitumen,bitumen,"Solid black pitch, rendered from raw tar until it sets hard. Waterproofing, adhesive, torch-fuel, road-metal — half the Sump's economy runs on this one substance in one form or another, and the old paved roads were made from exactly this.",RimMandrake/TheSump,ResourceBase,category+parent,ResourcesRaw,,1.8,0.35,,,,,,,,0.7,,,,,,,RM_CapstanTurret_PitRigged;RM_GaslightLamp;RM_Glasswalk;RM_TarGas;RM_TarVault,,0,0,1,24,fuel/oil/wax/hydrocarbon,direct,,
RM_DredgelChitin,dredgel chitin,"A curved plate off an archive-sifter's back — the janitor's one trade good, taken only if you shoot it, which nobody who wants more digs found ever does.",RimMandrake/TheSump,ResourceBase,category+parent+produced,ResourcesRaw,,1.2,0.08,,,,,,,,0.4,,,creature,RM_Dredgel(butcher),RM_TheSump,,,,0,0,0,2,armour hide/leather/chitin/plate,ORPHAN,,
RM_KorvethPitch,korveth pitch,"A hard black nodule of concentrated bitumen, harvested from a korveth shrub's swollen branches. Waterproofing, adhesive, torch-fuel — small-scale pitch trade without sinking a dig.",RimMandrake/TheSump,ResourceBase,category+parent+produced,ResourcesRaw,,1.2,0.2,,,,,,,,1.2,,,plant,RM_Korveth(harvest),RM_TheSump,,RM_Bitumen,,0,0,0,5,fuel/oil/wax/hydrocarbon,direct,,
RM_Leather_TarCured,tar-cured hide,"A gulveth's hide, cured waterproof by a lifetime half-sunk in the black. The Sump's own coat — nothing else on the planet sheds tar the way clothing cut from this does.",RimMandrake/TheSump,LeatherBase,stuffProps+category+parent+produced,Leathers,Leathery,4.2,0.04,0.35,0.3,,28,10,,,0.7,,,creature,RM_Gulveth(leather),RM_TheSump,,,,0,1053,0,0,armour hide/leather/chitin/plate,as-stuff,,
RM_RawDorvel,dorvel,"A fist-sized grey-green barrel harvested from a dorvel plant — bland, dense, and reliable. The reason a Sump colony can eat at all.",RimMandrake/TheSump,PlantFoodRawBase,category+parent+produced,PlantFoodRaw,,0.7,0.02,,,,,,,,,,VegetableOrFruit,plant,RM_Dorvel(harvest),RM_TheSump,,,,8,0,0,0,food-only,eaten,,
RM_RawSkelver,skelver,"A waxy, dinner-plate-sized rosette leaf with an oily dark heart, torn from a skelver plant at a pool's edge. Edible raw at the usual penalty — the forage staple of the Sump.",RimMandrake/TheSump,PlantFoodRawBase,category+parent+produced,PlantFoodRaw,,0.6,0.02,,,,,,,,,,VegetableOrFruit,plant,RM_Skelver(harvest),RM_TheSump,,,,8,0,0,0,food-only,eaten,,
RM_Seepwax,seepwax,"Warm, waxy comb-secretion cracked from a thrummel mound — the hive's own honey-wax analog, worked from tar-sugars by the workers. Nothing about a mound raid is stingy with it.",RimMandrake/TheSump,ResourceBase,category+parent+produced,ResourcesRaw,,1.4,0.18,,,,,,,,0.5,,,creature,RM_ThrummelBroodmother(butcher),RM_TheSump;RUT_Sump,,RM_CapstanTurret_PitRigged;RM_ThrummelSeepwax,,0,0,0,8,fuel/oil/wax/hydrocarbon,direct,,
RM_SkarridHide,skarrid hide,"The glass-smooth hide off a still hunter's back — the prize for beating it at its own game of stillness. Cures dark and slick, almost seamless.",RimMandrake/TheSump,LeatherBase,stuffProps+category+parent+produced,Leathers,Leathery,9,0.045,0.6,0.4,,24,12,,,0.5,,,creature,RM_Skarrid(leather),RM_TheSump;RUT_Sump,,,,0,1053,0,0,armour hide/leather/chitin/plate,as-stuff,,
RM_SkellarnChitin,skellarn spine-chitin,"The hollow, needle-tipped chitin off a skellarn's stilt-legs — the same spikes that let it stand on the tar. Junkers grind it into awls and fuse-post spikes.",RimMandrake/TheSump,ResourceBase,category+parent+produced,ResourcesRaw,,2.4,0.06,,,,,,,,0.3,,,creature,RM_Skellarn(butcher),RM_TheSump,,,,0,0,0,2,armour hide/leather/chitin/plate,ORPHAN,,
RM_StrongTarSolvent,strong tar solvent,"An industrial-strength acid, far past anything the Sump renders for itself — this is the Poison Forest's own line of work, not the tar-country trade the local mounds support. Whatever it touches lets go of tar at once, no scrubbing needed.",RimMandrake/TheSump,ResourceBase,category+parent,ResourcesRaw,,7,0.2,,,,,,,,0.4,,,,,,RM_ScrubTarred,,,0,0,3,9,chemical reagent/salt/venom/pigment,direct,,
RM_TarGas,tar gas,"Bottled green gas, rendered by working an acid into raw tar until it lets go of its own vapor. The same chemistry the geysers do for free, on demand and by the jug — sharp-smelling, faintly luminous, and the only fuel on the Sump that burns warm instead of foul.",RimMandrake/TheSump,ResourceBase,category+parent,ResourcesRaw,,3.2,0.12,,,,,,,,1.0,,,,,,,,RM_GaslightLamp,0,0,3,19,fuel/oil/wax/hydrocarbon,direct,,
RM_TarRuinedGoods,tar-ruined goods,"Whatever this was — food, flesh, hide — the tar did not let go clean. It came up as a single fused black lump, worthless for anything but burning.",RimMandrake/TheSump,ResourceBase,category+parent,ResourcesRaw,,0.1,0.3,,,,,,,,0.9,,,,,,,,,0,0,4,4,trophy/relic/curio,code,,
RM_ThrummelChitin,thrummel chitin,"Hard, dark plate cracked off a thrummel worker or warden — the under-layer's own building material, tough enough to be worth the mound-raid.",RimMandrake/TheSump,ResourceBase,category+parent+produced,ResourcesRaw,,1.8,0.1,,,,,,,,0.4,,,creature,RM_Thrummel(butcher);RM_ThrummelBroodmother(butcher);RM_ThrummelWarden(butcher),RM_TheSump;RUT_Sump,,,,0,0,0,5,armour hide/leather/chitin/plate,ORPHAN,,
RM_ThrummelSeepwax,thrummel seepwax,"Warm, waxy secretion harvested from a thrummel mound — the hive's own building material and, rendered right, the feedstock for the Sump's one homegrown acid. A raid on a mound yields it by the barrel; nothing about gathering it is stingy.",RimMandrake/TheSump,ResourceBase,category+parent,ResourcesRaw,,1.4,0.18,,,,,,,,0.5,,,,,,,RM_WeakTarSolvent,,0,0,0,11,fuel/oil/wax/hydrocarbon,direct,,
RM_WeakTarSolvent,weak tar solvent,"Thrummel seepwax rendered down into a mild acid — sharp-smelling, safe enough to handle bare-handed, and the only thing on the Sump that lets go of tar once it has set. A colony that raids the mounds is never really short of it.",RimMandrake/TheSump,ResourceBase,category+parent,ResourcesRaw,,2.2,0.2,,,,,,,,0.3,,,,,,RM_ScrubTarred,RM_TarGas,,0,0,4,12,chemical reagent/salt/venom/pigment,direct,,
RM_BrinePlate,brine plate,"A stacked mineral wafer, salt-white and dark by turns, pried off a brineleech that has already spent its charge — or found loose on a pool floor, which is the same thing a season later. It still holds a whisper of charge; touch two together in the dark and they spark. Traders who buy oddities want it.",RimMandrake/Wasteland,ResourceBase,category+parent+produced,ResourcesRaw,,28,0.3,,,,,,,,0,,,mineral,RM_BrineDeposit_BrinePlate(mined),RM_Wasteland;RUT_Wasteland,,,,0,0,0,6,chemical reagent/salt/venom/pigment,ORPHAN,,
RM_ContaminantBezoar,contaminant bezoar,"A dense fist-sized lump of refined metal-salt contamination, coughed up whole by an excretor animal that spent days walking it out of poisoned ground. Heavy, layered, faintly waxy — worth real money to the right buyer, and worth keeping in small piles only. A kept herd producing these one stone at a time is the closest thing this ground has to a refinery.",RimMandrake/Wasteland,ResourceBase,category+parent+produced,ResourcesRaw,,18,1.4,,,,,,,,0,,,creature;mineral,RM_MiddenshellSeam(mined);RM_Sloghog(RM_comp:ProcessorGatherable),RM_Wasteland,,,,0,0,0,4,chemical reagent/salt/venom/pigment,ORPHAN,,
RM_Drazz,brineleech,"The owner. A forearm-long, plated, sea-cucumber-shaped thing whose body is a stack of living electrode wafers, salt-white and mineral-dark by turns, lying on the bed of a hypersaline pool and running on the ion gradient between the brine and the metal beneath it. It discharges as defense. The pool you want to mine has one, and it is a capacitor, and it does not want you there. Landed — carefully, ",RimMandrake/Wasteland,FishBase,category+parent+produced,Fish,,9,0.8,,,,,,,,0,,,mineral,RM_BrineDeposit_Drazz(mined),RM_Wasteland;RUT_Wasteland,,,,2,0,0,8,food-only,eaten,,
RM_SootBrick,soot brick,"A compressed brick of fuel-grade soot and ash, pressed out of a sootgrazer that spent the season eating deposition off the flats. Cheap, stackable, burns dirty but burns — and the supply is endless where the sky keeps falling.",RimMandrake/Wasteland,ResourceBase,category+parent+produced,ResourcesRaw,,3,1.0,,,,,,,,1.0,,,creature,RM_Sootgrazer(RM_comp:ProcessorGatherable),RM_Wasteland,,,,0,0,0,3,fuel/oil/wax/hydrocarbon,ORPHAN,,
RM_Tekk,sparkcrab,"A salt-white, flat-bodied scraper the size of a thumb, living on the mineral beds under the brine and grazing the crust the brineleech lay down. It carries a charge — a small one; picking one up bare-handed is a tingle and a lesson. They swarm on a carcass in the pool and strip it, and on a brineleech that has spent its charge, which is how the pool's owner eventually dies. Edible after a long soa",RimMandrake/Wasteland,FishBase,category+parent+produced,Fish,,7,0.6,,,,,,,,,,,mineral,RM_BrineDeposit_Tekk(mined),RM_Wasteland;RUT_Wasteland,,,,2,0,0,6,food-only,eaten,,
RM_VitrifiedBezoar,vitrified bezoar,"A rarer, larger grade of contaminant bezoar, mined out of a hardened Middenshell corpse's own accreted shell — glassy black-green vitrified mineral fused with metal-salt layers, deep sickly-radiance seams glowing faintly inside the glass. The richest excretor-refining prize in the biome, priced in the dose you take digging it out.",RimMandrake/Wasteland,ResourceBase,category+parent+produced,ResourcesRaw,,65,2.2,,,,,,,,0,,,mineral,RM_MiddenshellVitrifiedSeam(mined),,,,,0,0,0,1,chemical reagent/salt/venom/pigment,ORPHAN,,
RM_WatcherRemains_Piinnok,clouded piinnok lens,"A small dome of glass-clear flesh gone milky, now that nothing looks out of it. It is still faintly warm. There is barely a mouthful on it, and nobody who has eaten one recommends it. Fine glass grains are left where the lens was.",RimMandrake/Watchers,OrganicProductBase,category+parent,AnimalProductRaw,,0.3,0.02,,,,,,,,,,AnimalProduct,,,,,,,0,0,0,2,trophy/relic/curio,eaten,,
RM_BrimlockWater,brimlock water,"Clear water drained from a cut brimlock bladder-trunk — the only water most travellers in this jungle ever see, since the thicket drank the river whole. Cutting one draws churn regrowth to the spill.",RimMandrake/Webwork,ResourceBase,category+parent+produced,ResourcesRaw,,0.4,0.05,,,,,,,,0.0,,,plant,RM_Brimlock(harvest),RM_Webwork,,,,0,0,0,2,out of scope (not a material),ORPHAN,,
RM_OllathrixEgg,ollathrix egg,"A leathery, bone-white egg the size of a bowling ball, still faintly warm from the clutch it was pulled out of, faintly dusted with silk. Nothing has ever hatched one away from the mother's own nest. Traders who deal in these are not buying livestock — they are buying a very particular, very illegal kind of cargo, and it does not keep for long.",RimMandrake/Webwork,ResourceBase,category+parent+produced,ResourcesRaw,,400,2,,,,,,,,0.6,,,item;mineral,RM_Webwork_EggClutch(mined);RM_Webwork_NestWall(killedLeavings),RM_Webwork;RUT_Webwork,,,,0,0,3,31,food-only,code,,
RM_QuarrokChitin,quarrok chitin,"Dull bronze-black plate cracked off a quarrok's slab back, still dusted with silk lint. Tough enough to be worth cutting free.",RimMandrake/Webwork,ResourceBase,category+parent+produced,ResourcesRaw,,1.6,0.1,,,,,,,,0.3,,,creature,RM_Quarrok(butcher),RM_Webwork,,,,0,0,0,2,armour hide/leather/chitin/plate,ORPHAN,,
RM_TavroskLiquor,tavrosk liquor,"Sweet volatile sap tapped from a tavrosk's bole. Drunk straight, traded, or burned in a Wildsteam still — one tapped item doing three jobs.",RimMandrake/Webwork,ResourceBase,category+parent+produced,PlantFoodRaw,,1.2,0.02,,,,,,,,0.8,,VegetableOrFruit,plant,RM_Tavrosk(harvest),RM_Webwork,,,,8,0,0,2,drug/medicine base,eaten,,
RM_BladderFruit,bladder-fruit,"A fat translucent pod cut from a bladderquill, sloshing with stored water and a little starchy pulp. Food and drink in one object -- where bladderquill stands, nobody dies thirsty.",RimMandrake/WeepingStones,PlantFoodRawBase,category+parent+produced,PlantFoodRaw,,1.8,0.03,,,,,,,,,,VegetableOrFruit,plant,RM_Bladderquill(harvest),RM_WeepingStones;RUT_WeepingStones,,,,8,0,0,3,food-only,eaten,,
RM_CondenserWater,condenser water,"A litre of clean water drawn out of dry air by the ancient condenser, in a stoppered flask.",RimMandrake/WeepingStones,ResourceBase,category+parent,ResourcesRaw,,1.5,1,,,,,,,,,,,,,,,,,0,0,1,0,out of scope (not a material),code,,
RM_DewgourdFruit,dewgourd,"A single melon-sized gourd, rind pale and waxy as the stone it grew in the shade of. Slow to grow, but a colony that has one crop under cultivation eats well for a long season -- the waxy rind keeps it edible long after most produce would have spoiled.",RimMandrake/WeepingStones,PlantFoodRawBase,category+parent+produced,PlantFoodRaw,,3.4,0.6,,,,,,,,,,VegetableOrFruit,plant,RM_Dewgourd(harvest),RM_WeepingStones,,,,8,0,0,3,food-only,eaten,,
RM_Dewsilk,dewsilk,"A pale, weightless fabric spun from mirrik cocoons. It sheds water, stays cool against the skin and insulates well against heat; the Weeping Stones' one export that caravans ask for by name.",RimMandrake/WeepingStones,ResourceBase,stuffProps+category+parent,Textiles,Fabric,9,0.02,0.3,0,0.3,14,30,,,0.5,Beauty=2;Flammability=0.5,,,,,,,,1,1029,0,3,textile/silk/wool/fibre,as-stuff,,
RM_DewsilkCocoon,dewsilk cocoon,"A damp, pearl-grey cocoon the size of a thumbnail, combed from the mesh wings of a tamed mirrik swarm. Spun at a tailor bench it becomes dewsilk.",RimMandrake/WeepingStones,ResourceBase,category+parent+produced,ResourcesRaw,,2.5,0.02,,,,,,,,0.8,,,creature,RM_Mirrik(comp:Shearable),RM_WeepingStones,RM_SpinDewsilk,,,0,0,0,3,textile/silk/wool/fibre,direct,,
RM_Duul,duul,"A slow grey sock of a thing that lies on the pool floor and eats what settles -- silt, dung, dead dew-smoke, the ash blown in from the desert. A pool with duul in it stays clear; a pool without them clouds in a season. Every oasis keeper knows the count. It is edible in the sense that most things are.",RimMandrake/WeepingStones,FishBase,category+parent,Fish,,5,0.5,,,,,,,,,,,,,RM_WeepingStones,,,,2,0,0,4,food-only,eaten,,
RM_HulduBreedingStock,huldu breeding stock,"A live huldu, picked up and carried home in a wet skin, clinging and warm the whole way. Release into a stocked pool pen.",RimMandrake/WeepingStones,OrganicProductBase,category+parent,ResourcesRaw,,44,0.5,,,,,,,,0.3,,,,,,,,,0,0,0,0,out of scope (not a material),ORPHAN,,
RM_HulduCatch,huldu,"Picked up. It holds on. The easiest catch on the farm, and the one that leaves the handler uneasy.",RimMandrake/WeepingStones,FishBase,category+parent,Fish,,7,0.5,,,,,,,,,,,,,RM_WeepingStones,,,,2,0,0,3,food-only,eaten,,
RM_HulduMeat,huldu meat,"Rich and fatty, the winter-feast meat, renders a fine cooking fat (see: rendered huldu fat). It is warm, it clings, it has something like breath, and it was quiet all the way to the kitchen.",RimMandrake/WeepingStones,OrganicProductBase,category+parent,MeatRaw,,5.5,0.025,,,,,,,,0.5,,Meat,,,,RM_RenderHulduFat,,,7,0,0,3,food-only,direct,,
RM_Ikkal,ikkal,"A palm-wide bladder that hangs at the surface with a comb of fringe trailing below it, sieving the dew-smoke out of the water as it falls. At dusk the whole pool is dimpled with them, tilted to the same side like cups set out. It has no fight in it; a child can lift one out. Thin eating, and nobody minds -- pilgrims cook them for the broth, which tastes faintly of the stones.",RimMandrake/WeepingStones,FishBase,category+parent,Fish,,3,0.2,,,,,,,,,,,,,RM_WeepingStones,,,,2,0,0,4,food-only,eaten,,
RM_IvvolBreedingStock,ivvol breeding stock,"A live ivvol, lifted from the floor at night and carried home in a wet skin. Release into a stocked pool pen; a pen is said to run better with one.",RimMandrake/WeepingStones,OrganicProductBase,category+parent,ResourcesRaw,,60,0.5,,,,,,,,0.3,,,,,,,,,0,0,0,0,out of scope (not a material),ORPHAN,,
RM_IvvolCatch,ivvol,"Lifted from the floor at night, when the eye-ridge closes. By day it sees the net coming, every time.",RimMandrake/WeepingStones,FishBase,category+parent,Fish,,9,0.45,,,,,,,,,,,,,RM_WeepingStones,,,,2,0,0,3,food-only,eaten,,
RM_IvvolMeat,ivvol meat,"Dense, mild, good keeping-meat. When finally netted it did not struggle — it went still, and the whole ridge of eyes turned to the farmer, and it watched. Eating the thing that ran your pool better than you did feels like eating the foreman.",RimMandrake/WeepingStones,OrganicProductBase,category+parent,MeatRaw,,5,0.02,,,,,,,,0.5,,Meat,,,,,,,7,0,0,1,food-only,eaten,,
RM_KarrekBreedingStock,karrek breeding stock,"A basket-trapped swarm of live karrek, carried home in a wet skin. Release into a stocked pool pen — bandage before you do.",RimMandrake/WeepingStones,OrganicProductBase,category+parent,ResourcesRaw,,8,0.35,,,,,,,,0.3,,,,,,,,,0,0,0,0,out of scope (not a material),ORPHAN,,
RM_KarrekCatch,karrek,"A basket-trapped handful of finger-length armored fish, chitin combs still snapping. Never a line, never bare hands.",RimMandrake/WeepingStones,FishBase,category+parent,Fish,,2,0.15,,,,,,,,,,,,,RM_WeepingStones,,,,2,0,0,3,food-only,eaten,,
RM_KarrekMeat,karrek meat,"Raw meat from a karrek swarm — individually nothing, rendered by the basketful into a rich paste that keeps (see: karrek paste). Doubt-free, handler-hostile to gather.",RimMandrake/WeepingStones,OrganicProductBase,category+parent,MeatRaw,,1.6,0.015,,,,,,,,0.5,,Meat,,,,RM_CookPoolFryBasket;RM_RenderKarrekPaste,,,7,0,0,5,food-only,direct,,
RM_LoomuBreedingStock,loomu breeding stock,"A live loomu, called in with a whistle and carried home in a wet skin, already murmuring back what it heard on the way. Release into a stocked pool pen.",RimMandrake/WeepingStones,OrganicProductBase,category+parent,ResourcesRaw,,40,0.5,,,,,,,,0.3,,,,,,,,,0,0,0,0,out of scope (not a material),ORPHAN,,
RM_LoomuCatch,loomu,"It came to the feed whistle. That IS the catch method, and everyone hates it.",RimMandrake/WeepingStones,FishBase,category+parent,Fish,,8,0.4,,,,,,,,,,,,,RM_WeepingStones,,,,2,0,0,3,food-only,eaten,,
RM_LoomuMeat,loomu meat,"The tenderest meat in the biome, faintly sweet. It learned the whistle, and it answered the whistle, and it was netted with the whistle. Some farms keep one loomu only as the caller for the rest and swear they would never eat that one.",RimMandrake/WeepingStones,OrganicProductBase,category+parent,MeatRaw,,6,0.02,,,,,,,,0.5,,Meat,,,,,,,7,0,0,1,food-only,eaten,,
RM_MurrinBreedingStock,murrin breeding stock,"A handful of live murrin, netted at a wild oasis and carried home in a wet skin. Release into a stocked pool pen to found or reinforce a stock.",RimMandrake/WeepingStones,OrganicProductBase,category+parent,ResourcesRaw,,14,0.4,,,,,,,,0.3,,,,,,,,,0,0,0,0,out of scope (not a material),ORPHAN,,
RM_MurrinCatch,murrin,"A hand-length pool fish, deep-keeled, one tall dorsal comb-fin still folding. Gentle in the net and gentle on the plate.",RimMandrake/WeepingStones,FishBase,category+parent,Fish,,3,0.2,,,,,,,,,,,,,RM_WeepingStones,,,,2,0,0,4,food-only,eaten,,
RM_MurrinMeat,murrin meat,"Raw meat from a murrin, the stocked pool's gentle baseline. Good ordinary fish-flesh.",RimMandrake/WeepingStones,OrganicProductBase,category+parent,MeatRaw,,2.4,0.02,,,,,,,,0.5,,Meat,,,,RM_CookMurrinBroth,,,7,0,0,3,food-only,direct,,
RM_Ozhu,ozhu,"A blind, comb-gilled eel that lives in the warm throat of the seep itself, down where the spring comes up through the stones. It surfaces at dusk to feed on the fallen dew-smoke and goes back down. Warm to the touch when landed, and it stays warm for a while, which unsettles people. The oldest pools have the longest ozhu; oasis-keepers claim they can taste which spring one came from.",RimMandrake/WeepingStones,FishBase,category+parent,Fish,,,,,,,,,,,,,,,,RM_WeepingStones,,,,2,0,0,4,food-only,eaten,,
RM_SeepSalt,seep-salt,"Mineral-pale salt scraped from the rim of a steamfrond vent, tasting faintly of the underworld it rose from. A preservative and a spice; the only source of it on the planet is a working seep oasis.",RimMandrake/WeepingStones,ResourceBase,category+parent+produced,ResourcesRaw,,3.2,0.02,,,,,,,,0,,,plant,RM_Steamfrond(harvest),RM_WeepingStones;RUT_WeepingStones,RM_CookMurrinBroth,,,0,0,0,7,chemical reagent/salt/venom/pigment,direct,,
RM_SeepStone,seep stone,"A smooth mineral concretion grown drop by drop in the spring throat itself, where the seep comes up through the stones -- the Weeping Stones in miniature, banded pale and dark the same way the cliffs above the pool are. Oasis-keepers set the best ones on the shrine at the water's edge; a lesser one is sold to a pilgrim as a keepsake of the truce.",RimMandrake/WeepingStones,ResourceBase,category+parent,ResourcesRaw,,30,0.15,,,,,,,,0,,,,,,,,,0,0,0,4,trophy/relic/curio,trade/quest,,RUT_SeepStone
RM_SkarrinBreedingStock,skarrin breeding stock,"Live skarrin, netted mid-air at a wild oasis, carried home snapping in a wet skin. Release into a stocked pool pen; handle carefully.",RimMandrake/WeepingStones,OrganicProductBase,category+parent,ResourcesRaw,,24,0.4,,,,,,,,0.3,,,,,,,,,0,0,0,0,out of scope (not a material),ORPHAN,,
RM_SkarrinCatch,skarrin,A silver arc netted mid-air when the pool is fed — the one catch you make above the water. A missed net is a bite.,RimMandrake/WeepingStones,FishBase,category+parent,Fish,,3,0.2,,,,,,,,,,,,,RM_WeepingStones,,,,2,0,0,3,food-only,eaten,,
RM_SkarrinMeat,skarrin meat,"Raw meat from a skarrin — the volume line, taken at real cost in face-strikes and torn nets. No doubt at all, which is why farmers keep stocking them despite everything.",RimMandrake/WeepingStones,OrganicProductBase,category+parent,MeatRaw,,2.8,0.02,,,,,,,,0.5,,Meat,,,,RM_CookPoolFryBasket,,,7,0,0,3,food-only,direct,,
RM_Tarrik,tarrik,"A thumb-length shrimp-thing with antennae grown into two fine combs that it holds up into the current and licks clean. Kin to the mirrik above the water, and it shows: the same chitin, the same fringed silhouette, the same habit of mist-dancing at dusk, only underwater. It breeds in the shallows during the truce, in the open, in crowds -- which is why nobody who has sat at a pool at dusk can eat o",RimMandrake/WeepingStones,FishBase,category+parent,Fish,,7,0.6,,,,,,,,,,,,,RM_WeepingStones,,,,2,0,0,4,food-only,eaten,,
RM_Ullo,ullo,"A soft bell the size of two cupped hands, near-invisible by day, that lights a slow blue pulse from dusk. Ullo rise together and drift as a lit crowd while the fan-dancers display on the bank; the pools are places of romance and the ullo have never been told otherwise. Netted, it is a sting and a disappointment -- mostly water, a little meat, and the light goes out in your hands.",RimMandrake/WeepingStones,FishBase,category+parent,Fish,,4,0.3,,,,,,,,,,,,,RM_WeepingStones,,,,2,0,0,4,food-only,eaten,,
RM_VhorrinMeat,vhorrin meat,"An enormous single harvest of rich flesh from a culled vhorrin. The doubt is arithmetic, not flavor: everyone at the feast knows what it grew fat on. See: the Cull Feast.",RimMandrake/WeepingStones,OrganicProductBase,category+parent,MeatRaw,,4.5,0.03,,,,,,,,0.5,,Meat,,,,RM_CookCullFeast,,,7,0,2,3,food-only,direct,,
RM_VizhikBreedingStock,vizhik breeding stock,"Live vizhik, picked off wet stone after an escape and carried home in a wet skin, gloved. Release into a stocked pool pen.",RimMandrake/WeepingStones,OrganicProductBase,category+parent,ResourcesRaw,,18,0.35,,,,,,,,0.3,,,,,,,,,0,0,0,0,out of scope (not a material),ORPHAN,,
RM_VizhikCatch,vizhik,"Picked off wet stone after an escape, gloved — not caught in the pool, caught traveling.",RimMandrake/WeepingStones,FishBase,category+parent,Fish,,4,0.25,,,,,,,,,,,,,RM_WeepingStones,,,,2,0,0,3,food-only,eaten,,
RM_VizhikMeat,vizhik meat,"Raw meat from a vizhik. Excellent eating, and the pens keep breeding them because they keep arriving on their own. The mild doubt is where it's been — nobody eats a vizhik pulled from the cistern without thinking about the cistern.",RimMandrake/WeepingStones,OrganicProductBase,category+parent,MeatRaw,,3.2,0.02,,,,,,,,0.5,,Meat,,,,,,,7,0,0,1,food-only,eaten,,
RM_Vobbal,vobbal,"Eight soft arms and a bulb of a body, living in the hollows where the seep water enters the pool. It takes things. Pebbles, offerings, a dropped tool, a ring -- and it stacks them, carefully, in towers in the shallows, and knocks them down, and stacks them again. Some oases forbid catching them; most simply don't. The ones who do eat them say it is very good, in a voice that suggests they would ra",RimMandrake/WeepingStones,FishBase,category+parent,Fish,,8,0.5,,,,,,,,,,,,,RM_WeepingStones,,,,2,0,0,4,food-only,eaten,,
Force_KyberCrystal,Kyber Crystal,The kyber crystal is a rare force attuned prism that makes up the core of lightsabers and other objects. Kyber Crystals are found when cutting stones into blocks.,RimStarWars/Armoury,,category+produced,ResourcesRaw;Force_KyberCrystals,,100,0.3,,,,,,,,,,,mineral,Force_CrystalFormation_Large(mined);Force_CrystalFormation_Medium(mined);Force_CrystalFormation_Small(mined),genstep:Force_CrystalFormation,,,,0,0,0,2,gem/crystal/light-stone,trade/quest,,
KOTOR_AlloyBronzium,Bronzium,"Considered a cheaper, better-looking alternative to durasteel, bronzium is easier to acquire and work with while still providing adequate protection.",RimStarWars/Armoury,KOTOR_Metal>ResourceBase,stuffProps+category+parent+produced,ResourcesRaw,Metallic,3,0.5,0.7,0.6,0.9,5,5,1,1,0,Beauty=2;Flammability=0;MaxHitPoints=1;MeleeWeapon_CooldownMultiplier=0.9;WorkToBuild=0.8;WorkToMake=0.8,,mineral,KOTOR_MineableBronzium(mined),,,,,0,1061,0,4,"metals, alloys & synthetics",as-stuff,,
KOTOR_AlloyDurasteel,Durasteel,"One of the most common alloys in the galaxy, Durasteel is used for everything from household appliances to military armor.",RimStarWars/Armoury,KOTOR_Metal>ResourceBase,stuffProps+category+parent,ResourcesRaw,Metallic,5,0.675,0.8,0.6,1,1.25,1.25,1,1.2,0,Beauty=0.5;Flammability=0;MaxHitPoints=3;MeleeWeapon_CooldownMultiplier=1;WorkToBuild=1;WorkToMake=1,,,,,KotORRecipe_UltraComponent,KOTOR_FuelRefinery;KOTOR_GonkBuilding;KOTOR_ReactorRhydonium_medium;KOTOR_ReactorRhydonium_small;KOTOR_RhydoniumHopper_dispenser;KOTOR_RhydoniumHopper_insert;KOTOR_RhydoniumPipes;KOTOR_RhydoniumPipes_hidden;KOTOR_RhydoniumTank;KOTOR_RhydoniumTank_small;KOTOR_RhydoniumValve;KOTOR_ShieldBank;KOTOR_TibannaHopper_dispenser;KOTOR_TibannaHopper_insert;KOTOR_TibannaPipes;KOTOR_TibannaPipes_hidden;KOTOR_T,,0,1061,0,101,"metals, alloys & synthetics",direct,,
KOTOR_Deathstick,Deathstick,"Deathsticks are a highly addictive substance common in underworld locales across the galaxy. A luminescent gel contained inside a plastic stick, Deathsticks are smoked as a vapor to deliver intense feelings of relief and painlessness, which some have flippantly likened to the feeling of dying (hence the name ""Deathstick""). Deathsticks are created from the brewing of Spice with many common types of",RimStarWars/Armoury,guy762_DrugBase>DrugBase,parent,,,50,0.05,,,,,,,,,,"Fluid, Processed/drug:Social",,,,,,,0,0,0,4,drug/medicine base,eaten,,
KOTOR_Duracrete,Duracrete,"Concrete infused with steel. Ugly, but tougher than any natural stone type. Required by building codes across the galaxy.",RimStarWars/Armoury,ResourceBase,stuffProps+category+parent,StoneBlocks,Stony,2,2,,,,,,0.6,1.0,,BedRestEffectiveness=0.9;DoorOpenSpeed=0.40;Flammability=0;MaxHitPoints=2.5;MeleeWeapon_CooldownMultiplier=1.40;WorkToBuild=6.0;WorkToMake=1.6,,,,,,guy762_FloorTiles_ImpBaseTile;guy762_PoweredWall_ImpBaseA;guy762_PoweredWall_NarShaddaaCantinaA;guy762_PoweredWall_TatooineStuccoWallA;guy762_PoweredWall_TatooineStuccoWallB;guy762_PoweredWall_TatooineStuccoWallC,,0,1029,0,16,"metals, alloys & synthetics",direct,,
KOTOR_FabricArmorweave,Armorweave,"A thick, protective mesh suitable for tailoring suits of armor with. Though it is somewhat restrictive, it remains the top choice for military outfitters across the galaxy.",RimStarWars/Armoury,ResourceBase,stuffProps+category+parent,Textiles,Fabric,6,0.25,1,0.8,1.2,18,18,,,0.3,Beauty=1;Flammability=0.3;MaxHitPoints=1.5;MeleeDodgeChance=-0.1;MoveSpeed=-0.1,,,,,,guy762_Accessory_bandolierA;guy762_Accessory_chewiebandolier;guy762_Accessory_knifebandolier;guy762_Accessory_suspendersA;guy762_Accessory_suspendersB;guy762_Accessory_suspendersC;guy762_Accessory_travelerbag;guy762_Bodysuit;guy762_HelmetCombat;guy762_HelmetLgtBattle_TSL;guy762_HvySuit;guy762_KreiaRobes_DarthTraya;guy762_LgtBattleArmor_TSL;guy762_MNCHelmet;guy762_MalakCape;guy762_MalakTunic;guy762,,1,1029,0,79,textile/silk/wool/fibre,direct,,
KOTOR_IngotBeskar,Beskar,"Beskar, the purest form of Mandalorian Iron, is one of the strongest materials in the known galaxy. This coveted metal is durable enough to withstand a direct blaster shot and can repel lightsaber strikes with ease. It is a rare and costly substance to produce, and Mandalorian philosophy dictates it should only be used to build the most dangerous weapon in the galaxy: the Mandalorian warrior.",RimStarWars/Armoury,KOTOR_Metal>ResourceBase,stuffProps+category+parent,ResourcesRaw,Metallic,150,2,1.2,1.0,1.5,0,0,1.5,1.3,0,Beauty=0.85;Flammability=0;MaxHitPoints=5;MeleeWeapon_AverageArmorPenetration=5;MeleeWeapon_CooldownMultiplier=1.2;WorkToBuild=1.2;WorkToMake=1.2,,,,,,guy762_MandoArmor_assault;guy762_MandoArmor_supercom;guy762_MandoHelmet_supercom,,0,1061,0,10,"metals, alloys & synthetics",direct,,
KOTOR_IngotCortosis,Cortosis,"Cortosis is a metal that has a very high energy absorption rate and transmission coefficients, which allows the energy of a blaster bolt or even a lightsaber strike to be dissipated upon contact. While it has many applications in personnel and starship armor alike, it is primarily used in the shielding of heavier industrial machinery that handles extremely high amounts of energy, such as reactors ",RimStarWars/Armoury,KOTOR_Metal>ResourceBase,stuffProps+category+parent+produced,ResourcesRaw,Metallic,35,0.4,0.4,0.4,1.6,0,0,1,0.7,0,Beauty=0.75;Flammability=0;MaxHitPoints=1.75;MeleeWeapon_CooldownMultiplier=1;WorkToBuild=1;WorkToMake=1,,mineral,KOTOR_MineableCortosis(mined),,KotORRecipe_UltraComponent,KOTOR_PlasmaAmmoBank;KOTOR_ReactorRhydonium_medium;KOTOR_ReactorRhydonium_small;guy762_vaxe;guy762_vblade;guy762_vblade_prototype;guy762_vblade_vao;guy762_vdubblade;guy762_vdubblade_sith;guy762_vdubblade_yusanis;guy762_vglaive;guy762_vsword;guy762_vsword_bacca;guy762_vsword_exchange;guy762_vsword_sith;kotor_PlasmaFurnace;kotor_plasmacatalyst,,0,1061,0,36,"metals, alloys & synthetics",direct,,
KOTOR_Plastoid,Plastoid,A lightweight yet brittle form of plastic that is highly effective at dispersing energy attacks.,RimStarWars/Armoury,ResourceBase,stuffProps+category+parent,ResourcesRaw,Woody,4,0.05,0.25,0.1,1,4,4,1,0.25,0.05,Beauty=0.5;Flammability=0.05;MaxHitPoints=0.75;MeleeDodgeChance=0.1;MeleeWeapon_CooldownMultiplier=0.5;MoveSpeed=0.1;WorkToBuild=0.5;WorkToMake=0.5,,,,,KotORRecipe_2xSynthread;KotORRecipe_Synthread;kotor_Plasteel_10xrecipe;kotor_Plasteel_recipe,guy762_Backpack_GCWRebel;guy762_Backpack_GCWRebelHeavy,,0,1030,0,17,"metals, alloys & synthetics",direct,,
KOTOR_RawBeskar,Mandalorian Iron,"Mandalorian Iron is a rare form of iron only known to occur in the Mandalore system. In its impure form Mandalorian Iron is notoriously difficult to work with, but when smelted using secret methods known only to Mandalorians it can be reforged into Beskar, one of the strongest metals in the galaxy. Beskar is notable for its high tolerance to extreme forms of damage, and is durable enough to withst",RimStarWars/Armoury,KOTOR_RawMetal>ResourceBase,category+parent+produced,ResourcesRaw,,100,0.4,,,,,,,,0,,,mineral,KOTOR_MineableBeskar(mined),,kotor_IngotBeskar_10xrecipe;kotor_IngotBeskar_recipe,,,0,0,0,4,"metals, alloys & synthetics",direct,,
KOTOR_RawRhydonium,Rhydonium powder,"Rhydonium is a powdery, highly-explosive fuel substance found on worlds such as Peragus II and Abafar. Officially categorized as a ""high-value volatile mote"", Rhydonium is one of few substances capable of producing a fusion reaction necessary to power most intergalactic spacecraft, but must first be refined into a liquid state for safe transportation. While unrefined this fuel is highly unstable a",RimStarWars/Armoury,ResourceBase,category+parent+produced,ResourcesRaw,,60,0.125,,,,,,,,10,,Processed/drug:Hard,mineral,KOTOR_MineableRhydonium(mined),,KotORRecipe_4xRhydonium;KotORRecipe_BusterMissiles;KotORRecipe_HXMissiles;KotORRecipe_Rhydonium,guy762_grenadebelt_frag;guy762_grenadebelt_thermaldet,,0,0,0,12,fuel/oil/wax/hydrocarbon,direct,,
KOTOR_Spice,spice,"The most sought-after substance in the galaxy, Spice is in equal measures a powerful narcotic and a powerful healing agent. Large deposits of Spice are only known to be found on Mon Gazza and Kessel, though meager veins of the substance can be found on many other outer rim worlds. The Hutt cartels cornered the galactic market on spice a millennia ago and have since cemented their prominence on the",RimStarWars/Armoury,guy762_DrugBase>DrugBase,category+parent+produced,ResourcesRaw,,75,0.05,,,,,,,,,,Processed/drug:Hard,mineral,KOTOR_MineableSpice(mined),,KOTOR_Deathstick_recipe;KotORRecipe_antidote;KotORRecipe_stim_hyperbattle;KotORRecipe_stim_hypercon;KotORRecipe_stim_hyperdex;KotORRecipe_stim_hyperstr,KOTOR_SpacerMedKit;guy762_ImplantItemImp_biotech;guy762_ImplantItemImp_lornan;guy762_ImplantItemImp_power;guy762_ImplantItemImp_retinal;guy762_ImplantItemImp_sith;guy762_ImplantItemSys_advcombat;guy762_ImplantItemSys_antidote;guy762_ImplantItemSys_nerve;guy762_ImplantItemSys_reaction,,0,0,0,34,drug/medicine base,direct,,
KOTOR_Tibanna,Tibanna gas,"An exotic, volatile gas that can be superheated and used to generate power or be condensed into high powered energy projectiles. While Tibanna is primarily found in the atmospheres of gas giants, it can also sometimes be found in deep underground pockets on terrestrial worlds.",RimStarWars/Armoury,ResourceBase,category+parent,ResourcesRaw,,50,10,,,,,,,,5.0,,,,,,KotORRecipe_PlasmaCartridge,,kotor_PlasmaFurnace;kotor_plasmacatalyst,0,0,0,11,fuel/oil/wax/hydrocarbon,direct,,
KOTOR_kolto,Kolto,"A rare, extremely potent healing gel refined from a liquid only found in the depths of Manaan. When properly applied (via an instant-use Medpac), it can heal most battlefield injuries in a matter of seconds. Kolto can also be applied directly to a patient's injuries via spray applicator or skilled medical professional, though the quality of wound tending is lower when used in this way compared to ",RimStarWars/Armoury,ResourceBase,category+parent,Medicine;ResourcesRaw,,100,1,,,,,,,,0.4,,,,,,KotORRecipe_antidote;KotORRecipe_medpac;KotORRecipe_medpac_adv;KotORRecipe_medpac_life;guy762_InstallHediff_implantI;guy762_InstallHediff_implantII;guy762_InstallHediff_implantIII;guy762_RemoveHediff_implantI;guy762_RemoveHediff_implantII,,KoltoTank,1,0,0,19,drug/medicine base,direct,,
KotORChunk_bronzium,Bronzium slag chunk,"A chunk of Bronzium slag. While it's useless in its current form, it can be smelted to recover Bronzium.",RimStarWars/Armoury,ChunkBase,category+parent,Chunks,,35,12,,,,,,,,,,,,,,KotORRecipe_BronziumFromSlag,,,0,0,0,3,"metals, alloys & synthetics",direct,,
KotORChunk_durasteel,Durasteel slag chunk,"A chunk of Durasteel slag. While it's useless in its current form, it can be smelted to recover Durasteel.",RimStarWars/Armoury,ChunkBase,category+parent+produced,Chunks,,65,12,,,,,,,,,,,building;mineral,KOTOR_MineableDurasteel(mined);ShipChunk_durasteel(killedLeavings),,KotORRecipe_DurasteelFromSlag,,,0,0,0,17,"metals, alloys & synthetics",direct,,
KotORChunk_plasteel,Plasteel slag chunk,"A chunk of Plasteel slag. While it's useless in its current form, it can be smelted to recover Plasteel.",RimStarWars/Armoury,ChunkBase,category+parent,Chunks,,60,6,,,,,,,,,,,,,,KotORRecipe_PlasteelFromSlag,,,0,0,0,3,"metals, alloys & synthetics",direct,,ChunkSlagPlasteel_GT
KotOR_water,water,"Canned water from a moisture vaporator. A valued commodity on worlds with particularly dry climates.\n\nDUBS BAD HYGIENE COMPATIBILITY: this item will NOT be present in the game if DBH is active. If the ""Thirst"" mechanic is enabled in the DBH mod options, Moisture Vaporators will spawn DBH water bottles instead of this!",RimStarWars/Armoury,ResourceBase,parent+produced,Foods,,1,0.3,,,,,,,,0,,Fluid,building,KotOR_MoistureVaporator_big(comp:Spawner),,,,,4,0,0,0,out of scope (not a material),eaten,,
SWPotF_eggUnfert_ysalamir,ysalamir egg (unfert.),"An unfertilized ysalamir egg. It can be eaten raw, but it's much better cooked.",RimStarWars/Armoury,EggUnfertBase,category+parent+produced,EggsUnfertilized,,175,,,,,,,,,,,,creature,SWPotF_RaceDef_ysalamir(comp:EggLayer),,,,,0,0,0,0,food-only,eaten,,
SWPotF_egg_ysalamir,ysalamir egg (fert.),"A fertilized ysalamir egg. If all goes well, it should hatch into a baby ysalamir. It can be eaten raw, but it's much better cooked.",RimStarWars/Armoury,EggFertBase,category+parent+produced,EggsFertilized,,250,,,,,,,,,,,,creature,SWPotF_RaceDef_ysalamir(comp:EggLayer),,,,,0,0,0,0,food-only,eaten,,
guy762_medpac,Medpac,A Medpac contains essential equipment for the treatment of wounds. They cannot be used by droids.,RimStarWars/Armoury,guy762_DrugPillBase>DrugPillBase,parent,,,40,0.01,,,,,,,,0.5,,/drug:Medical,,,,,guy762_belt_czerka,,0,0,0,6,out of scope (not a material),direct,,
guy762_medpac_adv,Advanced Medpac,An advanced Medpac contains an improved array of equipment for the treatment of wounds. They cannot be used by droids.,RimStarWars/Armoury,guy762_DrugPillBase>DrugPillBase,parent,,,80,0.01,,,,,,,,0.5,,/drug:Medical,,,,,,,0,0,0,4,out of scope (not a material),eaten,,
guy762_medpac_antidote,Antidote kit,This kit contains wide-spectrum antidote hypospray injectors designed to neutralize all known poisons and toxic buildup. Damage already suffered must still be healed by other means. They cannot be used by droids.,RimStarWars/Armoury,guy762_DrugPillBase>DrugPillBase,parent,,,50,0.01,,,,,,,,0.5,,/drug:Medical,,,,,guy762_Headband_rebreathermask,,0,0,0,5,out of scope (not a material),direct,,
guy762_medpac_life,Life Support Pack,A life support pack contains dermal regenerators and other equipment for the treatment of wounds. They cannot be used by droids.,RimStarWars/Armoury,guy762_DrugPillBase>DrugPillBase,parent,,,150,0.01,,,,,,,,0.5,,/drug:Medical,,,,,guy762_Headband_rebreathermask,,0,0,0,8,out of scope (not a material),direct,,
guy762_stim_battle,battle stimulant,"This stimulant enables the user to better absorb damage and focuses the mind on the fight, improving the ability to hit. The effect wears off after a short time, and side effects are considered minimal. They cannot be used by droids.",RimStarWars/Armoury,guy762_MakeableDrugPillBase>MakeableDrugPillBase,parent,,,100,0.01,,,,,,,,0.5,,/drug:Hard,,,,,,,0,0,0,1,out of scope (not a material),eaten,,
guy762_stim_con,adrenal stamina,"A shot of this enhancer provides a temporary boost in the constitution of the user. The effect wears off after a short time, and side effects are considered minimal. They cannot be used by droids.",RimStarWars/Armoury,guy762_MakeableDrugPillBase>MakeableDrugPillBase,parent,,,50,0.01,,,,,,,,0.5,,/drug:Hard,,,,,guy762_belt_cardio,,0,0,0,3,out of scope (not a material),direct,,
guy762_stim_dex,adrenal alacrity,"A shot of this enhancer provides a temporary boost in the dexterity of the user. The effect wears off after a short time, and side effects are considered minimal. They cannot be used by droids.",RimStarWars/Armoury,guy762_MakeableDrugPillBase>MakeableDrugPillBase,parent,,,50,0.01,,,,,,,,0.5,,/drug:Hard,,,,,guy762_belt_adrenaline,,0,0,0,3,out of scope (not a material),direct,,
guy762_stim_echani,Echani battle stimulant,"This stim removes all distractions, allowing the user to focus purely on the battle. The user is almost oblivious to damage suffered. The effect wears off after a short time. They cannot be used by droids.",RimStarWars/Armoury,guy762_DrugPillBase>DrugPillBase,parent,,,400,0.01,,,,,,,,0.5,,/drug:Hard,,,,,,,0,0,0,2,out of scope (not a material),eaten,,
guy762_stim_hyperbattle,hyper-battle stimulant,"This stimulant produces a chemical cocktail that sends a boost of adrenaline through the body, focusing the mind and bolstering the user's tolerance for damage. The effect wears off after a short time. They cannot be used by droids.",RimStarWars/Armoury,guy762_DrugPillBase>DrugPillBase,parent,,,200,0.01,,,,,,,,0.5,,/drug:Hard,,,,,,,0,0,0,3,out of scope (not a material),eaten,,
guy762_stim_hypercon,hyper-adrenal stamina,"Steeling the user against pain, this stim provides a very large boost in constitution. The effect wears off after a short time. They cannot be used by droids.",RimStarWars/Armoury,guy762_DrugPillBase>DrugPillBase,parent,,,100,0.01,,,,,,,,0.5,,/drug:Hard,,,,,,,0,0,0,4,out of scope (not a material),eaten,,
guy762_stim_hyperdex,hyper-adrenal alacrity,This model of alacrity stim uses a very powerful mixture of chemicals to produce an incredible increase in the dexterity of the user. The effect wears off after a short time. They cannot be used by droids.,RimStarWars/Armoury,guy762_DrugPillBase>DrugPillBase,parent,,,100,0.01,,,,,,,,0.5,,/drug:Hard,,,,,,,0,0,0,4,out of scope (not a material),eaten,,
guy762_stim_hyperstr,hyper-adrenal strength,"More effective than the basic model, this stim uses a risky cocktail of chemicals to boost the strength of the user. The effect wears off after a short time. They cannot be used by droids.",RimStarWars/Armoury,guy762_DrugPillBase>DrugPillBase,parent,,,100,0.01,,,,,,,,0.5,,/drug:Hard,,,,,,,0,0,0,4,out of scope (not a material),eaten,,
guy762_stim_str,adrenal strength,"A shot of this enhancer provides a temporary boost in the strength of the user. The effect wears off after a short time, and side effects are considered minimal. They cannot be used by droids.",RimStarWars/Armoury,guy762_MakeableDrugPillBase>MakeableDrugPillBase,parent,,,50,0.01,,,,,,,,0.5,,/drug:Hard,,,,,guy762_belt_strength,,0,0,0,5,out of scope (not a material),direct,,
RSW_Bacta,bacta,"A gelatinous, faintly luminous alkali fluid seeded with living bacteria. Immersed in it, a body's own repair goes into overdrive: wounds close in hours instead of weeks, and given enough time even old scarring is eaten away and replaced with sound tissue.\n\nIt is not a medicine you can apply with your hands, and nobody here knows how to culture it. It arrives in sealed canisters on other people's",RimStarWars/Bacta,ResourceBase,category+parent,ResourcesRaw,,44,0.6,,,,,,,,0,,,,,,,,RSW_BactaTank,0,0,1,10,drug/medicine base,direct,,
RSW_BactaPatch,bacta patch,"A self-adhesive dressing soaked in stabilized bacta gel. Peel it, press it over a fresh wound, and it goes to work immediately — nothing like the tank's slow, total-body immersion, but enough to close one bad cut before it becomes a bigger problem.\n\nIt has nothing to offer an old scar, a missing limb, a damaged brain, or a disease already running its course. It is used once and gone.",RimStarWars/Bacta,RSW_BactaFieldItemBase>ResourceBase,category+parent,Drugs,,60,0.05,,,,,,,,0.5,,,,,,RSW_AdministerBactaPatch,,,0,0,0,9,out of scope (not a material),direct,,
RSW_BactaSpray,bacta spray,"A pressurized canister of atomized bacta, meant to be misted over a whole wounded area rather than pressed onto one cut. It tends and closes every fresh wound it reaches, and its antiseptic base gives a treatable infection a real push toward beating itself — the closest a field item gets to the tank's own reach, in one burst instead of a slow immersion.\n\nStill just a dose: it cannot touch a scar",RimStarWars/Bacta,RSW_BactaFieldItemBase>ResourceBase,category+parent,Drugs,,140,0.3,,,,,,,,0.5,,,,,,RSW_AdministerBactaSpray,,,0,0,0,7,out of scope (not a material),direct,,
RSW_BrainWormEggCluster,brain worm egg cluster,"A knuckle of translucent, leathery eggs fused into one lump, the colour of old bone. Something is moving inside them. Geonosian hive broods are laid in the dark of ruins and packed into cargo by people who did not look closely enough at what they were loading.\n\nThey hatch when something warm comes near. They die if they get cold.",RimStarWars/BrainWorms,EggFertBase,category+parent,EggsFertilized,,4,,,,,,,,,,,,,,,,RSW_Shell_BrainWormEgg,,0,0,2,4,food-only,direct,,
RSW_Shell_BrainWormEgg,brain worm egg shell,"A mortar shell with the explosive filler stripped out and a Geonosian brood packed in its place, cushioned and insulated. It does almost nothing where it lands. Four days later, the people who live there start hearing things.\n\nHurling these at a faction that went to war with you is not a battle tactic. It is a message.",RimStarWars/BrainWorms,MakeableShellBase,parent,,,90,,,,,,,,,0.6,,,,,,,,,0,0,0,1,out of scope (not a material),ORPHAN,,
RSW_MarshFungus,marsh fungus,"A pale, rubbery swamp fungus that grows best in warm rot. Bland and a little sour raw; mashed, it turns into a sweet, creamy paste that hermits on swamp worlds eat like yogurt. Cooks well on a stick, and makes a good starter for anything left to ferment.",RimStarWars/Cuisine,PlantFoodRawBase,parent,RSW_CultureStarters,,1.4,0.03,,,,,,,,,,Fungus,,,,,,,0,0,0,3,out of scope (not a material),eaten,,
RSW_Skewer,skewer,A pointy stick made from wood. It can be used to skewer and cook food at a campfire.,RimStarWars/Cuisine,ResourceBase,category+parent,ResourcesRaw,,0.12,0.0008,,,,,,,,,,,,,,RSW_CookBlendedMeatOnAStick;RSW_CookBlendedMeatOnAStick4;RSW_CookEmptySkewer;RSW_CookEmptySkewer4;RSW_CookFishOnAStick;RSW_CookFishOnAStick4;RSW_CookFruitOnAStick;RSW_CookFruitOnAStick4;RSW_CookFungusOnAStick;RSW_CookFungusOnAStick4;RSW_CookLittleMeatOnAStick;RSW_CookLittleMeatOnAStick4;RSW_CookVegOnAStick;RSW_CookVegOnAStick4,,,0,0,4,18,out of scope (not a material),direct,,
RSW_DW_DroidHead,droid head,"A salvaged droid head, worn from an unspecified faction's service. PLACEHOLDER — the shop/salvage pipeline that drops real faction-specific heads is unbuilt; this generic resource exists so data-spike crafting has something real to consume today.",RimStarWars/Droidworks,ResourceBase,category+parent,ResourcesRaw,,,1.5,,,,,,,,0.5,,,,,,RUT_CaseMindstoneHead,RSW_DW_DataSpike;RSW_DW_DataSpike_Empire;RSW_DW_DataSpike_Hutt;RSW_DW_DataSpike_Junker;RSW_DW_DataSpike_Wild,,0,0,0,18,out of scope (not a material),direct,,
RSW_AcklayClaw,acklay claw,The raw claws of an acklay creature. These claws are noted to be quite delicious when eaten cooked.,RimStarWars/SWBestiary,OrganicProductBase,category+parent,AnimalProductRaw,,25.0,0.1,,,,,,,,0.2,,AnimalProduct,,,,,,,0,0,0,3,food-only,eaten,,
RSW_Anthropoid_Meat,anthropoid meat,A piece of meat from a anthropoid creature.,RimStarWars/SWBestiary,RSW_SWanimals_RawMeatBase>OrganicProductBase,category+parent,MeatRaw,,1.5,0.03,,,,,,,,0.5,,Meat,,,,,,,7,0,0,6,food-only,eaten,,
RSW_Bantha_Meat,bantha meat,A piece of meat from a bantha.,RimStarWars/SWBestiary,RSW_SWanimals_RawMeatBase>OrganicProductBase,category+parent,MeatRaw,,1.0,0.03,,,,,,,,0.5,,Meat,,,,,,,7,0,0,2,food-only,eaten,,
RSW_BaseopsisEggFertilized,Baseopsis egg (fert.),"A fertilized egg. With enough care and patience, this egg will hatch into a baseopsis.",RimStarWars/SWBestiary,EggFertBase,category+parent+produced,EggsFertilized,,7.0,,,,,,,,,,,,creature,RSW_Baseopsis(comp:EggLayer),,,,,0,0,0,0,food-only,eaten,,
RSW_BaseopsisEggUnFertilized,Baseopsis egg (unfert.),An unfertilized egg. Behind a veil of light the vague shape of a young baseopsis lies curled safely within.,RimStarWars/SWBestiary,EggUnfertBase,category+parent+produced,EggsUnfertilized,,3.5,,,,,,,,,,,,creature,RSW_Baseopsis(comp:EggLayer),,,,,0,0,0,0,food-only,eaten,,
RSW_BiomesCore_CrabShell,crabshell,A strong chitinous shell taken from a crustacean.,RimStarWars/SWBestiary,RSW_BiomesCore_ChitinBase>LeatherBase,stuffProps+category+parent,Leathers,RSW_ChitinStuff;Leathery,3.5,0.03,1.45,1.1,1.5,20,20,,,1,Beauty=1.4;MaxHitPoints=1.3,,,,,,,,0,1053,0,1,armour hide/leather/chitin/plate,as-stuff,,
RSW_BiomesCore_GreenChitin,green shell,"A strong, green, chitinous shell.",RimStarWars/SWBestiary,RSW_BiomesCore_ChitinBase>LeatherBase,stuffProps+category+parent+produced,Leathers,RSW_ChitinStuff;Leathery,4,0.03,0.6,0.7,1.5,15,15,,,1,Beauty=1.4;MaxHitPoints=1.3,,creature,RSW_JewelBeetle(leather),RUT_FeverWood;RUT_Webwork,,,,0,1053,0,0,armour hide/leather/chitin/plate,as-stuff,,
RSW_BlueMilk,blue milk,Blue milk from a bantha.,RimStarWars/SWBestiary,OrganicProductBase,category+parent+produced,AnimalProductRaw,,3.5,0.045,,,,,,,,0.2,,"AnimalProduct, Fluid",creature,RSW_Bantha(comp:Milkable),RM_LeaningScrub;RM_LongShade;RM_Stillsand;RM_WeepingStones;RUT_Desert,,,,0,0,0,2,food-only,eaten,,
RSW_Boneblade,boneblade,Raw boneblade.,RimStarWars/SWBestiary,FishBase,category+parent,Fish,,5.5,0.25,,,,,,,,,,,,,RM_FloodedCanyon;RUT_CrackedLands,,,,2,0,0,6,food-only,eaten,,
RSW_BufoBile,bufo bile,A potent drug procured from the skin of dead gastro toads. It is highly toxic but it gives an incredible high.,RimStarWars/SWBestiary,DrugBase,parent+produced,,,30,0.05,,,,,,,,,,Processed/drug:Hard,creature,RSW_GastroToad(butcher),,,,,0,0,0,1,drug/medicine base,eaten,,
RSW_CactusHide,sentient plant skin,"Part animal hide, part living plant tissue. Traps cold water inside, acting as a good thermal insulator in hot climates.",RimStarWars/SWBestiary,LeatherBase,stuffProps+category+parent+produced,Leathers,Leathery,3.8,,1,,,0,45,,,,Beauty=1.3;MaxHitPoints=1.5,,creature,RM_Chikka(leather),,,,,0,1053,0,1,armour hide/leather/chitin/plate,as-stuff,,
RSW_CactusMeat,plant meat,"A strange meat, part vegetable, part animal, harvested from cactus-hybrid creatures.",RimStarWars/SWBestiary,PlantFoodRawBase,category+parent,PlantFoodRaw,,1.1,,,,,,,,,,,VegetableOrFruit,,,,,,,8,0,0,2,food-only,eaten,,
RSW_Cameloid_Meat,cameloid meat,A piece of meat from a cameloid.,RimStarWars/SWBestiary,RSW_SWanimals_RawMeatBase>OrganicProductBase,category+parent,MeatRaw,,2.0,0.03,,,,,,,,0.5,,Meat,,,,,,,7,0,0,2,food-only,eaten,,
RSW_CrackedCeramicShards,cracked ceramic shards,"What an onnik's gut produces when it was dumped a whole day's clay at once instead of fed in spaced doses - fired too fast, cracked through, and worthless for building or crafting. Good for nothing but the trash heap.",RimStarWars/SWBestiary,ResourceBase,category+parent,ResourcesRaw,,0.1,0.8,,,,,,,,0,,,,,,,,,0,0,0,2,structural wood/bone/stone/ice/clay,ORPHAN,,
RSW_CrimsonSilk,crimson silk,A blood red silk produced by a species of subterranean moth. It is luxuriously soft.,RimStarWars/SWBestiary,ResourceBase,stuffProps+category+parent+produced,Wools,Fabric,4,0.01,0.15,0.1,0.15,10,10,,,0.9,Beauty=6;Comfort=1.5;Flammability=0.9;MaxHitPoints=1.3,,creature,RSW_AaroxisDendoria(comp:Shearable);RSW_AaroxisDendoriaLarvae(comp:Shearable);RSW_BloodropPupa(leather),RUT_Miasma,,,,0,1029,0,1,textile/silk/wool/fibre,as-stuff,RM_LilianaSilk,
RSW_Crustapod_Meat,crustapod meat,A piece of meat from a crustapod.,RimStarWars/SWBestiary,RSW_SWanimals_RawMeatBase>OrganicProductBase,category+parent,MeatRaw,,2.5,0.03,,,,,,,,0.5,,Meat,,,,,,,7,0,0,11,food-only,eaten,,
RSW_CrystalChitin,crystal carapace,A crystallized carapace that is commonly found on arthropods in crystal-heavy caverns.,RimStarWars/SWBestiary,RSW_BiomesCore_ChitinBase>LeatherBase,stuffProps+category+parent+produced,Leathers,RSW_ChitinStuff;Leathery,7.5,0.03,1.25,0.9,1.5,18,8,,,1,Beauty=4;MaxHitPoints=1.4,,creature,RSW_FacetMoth(leather);RSW_FacetMothPupa(leather),,,,,0,1053,0,0,armour hide/leather/chitin/plate,as-stuff,RM_CrystalChitin,RM_CrystalChitin
RSW_DeepChitin,deep chitin,A nearly inflammable and heat-proof chitin. It is only found on the creatures from the deepest and hottest environments within the UnderRim.,RimStarWars/SWBestiary,RSW_BiomesCore_ChitinBase>LeatherBase,stuffProps+category+parent+produced,Leathers,RSW_ChitinStuff;Leathery,8.5,0.03,1.5,1.25,6,20,50,,,0.05,Beauty=1.5;Flammability=0;MaxHitPoints=1.1,,creature,RSW_FoundryBeetle(leather);RSW_FoundryBeetleLarvae(leather),RM_Warscar;RUT_Scarlands,,,,0,1053,0,0,armour hide/leather/chitin/plate,as-stuff,,
RSW_DiplocaulusEggFertilized,Diplocaulus egg (fert.),"A fertilized egg. With enough care and patience, this egg will hatch into a diplocaulus.",RimStarWars/SWBestiary,EggFertBase,category+parent+produced,EggsFertilized,,7.0,,,,,,,,,,,,creature,RSW_Diplocaulus(comp:EggLayer),,,,,0,0,0,0,food-only,eaten,,
RSW_DiplocaulusEggUnFertilized,Diplocaulus egg (unfert.),An unfertilized egg. Behind a veil of light the vague shape of a young diplocaulus lies curled safely within.,RimStarWars/SWBestiary,EggUnfertBase,category+parent+produced,EggsUnfertilized,,3.5,,,,,,,,,,,,creature,RSW_Diplocaulus(comp:EggLayer),,,,,0,0,0,0,food-only,eaten,,
RSW_EggAaroxisDendoriaFertilized,aaroxis dendoria egg (fert.),"A fertilized aaroxis dendoria egg. If all goes well, it should hatch into an aaroxis dendoria larvae. It can be eaten raw, but it's much better cooked.",RimStarWars/SWBestiary,EggFertBase,category+parent+produced,EggsFertilized,,50,,,,,,,,,,,,creature,RSW_AaroxisDendoria(comp:EggLayer),RUT_Miasma,,,,0,0,0,0,food-only,eaten,,
RSW_EggAaroxisDendoriaUnfertilized,aaroxis dendoria egg (unfert.),"An unfertilized aaroxis dendoria egg. It can be eaten raw, but it's much, much better cooked.",RimStarWars/SWBestiary,EggUnfertBase,category+parent+produced,EggsUnfertilized,,25.0,,,,,,,,,,,,creature,RSW_AaroxisDendoria(comp:EggLayer),RUT_Miasma,,,,0,0,0,0,food-only,eaten,,
RSW_EggAcidSlugFertilized,acid slug egg (fert.),"A fertilized acid slug egg. If all goes well, it should hatch into a baby acid slug. It can be eaten raw, but it's much better cooked.",RimStarWars/SWBestiary,EggFertBase,category+parent+produced,EggsFertilized,,20.0,,,,,,,,,,,,creature,RSW_AcidSlug(comp:EggLayer),RUT_FeverWood,,,,0,0,0,0,food-only,eaten,,
RSW_EggAcidSlugUnfertilized,acid slug egg (unfert.),"An unfertilized acid slug egg. It can be eaten raw, but it's much, much better cooked.",RimStarWars/SWBestiary,EggUnfertBase,category+parent+produced,EggsUnfertilized,,10.0,,,,,,,,,,,,creature,RSW_AcidSlug(comp:EggLayer),RUT_FeverWood,,,,0,0,0,0,food-only,eaten,,
RSW_EggAcklayFertilized,acklay roe (fert.),Fertilized Acklay egg.,RimStarWars/SWBestiary,EggFertBase,category+parent+produced,EggsFertilized,,80.0,,,,,,,,,,,,creature,RSW_Acklay(comp:EggLayer),,,,,0,0,0,0,food-only,eaten,,
RSW_EggAcklayUnFertilized,acklay roe (unfert.),Unfertilized Acklay egg.,RimStarWars/SWBestiary,EggUnfertBase,category+parent+produced,EggsUnfertilized,,80.0,,,,,,,,,,,,creature,RSW_Acklay(comp:EggLayer),,,,,0,0,0,0,food-only,eaten,,
RSW_EggBasiliskFertilized,basilisk egg (fert.),"A fertilized basilisk egg. If all goes well, it should hatch into a baby basilisk. It can be eaten raw, but it's much better cooked.",RimStarWars/SWBestiary,EggFertBase,category+parent+produced,EggsFertilized,,40,,,,,,,,,,,,creature,RSW_Basilisk(comp:EggLayer),,,,,0,0,0,0,food-only,eaten,,
RSW_EggBasiliskUnfertilized,basilisk egg (unfert.),"An unfertilized basilisk egg. It can be eaten raw, but it's much, much better cooked.",RimStarWars/SWBestiary,EggUnfertBase,category+parent+produced,EggsUnfertilized,,20.0,,,,,,,,,,,,creature,RSW_Basilisk(comp:EggLayer),,,,,0,0,0,0,food-only,eaten,,
RSW_EggBeldonFertilized,beldon egg (fert.),"A fertilized beldon egg. If all goes well, it should hatch into a baby beldon. It can be eaten raw, but it's much better cooked.",RimStarWars/SWBestiary,EggFertBase,category+parent+produced,EggsFertilized,,40.0,,,,,,,,,,,,creature,RSW_Beldon(comp:EggLayer),RM_Greentide;RM_TheForge,,,,0,0,0,2,food-only,eaten,,
RSW_EggBeldonUnFertilized,beldon egg (unfert.),"An unfertilized beldon egg. It can be eaten raw, but it's much better cooked.",RimStarWars/SWBestiary,EggUnfertBase,category+parent+produced,EggsUnfertilized,,40.0,,,,,,,,,,,,creature,RSW_Beldon(comp:EggLayer),RM_Greentide;RM_TheForge,,,,0,0,0,0,food-only,eaten,,
RSW_EggBlixusFertilized,blixus roe (fert.),"A fertilized blixus egg. If all goes well, it should hatch into a baby blixus. It can be eaten raw, but it's much better cooked.",RimStarWars/SWBestiary,EggFertBase,category+parent+produced,EggsFertilized,,50.0,,,,,,,,,,,,creature,RSW_Blixus(comp:EggLayer),RM_Miasma,,,,0,0,0,0,food-only,eaten,,
RSW_EggBlixusUnFertilized,blixus roe (unfert.),"An unfertilized blixus egg. It can be eaten raw, but it's much better cooked.",RimStarWars/SWBestiary,EggUnfertBase,category+parent+produced,EggsUnfertilized,,50.0,,,,,,,,,,,,creature,RSW_Blixus(comp:EggLayer),RM_Miasma,,,,0,0,0,0,food-only,eaten,,
RSW_EggBloodletterPetrelFertilized,bloodletter petrel egg (fert.),"A fertilized bloodletter petrel egg. If all goes well, it should hatch into a bloodletter petrel. It can be eaten raw, but it's much better cooked.",RimStarWars/SWBestiary,EggFertBase,category+parent+produced,EggsFertilized,,7.0,,,,,,,,,,,,creature,RSW_BloodletterPetrel(comp:EggLayer),RM_Wasteland;RUT_Wasteland,,,,0,0,0,0,food-only,eaten,,
RSW_EggBloodletterPetrelUnfertilized,bloodletter petrel egg (unfert.),"An unfertilized bloodletter petrel egg. It can be eaten raw, but it's much, much better cooked.",RimStarWars/SWBestiary,EggUnfertBase,category+parent+produced,EggsUnfertilized,,3.0,,,,,,,,,,,,creature,RSW_BloodletterPetrel(comp:EggLayer),RM_Wasteland;RUT_Wasteland,,,,0,0,0,0,food-only,eaten,,
RSW_EggBlurrgFertilized,blurrg egg (fert.),"A fertilized blurrg egg. If all goes well, it should hatch into a baby blurrg. It can be eaten raw, but it's much better cooked.",RimStarWars/SWBestiary,EggFertBase,category+parent+produced,EggsFertilized,,40.0,,,,,,,,,,,,creature,RSW_Blurrg(comp:EggLayer),,,,,0,0,0,0,food-only,eaten,,
RSW_EggBlurrgUnFertilized,blurrg egg (unfert.),"An unfertilized blurrg egg. It can be eaten raw, but it's much better cooked.",RimStarWars/SWBestiary,EggUnfertBase,category+parent+produced,EggsUnfertilized,,40.0,,,,,,,,,,,,creature,RSW_Blurrg(comp:EggLayer),,,,,0,0,0,0,food-only,eaten,,
RSW_EggBogwingFertilized,bogwing egg (fert.),"A fertilized bogwing egg. If all goes well, it should hatch into a baby bogwing. It can be eaten raw, but it's much better cooked.",RimStarWars/SWBestiary,EggFertBase,category+parent+produced,EggsFertilized,,10.0,,,,,,,,,,,,creature,RSW_Bogwing(comp:EggLayer),RM_Miasma,,,,0,0,0,0,food-only,eaten,,
RSW_EggBogwingUnFertilized,bogwing egg (unfert.),"An unfertilized bogwing egg. It can be eaten raw, but it's much better cooked.",RimStarWars/SWBestiary,EggUnfertBase,category+parent+produced,EggsUnfertilized,,10.0,,,,,,,,,,,,creature,RSW_Bogwing(comp:EggLayer),RM_Miasma,,,,0,0,0,0,food-only,eaten,,
RSW_EggBolotaurFertilized,bolotaur egg (fert.),"A fertilized bolotaur egg. If all goes well, it should hatch into a baby bolotaur. It can be eaten raw, but it's much better cooked.",RimStarWars/SWBestiary,EggFertBase,category+parent+produced,EggsFertilized,,20.0,,,,,,,,,,,,creature,RSW_Bolotaur(comp:EggLayer),RM_LongShade;RUT_Desert,,,,0,0,0,1,food-only,eaten,,
RSW_EggBolotaurUnFertilized,bolotaur egg (unfert.),"An unfertilized bolotaur egg. It can be eaten raw, but it's much better cooked.",RimStarWars/SWBestiary,EggUnfertBase,category+parent+produced,EggsUnfertilized,,20.0,,,,,,,,,,,,creature,RSW_Bolotaur(comp:EggLayer),RM_LongShade;RUT_Desert,,,,0,0,0,0,food-only,eaten,,
RSW_EggBomaFertilized,boma egg (fert.),"A fertilized boma egg. If all goes well, it should hatch into a baby boma. It can be eaten raw, but it's much better cooked.",RimStarWars/SWBestiary,EggFertBase,category+parent+produced,EggsFertilized,,40.0,,,,,,,,,,,,creature,RSW_Boma(comp:EggLayer),RM_WeepingStones,,,,0,0,0,2,food-only,eaten,,
RSW_EggBomaUnFertilized,boma egg (unfert.),"An unfertilized boma egg. It can be eaten raw, but it's much better cooked.",RimStarWars/SWBestiary,EggUnfertBase,category+parent+produced,EggsUnfertilized,,40.0,,,,,,,,,,,,creature,RSW_Boma(comp:EggLayer),RM_WeepingStones,,,,0,0,0,0,food-only,eaten,,
RSW_EggCanCellFertilized,can-cell egg (fert.),"A fertilized can-cell egg. If all goes well, it should hatch into a baby can-cell. It can be eaten raw, but it's much better cooked.",RimStarWars/SWBestiary,EggFertBase,category+parent+produced,EggsFertilized,,15.0,,,,,,,,,,,,creature,RSW_CanCell(comp:EggLayer),RM_FloodedCanyon,,,,0,0,0,2,food-only,eaten,,
RSW_EggCanCellUnFertilized,can-cell egg (unfert.),"An unfertilized can-cell egg. It can be eaten raw, but it's much better cooked.",RimStarWars/SWBestiary,EggUnfertBase,category+parent+produced,EggsUnfertilized,,15.0,,,,,,,,,,,,creature,RSW_CanCell(comp:EggLayer),RM_FloodedCanyon,,,,0,0,0,0,food-only,eaten,,
RSW_EggClodhopperFertilized,clodhopper egg (fert.),Fertilized clodhopper egg.,RimStarWars/SWBestiary,EggFertBase,category+parent+produced,EggsFertilized,,4,,,,,,,,,,,,creature,RSW_Clodhopper(comp:EggLayer),RM_Greentide;RM_LongShade;RUT_Desert,,,,0,0,0,2,food-only,eaten,,
RSW_EggClodhopperUnFertilized,clodhopper egg (unfert.),"An unfertilized clodhopper egg. It can be eaten raw, but it's much better cooked",RimStarWars/SWBestiary,EggUnfertBase,category+parent+produced,EggsUnfertilized,,4,,,,,,,,,,,,creature,RSW_Clodhopper(comp:EggLayer),RM_Greentide;RM_LongShade;RUT_Desert,,,,0,0,0,0,food-only,eaten,,
RSW_EggConvorFertilized,convor egg (fert.),"A fertilized convor egg. If all goes well, it should hatch into a baby convor. It can be eaten raw, but it's much better cooked..",RimStarWars/SWBestiary,EggFertBase,category+parent+produced,EggsFertilized,,10,,,,,,,,,,,,creature,RSW_Convor(comp:EggLayer),RM_FeverWood;RM_FloodedCanyon;RM_Greentide;RM_LeaningScrub,,,,0,0,0,2,food-only,eaten,,
RSW_EggConvorUnFertilized,convor egg (unfert.),"An unfertilized convor egg. It can be eaten raw, but it's much better cooked.",RimStarWars/SWBestiary,EggUnfertBase,category+parent+produced,EggsUnfertilized,,10,,,,,,,,,,,,creature,RSW_Convor(comp:EggLayer),RM_FeverWood;RM_FloodedCanyon;RM_Greentide;RM_LeaningScrub,,,,0,0,0,0,food-only,eaten,,
RSW_EggCrestedDragonFertilized,crested dragon egg (fert.),"A fertilized crested dragon egg. If all goes well, it should hatch into a tiny lizard. It can be eaten raw, but it's much better cooked.",RimStarWars/SWBestiary,EggFertBase,category+parent+produced,EggsFertilized,,24.0,0.05,,,,,,,,,,,creature,RSW_CrestedDragon(comp:EggLayer),RM_Miasma;RUT_Miasma,,,,0,0,0,0,food-only,eaten,,
RSW_EggCrestedDragonUnfertilized,crested dragon egg (unfert.),"An unfertilized crested dragon egg. It can be eaten raw, but it's much, much better cooked.",RimStarWars/SWBestiary,EggUnfertBase,category+parent+produced,EggsUnfertilized,,12.0,,,,,,,,,,,,creature,RSW_CrestedDragon(comp:EggLayer),RM_Miasma;RUT_Miasma,,,,0,0,0,0,food-only,eaten,,
RSW_EggDactillionFertilized,dactillion egg (fert.),"A fertilized dactillion egg. If all goes well, it should hatch into a baby dactillion. It can be eaten raw, but it's much better cooked.",RimStarWars/SWBestiary,EggFertBase,category+parent+produced,EggsFertilized,,40.0,,,,,,,,,,,,creature,RSW_Dactillion(comp:EggLayer),RM_WeepingStones,,,,0,0,0,2,food-only,eaten,,
RSW_EggDactillionUnFertilized,dactillion egg (unfert.),"An unfertilized dactillion egg. It can be eaten raw, but it's much better cooked.",RimStarWars/SWBestiary,EggUnfertBase,category+parent+produced,EggsUnfertilized,,40.0,,,,,,,,,,,,creature,RSW_Dactillion(comp:EggLayer),RM_WeepingStones,,,,0,0,0,0,food-only,eaten,,
RSW_EggDewbackFertilized,dewback egg (fert.),Fertilized Dewback egg.,RimStarWars/SWBestiary,EggFertBase,category+parent+produced,EggsFertilized,,40.0,,,,,,,,,,,,creature,RSW_Dewback(comp:EggLayer),RM_LongShade;RM_WeepingStones,,,,0,0,0,0,food-only,eaten,,
RSW_EggDewbackUnFertilized,dewback egg (unfert.),"An unfertilized dewback egg. It can be eaten raw, but it's much, much better cooked.",RimStarWars/SWBestiary,EggUnfertBase,category+parent+produced,EggsUnfertilized,,40.0,,,,,,,,,,,,creature,RSW_Dewback(comp:EggLayer),RM_LongShade;RM_WeepingStones,,,,0,0,0,0,food-only,eaten,,
RSW_EggDragonsnakeFertilized,dragonsnake egg (fert.),"A fertilized dragonsnake egg. If all goes well, it should hatch into a baby dragonsnake. It can be eaten raw, but it's much better cooked.",RimStarWars/SWBestiary,EggFertBase,category+parent+produced,EggsFertilized,,80.0,,,,,,,,,,,,creature,RSW_Dragonsnake(comp:EggLayer),RM_Greentide,,,,0,0,0,2,food-only,eaten,,
RSW_EggDragonsnakeUnFertilized,dragonsnake egg (unfert.),"An unfertilized dragonsnake egg. It can be eaten raw, but it's much better cooked.",RimStarWars/SWBestiary,EggUnfertBase,category+parent+produced,EggsUnfertilized,,80.0,,,,,,,,,,,,creature,RSW_Dragonsnake(comp:EggLayer),RM_Greentide,,,,0,0,0,0,food-only,eaten,,
RSW_EggFacetMothFertilized,facet moth egg (fert.),"A fertilized facet moth egg. If all goes well, it should hatch into a facet larvae. It can be eaten raw, but it's much better cooked.",RimStarWars/SWBestiary,EggFertBase,category+parent+produced,EggsFertilized,,40,,,,,,,,,,,,creature,RSW_FacetMoth(comp:EggLayer),,,,,0,0,0,0,food-only,eaten,,
RSW_EggFacetMothUnfertilized,facet moth egg (unfert.),"An unfertilized facet moth egg. It can be eaten raw, but it's much, much better cooked.",RimStarWars/SWBestiary,EggUnfertBase,category+parent+produced,EggsUnfertilized,,20.0,,,,,,,,,,,,creature,RSW_FacetMoth(comp:EggLayer),,,,,0,0,0,0,food-only,eaten,,
RSW_EggFambaaFertilized,fambaa egg (fert.),"A fertilized fambaa egg. If all goes well, it should hatch into a baby fambaa. It can be eaten raw, but it's much better cooked.",RimStarWars/SWBestiary,EggFertBase,category+parent+produced,EggsFertilized,,60.0,,,,,,,,,,,,creature,RSW_Fambaa(comp:EggLayer),RM_FeverWood;RM_Greentide,,,,0,0,0,2,food-only,eaten,,
RSW_EggFambaaUnFertilized,fambaa egg (unfert.),"An unfertilized fambaa egg. It can be eaten raw, but it's much better cooked.",RimStarWars/SWBestiary,EggUnfertBase,category+parent+produced,EggsUnfertilized,,60.0,,,,,,,,,,,,creature,RSW_Fambaa(comp:EggLayer),RM_FeverWood;RM_Greentide,,,,0,0,0,0,food-only,eaten,,
RSW_EggFanbackFertilized,fanback egg (fert.),"A fertilized fanback egg. If all goes well, it should hatch into a baby fanback. It can be eaten raw, but it's much better cooked.",RimStarWars/SWBestiary,EggFertBase,category+parent+produced,EggsFertilized,,20.0,,,,,,,,,,,,creature,RSW_Fanback(comp:EggLayer),RM_WeepingStones,,,,0,0,0,2,food-only,eaten,,
RSW_EggFanbackUnFertilized,fanback egg (unfert.),"An unfertilized fanback egg. It can be eaten raw, but it's much better cooked.",RimStarWars/SWBestiary,EggUnfertBase,category+parent+produced,EggsUnfertilized,,20.0,,,,,,,,,,,,creature,RSW_Fanback(comp:EggLayer),RM_WeepingStones,,,,0,0,0,0,food-only,eaten,,
RSW_EggFleeceSpiderFertilized,fleece spider egg (fert.),"A fleece spider egg. If all goes well, it should hatch into a baby spider. It can be eaten raw, but it's much better cooked.",RimStarWars/SWBestiary,EggFertBase,category+parent+produced,EggsFertilized,,10.0,,,,,,,,,,,,creature,RSW_FleeceSpider(comp:EggLayer),RM_Wasteland;RUT_Wasteland,,,,0,0,0,0,food-only,eaten,,
RSW_EggFleeceSpiderUnfertilized,fleece spider egg (unfert.),"An unfertilized fleece spider egg. It can be eaten raw, but it's much, much better cooked.",RimStarWars/SWBestiary,EggUnfertBase,category+parent+produced,EggsUnfertilized,,5.0,,,,,,,,,,,,creature,RSW_FleeceSpider(comp:EggLayer),RM_Wasteland;RUT_Wasteland,,,,0,0,0,0,food-only,eaten,,
RSW_EggFoundryBeetleFertilized,foundry beetle egg (fert.),"A fertilized foundry beetle egg. If all goes well, it should hatch into a baby foundry beetle. It can be eaten raw, but it's much better cooked.",RimStarWars/SWBestiary,EggFertBase,category+parent+produced,EggsFertilized,,40,,,,,,,,,,,,creature,RSW_FoundryBeetle(comp:EggLayer),RM_Warscar;RUT_Scarlands,,,,0,0,0,0,food-only,eaten,,
RSW_EggFoundryBeetleUnfertilized,foundry beetle egg (unfert.),"An unfertilized foundry beetle egg. It can be eaten raw, but it's much, much better cooked.",RimStarWars/SWBestiary,EggUnfertBase,category+parent+produced,EggsUnfertilized,,20.0,,,,,,,,,,,,creature,RSW_FoundryBeetle(comp:EggLayer),RM_Warscar;RUT_Scarlands,,,,0,0,0,0,food-only,eaten,,
RSW_EggFrilledGorgFertilized,frilled gorg egg (fert.),"A fertilized frilled gorg egg. If all goes well, it should hatch into a baby frilled gorg. It can be eaten raw, but it's much better cooked.",RimStarWars/SWBestiary,EggFertBase,category+parent+produced,EggsFertilized,,7.0,,,,,,,,,,,,creature,RSW_FrilledGorg(comp:EggLayer),RM_LeaningScrub;RM_LongShade;RUT_Desert,,,,0,0,0,2,food-only,eaten,,
RSW_EggFrilledGorgUnFertilized,frilled gorg egg (unfert.),"An unfertilized frilled gorg egg. It can be eaten raw, but it's much better cooked.",RimStarWars/SWBestiary,EggUnfertBase,category+parent+produced,EggsUnfertilized,,7.0,,,,,,,,,,,,creature,RSW_FrilledGorg(comp:EggLayer),RM_LeaningScrub;RM_LongShade;RUT_Desert,,,,0,0,0,0,food-only,eaten,,
RSW_EggFungalMantisFertilized,fungal mimic mantis egg (fert.),"A fertilized fungal mantis egg. If all goes well, it should hatch into a mantis larvae. It can be eaten raw, but it's much better cooked.",RimStarWars/SWBestiary,EggFertBase,category+parent+produced,EggsFertilized,,40,,,,,,,,,,,,creature,RSW_FungalMantis(comp:EggLayer),RUT_TheRot,,,,0,0,0,0,food-only,eaten,,
RSW_EggFungalMantisUnfertilized,fungal mimic mantis egg (unfert.),"An unfertilized fungal mimic mantis egg. It can be eaten raw, but it's much, much better cooked.",RimStarWars/SWBestiary,EggUnfertBase,category+parent+produced,EggsUnfertilized,,20.0,,,,,,,,,,,,creature,RSW_FungalMantis(comp:EggLayer),RUT_TheRot,,,,0,0,0,0,food-only,eaten,,
RSW_EggFungalWeevilFertilized,fungal weevil egg (fert.),"A fertilized fungal weevil egg. If all goes well, it should hatch into a baby weevil. It can be eaten raw, but it's much better cooked.",RimStarWars/SWBestiary,EggFertBase,category+parent+produced,EggsFertilized,,20.0,,,,,,,,,,,,creature,RSW_FungalWeevil(comp:EggLayer),RUT_TheRot,,,,0,0,0,0,food-only,eaten,,
RSW_EggFungalWeevilUnfertilized,fungal weevil egg (unfert.),"An unfertilized fungal weevil egg. It can be eaten raw, but it's much, much better cooked.",RimStarWars/SWBestiary,EggUnfertBase,category+parent+produced,EggsUnfertilized,,10.0,,,,,,,,,,,,creature,RSW_FungalWeevil(comp:EggLayer),RUT_TheRot,,,,0,0,0,0,food-only,eaten,,
RSW_EggGastroToadFertilized,gastro toad egg (fert.),"A fertilized gastro toad egg. If all goes well, it should hatch into a polluwog. It can be eaten raw, but it's much better cooked. This egg needs to be kept in water to survive.",RimStarWars/SWBestiary,EggFertBase,category+parent+produced,EggsFertilized,,7.0,,,,,,,,,,,,creature,RSW_GastroToad(comp:EggLayer),,,,,0,0,0,0,food-only,eaten,,
RSW_EggGastroToadUnfertilized,gastro toad egg (unfert.),"An unfertilized gastro toad egg. It can be eaten raw, but it's much, much better cooked.",RimStarWars/SWBestiary,EggUnfertBase,category+parent+produced,EggsUnfertilized,,25.0,,,,,,,,,,,,creature,RSW_GastroToad(comp:EggLayer),,,,,0,0,0,0,food-only,eaten,,
RSW_EggGelagrubFertilized,gelagrub egg (fert.),"A fertilized gelagrub egg. If all goes well, it should hatch into a baby gelagrub. It can be eaten raw, but it's much better cooked.",RimStarWars/SWBestiary,EggFertBase,category+parent+produced,EggsFertilized,,30.0,,,,,,,,,,,,creature,RSW_Gelagrub(comp:EggLayer),RM_FeverWood;RM_Greentide,,,,0,0,0,2,food-only,eaten,,
RSW_EggGelagrubUnFertilized,gelagrub egg (unfert.),"An unfertilized gelagrub egg. It can be eaten raw, but it's much better cooked.",RimStarWars/SWBestiary,EggUnfertBase,category+parent+produced,EggsUnfertilized,,30.0,,,,,,,,,,,,creature,RSW_Gelagrub(comp:EggLayer),RM_FeverWood;RM_Greentide,,,,0,0,0,0,food-only,eaten,,
RSW_EggGizkaFertilized,gizka egg (fert.),Fertilized Gizka egg.,RimStarWars/SWBestiary,EggFertBase,category+parent+produced,EggsFertilized,,6,,,,,,,,,,,,creature,RSW_Gizka(comp:EggLayer),RM_Greentide;RM_LeaningScrub;RM_Pyrelands;RM_Stillsand;RUT_AridShrubland;RUT_Desert;RUT_ExtremeDesert;RUT_Greentide,,,,0,0,1,4,food-only,eaten,,
RSW_EggGizkaUnFertilized,gizka egg (unfert.),Unfertilized Gizka egg.,RimStarWars/SWBestiary,EggUnfertBase,category+parent+produced,EggsUnfertilized,,6,,,,,,,,,,,,creature,RSW_Gizka(comp:EggLayer),RM_Greentide;RM_LeaningScrub;RM_Pyrelands;RM_Stillsand;RUT_AridShrubland;RUT_Desert;RUT_ExtremeDesert;RUT_Greentide,,,,0,0,0,1,food-only,eaten,,
RSW_EggGlowtailFertilized,glowtail egg (fert.),"A fertilized glowtail egg. If all goes well, it should hatch into a baby glowtail. It can be eaten raw, but it's much better cooked.",RimStarWars/SWBestiary,EggFertBase,category+parent+produced,EggsFertilized,,30,,,,,,,,,,,,creature,RSW_Glowtail(comp:EggLayer),,,,,0,0,0,0,food-only,eaten,,
RSW_EggGlowtailUnfertilized,glowtail egg (unfert.),"An unfertilized glowtail egg. It can be eaten raw, but it's much, much better cooked.",RimStarWars/SWBestiary,EggUnfertBase,category+parent+produced,EggsUnfertilized,,20,,,,,,,,,,,,creature,RSW_Glowtail(comp:EggLayer),,,,,0,0,0,0,food-only,eaten,,
RSW_EggGorgFertilized,gorg egg (fert.),"A fertilized gorg egg. If all goes well, it should hatch into a baby gorg. It can be eaten raw, but it's much better cooked.",RimStarWars/SWBestiary,EggFertBase,category+parent+produced,EggsFertilized,,7.0,,,,,,,,,,,,creature,RSW_Gorg(comp:EggLayer),RM_LeaningScrub;RM_LongShade;RUT_Desert,,,,0,0,0,2,food-only,eaten,,
RSW_EggGorgUnFertilized,gorg egg (unfert.),"An unfertilized gorg egg. It can be eaten raw, but it's much better cooked.",RimStarWars/SWBestiary,EggUnfertBase,category+parent+produced,EggsUnfertilized,,7.0,,,,,,,,,,,,creature,RSW_Gorg(comp:EggLayer),RM_LeaningScrub;RM_LongShade;RUT_Desert,,,,0,0,0,0,food-only,eaten,,
RSW_EggGreaterKraytDragonFertilized,greater krayt dragon egg (fert.),"A fertilized greater krayt dragon egg. If all goes well, it should hatch into a baby greater krayt dragon. It can be eaten raw, but it's much better cooked.",RimStarWars/SWBestiary,EggFertBase,category+parent+produced,EggsFertilized,,250.0,,,,,,,,,,,,creature,RSW_GreaterKraytDragon(comp:EggLayer),RM_Stillsand;RUT_ExtremeDesert,,,,0,0,0,2,food-only,eaten,,
RSW_EggGreaterKraytDragonUnFertilized,greater krayt dragon egg (unfert.),"An unfertilized greater krayt dragon egg. It can be eaten raw, but it's much better cooked.",RimStarWars/SWBestiary,EggUnfertBase,category+parent+produced,EggsUnfertilized,,250.0,,,,,,,,,,,,creature,RSW_GreaterKraytDragon(comp:EggLayer),RM_Stillsand;RUT_ExtremeDesert,,,,0,0,0,0,food-only,eaten,,
RSW_EggGutkurrFertilized,gutkurr egg (fert.),"A fertilized gutkurr egg. If all goes well, it should hatch into a baby gutkurr. It can be eaten raw, but it's much better cooked.",RimStarWars/SWBestiary,EggFertBase,category+parent+produced,EggsFertilized,,30.0,,,,,,,,,,,,creature,RSW_Gutkurr(comp:EggLayer),RM_LongShade;RUT_Desert,,,,0,0,0,2,food-only,eaten,,
RSW_EggGutkurrUnFertilized,gutkurr egg (unfert.),"An unfertilized gutkurr egg. It can be eaten raw, but it's much better cooked.",RimStarWars/SWBestiary,EggUnfertBase,category+parent+produced,EggsUnfertilized,,30.0,,,,,,,,,,,,creature,RSW_Gutkurr(comp:EggLayer),RM_LongShade;RUT_Desert,,,,0,0,0,0,food-only,eaten,,
RSW_EggHawkbatFertilized,hawkbat egg (fert.),"A fertilized hawkbat egg. If all goes well, it should hatch into a baby hawkbat. It can be eaten raw or cooked.",RimStarWars/SWBestiary,EggFertBase,category+parent+produced,EggsFertilized,,50.0,,,,,,,,,,,,creature,RSW_Hawkbat(comp:EggLayer),RM_Greentide,,,,0,0,0,2,food-only,eaten,,
RSW_EggHawkbatUnFertilized,hawkbat egg (unfert.),An unfertilized hawkbat egg. It can be eaten raw or cooked.,RimStarWars/SWBestiary,EggUnfertBase,category+parent+produced,EggsUnfertilized,,50.0,,,,,,,,,,,,creature,RSW_Hawkbat(comp:EggLayer),RM_Greentide,,,,0,0,0,0,food-only,eaten,,
RSW_EggHoraxFertilized,horax egg (fert.),"A fertilized horax egg. If all goes well, it should hatch into a baby horax. It can be eaten raw, but it's much better cooked.",RimStarWars/SWBestiary,EggFertBase,category+parent+produced,EggsFertilized,,140.0,,,,,,,,,,,,creature,RSW_Horax(comp:EggLayer),RM_LongShade;RUT_Desert,,,,0,0,0,2,food-only,eaten,,
RSW_EggHoraxUnFertilized,horax egg (unfert.),"An unfertilized frilled horax egg. It can be eaten raw, but it's much better cooked.",RimStarWars/SWBestiary,EggUnfertBase,category+parent+produced,EggsUnfertilized,,140.0,,,,,,,,,,,,creature,RSW_Horax(comp:EggLayer),RM_LongShade;RUT_Desert,,,,0,0,0,0,food-only,eaten,,
RSW_EggHssissFertilized,hssiss egg (fert.),"A fertilized hssiss egg. If all goes well, it should hatch into a baby hssiss. It can be eaten raw, but it's much better cooked.",RimStarWars/SWBestiary,EggFertBase,category+parent+produced,EggsFertilized,,50.0,,,,,,,,,,,,creature,RSW_Hssiss(comp:EggLayer),RM_Greentide;RM_TheSump,,,,0,0,0,2,food-only,eaten,,
RSW_EggHssissUnFertilized,hssiss egg (unfert.),"An unfertilized hssiss egg. It can be eaten raw, but it's much better cooked.",RimStarWars/SWBestiary,EggUnfertBase,category+parent+produced,EggsUnfertilized,,50.0,,,,,,,,,,,,creature,RSW_Hssiss(comp:EggLayer),RM_Greentide;RM_TheSump,,,,0,0,0,0,food-only,eaten,,
RSW_EggIgitzFertilized,igitz egg (fert.),"A fertilized igitz egg. If all goes well, it should hatch into a baby igitz. It can be eaten raw, but it's much better cooked.",RimStarWars/SWBestiary,EggFertBase,category+parent+produced,EggsFertilized,,7.0,,,,,,,,,,,,creature,RSW_Igitz(comp:EggLayer),RM_LeaningScrub,,,,0,0,0,2,food-only,eaten,,
RSW_EggIgitzUnFertilized,igitz egg (unfert.),"An unfertilized igitz egg. It can be eaten raw, but it's much better cooked.",RimStarWars/SWBestiary,EggUnfertBase,category+parent+produced,EggsUnfertilized,,7.0,,,,,,,,,,,,creature,RSW_Igitz(comp:EggLayer),RM_LeaningScrub,,,,0,0,0,0,food-only,eaten,,
RSW_EggJewelBeetleFertilized,jewel beetle egg (fert.),"A fertilized jewel beetle egg. If all goes well, it should hatch into a jewel beetle larvae. It can be eaten raw, but it's much better cooked.",RimStarWars/SWBestiary,EggFertBase,category+parent+produced,EggsFertilized,,20,,,,,,,,,,,,creature,RSW_JewelBeetle(comp:EggLayer),RUT_FeverWood;RUT_Webwork,,,,0,0,0,0,food-only,eaten,,
RSW_EggJewelBeetleUnfertilized,jewel beetle egg (unfert.),"An unfertilized jewel beetle egg. It can be eaten raw, but it's much, much better cooked.",RimStarWars/SWBestiary,EggUnfertBase,category+parent+produced,EggsUnfertilized,,10.0,,,,,,,,,,,,creature,RSW_JewelBeetle(comp:EggLayer),RUT_FeverWood;RUT_Webwork,,,,0,0,0,0,food-only,eaten,,
RSW_EggKinrathFertilized,kinrath egg (fert.),"A fertilized kinrath egg. If all goes well, it should hatch into a baby kinrath. It can be eaten raw, but it's much better cooked.",RimStarWars/SWBestiary,EggFertBase,category+parent+produced,EggsFertilized,,30.0,,,,,,,,,,,,creature,RSW_Kinrath(comp:EggLayer),RM_Greentide,,,,0,0,0,2,food-only,eaten,,
RSW_EggKinrathUnFertilized,kinrath egg (unfert.),"An unfertilized kinrath egg. It can be eaten raw, but it's much better cooked.",RimStarWars/SWBestiary,EggUnfertBase,category+parent+produced,EggsUnfertilized,,30.0,,,,,,,,,,,,creature,RSW_Kinrath(comp:EggLayer),RM_Greentide,,,,0,0,0,0,food-only,eaten,,
RSW_EggKlorslugFertilized,k'lor'slug egg (fert.),"A fertilized k'lor'slug egg. If all goes well, it should hatch into a baby k'lor'slug. It can be eaten raw, but it's much better cooked.",RimStarWars/SWBestiary,EggFertBase,category+parent+produced,EggsFertilized,,50.0,,,,,,,,,,,,creature,RSW_Klorslug(comp:EggLayer),RM_Greentide,,,,0,0,0,2,food-only,eaten,,
RSW_EggKlorslugUnFertilized,k'lor'slug egg (unfert.),"An unfertilized k'lor'slug egg. It can be eaten raw, but it's much better cooked.",RimStarWars/SWBestiary,EggUnfertBase,category+parent+produced,EggsUnfertilized,,50.0,,,,,,,,,,,,creature,RSW_Klorslug(comp:EggLayer),RM_Greentide,,,,0,0,0,0,food-only,eaten,,
RSW_EggKraytDragonFertilized,krayt dragon egg (fert.),Fertilized Krayt Dragon egg.,RimStarWars/SWBestiary,EggFertBase,category+parent+produced,EggsFertilized,,140.0,,,,,,,,,,,,creature,RSW_KraytDragon(comp:EggLayer),RM_Stillsand;RUT_ExtremeDesert,,,,0,0,0,2,food-only,eaten,,
RSW_EggKraytDragonUnFertilized,krayt dragon egg (unfert.),Unfertilized Krayt Dragon egg.,RimStarWars/SWBestiary,EggUnfertBase,category+parent+produced,EggsUnfertilized,,140.0,,,,,,,,,,,,creature,RSW_KraytDragon(comp:EggLayer),RM_Stillsand;RUT_ExtremeDesert,,,,0,0,0,0,food-only,eaten,,
RSW_EggKryknaFertilized,krykna egg (fert.),"A fertilized krykna egg. If all goes well, it should hatch into a baby krykna. It can be eaten raw, but it's much better cooked.",RimStarWars/SWBestiary,EggFertBase,category+parent+produced,EggsFertilized,,20.0,,,,,,,,,,,,creature,RSW_Krykna(comp:EggLayer),RM_LongShade;RUT_Desert,,,,0,0,0,2,food-only,eaten,,
RSW_EggKryknaUnFertilized,krykna egg (unfert.),"An unfertilized krykna egg. It can be eaten raw, but it's much better cooked.",RimStarWars/SWBestiary,EggUnfertBase,category+parent+produced,EggsUnfertilized,,20.0,,,,,,,,,,,,creature,RSW_Krykna(comp:EggLayer),RM_LongShade;RUT_Desert,,,,0,0,0,0,food-only,eaten,,
RSW_EggKwiFertilized,kwi egg (fert.),"A fertilized kwi egg. If all goes well, it should hatch into a baby kwi. It can be eaten raw, but it's much better cooked.",RimStarWars/SWBestiary,EggFertBase,category+parent+produced,EggsFertilized,,50.0,,,,,,,,,,,,creature,RSW_Kwi(comp:EggLayer),RM_LongShade;RUT_Desert,,,,0,0,0,2,food-only,eaten,,
RSW_EggKwiUnFertilized,kwi egg (unfert.),"An unfertilized kwi egg. It can be eaten raw, but it's much better cooked.",RimStarWars/SWBestiary,EggUnfertBase,category+parent+produced,EggsUnfertilized,,50.0,,,,,,,,,,,,creature,RSW_Kwi(comp:EggLayer),RM_LongShade;RUT_Desert,,,,0,0,0,0,food-only,eaten,,
RSW_EggLavaFleaFertilized,lava flea egg (fert.),"A fertilized lava flea egg. If all goes well, it should hatch into a baby lava flea. It can be eaten raw, but it's much better cooked.",RimStarWars/SWBestiary,EggFertBase,category+parent+produced,EggsFertilized,,30.0,,,,,,,,,,,,creature,RSW_LavaFlea(comp:EggLayer),RM_TheForge,,,,0,0,0,1,food-only,eaten,,
RSW_EggLavaFleaUnFertilized,lava flea egg (unfert.),"An unfertilized lava flea egg. It can be eaten raw, but it's much better cooked.",RimStarWars/SWBestiary,EggUnfertBase,category+parent+produced,EggsUnfertilized,,30.0,,,,,,,,,,,,creature,RSW_LavaFlea(comp:EggLayer),RM_TheForge,,,,0,0,0,0,food-only,eaten,,
RSW_EggLongtailGorgFertilized,longtail gorg egg (fert.),"A fertilized longtail gorg egg. If all goes well, it should hatch into a baby longtail gorg. It can be eaten raw, but it's much better cooked.",RimStarWars/SWBestiary,EggFertBase,category+parent+produced,EggsFertilized,,7.0,,,,,,,,,,,,creature,RSW_LongtailGorg(comp:EggLayer),RM_FeverWood;RM_LeaningScrub;RM_LongShade;RUT_Desert,,,,0,0,0,1,food-only,eaten,,
RSW_EggLongtailGorgUnFertilized,longtail gorg egg (unfert.),"An unfertilized longtail gorg egg. It can be eaten raw, but it's much better cooked.",RimStarWars/SWBestiary,EggUnfertBase,category+parent+produced,EggsUnfertilized,,7.0,,,,,,,,,,,,creature,RSW_LongtailGorg(comp:EggLayer),RM_FeverWood;RM_LeaningScrub;RM_LongShade;RUT_Desert,,,,0,0,0,0,food-only,eaten,,
RSW_EggLylekFertilized,lylek egg (fert.),"A fertilized lylek egg. If all goes well, it should hatch into a baby lylek. It can be eaten raw, but it's much better cooked.",RimStarWars/SWBestiary,EggFertBase,category+parent+produced,EggsFertilized,,140.0,,,,,,,,,,,,creature,RSW_Lylek(comp:EggLayer),RM_Cauldron;RM_Greentide,,,,0,0,0,1,food-only,eaten,,
RSW_EggLylekUnFertilized,lylek egg (unfert.),"An unfertilized lylek egg. It can be eaten raw, but it's much better cooked.",RimStarWars/SWBestiary,EggUnfertBase,category+parent+produced,EggsUnfertilized,,140.0,,,,,,,,,,,,creature,RSW_Lylek(comp:EggLayer),RM_Cauldron;RM_Greentide,,,,0,0,0,0,food-only,eaten,,
RSW_EggMaguanaFertilized,maguana egg (fert.),"A fertilized maguana egg. If all goes well, it should hatch into a baby maguana. It can be eaten raw, but it's much better cooked.",RimStarWars/SWBestiary,RSW_Caverns_EggFertExtreme>EggBase,category+parent+produced,EggsFertilized,,40,,,,,,,,,,,,creature,RSW_Maguana(comp:EggLayer),RM_TheForge;RUT_TheForge,,,,0,0,0,0,food-only,eaten,,
RSW_EggMaguanaUnfertilized,maguana egg (unfert.),"An unfertilized maguana egg. It can be eaten raw, but it's much, much better cooked.",RimStarWars/SWBestiary,EggUnfertBase,category+parent+produced,EggsUnfertilized,,20.0,,,,,,,,,,,,creature,RSW_Maguana(comp:EggLayer),RM_TheForge;RUT_TheForge,,,,0,0,0,0,food-only,eaten,,
RSW_EggMaxolotlFertilized,maxolotl egg (fert.),"A fertilized maxolotl egg. If all goes well, it should hatch into a maxolotl. It can be eaten raw, but it's much better cooked.",RimStarWars/SWBestiary,EggFertBase,category+parent+produced,EggsFertilized,,24.0,0.50,,,,,,,,,,,creature,RSW_Maxolotl(comp:EggLayer),,,,,0,0,0,0,food-only,eaten,,
RSW_EggMaxolotlUnfertilized,maxolotl egg (unfert.),"An unfertilized maxolotl egg. It can be eaten raw, but it's much better cooked.",RimStarWars/SWBestiary,EggUnfertBase,category+parent+produced,EggsUnfertilized,,24.0,0.50,,,,,,,,,,,creature,RSW_Maxolotl(comp:EggLayer),,,,,0,0,0,0,food-only,eaten,,
RSW_EggMegakrillFertilized,megakrill egg (fert.),"A fertilized megakrill egg. If all goes well, it should hatch into a baby megakrill. It can be eaten raw, but it's much better cooked. This egg needs to be kept in water to survive.",RimStarWars/SWBestiary,EggFertBase,category+parent+produced,EggsFertilized,,3.0,,,,,,,,,,,,creature,RSW_Megakrill(comp:EggLayer),,,,,0,0,0,0,food-only,eaten,,
RSW_EggMegakrillUnfertilized,megakrill egg (unfert.),"An unfertilized megaroach egg. It can be eaten raw, but it's much, much better cooked.",RimStarWars/SWBestiary,EggUnfertBase,category+parent+produced,EggsUnfertilized,,2.0,,,,,,,,,,,,creature,RSW_Megakrill(comp:EggLayer),,,,,0,0,0,0,food-only,eaten,,
RSW_EggMossBeetleFertilized,moss beetle egg (fert.),"A moss beetle egg. If all goes well, it should hatch into a moss grub. It can be eaten raw, but it's much better cooked.",RimStarWars/SWBestiary,EggFertBase,category+parent+produced,EggsFertilized,,10.0,,,,,,,,,,,,creature,RSW_MossBeetle(comp:EggLayer),RM_LeaningScrub;RUT_AridShrubland,,,,0,0,0,0,food-only,eaten,,
RSW_EggMossBeetleUnfertilized,moss beetle egg (unfert.),"An unfertilized moss beetle egg. It can be eaten raw, but it's much, much better cooked.",RimStarWars/SWBestiary,EggUnfertBase,category+parent+produced,EggsUnfertilized,,5.0,,,,,,,,,,,,creature,RSW_MossBeetle(comp:EggLayer),RM_LeaningScrub;RUT_AridShrubland,,,,0,0,0,0,food-only,eaten,,
RSW_EggMudhornFertilized,mudhorn egg (fert.),"A fertilized mudhorn egg. If all goes well, it should hatch into a baby mudhorn. It can be eaten raw or cooked.",RimStarWars/SWBestiary,EggFertBase,category+parent+produced,EggsFertilized,,100.0,,,,,,,,,,,,creature,RSW_Mudhorn(comp:EggLayer),RM_LeaningScrub,,,,0,0,0,1,food-only,eaten,,
RSW_EggMudhornUnFertilized,mudhorn egg (unfert.),An unfertilized mudhorn egg. It can be eaten raw or cooked.,RimStarWars/SWBestiary,EggUnfertBase,category+parent+produced,EggsUnfertilized,,100.0,,,,,,,,,,,,creature,RSW_Mudhorn(comp:EggLayer),RM_LeaningScrub,,,,0,0,0,1,food-only,eaten,,
RSW_EggMutatingTumorfishFertilized,mutating tumorfish egg (fert.),"A fertilized tumorfish egg. If all goes well, it should hatch into a baby tumorfish. It can be eaten raw, but it's much better cooked. This egg needs to be kept in water to survive.",RimStarWars/SWBestiary,EggFertBase,category+parent+produced,EggsFertilized,,50,,,,,,,,,,,,creature,RSW_MutatingTumorfishAdult(comp:EggLayer),,,,,0,0,0,0,food-only,eaten,,
RSW_EggMutatingTumorfishUnfertilized,mutating tumorfish egg (unfert.),"An unfertilized mutating tumorfish egg. It can be eaten raw, but it's much, much better cooked.",RimStarWars/SWBestiary,EggUnfertBase,category+parent+produced,EggsUnfertilized,,25,,,,,,,,,,,,creature,RSW_MutatingTumorfishAdult(comp:EggLayer),,,,,0,0,0,0,food-only,eaten,,
RSW_EggNorpheaFertilized,norphea egg (fert.),"A fertilized norphea egg. If all goes well, it should hatch into a baby norphea. It can be eaten raw, but it's much better cooked.",RimStarWars/SWBestiary,EggFertBase,category+parent+produced,EggsFertilized,,4.0,,,,,,,,,,,,creature,RSW_MutagenicNorphea(comp:EggLayer),RM_FloodedCanyon;RUT_CrackedLands,,,,0,0,0,0,food-only,eaten,,
RSW_EggNorpheaUnfertilized,norphea egg (unfert.),"An unfertilized norphea egg. It can be eaten raw, but it's much, much better cooked.",RimStarWars/SWBestiary,EggUnfertBase,category+parent+produced,EggsUnfertilized,,2.0,,,,,,,,,,,,creature,RSW_MutagenicNorphea(comp:EggLayer),RM_FloodedCanyon;RUT_CrackedLands,,,,0,0,0,0,food-only,eaten,,
RSW_EggNunaFertilized,nuna egg (fert.),"A fertilized nuna egg. If all goes well, it should hatch into a baby nuna. It can be eaten raw, but it's much better cooked.",RimStarWars/SWBestiary,EggFertBase,category+parent+produced,EggsFertilized,,7.0,,,,,,,,,,,,creature,RSW_Nuna(comp:EggLayer),RM_FeverWood;RM_Greentide;RM_LeaningScrub;RM_LongShade;RM_Pyrelands;RUT_AridShrubland;RUT_Desert;RUT_FeverWood;RUT_Greentide,,,,0,0,0,0,food-only,eaten,,
RSW_EggNunaUnFertilized,nuna egg (unfert.),"An unfertilized nuna egg. It can be eaten raw, but it's much better cooked.",RimStarWars/SWBestiary,EggUnfertBase,category+parent+produced,EggsUnfertilized,,7.0,,,,,,,,,,,,creature,RSW_Nuna(comp:EggLayer),RM_FeverWood;RM_Greentide;RM_LeaningScrub;RM_LongShade;RM_Pyrelands;RUT_AridShrubland;RUT_Desert;RUT_FeverWood;RUT_Greentide,,,,0,0,0,0,food-only,eaten,,
RSW_EggPekopekoFertilized,peko-peko egg (fert.),"A fertilized peko-peko egg. If all goes well, it should hatch into a baby peko-peko. It can be eaten raw, but it's much better cooked.",RimStarWars/SWBestiary,EggFertBase,category+parent+produced,EggsFertilized,,25.0,,,,,,,,,,,,creature,RSW_PekoPeko(comp:EggLayer),RM_Greentide,,,,0,0,0,2,food-only,eaten,,
RSW_EggPikobisFertilized,pikobis egg (fert.),"A fertilized pikobis egg. If all goes well, it should hatch into a baby pikobis. It can be eaten raw, but it's much better cooked.",RimStarWars/SWBestiary,EggFertBase,category+parent+produced,EggsFertilized,,7.0,,,,,,,,,,,,creature,RSW_Pikobis(comp:EggLayer),RM_LeaningScrub,,,,0,0,0,1,food-only,eaten,,
RSW_EggPikobisUnFertilized,pikobis egg (unfert.),"An unfertilized pikobis egg. It can be eaten raw, but it's much better cooked.",RimStarWars/SWBestiary,EggUnfertBase,category+parent+produced,EggsUnfertilized,,7.0,,,,,,,,,,,,creature,RSW_Pikobis(comp:EggLayer),RM_LeaningScrub,,,,0,0,0,2,food-only,eaten,,
RSW_EggPorgFertilized,porg egg (fert.),Fertilized Porg egg.,RimStarWars/SWBestiary,EggFertBase,category+parent+produced,EggsFertilized,,6,,,,,,,,,,,,creature,RSW_Porg(comp:EggLayer),RM_LeaningScrub,,,,0,0,0,0,food-only,eaten,,
RSW_EggPorgUnFertilized,porg egg (unfert.),Unfertilized Porg egg.,RimStarWars/SWBestiary,EggUnfertBase,category+parent+produced,EggsUnfertilized,,6,,,,,,,,,,,,creature,RSW_Porg(comp:EggLayer),RM_LeaningScrub,,,,0,0,0,0,food-only,eaten,,
RSW_EggReptavianUnfertilized,reptavian egg (unfert.),"An unfertilized reptavian egg. It can be eaten raw, but it's much, much better cooked.",RimStarWars/SWBestiary,EggUnfertBase,category+parent+produced,EggsUnfertilized,,7.0,,,,,,,,,,,,creature,RSW_PekoPeko(comp:EggLayer),RM_Greentide,,,,0,0,0,2,food-only,eaten,,
RSW_EggRoyalRhinoFertilized,royal rhino beetle egg (fert.),"A royal rhino beetle egg. If all goes well, it should hatch into a royal rhino grub. It can be eaten raw, but it's much better cooked.",RimStarWars/SWBestiary,EggFertBase,category+parent+produced,EggsFertilized,,70.0,0.50,,,,,,,,,,,creature,RSW_RoyalRhino(comp:EggLayer),,,,,0,0,0,0,food-only,eaten,,
RSW_EggRoyalRhinoUnfertilized,royal rhino beetle egg (unfert.),"An unfertilized royal rhino beetle egg. It can be eaten raw, but it's much, much better cooked.",RimStarWars/SWBestiary,EggUnfertBase,category+parent+produced,EggsUnfertilized,,30.0,,,,,,,,,,,,creature,RSW_RoyalRhino(comp:EggLayer),,,,,0,0,0,0,food-only,eaten,,
RSW_EggSacapillarFertilized,sacapillar egg (fert.),"A fertilized sacapillar egg. If all goes well, it should hatch into a baby sacapillar. It can be eaten raw, but it's much better cooked.",RimStarWars/SWBestiary,EggFertBase,category+parent+produced,EggsFertilized,,25.0,,,,,,,,,,,,creature,RSW_Sacapillar(comp:EggLayer),RM_Wasteland;RUT_Wasteland,,,,0,0,0,0,food-only,eaten,,
RSW_EggSacapillarUnfertilized,sacapillar egg (unfert.),"An unfertilized sacapillar egg. It can be eaten raw, but it's much, much better cooked.",RimStarWars/SWBestiary,EggUnfertBase,category+parent+produced,EggsUnfertilized,,12,,,,,,,,,,,,creature,RSW_Sacapillar(comp:EggLayer),RM_Wasteland;RUT_Wasteland,,,,0,0,0,0,food-only,eaten,,
RSW_EggSandpillarFertilized,sandpillar egg (fert.),"A sandpillar egg. If all goes well, it should hatch into a baby sandpillar. It can be eaten raw, but it's much better cooked.",RimStarWars/SWBestiary,EggFertBase,category+parent+produced,EggsFertilized,,40.0,,,,,,,,,,,,creature,RSW_SandPillar(comp:EggLayer),RM_FloodedCanyon,,,,0,0,0,0,food-only,eaten,,
RSW_EggSandpillarUnfertilized,sandpillar egg (unfert.),"An unfertilized sandpillar egg. It can be eaten raw, but it's much, much better cooked.",RimStarWars/SWBestiary,EggUnfertBase,category+parent+produced,EggsUnfertilized,,20.0,,,,,,,,,,,,creature,RSW_SandPillar(comp:EggLayer),RM_FloodedCanyon,,,,0,0,0,0,food-only,eaten,,
RSW_EggScrapNestBirdFertilized,scrap-nest bird egg (fert.),"A fertilized scrap-nest bird egg. If all goes well, it should hatch into a chick. It can be eaten raw, but it's much better cooked.",RimStarWars/SWBestiary,EggFertBase,category+parent+produced,EggsFertilized,,20,,,,,,,,,,,,creature,RSW_ScrapNestBird(comp:EggLayer),RM_LeaningScrub;RUT_AridShrubland,,,,0,0,0,0,food-only,eaten,,
RSW_EggScrapNestBirdUnFertilized,scrap-nest bird egg (unfert.),"An unfertilized scrap-nest bird egg. It can be eaten raw, but it's much better cooked.",RimStarWars/SWBestiary,EggUnfertBase,category+parent+produced,EggsUnfertilized,,20,,,,,,,,,,,,creature,RSW_ScrapNestBird(comp:EggLayer),RM_LeaningScrub;RUT_AridShrubland,,,,0,0,0,0,food-only,eaten,,
RSW_EggScreecherFertilized,screecher egg (fert.),"A fertilized screecher egg. If all goes well, it should hatch into a screecher chick. It can be eaten raw, but it's much better cooked.",RimStarWars/SWBestiary,EggFertBase,category+parent+produced,EggsFertilized,,25.0,,,,,,,,,,,,creature,RSW_Screecher(comp:EggLayer),RM_Wasteland;RUT_Cauldron;RUT_Wasteland,,,,0,0,0,0,food-only,eaten,,
RSW_EggScreecherUnfertilized,screecher egg (unfert.),"An unfertilized screecher egg. It can be eaten raw, but it's much, much better cooked.",RimStarWars/SWBestiary,EggUnfertBase,category+parent+produced,EggsUnfertilized,,12,,,,,,,,,,,,creature,RSW_Screecher(comp:EggLayer),RM_Wasteland;RUT_Cauldron;RUT_Wasteland,,,,0,0,0,0,food-only,eaten,,
RSW_EggShiroFertilized,shiro egg (fert.),"A fertilized shiro egg. If all goes well, it should hatch into a baby shiro. It can be eaten raw, but it's much better cooked.",RimStarWars/SWBestiary,EggFertBase,category+parent+produced,EggsFertilized,,25.0,,,,,,,,,,,,creature,RSW_Shiro(comp:EggLayer);RSW_ShiroTrap(comp:EggLayer),RM_Greentide;RM_Miasma;RM_TheRot;RUT_TheRot,,,,0,0,0,1,food-only,eaten,,
RSW_EggShiroUnFertilized,shiro egg (unfert.),"An unfertilized shiro egg. It can be eaten raw, but it's much better cooked.",RimStarWars/SWBestiary,EggUnfertBase,category+parent+produced,EggsUnfertilized,,25.0,,,,,,,,,,,,creature,RSW_Shiro(comp:EggLayer);RSW_ShiroTrap(comp:EggLayer),RM_Greentide;RM_Miasma;RM_TheRot;RUT_TheRot,,,,0,0,0,1,food-only,eaten,,
RSW_EggShyrackFertilized,shyrack egg (fert.),"A fertilized shyrack egg. If all goes well, it should hatch into a baby shyrack. It can be eaten raw, but it's much better cooked.",RimStarWars/SWBestiary,EggFertBase,category+parent+produced,EggsFertilized,,7.0,,,,,,,,,,,,creature,RSW_Shyrack(comp:EggLayer),RM_LongShade;RUT_Desert,,,,0,0,0,1,food-only,eaten,,
RSW_EggShyrackUnFertilized,shyrack egg (unfert.),"An unfertilized shyrack egg. It can be eaten raw, but it's much better cooked.",RimStarWars/SWBestiary,EggUnfertBase,category+parent+produced,EggsUnfertilized,,7.0,,,,,,,,,,,,creature,RSW_Shyrack(comp:EggLayer),RM_LongShade;RUT_Desert,,,,0,0,0,1,food-only,eaten,,
RSW_EggUrusaiFertilized,urusai egg (fert.),"A fertilized urusai egg. If all goes well, it should hatch into a baby urusai. It can be eaten raw, but it's much better cooked.",RimStarWars/SWBestiary,EggFertBase,category+parent+produced,EggsFertilized,,15.0,,,,,,,,,,,,creature,RSW_Urusai(comp:EggLayer),RM_FeverWood;RM_LeaningScrub,,,,0,0,0,1,food-only,eaten,,
RSW_EggUrusaiUnFertilized,urusai egg (unfert.),"An unfertilized urusai egg. It can be eaten raw, but it's much better cooked.",RimStarWars/SWBestiary,EggUnfertBase,category+parent+produced,EggsUnfertilized,,15.0,,,,,,,,,,,,creature,RSW_Urusai(comp:EggLayer),RM_FeverWood;RM_LeaningScrub,,,,0,0,0,0,food-only,eaten,,
RSW_EggUvakFertilized,uvak egg (fert.),"A fertilized uvak egg. If all goes well, it should hatch into a baby uvak. It can be eaten raw, but it's much better cooked.",RimStarWars/SWBestiary,EggFertBase,category+parent+produced,EggsFertilized,,40.0,,,,,,,,,,,,creature,RSW_Uvak(comp:EggLayer),RM_LongShade;RUT_Desert,,,,0,0,0,1,food-only,eaten,,
RSW_EggUvakUnFertilized,uvak egg (unfert.),"An unfertilized uvak egg. It can be eaten raw, but it's much better cooked.",RimStarWars/SWBestiary,EggUnfertBase,category+parent+produced,EggsUnfertilized,,40.0,,,,,,,,,,,,creature,RSW_Uvak(comp:EggLayer),RM_LongShade;RUT_Desert,,,,0,0,0,0,food-only,eaten,,
RSW_EggVaractylFertilized,varactyl egg (fert.),"A fertilized varactyl egg. If all goes well, it should hatch into a baby varactyl. It can be eaten raw, but it's much better cooked.",RimStarWars/SWBestiary,EggFertBase,category+parent+produced,EggsFertilized,,50.0,,,,,,,,,,,,creature,RSW_Varactyl(comp:EggLayer),RM_LongShade;RUT_Desert,,,,0,0,0,1,food-only,eaten,,
RSW_EggVaractylUnFertilized,varactyl egg (unfert.),"An unfertilized varactyl egg. It can be eaten raw, but it's much better cooked.",RimStarWars/SWBestiary,EggUnfertBase,category+parent+produced,EggsUnfertilized,,50.0,,,,,,,,,,,,creature,RSW_Varactyl(comp:EggLayer),RM_LongShade;RUT_Desert,,,,0,0,0,0,food-only,eaten,,
RSW_EggWhisperbirdFertilized,whisperbird egg (fert.),"A fertilized whisperbird egg. If all goes well, it should hatch into a baby whisperbird. It can be eaten raw, but it's much better cooked..",RimStarWars/SWBestiary,EggFertBase,category+parent+produced,EggsFertilized,,20,,,,,,,,,,,,creature,RSW_Whisperbird(comp:EggLayer),RM_FeverWood;RM_Greentide;RM_LeaningScrub;RM_Miasma,,,,0,0,0,1,food-only,eaten,,
RSW_EggWhisperbirdUnFertilized,whisperbird egg (unfert.),"An unfertilized whisperbird egg. It can be eaten raw, but it's much better cooked.",RimStarWars/SWBestiary,EggUnfertBase,category+parent+produced,EggsUnfertilized,,20,,,,,,,,,,,,creature,RSW_Whisperbird(comp:EggLayer),RM_FeverWood;RM_Greentide;RM_LeaningScrub;RM_Miasma,,,,0,0,0,0,food-only,eaten,,
RSW_EggWorrtFertilized,worrt egg (fert.),"A fertilized worrt egg. If all goes well, it should hatch into a baby worrt. It can be eaten raw, but it's much better cooked.",RimStarWars/SWBestiary,EggFertBase,category+parent+produced,EggsFertilized,,25.0,,,,,,,,,,,,creature,RSW_Worrt(comp:EggLayer),RM_Greentide;RM_LeaningScrub;RM_LongShade;RUT_AridShrubland;RUT_Desert;RUT_Greentide,,,,0,0,0,1,food-only,eaten,,
RSW_EggWorrtUnFertilized,worrt egg (unfert.),"An unfertilized worrt egg. It can be eaten raw, but it's much better cooked.",RimStarWars/SWBestiary,EggUnfertBase,category+parent+produced,EggsUnfertilized,,25.0,,,,,,,,,,,,creature,RSW_Worrt(comp:EggLayer),RM_Greentide;RM_LeaningScrub;RM_LongShade;RUT_AridShrubland;RUT_Desert;RUT_Greentide,,,,0,0,0,0,food-only,eaten,,
RSW_EggWraidAlphaFertilized,alpha wraid egg (fert.),"A fertilized alpha wraid egg. If all goes well, it should hatch into a baby alpha wraid. It can be eaten raw, but it's much better cooked.",RimStarWars/SWBestiary,EggFertBase,category+parent+produced,EggsFertilized,,95.0,,,,,,,,,,,,creature,RSW_WraidAlpha(comp:EggLayer),RM_LongShade;RUT_Desert,,,,0,0,0,0,food-only,eaten,,
RSW_EggWraidAlphaUnFertilized,alpha wraid egg (unfert.),"An unfertilized alpha wraid egg. It can be eaten raw, but it's much better cooked.",RimStarWars/SWBestiary,EggUnfertBase,category+parent+produced,EggsUnfertilized,,95.0,,,,,,,,,,,,creature,RSW_WraidAlpha(comp:EggLayer),RM_LongShade;RUT_Desert,,,,0,0,0,0,food-only,eaten,,
RSW_EggWraidFertilized,wraid egg (fert.),"A fertilized wraid egg. If all goes well, it should hatch into a baby wraid. It can be eaten raw, but it's much better cooked.",RimStarWars/SWBestiary,EggFertBase,category+parent+produced,EggsFertilized,,80.0,,,,,,,,,,,,creature,RSW_Wraid(comp:EggLayer),RM_LongShade;RUT_Desert,,,,0,0,0,1,food-only,eaten,,
RSW_EggWraidUnFertilized,wraid egg (unfert.),"An unfertilized wraid egg. It can be eaten raw, but it's much better cooked.",RimStarWars/SWBestiary,EggUnfertBase,category+parent+produced,EggsUnfertilized,,80.0,,,,,,,,,,,,creature,RSW_Wraid(comp:EggLayer),RM_LongShade;RUT_Desert,,,,0,0,0,0,food-only,eaten,,
RSW_EggYobshrimpFertilized,yobshrimp roe (fert.),"A fertilized yobshrimp egg. If all goes well, it should hatch into a baby yobshrimp. It can be eaten raw, but it's much better cooked.",RimStarWars/SWBestiary,EggFertBase,category+parent+produced,EggsFertilized,,10.0,,,,,,,,,,,,creature,RSW_YobshrimpLand(comp:EggLayer),,,,,0,0,0,1,food-only,eaten,,
RSW_EggYobshrimpUnFertilized,yobshrimp roe (unfert.),"An unfertilized yobshrimp egg. It can be eaten raw, but it's much better cooked.",RimStarWars/SWBestiary,EggUnfertBase,category+parent+produced,EggsUnfertilized,,10.0,,,,,,,,,,,,creature,RSW_YobshrimpLand(comp:EggLayer),,,,,0,0,0,0,food-only,eaten,,
RSW_FaaCatch,faa scalefish,"The gold-olive scalefish — ""faynaa"" to the Gungans — netted whole. Fast, small-mouthed and predatory in the water; middling eating out of it.",RimStarWars/SWBestiary,FishBase,category+parent,Fish,,,,,,,,,,,,,,,,RM_Greentide;RM_TwilightSea;RUT_Greentide,,,,2,0,0,8,food-only,eaten,,
RSW_Felinoid_Meat,felinoid meat,A piece of meat from a felinoid.,RimStarWars/SWBestiary,RSW_SWanimals_RawMeatBase>OrganicProductBase,category+parent,MeatRaw,,2.0,0.03,,,,,,,,0.5,,Meat,,,,,,,7,0,0,8,food-only,eaten,,
RSW_FiredCeramicware,fired ceramicware,"Glazed brick and vessel-ware, fired in an onnik's gut over three properly spaced feeds. Tougher and better-looking than raw stone block - a real building and art material, not just industrial fill. (Name kept generic: this is the same fired ceramic the sand-oven cuisine line will want for cookware.)",RimStarWars/SWBestiary,StoneBlocksBase,stuffProps+category+parent,StoneBlocks,Stony,2.6,1,,,,,,0.55,,,Beauty=1.6;MaxHitPoints=1.2,,,,,,,,0,1029,0,3,structural wood/bone/stone/ice/clay,as-stuff,,
RSW_FishMeatCore,fish meat,Meat from fish-like creatures.,RimStarWars/SWBestiary,ResourceBase,category+parent,MeatRaw,,2,0.03,,,,,,,,1.0,,Meat,,,,,,,7,0,0,3,food-only,eaten,,
RSW_Fishskin,fishskin,Leather from a fish. It doesn't protect very well.,RimStarWars/SWBestiary,LeatherBase,stuffProps+category+parent+produced,Leathers,Leathery,2.1,,0.55,,,6,12,,,,Beauty=1.0,,creature,RSW_MutatingTumorfishAdult(leather);RSW_MutatingTumorfishSpawn(leather),,,,,0,1053,0,0,armour hide/leather/chitin/plate,as-stuff,,
RSW_FragileChitin,fragile chitin,Chitin of a giant insect. It doesn't protect very well.,RimStarWars/SWBestiary,RSW_BiomesCore_ChitinBase>LeatherBase,stuffProps+category+parent+produced,Leathers,RSW_ChitinStuff;Leathery,1.0,0.03,0.45,0.50,1.5,10,10,,,1,Beauty=0.25;MaxHitPoints=1.0,,creature,RSW_ColonyPustuleHornet(leather);RSW_ColonyPustuleHornetQueen(leather);RSW_Megakrill(leather);RSW_Megaphorid(leather);RSW_MegaphoridLarva(leather);RSW_MutagenicNorphea(leather);RSW_PustuleHornet(leather);RSW_PustuleHornetQueen(leather);RSW_PustuleHornetSpawned(leather);RSW_SmogMothLarvae(leather),RM_FloodedCanyon;RM_Warscar;RUT_CrackedLands;RUT_Scarlands;RUT_TheRot,,,,0,1053,0,0,armour hide/leather/chitin/plate,as-stuff,RM_FragileChitin,
RSW_FungalMantisClaw,fungal mimic mantis claw,A claw from a fungal mimic mantis. It's priceless in most markets. This is a true trophy and needed for special weapons.,RimStarWars/SWBestiary,ResourceVerbBase,parent+produced,ItemsMisc,,150,3,,,,,,,,0.4,,,creature,RSW_FungalMantis(butcher),RUT_TheRot,,RUT_FungalMantisScythe,,0,0,0,4,trophy/relic/curio,direct,,RM_FungalMantisClaw
RSW_GlowGoo,glow goo,"An organic glowing goo. Produced most often by a specific caste of insectoid. When used properly, it can be used to illuminate dark areas.",RimStarWars/SWBestiary,ResourceBase,category+parent+produced,Manufactured,,1.5,0.05,,,,,,,,0.75,,,creature,RSW_PodWorm(comp:Milkable),RM_Miasma;RUT_Miasma,,,,0,0,0,0,chemical reagent/salt/venom/pigment,ORPHAN,,
RSW_Gorg_Meat,gorg meat,A piece of meat from an amphibian.,RimStarWars/SWBestiary,RSW_SWanimals_RawMeatBase>OrganicProductBase,category+parent,MeatRaw,,1.0,0.03,,,,,,,,0.5,,Meat,,,,,,,7,0,0,22,food-only,eaten,,
RSW_Gornt_Meat,gornt meat,A piece of meat from a gornt. It is reputed to taste exceptional and commands a price that matches the fact.,RimStarWars/SWBestiary,RSW_SWanimals_RawMeatBase>OrganicProductBase,category+parent,MeatRaw,,4.0,0.03,,,,,,,,0.5,,Meat,,,,,,,7,0,0,3,food-only,eaten,,
RSW_GrayChitin,gray shell,"A strong, gray, chitinous shell.",RimStarWars/SWBestiary,RSW_BiomesCore_ChitinBase>LeatherBase,stuffProps+category+parent+produced,Leathers,RSW_ChitinStuff;Leathery,2.5,0.03,0.54,0.6,1.5,12,12,,,1,MaxHitPoints=0.8,,creature,RSW_AaroxisDendoria(leather);RSW_MossBeetle(leather),RM_LeaningScrub;RUT_AridShrubland;RUT_Miasma,,,,0,1053,0,1,armour hide/leather/chitin/plate,as-stuff,RM_GrayChitin,
RSW_HolcorobeusEggFertilized,Holcorobeus egg (fert.),"A fertilized egg. With enough care and patience, this egg will hatch into a holcorobeus.",RimStarWars/SWBestiary,EggFertBase,category+parent+produced,EggsFertilized,,7.0,,,,,,,,,,,,creature,RSW_Holcorobeus(comp:EggLayer),,,,,0,0,0,0,food-only,eaten,,
RSW_HolcorobeusEggUnFertilized,Holcorobeus egg (unfert.),An unfertilized egg. Behind a veil of light the vague shape of a young holcorobeus lies curled safely within.,RimStarWars/SWBestiary,EggUnfertBase,category+parent+produced,EggsUnfertilized,,3.5,,,,,,,,,,,,creature,RSW_Holcorobeus(comp:EggLayer),,,,,0,0,0,0,food-only,eaten,,
RSW_InsectChitin,chitin,"An extremely thick composition of rare minerals and biomass, commonly found in a form of insect exoskeletons.",RimStarWars/SWBestiary,LeatherBase,stuffProps+category+parent+produced,Leathers,Leathery,3.2,0.05,0.48,1.27,1.15,6,6,,,,Beauty=0.8;Flammability=0.5;MaxHitPoints=1.5;WorkToBuild=1.2;WorkToMake=1.2,,creature,RSW_Zhakka(leather),,,,,0,1053,0,1,armour hide/leather/chitin/plate,as-stuff,,
RSW_Insectile_Meat,insectile meat,A piece of meat from an insectile.,RimStarWars/SWBestiary,RSW_SWanimals_RawMeatBase>OrganicProductBase,category+parent,MeatRaw,,1.5,0.03,,,,,,,,0.5,,Meat,,,,,,,7,0,0,17,food-only,eaten,,
RSW_KarraskPlate,cured karrask plate,"Chitin-like plate cured from a shed karrask carapace - tough, easy to work and shape into armor or other durable goods, but dull and unglamorous next to a dyed hide or a worked metal. What it lacks in prettiness it makes up in how little labor it takes to turn into something durable.",RimStarWars/SWBestiary,LeatherBase,stuffProps+category+parent,Leathers,Leathery,4.6,0.05,1.55,1.2,,22,10,,,,Beauty=0.7;WorkToMake=0.8,,,,,,,,0,1053,0,8,armour hide/leather/chitin/plate,as-stuff,,
RSW_KarraskShedRaw,raw karrask shed,"A freshly molted karrask carapace plate, still flexible and faintly damp. Uncured, it is brittle and structurally useless - it has to be cured before it holds an edge or a shape. No stuffProps on this def is deliberate: nothing can be crafted from it until it becomes cured plate.",RimStarWars/SWBestiary,ResourceBase,category+parent+produced,ResourcesRaw,,1.4,0.03,,,,,,,,0.4,,,creature,RSW_Karrask(comp:Shearable),,RSW_CureKarraskPlate,,,0,0,0,3,armour hide/leather/chitin/plate,direct,,
RSW_KilnClay,raw kiln clay,"Clay-rich sand and raw silica, the only thing an onnik will actually digest into ceramic. Dumped in all at once it fires cold and cracked; fed to a hungry onnik in small, spaced handfuls across a day, it comes out glazed and sellable.",RimStarWars/SWBestiary,ResourceBase,category+parent,ResourcesRaw,,0.5,0.02,,,,,,,,0,,Plant,,,,,,,0,0,4,2,structural wood/bone/stone/ice/clay,eaten,,
RSW_Krayt_Meat,krayt meat,A piece of meat from a large reptiloid.,RimStarWars/SWBestiary,RSW_SWanimals_RawMeatBase>OrganicProductBase,category+parent,MeatRaw,,2.5,0.03,,,,,,,,0.5,,Meat,,,,,,,7,0,0,6,food-only,eaten,,
RSW_LaaCatch,laa scalefish,"The big ornate scalefish, striped and streamer-finned, netted whole. Prized on every table that can get one; hard to net for the same reason it is hard to eat.",RimStarWars/SWBestiary,FishBase,category+parent,Fish,,9,,,,,,,,,,,,,,RM_Greentide;RUT_Greentide,,,,2,0,0,10,food-only,eaten,,
RSW_Leather_Amphibian,amphibianskin,"The tanned skin of an amphibian, like a frog or salamander. Amphibianskin feels moist and soft at the same time.",RimStarWars/SWBestiary,LeatherBase,stuffProps+category+parent+produced,Leathers,Leathery,4,,0.75,0.15,2,12,12,,,0.25,MaxHitPoints=0.9,,creature,RSW_GastroToad(leather);RSW_Maxolotl(leather);RSW_Polluwog(leather),,,,,0,1053,0,0,armour hide/leather/chitin/plate,as-stuff,,
RSW_Leather_Bantha,bantha fur,"Tanned, dried, bantha fur. Not the toughest material, but very insulative against the heat.",RimStarWars/SWBestiary,LeatherBase,stuffProps+category+parent+produced,Leathers,Leathery,3.5,,1.0,1.25,,15,30,,,,MaxHitPoints=1.0,,creature,RSW_Bantha(leather),RM_LeaningScrub;RM_LongShade;RM_Stillsand;RM_WeepingStones;RUT_Desert,,,,0,1053,0,7,armour hide/leather/chitin/plate,as-stuff,,
RSW_Leather_Bright,bright fur,"The pelt of an creature typically associated with the ""lightside"". This beautiful fur protects very well and is believed to increase ones ""connection to the force"".",RimStarWars/SWBestiary,LeatherBase,stuffProps+category+parent+produced,Leathers,Leathery,15.0,,1.8,1.8,,35,15,,,,Beauty=2.0;MaxHitPoints=1.5,,creature,RSW_Jakobeast(leather),RM_LongShade;RUT_Desert,,,,0,1053,0,2,armour hide/leather/chitin/plate,as-stuff,,
RSW_Leather_Crustapod,crustapod chitin,"Tanned, dried, crustapod chitin. Durable, but lacks insulation.",RimStarWars/SWBestiary,LeatherBase,stuffProps+category+parent+produced,Leathers,Leathery,3.5,,1.6,1.6,,20,5,,,,MaxHitPoints=1.0,,creature,RSW_Acklay(leather);RSW_Blixus(comp:Shearable);RSW_Blixus(leather);RSW_YobshrimpLand(leather),RM_Miasma,,,,0,1053,0,7,armour hide/leather/chitin/plate,as-stuff,,
RSW_Leather_Dark,dark hide,"The pelt of an creature typically associated with the ""darkside"". This tough skin protects very well and is believed to increase ones ""connection to the force"".",RimStarWars/SWBestiary,LeatherBase,stuffProps+category+parent+produced,Leathers,Leathery,15.0,,1.8,1.8,,15,35,,,,MaxHitPoints=1.5,,creature,RSW_Hssiss(leather);RSW_Shyrack(leather);RSW_WarWyrm(leather),RM_Greentide;RM_LongShade;RM_Stillsand;RM_TheSump;RUT_Desert;RUT_ExtremeDesert,,,,0,1053,0,4,armour hide/leather/chitin/plate,as-stuff,,
RSW_Leather_Fambaa,fambaa hide,"The pelt of an Fambaa. Harvested from a large, hardy animal. This thick skin protects very well.",RimStarWars/SWBestiary,LeatherBase,stuffProps+category+parent+produced,Leathers,Leathery,4.0,,1.6,1.6,,,,,,,MaxHitPoints=1.5,,creature,RSW_Fambaa(leather);RSW_ShrublandGiant(leather),RM_FeverWood;RM_Greentide;RM_LeaningScrub;RUT_AridShrubland,,,,0,1053,0,2,armour hide/leather/chitin/plate,as-stuff,,
RSW_Leather_Felinoid,felinoid fur,"Tanned, dried, felinoid fur. Soft and beautiful.",RimStarWars/SWBestiary,LeatherBase,stuffProps+category+parent+produced,Leathers,Leathery,4.0,,1.0,1.2,,20,10,,,,Beauty=2.5;MaxHitPoints=1.0,,creature,RSW_Lothcat(leather),RM_LeaningScrub,,,,0,1053,0,1,armour hide/leather/chitin/plate,as-stuff,,
RSW_Leather_Gastropoda,gastropodskin,"The tanned skin of a gastropod, like a slug or snail. Gastropodskin feels crumbly and mushy at the same time.",RimStarWars/SWBestiary,LeatherBase,stuffProps+category+parent+produced,Leathers,Leathery,1.9,,0.64,0.81,2,10,10,,,0.2,MaxHitPoints=0.8,,creature,RSW_AcidSlug(leather),RUT_FeverWood,,,,0,1053,0,0,armour hide/leather/chitin/plate,as-stuff,,
RSW_Leather_Horax,horax hide,"Tanned, dried, Horax hide. Strong, durable and pricey.",RimStarWars/SWBestiary,LeatherBase,stuffProps+category+parent+produced,Leathers,Leathery,15.0,,2.2,2.4,,10,20,,,,MaxHitPoints=1.0,,creature,RSW_Horax(leather);RSW_ShadeWhale(leather),RM_LongShade;RUT_Desert,,,,0,1053,0,4,armour hide/leather/chitin/plate,as-stuff,RM_GloomcastHide,
RSW_Leather_Insectile,insectile hide,"Tanned, dried, insectile skin. It is suprisingly tough but insulates poorly.",RimStarWars/SWBestiary,LeatherBase,stuffProps+category+parent+produced,Leathers,Leathery,2.8,,1.3,0.8,,5,5,,,,MaxHitPoints=1.0,,creature,RSW_CanCell(leather);RSW_Cannok(leather);RSW_Gelagrub(leather);RSW_Gutkurr(leather);RSW_Klorslug(leather);RSW_TunnelSnake(leather);RSW_Worrt(leather),RM_FeverWood;RM_FloodedCanyon;RM_Greentide;RM_LeaningScrub;RM_LongShade;RUT_AridShrubland;RUT_Desert;RUT_Greentide,,,,0,1053,0,14,armour hide/leather/chitin/plate,as-stuff,,
RSW_Leather_Insectine,insectine chitin,The shell of a insectine. It provides decent protection and insulates well against the cold.,RimStarWars/SWBestiary,LeatherBase,stuffProps+category+parent+produced,Leathers,Leathery,5.0,,1.6,1.6,,50,,,,,MaxHitPoints=1.5,,creature,RSW_Kinrath(leather);RSW_Kreetle(leather);RSW_Krykna(leather);RSW_Lylek(leather);RSW_VentStalker(leather),RM_Cauldron;RM_Greentide;RM_LeaningScrub;RM_LongShade;RM_Stillsand;RUT_AridShrubland;RUT_Cauldron;RUT_Desert;RUT_ExtremeDesert;RUT_Miasma;RUT_Webwork,,,,0,1053,0,9,armour hide/leather/chitin/plate,as-stuff,,
RSW_Leather_KraytDragon,krayt hide,"Tanned, dried, krayt dragon scales. Exceptionally strong and commands a hefty price.",RimStarWars/SWBestiary,LeatherBase,stuffProps+category+parent+produced,Leathers,Leathery,20.0,,2.3,2.5,,10,20,,,,MaxHitPoints=1.0,,creature,RSW_GreaterKraytDragon(leather);RSW_KraytDragon(leather),RM_Stillsand;RUT_ExtremeDesert,RSW_Make_KraytHorn,,,0,1053,0,7,armour hide/leather/chitin/plate,direct,,
RSW_Leather_LavaFlea,lava flea chitin,"The shell of a Lava Flea. It is exceptionally resistant to high temperature, but only provide average protection.",RimStarWars/SWBestiary,LeatherBase,stuffProps+category+parent+produced,Leathers,Leathery,4.0,,1.4,1.4,,,50,,,,MaxHitPoints=1.5,,creature,RSW_LavaFlea(comp:Shearable);RSW_LavaFlea(leather),RM_TheForge,,,,0,1053,0,1,armour hide/leather/chitin/plate,as-stuff,,
RSW_Leather_Magma,flame-proof leather,The tanned skin of a fireproof creature. It feels hardy and tough but doesn't protect against cold well.,RimStarWars/SWBestiary,LeatherBase,stuffProps+category+parent+produced,Leathers,Leathery,7,,0.75,0.15,2,5,50,,,0.0,Flammability=0.0;MaxHitPoints=0.6,,creature,RSW_Maguana(leather),RM_TheForge;RUT_TheForge,,,,0,1053,0,3,armour hide/leather/chitin/plate,as-stuff,,
RSW_Leather_Mammavian,mammavian hide,"Tanned, dried, skin. It is quite insulative.",RimStarWars/SWBestiary,LeatherBase,stuffProps+category+parent+produced,Leathers,Leathery,2.2,,0.9,0.4,,30,,,,,MaxHitPoints=1.0,,creature,RSW_Convor(leather);RSW_KowakianMonkeyLizard(leather);RSW_Porg(leather);RSW_Strill(leather),RM_FeverWood;RM_FloodedCanyon;RM_Greentide;RM_LeaningScrub,,,,0,1053,0,11,armour hide/leather/chitin/plate,as-stuff,,
RSW_Leather_Nerf,nerf hide,"Tanned, dried, nerf hide. A popular clothing textile.",RimStarWars/SWBestiary,LeatherBase,stuffProps+category+parent+produced,Leathers,Leathery,1.8,,1.0,0.6,,15,15,,,,MaxHitPoints=1.0,,creature,RSW_FeralGrazer(leather);RSW_FeralNerf(leather);RSW_Nerf(leather),RM_LeaningScrub;RM_LongShade;RUT_Desert,,,,0,1053,0,5,armour hide/leather/chitin/plate,as-stuff,,
RSW_Leather_Reptavian,reptavian hide,"Tanned, dried, skin. It is tough and somewhat beautiful.",RimStarWars/SWBestiary,LeatherBase,stuffProps+category+parent+produced,Leathers,Leathery,2.2,,0.9,0.2,,10,10,,,,Beauty=2.0;MaxHitPoints=1.0,,creature,RSW_Bogwing(leather);RSW_Dactillion(leather);RSW_Hawkbat(leather);RSW_Nuna(leather);RSW_PekoPeko(leather);RSW_Pikobis(leather);RSW_Urusai(leather);RSW_Uvak(leather);RSW_Varactyl(leather),RM_FeverWood;RM_Greentide;RM_LeaningScrub;RM_LongShade;RM_Miasma;RM_Pyrelands;RM_WeepingStones;RUT_AridShrubland;RUT_Desert;RUT_FeverWood;RUT_Greentide,,,,0,1053,0,12,armour hide/leather/chitin/plate,as-stuff,,
RSW_Leather_ReptoFur,reptomammal fur,"Tanned, dried, reptomammal fur. Smells bad but at least it insulates against the cold.",RimStarWars/SWBestiary,LeatherBase,stuffProps+category+parent+produced,Leathers,Leathery,1.8,,0.75,0.25,,40,10,,,,MaxHitPoints=1.0,,creature,RSW_Anooba(leather);RSW_Kybuck(leather),RM_LeaningScrub;RM_Miasma;RM_Pyrelands,,,,0,1053,0,3,armour hide/leather/chitin/plate,as-stuff,,
RSW_Leather_Reptomammal,reptomammal hide,"Tanned, dried, skin. It is tough and insulative.",RimStarWars/SWBestiary,LeatherBase,stuffProps+category+parent+produced,Leathers,Leathery,2.2,,1.1,0.6,,20,10,,,,Beauty=1.4;MaxHitPoints=1.0,,creature,RSW_Gornt(leather);RSW_Hrumph(leather);RSW_Jamel(leather);RSW_Qormot(leather),RM_FloodedCanyon;RM_LeaningScrub;RM_LongShade;RM_Stillsand;RM_WeepingStones;RUT_Desert,,,,0,1053,0,6,armour hide/leather/chitin/plate,as-stuff,,
RSW_Leather_Ronto,ronto hide,"The pelt of an Ronto. Harvested from a large, hardy animal. This thick skin protects very well.",RimStarWars/SWBestiary,LeatherBase,stuffProps+category+parent+produced,Leathers,Leathery,4.0,,2.3,1.3,,10,25,,,,MaxHitPoints=1.0,,creature,RSW_Ronto(leather),RM_LeaningScrub;RM_LongShade;RM_Stillsand;RUT_Desert,,,,0,1053,0,1,armour hide/leather/chitin/plate,as-stuff,,
RSW_Leather_Saurian,saurian hide,"Tanned, dried, saurian skin. It has an unusual beauty.",RimStarWars/SWBestiary,LeatherBase,stuffProps+category+parent+produced,Leathers,Leathery,2.4,,1.0,0.50,,,20,,,,Beauty=1.2;MaxHitPoints=1.0,,creature,RSW_Blurrg(leather);RSW_Bolotaur(leather);RSW_Boma(leather);RSW_Dalgo(leather);RSW_Dewback(leather);RSW_Dragonsnake(leather);RSW_Gizka(leather);RSW_Kwi(leather);RSW_Massiff(leather),RM_Greentide;RM_LeaningScrub;RM_LongShade;RM_Pyrelands;RM_Stillsand;RM_WeepingStones;RUT_AridShrubland;RUT_Desert;RUT_ExtremeDesert;RUT_Greentide,,,,0,1053,0,22,armour hide/leather/chitin/plate,as-stuff,,
RSW_Leather_SoftFur,soft fur,"Tanned, dried, soft fur. Soft, insulating and beautiful.",RimStarWars/SWBestiary,LeatherBase,stuffProps+category+parent+produced,Leathers,Leathery,5.0,,,,,50,25,,,,Beauty=3.0;MaxHitPoints=1.0,,creature,RSW_Scavrat(leather);RSW_Voorpak(leather);RSW_Vulptex(leather),RM_LeaningScrub;RM_LongShade;RUT_Desert,,,,0,1053,0,8,armour hide/leather/chitin/plate,as-stuff,,
RSW_Leather_Testudine,testudine chitin,The shell of a testudine. It provides excellent protection but does not insulate well.,RimStarWars/SWBestiary,LeatherBase,stuffProps+category+parent+produced,Leathers,Leathery,15.0,,2.0,2.0,,5,5,,,,MaxHitPoints=1.5,,creature,RSW_Shiro(leather);RSW_ShiroTrap(leather),RM_Greentide;RM_Miasma;RM_TheRot;RUT_TheRot,,,,0,1053,0,1,armour hide/leather/chitin/plate,as-stuff,,
RSW_Leather_Tough,heavy hide,"Tanned, dried, skin. It won't keep you warm but it is reasonably durable.",RimStarWars/SWBestiary,LeatherBase,stuffProps+category+parent+produced,Leathers,Leathery,4.0,,1.2,1.1,,,30,,,,MaxHitPoints=1.0,,creature,RSW_Borcatu(leather);RSW_Corinathoth(leather);RSW_Falumpaset(leather);RSW_IridonianReek(leather);RSW_MarshHaunt(leather);RSW_Orray(leather),RM_Greentide;RM_LeaningScrub;RM_LongShade;RM_Miasma;RM_Pyrelands;RM_Stillsand;RM_Wasteland;RUT_Desert,,,,0,1053,0,13,armour hide/leather/chitin/plate,as-stuff,,
RSW_Leather_Wampa,wampa pelt,"Tanned, dried, wampa pelt. Reasonable protection and keeps you warm.",RimStarWars/SWBestiary,LeatherBase,stuffProps+category+parent+produced,Leathers,Leathery,3.4,,1.20,1.20,,30,20,,,,MaxHitPoints=1.0,,creature,RSW_Wampa(leather),RM_NightsideIce,,,,0,1053,0,6,armour hide/leather/chitin/plate,as-stuff,,
RSW_Leather_Wraid,wraidskin,"The hide of an Wraid. Harvested from a large, hardy animal. This thick skin protects well and command a decent price.",RimStarWars/SWBestiary,LeatherBase,stuffProps+category+parent+produced,Leathers,Leathery,12.0,,1.8,1.8,,,30,,,,MaxHitPoints=1.5,,creature,RSW_Wraid(leather);RSW_WraidAlpha(leather),RM_LongShade;RUT_Desert,,,,0,1053,0,1,armour hide/leather/chitin/plate,as-stuff,,
RSW_Leather_Zakkeg,zakkeg hide,"The pelt of a Zakkeg. Harvested from a large, predatory animal. This hide protects very well but isn't insulative.",RimStarWars/SWBestiary,LeatherBase,stuffProps+category+parent+produced,Leathers,Leathery,15.0,,2.0,2.0,,,,,,,MaxHitPoints=1.5,,creature,RSW_Zakkeg(leather),RM_Miasma,,,,0,1053,0,1,armour hide/leather/chitin/plate,as-stuff,,
RSW_Mammavian_Meat,mammavian meat,A piece of meat from a mammavian.,RimStarWars/SWBestiary,RSW_SWanimals_RawMeatBase>OrganicProductBase,category+parent,MeatRaw,,2.0,0.03,,,,,,,,0.5,,Meat,,,,,,,7,0,0,8,food-only,eaten,,
RSW_MediumChitin,tough chitin,Chitin of a giant insect. It's quite durable.,RimStarWars/SWBestiary,RSW_BiomesCore_ChitinBase>LeatherBase,stuffProps+category+parent+produced,Leathers,RSW_ChitinStuff;Leathery,5.0,0.03,1.1,0.8,1.5,15,15,,,1,Beauty=3;MaxHitPoints=1.2,,creature,RSW_Diggerpede(leather);RSW_FungalMantis(leather);RSW_SandPillar(leather),RM_FloodedCanyon;RUT_Greentide;RUT_TheRot,,,,0,1053,0,1,armour hide/leather/chitin/plate,as-stuff,RM_RotMediumChitin;RM_MediumChitin,
RSW_MeeCatch,mee scalefish,"A silver-blue schooling scalefish with a single line of bioluminescent dots along the flank, netted whole. The bulk protein of every river that has them.",RimStarWars/SWBestiary,FishBase,category+parent,Fish,,,,,,,,,,,,,,,,RM_Greentide;RM_TwilightSea;RUT_Greentide,,,,2,0,0,9,food-only,eaten,,
RSW_MutapoxVial,mutapox vial,"A potent liquid form of the mutapox virus. It can be milked from a strange insectoid from polluted biomes. Weirdly, it is somewhat enjoyable to consume.",RimStarWars/SWBestiary,DrugBase,parent+produced,,,35,0.05,,,,,,,,,,Processed/drug:Hard,creature,RSW_MutagenicNorphea(comp:Milkable),RM_FloodedCanyon;RUT_CrackedLands,,,,0,0,0,0,drug/medicine base,eaten,,
RSW_Nerf_Meat,nerf meat,A piece of meat from a nerf.,RimStarWars/SWBestiary,RSW_SWanimals_RawMeatBase>OrganicProductBase,category+parent,MeatRaw,,1.0,0.03,,,,,,,,0.5,,Meat,,,,,,,7,0,0,9,food-only,eaten,,
RSW_Pachydermoid_Meat,pachydermoid meat,A piece of meat from a pachydermoid.,RimStarWars/SWBestiary,RSW_SWanimals_RawMeatBase>OrganicProductBase,category+parent,MeatRaw,,2.0,0.03,,,,,,,,0.5,,Meat,,,,,,,7,0,0,15,food-only,eaten,,
RSW_PlatyhystrixEggFertilized,Platyhystrix egg (fert.),"A fertilized egg. With enough care and patience, this egg will hatch into a platyhystrix.",RimStarWars/SWBestiary,EggFertBase,category+parent+produced,EggsFertilized,,7.0,,,,,,,,,,,,creature,RSW_Platyhystrix(comp:EggLayer),,,,,0,0,0,0,food-only,eaten,,
RSW_PlatyhystrixEggUnFertilized,Platyhystrix egg (unfert.),An unfertilized egg. Behind a veil of light the vague shape of a young platyhystrix lies curled safely within.,RimStarWars/SWBestiary,EggUnfertBase,category+parent+produced,EggsUnfertilized,,3.5,,,,,,,,,,,,creature,RSW_Platyhystrix(comp:EggLayer),,,,,0,0,0,0,food-only,eaten,,
RSW_ProtosolpugaEggFertilized,Protosolpuga egg (fert.),"A fertilized egg. With enough care and patience, this egg will hatch into a protosolpuga.",RimStarWars/SWBestiary,EggFertBase,category+parent+produced,EggsFertilized,,7.0,,,,,,,,,,,,creature,RSW_Protosolpuga(comp:EggLayer),,,,,0,0,0,0,food-only,eaten,,
RSW_ProtosolpugaEggUnFertilized,Protosolpuga egg (unfert.),An unfertilized egg. Behind a veil of light the vague shape of a young protosolpuga lies curled safely within.,RimStarWars/SWBestiary,EggUnfertBase,category+parent+produced,EggsUnfertilized,,3.5,,,,,,,,,,,,creature,RSW_Protosolpuga(comp:EggLayer),,,,,0,0,0,0,food-only,eaten,,
RSW_ProtovermesEggFertilized,Protovermes egg (fert.),"A fertilized egg. With enough care and patience, this egg will hatch into a protovermes.",RimStarWars/SWBestiary,EggFertBase,category+parent+produced,EggsFertilized,,7.0,,,,,,,,,,,,creature,RSW_Protovermes(comp:EggLayer),,,,,0,0,0,3,food-only,eaten,,
RSW_ProtovermesEggUnFertilized,Protovermes egg (unfert.),An unfertilized egg. Behind a veil of light the vague shape of a young protovermes lies curled safely within.,RimStarWars/SWBestiary,EggUnfertBase,category+parent+produced,EggsUnfertilized,,3.5,,,,,,,,,,,,creature,RSW_Protovermes(comp:EggLayer),,,,,0,0,0,0,food-only,eaten,,
RSW_RawBloddle,bloddle,Raw bloddle. An aromatic root vegetable used in many culinary dishes for it's strong flavour.,RimStarWars/SWBestiary,PlantFoodRawBase,category+parent+produced,PlantFoodRaw,,2.0,,,,,,,,,,,VegetableOrFruit,plant,RSW_Plant_Bloddle(harvest),RM_Stillsand;RUT_ExtremeDesert,,,,8,0,0,0,food-only,eaten,,
RSW_RawChakroot,chak-root,Raw chak-root. An aromatic root vegetable used in many culinary dishes for it's unique flavour.,RimStarWars/SWBestiary,PlantFoodRawBase,category+parent+produced,PlantFoodRaw,,2.0,,,,,,,,,,,VegetableOrFruit,plant,RSW_Plant_Chakroot_Wild(harvest),RM_FeverWood;RM_LongShade;RUT_Desert,,,,8,0,0,0,food-only,eaten,,
RSW_RawHubbaGourd,hubba gourd,Raw hubba gourd. A keystone crop for both the Tusken and Jawa people of Tatooine as it can stay edible for a long time without refrigeration.,RimStarWars/SWBestiary,PlantFoodRawBase,category+parent+produced,PlantFoodRaw,,1.3,,,,,,,,,,,VegetableOrFruit,plant,RSW_Plant_HubbaGourd_Wild(harvest),RM_LongShade;RUT_Desert,,,,8,0,0,4,food-only,eaten,,
RSW_RawNysyllin,nysyllin,Raw nysyllin pods plant. Can be refined into large quantities of primitive medicine.,RimStarWars/SWBestiary,RoughPlantBase,category+produced,PlantMatter,,10,,,,,,,,,1.3,,,plant,RSW_Plant_Nysyllin_Wild(harvest),,,,,0,0,0,0,drug/medicine base,ORPHAN,,
RSW_RegalMilk,regal milk,Regal milk from the hideous maligoat. It is delightfully delicious when eaten raw.,RimStarWars/SWBestiary,OrganicProductBase,category+parent+produced,AnimalProductRaw,,2.0,0.045,,,,,,,,0.2,,"AnimalProduct, Fluid",creature,RSW_Maligoat(comp:Milkable),RM_Wasteland;RUT_Wasteland,,,,0,0,0,0,food-only,eaten,,
RSW_Reptavian_Meat,reptavian meat,A piece of meat from a reptavian.,RimStarWars/SWBestiary,RSW_SWanimals_RawMeatBase>OrganicProductBase,category+parent,MeatRaw,,2.0,0.03,,,,,,,,0.5,,Meat,,,,,,,7,0,0,25,food-only,eaten,,
RSW_Reptomammal_Meat,reptomammal meat,A piece of meat from a reptomammal.,RimStarWars/SWBestiary,RSW_SWanimals_RawMeatBase>OrganicProductBase,category+parent,MeatRaw,,2.0,0.03,,,,,,,,0.5,,Meat,,,,,,,7,0,0,16,food-only,eaten,,
RSW_ResourceBlueCrystal,crystal,Blue crystal mined from crystal caves.,RimStarWars/SWBestiary,StoneBlocksBase,stuffProps+category+parent+produced,ResourcesRaw,Stony,1,1,,,,,,1.0,0.6,,Beauty=1.25;DoorOpenSpeed=0.5;Flammability=0;MarketValue=0.6;MaxHitPoints=1.8;MeleeWeapon_CooldownMultiplier=1.20;WorkToBuild=6.5;WorkToMake=1.4,,creature,RSW_CrystalCrab(butcher),,,,,0,1029,0,1,gem/crystal/light-stone,as-stuff,,
RSW_Rocktooth,rocktooth,Raw rocktooth.,RimStarWars/SWBestiary,FishBase,category+parent,Fish,,0.22,0.01,,,,,,,,,,,,,RM_FloodedCanyon;RUT_CrackedLands,,,,2,0,0,6,food-only,eaten,,
RSW_Rodentia_Meat,rodentia meat,A piece of meat from a rodent.,RimStarWars/SWBestiary,RSW_SWanimals_RawMeatBase>OrganicProductBase,category+parent,MeatRaw,,1.0,0.03,,,,,,,,0.5,,Meat,,,,,,,7,0,0,9,food-only,eaten,,
RSW_Ronto_Meat,ronto meat,A piece of meat from a ronto.,RimStarWars/SWBestiary,RSW_SWanimals_RawMeatBase>OrganicProductBase,category+parent,MeatRaw,,2.0,0.03,,,,,,,,0.5,,Meat,,,,,,,7,0,0,2,food-only,eaten,,
RSW_RoyalChitin,royal chitin,"A legendary, royal, chitinous shell. It is only found on the strongest and or rarest creatures from within the bowels of the earth.",RimStarWars/SWBestiary,RSW_BiomesCore_ChitinBase>LeatherBase,stuffProps+category+parent+produced,Leathers,RSW_ChitinStuff;Leathery,10.0,0.03,1.3,1.0,1.5,20,20,,,1,Beauty=6;MaxHitPoints=1.8,,creature,RSW_BunkerBug(leather);RSW_CrystalCrab(leather);RSW_RoyalRhino(leather),,,,,0,1053,0,0,armour hide/leather/chitin/plate,as-stuff,,
RSW_Saurian_Meat,saurian meat,A piece of meat from a saurian.,RimStarWars/SWBestiary,RSW_SWanimals_RawMeatBase>OrganicProductBase,category+parent,MeatRaw,,2.0,0.03,,,,,,,,0.5,,Meat,,,,,,,7,0,0,44,food-only,eaten,,
RSW_SegnosaurusEggFertilized,Segnosaurus egg (fert.),"A fertilized egg. With enough care and patience, this egg will hatch into a segnosaurus.",RimStarWars/SWBestiary,EggFertBase,category+parent+produced,EggsFertilized,,7.0,,,,,,,,,,,,creature,RSW_Segnosaurus(comp:EggLayer),,,,,0,0,0,0,food-only,eaten,,
RSW_SegnosaurusEggUnFertilized,Segnosaurus egg (unfert.),An unfertilized egg. Behind a veil of light the vague shape of a young segnosaurus lies curled safely within.,RimStarWars/SWBestiary,EggUnfertBase,category+parent+produced,EggsUnfertilized,,3.5,,,,,,,,,,,,creature,RSW_Segnosaurus(comp:EggLayer),,,,,0,0,0,0,food-only,eaten,,
RSW_Silica_Meat,silica meat,A piece of meat from a silicon based life form.,RimStarWars/SWBestiary,RSW_SWanimals_RawMeatBase>OrganicProductBase,category+parent,MeatRaw,,1.0,0.03,,,,,,,,0.5,,Meat,,,,,,,7,0,0,14,food-only,eaten,,
RSW_SmogMothEggFertilized,smog moth egg (fert.),"A fertilized smog moth egg. If all goes well, it should hatch into a smog larvae. It can be eaten raw, but it's much better cooked.",RimStarWars/SWBestiary,EggFertBase,category+parent+produced,EggsFertilized,,40,,,,,,,,,,,,creature,RSW_SmogMoth(comp:EggLayer),RUT_TheRot,,,,0,0,0,0,food-only,eaten,,
RSW_SmogMothEggUnfertilized,smog moth egg (unfert.),"An unfertilized smog moth egg. It can be eaten raw, but it's much, much better cooked.",RimStarWars/SWBestiary,EggUnfertBase,category+parent+produced,EggsUnfertilized,,20,,,,,,,,,,,,creature,RSW_SmogMoth(comp:EggLayer),RUT_TheRot,,,,0,0,0,0,food-only,eaten,,
RSW_TelluroxShell,tellurox shell plate,"A single hexagonal plate cut from a mature tellurox's permanent shell. Unlike a molted carapace, this plate never regrew — the beast wore it for its whole working life, and it shows: dense, weather-scarred, harder than any farmed chitin. The Ascendant Helix bred tellurox for exactly this: an unshedding shell an animal grows into rather than sheds, armor that outlives the beast wearing it.",RimStarWars/SWBestiary,LeatherBase,stuffProps+category+parent+produced,Leathers,Leathery,6.2,0.06,1.65,1.3,,34,6,,,,Beauty=1.1;WorkToMake=1.25,,creature,RSW_TelluroxRace(butcher),,,,,0,1053,0,7,armour hide/leather/chitin/plate,as-stuff,,
RSW_Tender_Meat,tender meat,"A piece of tender, fatty meat from a generally sedentary creature.",RimStarWars/SWBestiary,RSW_SWanimals_RawMeatBase>OrganicProductBase,category+parent,MeatRaw,,2.5,0.03,,,,,,,,0.5,,Meat,,,,,,,7,0,0,6,food-only,eaten,,
RSW_TermitotronEggFertilized,Termitotron egg (fert.),"A fertilized egg. With enough care and patience, this egg will hatch into a termitotron.",RimStarWars/SWBestiary,EggFertBase,category+parent+produced,EggsFertilized,,7.0,,,,,,,,,,,,creature,RSW_Termitotron(comp:EggLayer),,,,,0,0,0,0,food-only,eaten,,
RSW_TermitotronEggUnFertilized,Termitotron egg (unfert.),An unfertilized egg. Behind a veil of light the vague shape of a young termitotron lies curled safely within.,RimStarWars/SWBestiary,EggUnfertBase,category+parent+produced,EggsUnfertilized,,3.5,,,,,,,,,,,,creature,RSW_Termitotron(comp:EggLayer),,,,,0,0,0,0,food-only,eaten,,
RSW_Tough_Meat,tough meat,"A piece of tough, chewy meat from a generally active creature.",RimStarWars/SWBestiary,RSW_SWanimals_RawMeatBase>OrganicProductBase,category+parent,MeatRaw,,1.0,0.03,,,,,,,,0.5,,Meat,,,,,,,7,0,0,16,food-only,eaten,,
RSW_ToxiChitin,toxic chitin,Chitin of a giant insect adapted to toxic environments. It's fairly durable.,RimStarWars/SWBestiary,RSW_BiomesCore_ChitinBase>LeatherBase,stuffProps+category+parent+produced,Leathers,RSW_ChitinStuff;Leathery,5.0,0.03,1.1,0.6,1.5,15,15,,,1,Beauty=0.25;MaxHitPoints=1.2,,creature,RSW_Creature_Mantrap(leather);RSW_SmogMoth(leather);RSW_SmogPupa(leather),RM_FloodedCanyon;RUT_CrackedLands;RUT_TheRot,,,,0,1053,0,0,armour hide/leather/chitin/plate,as-stuff,RM_ToxiChitin,RM_ToxiChitin
RSW_WeakChitin,brittle chitin,Chitin of a giant insect. It is one of the weakest types of chitin.,RimStarWars/SWBestiary,RSW_BiomesCore_ChitinBase>LeatherBase,stuffProps+category+parent+produced,Leathers,RSW_ChitinStuff;Leathery,1.0,0.03,0.4,0.4,1.5,10,10,,,1,Beauty=1;MaxHitPoints=1.0,,creature,RSW_AaroxisDendoriaLarvae(leather);RSW_BovineBeetleLarvae(leather);RSW_FungalWeevil(leather);RSW_JewelBeetleLarvae(leather);RSW_PodWorm(leather);RSW_RoyalRhinoLarvae(leather),RM_Miasma;RUT_Miasma;RUT_TheRot,,,,0,1053,0,0,armour hide/leather/chitin/plate,as-stuff,RM_RotWeakChitin;RM_WeakChitin,RM_RotWeakChitin;RM_WeakChitin
RSW_WoolBantha,bantha wool,"Soft, light and provides very good insulation. Wool clothes can keep the body warm even in extreme conditions.",RimStarWars/SWBestiary,WoolBase,stuffProps+category+parent+produced,Wools,Fabric,,,1.1,,2.2,40,10,,,,,,creature,RSW_Bantha(comp:Shearable),RM_LeaningScrub;RM_LongShade;RM_Stillsand;RM_WeepingStones;RUT_Desert,,,,0,1029,0,4,textile/silk/wool/fibre,as-stuff,,
RSW_WoolCoarse,coarse wool,"While somewhat coarse, this wool offers some insulation.",RimStarWars/SWBestiary,WoolBase,stuffProps+category+parent+produced,Wools,Fabric,,,,,,24,8,,,,,,creature,RSW_Mudhorn(comp:Shearable);RSW_TeeMuss(comp:Shearable),RM_LeaningScrub;RM_LongShade;RUT_Desert,,,,0,1029,0,4,textile/silk/wool/fibre,as-stuff,,
RSW_WoolNerf,nerf wool,"Soft, light and provides very good insulation. Wool clothes can keep the body warm even in extreme conditions.",RimStarWars/SWBestiary,WoolBase,stuffProps+category+parent+produced,Wools,Fabric,,,1.0,,2.0,38,8,,,,,,creature,RSW_FeralNerf(comp:Shearable);RSW_Nerf(comp:Shearable),RM_LeaningScrub;RM_LongShade;RUT_Desert,,,,0,1029,0,2,textile/silk/wool/fibre,as-stuff,,
RSW_ZakkroEgg,zakkro egg,"A single massive egg out of a zakkro's cavern nest, its thick shell packed with cool reserve water rather than yolk — the reason a Jawa will cross open sand for one. Cracked open it drains like a canteen; there is no chick inside to lose, and nothing about it rots or spoils in the shell.",RimStarWars/SWBestiary,EggUnfertBase,category+parent,EggsUnfertilized,,320,4.0,,,,,,,,,,Fluid,,,,,,,0,0,0,4,food-only,eaten,,
RUT_SweetlineWool,giant-wool,"Long, silver-grey hanks of wool, snagged and shed where the biome's giants have rubbed their flanks raw against a sweetline tree for longer than any settlement nearby has stood. Thick and oily with the animal that grew it — warmer than any sheared fleece, and taken only by whoever is willing to work in the giants' shadow.",RimUtinni/AshkarrFlora,WoolBase,stuffProps+category+parent+produced,Wools,Fabric,5.5,,0.42,,1.3,36,14,,,,,,plant,RUT_SweetlineTree(harvest),,,,,0,1029,0,4,textile/silk/wool/fibre,as-stuff,RM_SweetlineWool,
RUT_DemoEggJawa,jawa egg (demo),"A demonstration object. Not a thing that exists on Ash'karr, and not part of the campaign: it is here so someone can watch an egg hatch a newborn and prove the engine does what the source says it does. It hatches in a few hours rather than days, because nobody wants to wait for a proof.",RimUtinni/BirthHatchDemo,EggFertBase,category+parent,EggsFertilized,,7.0,,,,,,,,,,,,,,,,,,0,0,0,0,food-only,eaten,,
RUT_FallWreck_Cargo,wrecked cargo section,"A crumpled cargo section, its hatches burst. Whatever it carried, scavrats and womp rats now nest in what is left.\n\nDeconstruct it for salvage. Until then, ship-vermin keep coming out of it.",RimUtinni/FallLineArrivals,ShipChunkBase,parent,,,,,,,,,,,,,,,,,,,,,0,0,1,0,out of scope (not a material),code,,
RUT_FallWreck_Hull,wrecked hull rib,"A curved rib of somebody else's hull, torn off on the way down. Mynocks cling to it the way they clung to the ship.\n\nDeconstruct it for salvage. Until then, ship-vermin keep coming out of it.",RimUtinni/FallLineArrivals,ShipChunkBase,parent,,,,,,,,,,,,,,,,,,,,,0,0,1,0,out of scope (not a material),code,,
RUT_FallWreck_Tank,wrecked fuel tank,"A ruptured fuel tank from a ship that did not make it. It still sweats chemfuel, and the zhakkas that drink it nest in the seams.\n\nDeconstruct it for salvage. Until then, ship-vermin keep coming out of it.",RimUtinni/FallLineArrivals,ShipChunkBase,parent,,,,,,,,,,,,,,,,,,,,,0,0,1,0,out of scope (not a material),code,,
RUT_FungalSoil,fungal soil,"Rich, dense soil pulled out of the Rot's mycelial mat, still faintly warm and threaded with living hyphae. It keeps metabolizing for a while after it is dug - the bag stays warm on the ride out. Moisture Farmers pay well for it: worked into shade-soil, a little goes a long way.",RimUtinni/FungalSoilTrade,ResourceBase,category+parent+produced,ResourcesRaw,,7,0.9,,,,,,,,0,,,mineral,RUT_MineableFungalGround(mined),,,,,0,0,0,17,soil/fertiliser,trade/quest,,
RUT_GreentideAntCarapace,giant ant carapace,"The hard, chitinous shell of a giant ant. It is exceptionally durable and heat resistant.",RimUtinni/GreentideRaidAnt,ResourceBase,stuffProps+category+parent+produced,Leathers,Leathery;Woody,1.2,0.05,0.75,0.5,,,20,,,0.5,ArmorRating_Blunt=1.25;ArmorRating_Heat=0.42;ArmorRating_Sharp=1.50;Beauty=1.05;Comfort=1.00,,creature,RUT_GreentideAntRace(leather),,,RUT_GreentideAntCarapaceWall,,0,1083,0,3,armour hide/leather/chitin/plate,direct,,
ChunkSlagPlasteel_GT,plasteel slag chunk,"A chunk of plasteel slag. While it's useless in its current form, it can be smelted to recover plasteel.",RimUtinni/ResearchRetag,ChunkBase,category+parent+produced,Chunks,,,5,,,,,,,,,,,building,GravForge(killedLeavings),,,,,0,0,0,2,"metals, alloys & synthetics",ORPHAN,,KotORChunk_plasteel
Gravitonium,gravitonium,"An incredibly durable alloy of uranium, plasteel and gravlite, obtained by compression under large pressure on a grav forge.",RimUtinni/ResearchRetag,ResourceBase,stuffProps+category+parent,ResourcesRaw,Metallic,12,1.5,1.25,0.90,1.55,30,20,1.1,2.1,0.0,Beauty=1.7;DoorOpenSpeed=0.60;Flammability=0.0;MaxHitPoints=4.5;MeleeWeapon_CooldownMultiplier=1.60;WorkToBuild=3.2;WorkToMake=3.2,,,,,Make_GravcoreGF,,,0,1061,0,5,"metals, alloys & synthetics",direct,,
RUT_CathedralRoachShell,roach shell plating,"A curved plate of mechanoid chitin-analogue, stripped from a dead cathedral roach. Its alloy is a minor curiosity to a trader, more interesting for what its patient, tireless owner used to do than for the metal itself.",RimUtinni/RustCathedralRoaches,ResourceBase,category+parent+produced,ResourcesRaw,,12,0.3,,,,,,,,0,,,creature,RUT_CathedralRoach(butcher),RUT_RustCathedral,,,,0,0,0,11,armour hide/leather/chitin/plate,ORPHAN,,RM_CathedralRoachShell
RUT_Aluun,aluun,"A fan-shaped shell-thing that grows on the kelp stems in the light columns, two thin translucent valves held open to the fall of detritus, and inside them a mantle that lights — a steady pale gold, the colour of the palette's lamps, bright enough that a kelp tower hung with aluun reads from the shore as a column of small windows. The Compact harvests them by the stem. The meat is a coin of sweet w",RimUtinni/UtinniPatches,FishBase,category+parent,Fish,,5,0.7,,,,,,,,,,,,,RUT_TwilightSea,,,,2,0,0,4,food-only,eaten,,
RUT_AuroraGlass,aurora glass,"A fist of clear hydrocarbon-mineral crystal grown in the lake bed over a very long time, aurora-green when held up and lit from behind — not kyber, and not warm, and not anything a blade could be built from; the resemblance is entirely visual and every dealer on the shore says so before you ask. It is worth having anyway. Frostmites will not touch it and the cold never leaves it, even indoors.",RimUtinni/UtinniPatches,ResourceBase,category+parent+produced,ResourcesRaw,,30,0.15,,,,,,,,0,,,plant,RM_Eldspar(harvest),RM_TheChill;RUT_PropaneLake,,,,0,0,0,5,glass/silica/optics,trade/quest,,
RUT_BladderboilCatch,bladderboil,"A leathery golden sac the size of a head, riding the Scald's boil. When the water around it roars it gulps itself full and swells taut, floating high and hard where nothing else can live; when it drifts into a quiet margin pool it sighs out through its crater-mouths and slumps to a wrinkled bag, half-sunk, resting. Pilgrims call them kettles for the whistle they make letting go. They are entirely ",RimUtinni/UtinniPatches,FishBase,category+parent,Fish,,3,0.2,,,,,,,,,,,,,RUT_TheScald,,,,2,0,0,5,food-only,eaten,,
RUT_BrinePlate,brine plate,"A stacked mineral wafer, salt-white and dark by turns, pried off a drazz that has already spent its charge — or found loose on a pool floor, which is the same thing a season later. It still holds a whisper of charge; touch two together in the dark and they spark. Traders who buy oddities want it.",RimUtinni/UtinniPatches,ResourceBase,category+parent+produced,ResourcesRaw,,28,0.3,,,,,,,,0,,,mineral,RUT_BrineDeposit_BrinePlate(mined),genstep:RUT_Jawa_ScatterWastelandBrinePlate,,,,0,0,0,7,chemical reagent/salt/venom/pigment,ORPHAN,,
RUT_CrackWax,crack-wax,"A pale, waxy lining shed by a Sealed sleeper when it finally wakes and abandons its burrow. Farmers gather it off the flats and line their cisterns with it — the one waterproofing material the Cracked Lands make for free, and the surest sign a dowsing walk found real water.",RimUtinni/UtinniPatches,ResourceBase,category+parent+produced,ResourcesRaw,,2.2,0.3,,,,,,,,0.4,,,creature,RM_Muttavaq(butcher);RUT_SealedSleeper(butcher),RM_FloodedCanyon;RUT_CrackedLands,,RM_CrackWaxSuit,,0,0,2,19,adhesive/resin/lacquer/sealant,direct,,
RUT_Doss,doss,"The eesh's small competitor: a finger-length, hunch-backed shrimp-thing, boiled pink from birth, that works the dung-fall from below where the shoals work it from above — picking over what settles on the mats before the muddal get to it. It is everywhere at the margins in the warm season and it is the pilgrims' snack, gathered with a cloth and eaten from the hand, already cooked like everything he",RimUtinni/UtinniPatches,FishBase,category+parent,Fish,,5,0.4,,,,,,,,,,,,,RUT_TheScald,,,,2,0,0,3,food-only,eaten,,
RUT_Drazz,drazz,"The owner. A forearm-long, plated, sea-cucumber-shaped thing whose body is a stack of living electrode wafers, salt-white and mineral-dark by turns, lying on the bed of a hypersaline pool and running on the ion gradient between the brine and the metal beneath it. It discharges as defense. The pool you want to mine has one, and it is a capacitor, and it does not want you there. Landed — carefully, ",RimUtinni/UtinniPatches,FishBase,category+parent+produced,Fish,,9,0.8,,,,,,,,0,,,mineral,RUT_BrineDeposit_Drazz(mined),genstep:RUT_Jawa_ScatterWastelandBrineDrazz,,,,2,0,0,10,food-only,eaten,,
RUT_Dubbol,dubbol,"The Greentide is carpeted in filth and sprouts, and this is what eats the filth. A thick, warty, arm-long sweeper of the river floor, moving through the settled muck below the causeways at the pace of a thing that has never been chased. Where the dubbol are thick the water runs clean enough to drink, nearly. The Wildsteam plant them in their channels the way a farmer plants a hedge. Leathery, and ",RimUtinni/UtinniPatches,FishBase,category+parent,Fish,,5,0.5,,,,,,,,,,,,,RUT_Greentide,,,,2,0,0,4,food-only,eaten,,
RUT_Duul,duul,"A slow grey sock of a thing that lies on the pool floor and eats what settles -- silt, dung, dead dew-smoke, the ash blown in from the desert. A pool with duul in it stays clear; a pool without them clouds in a season. Every oasis keeper knows the count. It is edible in the sense that most things are.",RimUtinni/UtinniPatches,FishBase,category+parent,Fish,,5,0.5,,,,,,,,,,,,,RUT_WeepingStones,,,,2,0,0,6,food-only,eaten,,
RUT_Eesh,eesh,"The silver of the Scald. A finger-long, finless, mirror-skinned sliver that lives in the boiling column and feeds on the dung-fall of the herds below — clouds of them, darting, the water's whole budget in a single restless shape. It has no scales; the skin is a heat-mirror, and a shoal turning is a flash you can see from the rim. Netted at the margin it dies instantly and is already cooked, and it",RimUtinni/UtinniPatches,FishBase,category+parent,Fish,,,0.4,,,,,,,,,,,,,RUT_TheScald,,,,2,0,0,4,food-only,eaten,,
RUT_Ekkel,ekkel,"Nobody knows which way up an ekkel goes. A fist-sized knot of stiff, heat-mirror filaments — the eesh's skin grown into a tangle — that lives on the vent walls beside the karrash and rolls: it lets go, tumbles down the chimney in the boil-current flashing like a dropped handful of needles, catches, climbs, and lets go again. It is feeding, somehow, on the mat. Netted it is a ball of hot wire with ",RimUtinni/UtinniPatches,FishBase,category+parent,Fish,,8,0.3,,,,,,,,,,,,,RUT_TheScald,,,,2,0,0,4,food-only,eaten,,
RUT_Fessu,fessu,"A hand-wide, paper-thin fish-thing that is more crystal than flesh: a translucent lattice of frozen hydrocarbon grown around a thread of something alive, flat as a snowflake, drifting edge-on through the fuel where the snow falls thickest. It feeds by growing — each night's fall adds a rim to it, and an old fessu is a plate. Landed it steams in the cold, and it is so light it can be held up to the",RimUtinni/UtinniPatches,FishBase,category+parent,Fish,,6,0.2,,,,,,,,1.0,,,,,RUT_PropaneLake,RUT_Make_ChemfuelFromPropaneCatch,,,2,0,0,9,food-only,direct,,
RUT_GlowerCrust,glower crust,"A scraped-up chunk of black radiotrophic varnish, still faintly warm. Burned, it makes a crude, hot fuel; reduced to ash, it makes a pigment nothing else on the planet can match — deep, matte black that doesn't fade. Handling too much of it too long is its own kind of story.",RimUtinni/UtinniPatches,ResourceBase,category+parent+produced,ResourcesRaw,,4.5,0.6,,,,,,,,0.5,,,plant,RUT_Glower(harvest),RUT_Scarlands,,,,0,0,0,6,fuel/oil/wax/hydrocarbon,ORPHAN,,RM_GlowerCrust
RUT_Greenwood,greenwood,"Freshly-felled timber from the Greentide's canopy, still damp and heavy with sap. Ordinary lumber once it dries — the real money is in what falls with it.",RimUtinni/UtinniPatches,ResourceBase,category+parent,ResourcesRaw,,1.8,1.5,,,,,,,,0.7,,,,,,,,,0,0,1,6,structural wood/bone/stone/ice/clay,code,,
RUT_Haarn,haarn,"Nobody agrees what a haarn is. It is a jacket of pillar-mineral the size of a helmet, closed all round, that moves — slowly, along the floor, from pillar to pillar, leaving a scrape-line in the silt like a very small version of the giant's. Cut open there is a soft thing inside with no eyes and a great many small hooks, and it dies at once in open air. It is the Grey's only true extremophile: it l",RimUtinni/UtinniPatches,FishBase,category+parent,Fish,,8,0.8,,,,,,,,,,,,,RUT_GreySea,,,,2,0,0,5,food-only,eaten,,
RUT_Hardwood,heartwood,"A dense, dark-grained timber cut from the living heart of a Greatbole. It never fully stops growing, even off the tree — a plank of it will slowly warp true again if left alone. Worth real money off-world, for exactly that reason.",RimUtinni/UtinniPatches,ResourceBase,category+parent,ResourcesRaw,,7.5,1.2,,,,,,,,0.9,,,,,,,,,0,0,2,19,structural wood/bone/stone/ice/clay,code,,
RUT_HelixienMeat,helixien meat,"A whole haul of thick, marbled meat off a helixien, the biome's giant. One carcass carries a metal load worth talking about for a year, and a cut of it cooked right is the closest thing this forest has to a feast dish.",RimUtinni/UtinniPatches,OrganicProductBase,category+parent,MeatRaw,,13,0.03,,,,,,,,0.5,,Meat,,,,,,,7,0,0,1,food-only,eaten,,
RUT_Hessal,hessal,"A bivalve-thing whose two shells are grown from the sea's crystal rather than from anything living, so a hessal bed reads as a patch of frost on the floor. It seals itself for years at a stretch when the brine thickens and reopens when the fog-season thins it, and nobody has seen one open. Prised apart it holds a knot of grey meat that keeps for a week in its own salt and tastes of nothing but the",RimUtinni/UtinniPatches,FishBase,category+parent,Fish,,5,0.7,,,,,,,,,,,,,RUT_GreySea,,,,2,0,0,8,food-only,eaten,,
RUT_Hollu,hollu,"A bell that forms on the underside of the waveglass, up in the ceiling gardens, and lets go — falling slowly down the whole height of the column, pulsing, stinging what it passes, to lie on the floor and be eaten by nuudal. A big garden sheds them all night. Divers learn the fall pattern of their skylight the way farmers learn rain. Netted mid-fall it is a sting and a bell of salt water; cooked, i",RimUtinni/UtinniPatches,FishBase,category+parent,Fish,,4,0.3,,,,,,,,,,,,,RUT_TwilightSea,,,,2,0,0,3,food-only,eaten,,
RUT_Hurrok,hurrok,"A Patient one. A ridged, rubbery, arm-long thing that wedges itself into the seep-cracks where the hidden water is and lies there, year-round, filtering. The shade-line's browsers step over it. It is armored where it faces the canyon and soft where it faces the rock, and it does not come out — you catch one by catching the crack it lives in. Chewy. The name is the sound it makes when pulled.",RimUtinni/UtinniPatches,FishBase,category+parent,Fish,,5,0.5,,,,,,,,,,,,,RM_FloodedCanyon;RUT_CrackedLands,,,,2,0,0,7,food-only,eaten,,
RUT_Ikkal,ikkal,"A palm-wide bladder that hangs at the surface with a comb of fringe trailing below it, sieving the dew-smoke out of the water as it falls. At wind-hour the whole pool is dimpled with them, tilted to the same side like cups set out. It has no fight in it; a child can lift one out. Thin eating, and nobody minds -- pilgrims cook them for the broth, which tastes faintly of the stones.",RimUtinni/UtinniPatches,FishBase,category+parent,Fish,,3,0.2,,,,,,,,,,,,,RUT_WeepingStones,,,,2,0,0,6,food-only,eaten,,
RUT_Iliss,iliss,"A wire-thin eel the length of a forearm, black, with a spine of conductive mineral that the auroral ground currents run through — it lives along the bed of the lake where the electrojet's currents cross, and on a reconnection night the whole floor of a bay hums with them. It hunts nothing; it feeds on the charge, or on what the charge kills. Landed on a wet line it bites with a shock that has knoc",RimUtinni/UtinniPatches,FishBase,category+parent,Fish,,7,0.4,,,,,,,,1.0,,,,,RUT_PropaneLake,RUT_Make_ChemfuelFromPropaneCatch,,,2,0,0,7,food-only,direct,,
RUT_Immu,immu,"A finger-long, soft, eyeless fish-thing that lives inside the shells of dead hessal — it never grew any armour of its own and borrows the sea's. Lift a shell and it is there, curled, and it will not leave: shore-folk carry the shell home and shake it out over the pan. It is the most timid thing in the Grey and the only one with any colour, a faint sick pink under the skin. Sweet, small, and mostly",RimUtinni/UtinniPatches,FishBase,category+parent,Fish,,6,0.3,,,,,,,,,,,,,RUT_GreySea,,,,2,0,0,4,food-only,eaten,,
RUT_Karrash,karrash,"Lives on the vent chimneys themselves, in the hottest water anything survives, plated in mineral crust it grows from the brine — a crab-thing that looks like a piece of the vent walked off. It eats the mat where the mat is thickest and is eaten by nothing, because nothing else goes there. Landed, the crust cracks off as it cools and the meat inside is white and sweet. The shells are sold as rim-pi",RimUtinni/UtinniPatches,FishBase,category+parent,Fish,,7,0.6,,,,,,,,,,,,,RUT_TheScald,,,,2,0,0,5,food-only,eaten,,
RUT_Karrud,karrud,"A slab-flat, palm-wide fish-thing that has given up swimming for lying still. The upper face grows a plate of pillar-mineral — the sea builds on anything that holds still long enough, and the karrud holds very still — so from above it is a chip of grey stone with a mouth-slit underneath. It moves only when the brine at the bottom gets too strong even for it, sliding uphill along the pillar bases a",RimUtinni/UtinniPatches,FishBase,category+parent,Fish,,,,,,,,,,,,,,,,RUT_GreySea,,,,2,0,0,5,food-only,eaten,,
RUT_Karrun,karrun,"A flat, wide, root-brown crab-thing that lives in the churnmud between the giants, walking on the same swallowed things the mud hides -- and it finds them. A dropped tool, a lost boot, a coin: the karrun carries it about for a while for reasons of its own. Line-fishers along the causeways pull them up holding things. The claws are the eating; the rest is mud.",RimUtinni/UtinniPatches,FishBase,category+parent,Fish,,7,0.6,,,,,,,,,,,,,RUT_Greentide,,,,2,0,0,4,food-only,eaten,,
RUT_Kellu,kellu,"The kelp squid: arm-long, forest-dark, hiding in the fronds by day and hunting the shoals in the dark between columns by night. Its ink is the thing — thick, lightfast, black as the Grey. The Compact's charts are drawn in it, and it is the black in every dye-house that trades with the deep. A kellu on the line is half a catch and half an inkwell.",RimUtinni/UtinniPatches,FishBase,category+parent,Fish,,6,0.4,,,,,,,,,,,,,RUT_TwilightSea,,,,2,0,0,3,food-only,eaten,,
RUT_Krellik,krellik,"A crab-thing plated in hydrocarbon frost, each plate a clear crystal grown from the fuel snow and shed and regrown nightly, so a krellik is always half new. It walks the solid propane at the lake's edge and the floor beneath, picking at the crystal flora's fallen fragments, and it is the one thing on the shore the Frostmite will not eat — the shell is too cold even for that. Cracked, the plates ri",RimUtinni/UtinniPatches,FishBase,category+parent,Fish,,7,0.6,,,,,,,,1.0,,,,,RUT_PropaneLake,RUT_Make_ChemfuelFromPropaneCatch,,,2,0,0,7,food-only,direct,,
RUT_Liiru,liiru,"The Twilight's elegant thing: a ribbon-eel as long as an arm and no wider than a finger, that swims upright through the light columns in slow vertical S-curves, and carries along its whole length a single unbroken line of blue-white light. A column with liiru in it looks, from the bank, as if someone had drawn on the water. It eats what falls, it is eaten by the kellu, and it is not fast; it does ",RimUtinni/UtinniPatches,FishBase,category+parent,Fish,,7,,,,,,,,,,,,,,RUT_TwilightSea,,,,2,0,0,3,food-only,eaten,,
RUT_Lozh,lozh,"Lives inside the drowned root causeways, in the channels the roots leave when they rot from within -- an eel the colour of wet bark, thick as a wrist, that hunts along the root-roads at night and ambushes from the same holes travelers step over by day. It is why the causeways are contested by everything that prefers dry footing, and why nobody sleeps with a hand in the water.",RimUtinni/UtinniPatches,FishBase,category+parent,Fish,,,,,,,,,,,,,,,,RUT_Greentide,,,,2,0,0,10,food-only,eaten,,
RUT_LungerFry,lunger fry,"A Lunger no longer than your arm, which means its mother is under this bank -- eat it now, before it eats you next year. The Greentide's one prize fish: netted rarer than anything else the river gives up, and the one catch every Wildsteam crew brags about.",RimUtinni/UtinniPatches,FishBase,category+parent,Fish,,12,,,,,,,,,,,,,,,,,,2,0,0,7,food-only,eaten,,
RUT_Maalu,maalu,"A bell of grey jelly the size of two hands that has half turned to stone: the sea's crystal grows into it from the rim inward, and a maalu drifts with the weight of its own mineral edge pulling it down, sagging, tilting, never quite sinking. It is not luminous — nothing down here is — and it is not dangerous; it is barely alive. Netted, the crystal rim crumbles and the jelly inside is a mouthful o",RimUtinni/UtinniPatches,FishBase,category+parent,Fish,,4,0.3,,,,,,,,,,,,,RUT_GreySea,,,,2,0,0,4,food-only,eaten,,
RUT_MetalSaltBezoar,metal-salt bezoar,"A dense, layered pellet an excretor sheds once it has concentrated all the contamination its body can hold — mineral salts and heavy metals packed into a hard, handleable lump. A kept herd hands these back on a schedule, which is as close to refining as grazing gets: they extract the poison, they never destroy it, and the pellet still has to go somewhere once you have it.",RimUtinni/UtinniPatches,ResourceBase,category+parent+produced,ResourcesRaw,,3.5,0.6,,,,,,,,0,,,creature,RSW_Excretor(comp:Shearable),RM_Wasteland;RUT_Wasteland,,,,0,0,0,4,chemical reagent/salt/venom/pigment,ORPHAN,,
RUT_Mindstone,mindstone,"A fist-sized crystal, smooth as a river pebble, with a pale light deep inside it that never flickers. The miners' word for it is mindstone. Speak near it and it hums a half-beat after you, never with you, as if it were learning the shape of your voice. Droids do not like to be near it.",RimUtinni/UtinniPatches,ResourceBase,category+parent+produced,ResourcesRaw,,900,0.6,,,,,,,,0,,,mineral,RUT_MindstoneVein(mined),genstep:RUT_LanternDeepMindstoneGallery,RUT_CutMindstoneMatrix,,,0,0,1,14,gem/crystal/light-stone,direct,,
RUT_Muddal,muddal,"The bottom-walkers' small cousin: a hand-long, armored, heat-glossed thing that grazes the crowncarpet mats at the margins where the boil gentles, moving along the rainbow bands and taking the pigment into its skin, so a muddal is banded too — a little strip of the Scald's oldest truth. Pilgrims gather them at the baths with a cloth. Cooked the moment it leaves the water, which is to say already.",RimUtinni/UtinniPatches,FishBase,category+parent,Fish,,5,0.5,,,,,,,,,,,,,RUT_TheScald,,,,2,0,0,3,food-only,eaten,,
RUT_Murrol,murrol,"The mud channels' river-fauna made specific: a thick, blunt, near-blind eel that rides the invisible current along the channel banks, mouth open, fat on the nutrient-fed silt, so slow that bank-harvesters pick them up by hand. The deep's comfort food. Nothing about it is difficult, and the Compact's dock kitchens serve nothing else on a bad day.",RimUtinni/UtinniPatches,FishBase,category+parent,Fish,,,,,,,,,,,,,,,,RUT_TwilightSea,,,,2,0,0,6,food-only,eaten,,
RUT_NeebrayMeat,neebray meat,"Thin, silica-veined meat off a neebray, carrying the same metal-rich tailings the whole biome sweats out. Nobody eats it plain — a cook works it the way you'd work a fish that could kill you, and the reputation for surviving the dish travels further than the dish itself does.",RimUtinni/UtinniPatches,OrganicProductBase,category+parent,MeatRaw,,9,0.02,,,,,,,,0.5,,Meat,,,,,,,7,0,0,2,food-only,eaten,,
RUT_Niim,niim,"The silver of the Twilight — the shoal fish, the ordinary fish, the fish that behaves like a fish, and the only one on the planet that does. Blue-white, hand-long, a dot-line of cold light along the flank, it schools in the light columns under the waveglass in crowds that make the column flash when they turn. The Compact's whole under-lid economy is a net dropped into a niim column. Hunted by the ",RimUtinni/UtinniPatches,FishBase,category+parent,Fish,,,,,,,,,,,,,,,,RUT_TwilightSea,,,,2,0,0,10,food-only,eaten,,
RUT_Nuudal,nuudal,"The ceiling gardens shed a constant detritus rain, and the floor is nuudal: long, soft, mottled, moving through the fall like cattle through a snowfall, eating it. The richest ground in the sea is the mud under a busy skylight, and nuudal are what turn it over. Every net in the columns comes up with a few. Filling, and nobody has ever asked for seconds.",RimUtinni/UtinniPatches,FishBase,category+parent,Fish,,5,0.5,,,,,,,,,,,,,RUT_TwilightSea,,,,2,0,0,3,food-only,eaten,,
RUT_Oddu,oddu,"Kin to the rime nodule and the reason anyone fishes this shore: a fist-sized shell-thing that sits in the fuel and does what the nodule does on land — draws propane out of its surroundings into a sac of clear jelly that is, eaten, a very mild euphoric. The shell is frost-white and closes when the aurora fades. Raised from the lake it is cold enough to burn, and the scrapers of the Flats carry them",RimUtinni/UtinniPatches,FishBase,category+parent,Fish,,9,0.7,,,,,,,,1.0,,,,,RUT_PropaneLake,RUT_Make_ChemfuelFromPropaneCatch,,,2,0,0,12,food-only,direct,,
RUT_Oobo,oobo,"Lives in the ceiling gardens, hanging from the underside of the waveglass among the filter-feeders, and hunts by letting go — a soft, wide-armed drop through the whole dark height of the water onto whatever is below, and a long slow climb back up a kelp stem. The gardener tolerates it; the oobo groom the lid's underside as they go. Divers hate it with the specific hatred of people who have had one",RimUtinni/UtinniPatches,FishBase,category+parent,Fish,,8,0.5,,,,,,,,,,,,,RUT_TwilightSea,,,,2,0,0,3,food-only,eaten,,
RUT_Oomal,oomal,"A blind, arm-long brine-eel the colour of boiled paper, so translucent the salt-crust it has swallowed shows as a grey line down the middle of it. It lives in the silt at the pillar feet and does not come up; the shore-nets take it when the bottom-brine surges. It is always sick — every oomal carries lesions where the salt has got in — and it is never fast. Shore-folk eat it and say it is better t",RimUtinni/UtinniPatches,FishBase,category+parent,Fish,,,,,,,,,,,,,,,,RUT_GreySea,,,,2,0,0,4,food-only,eaten,,
RUT_Oovu,oovu,"A bell of frozen hydrocarbon jelly that rides at the surface of the fuel where the snow lands, catching it — a floating cup with a crystal rim, tipping and righting, faintly green under the aurora because the aurora is the only light. It has no sting; it has almost nothing. Netted it is a bell of propane with a frost crust, and the shore-folk keep them for the lamp, not the pot: an oovu on a wire ",RimUtinni/UtinniPatches,FishBase,category+parent,Fish,,3,0.2,,,,,,,,1.0,,,,,RUT_PropaneLake,RUT_Make_ChemfuelFromPropaneCatch,,,2,0,0,7,food-only,direct,,
RUT_Ozhu,ozhu,"A blind, comb-gilled eel that lives in the warm throat of the seep itself, down where the spring comes up through the stones. It surfaces at wind-hour to feed on the fallen dew-smoke and goes back down. Warm to the touch when landed, and it stays warm for a while, which unsettles people. The oldest pools have the longest ozhu; oasis-keepers claim they can taste which spring one came from.",RimUtinni/UtinniPatches,FishBase,category+parent,Fish,,,,,,,,,,,,,,,,RUT_WeepingStones,,,,2,0,0,13,food-only,eaten,,
RUT_Pallu,pallu,"A saucer-sized floater that lives only in the light columns, holding a green symbiont film on its upper skin to the skylight like a face turned to the sun. A bright column is crowded with them, stacked in the water at every depth the light reaches, and a column the gardener lets close goes dark and the pallu sink out of it in a slow rain. The Compact counts them to price a skylight. Thin, green, s",RimUtinni/UtinniPatches,FishBase,category+parent,Fish,,3,0.2,,,,,,,,,,,,,RUT_TwilightSea,,,,2,0,0,3,food-only,eaten,,
RUT_RawGiantLeaf,giant leaf,A giant and very impressive leaf.,RimUtinni/UtinniPatches,PlantFoodRawBase,category+parent+produced,PlantFoodRaw,,0.9,0.01,,,,,,,,,,VegetableOrFruit,plant,RUT_GiantLeaf(harvest),RUT_FeverWood;RUT_Greentide,,,,8,0,0,2,food-only,eaten,,
RUT_Saal,saal,"The bubble-sailor, netted: a bell no bigger than a fist with a single stiff sail-vane that it sets into the trailing lines of boiling bubbles and rides — up the vent columns, drifting down, riding again. The Scald's kindest resident and its signature silhouette; pilgrims read their traffic the way sailors read gulls. Nobody fishes for them on purpose. One in a margin-net is let go more often than ",RimUtinni/UtinniPatches,FishBase,category+parent,Fish,,4,0.3,,,,,,,,,,,,,RUT_TheScald,,,,2,0,0,3,food-only,eaten,,
RUT_Saava,saava,"A wide, thin, freshwater bell that rides the Roil -- the steam-fog over the river -- half in the water and half in the air, trailing stinging threads a body-length down. Under the fog you cannot see them; you feel them. Not lethal. Memorable. A dozen drying on a line is a Wildsteam camp's fly-screen.",RimUtinni/UtinniPatches,FishBase,category+parent,Fish,,4,0.3,,,,,,,,,,,,,RUT_Greentide,,,,2,0,0,4,food-only,eaten,,
RUT_Sallik,sallik,"A thumb-sized crab-thing that never grew a shell of its own: it excretes the salt it cannot keep out and wears the crust, layer on layer, until it is a walking lump of the sea's own mineral with legs underneath. Touch the water and every sallik within reach pulls its legs in and becomes a pebble. Cracked open there is very little in it, and that little is salt-sweet and good. The crusts are kept b",RimUtinni/UtinniPatches,FishBase,category+parent,Fish,,7,0.6,,,,,,,,,,,,,RUT_GreySea,,,,2,0,0,8,food-only,eaten,,
RUT_SaltCameo,salt cameo,"A small creature — nobody can say which, or ever could — jacketed whole in pillar-mineral where it sank, the Grey's own statuary shrunk to a fist and made portable. Not carved: grown, the way everything else down there grows. A salt cameo does not rot and does not wear; it is exactly as it was found, and it will still be exactly that in a hundred years.",RimUtinni/UtinniPatches,ResourceBase,category+parent,ResourcesRaw,,30,0.15,,,,,,,,0,,,,,,,,,0,0,0,11,trophy/relic/curio,trade/quest,,RM_SaltCameo
RUT_ScreecherMeat,screecher meat,"Dark, stringy meat off a poison forest screecher, still faintly acrid from whatever it last stunned and ate. The toxin is real; so is the reputation the dish carries when it's cooked right.",RimUtinni/UtinniPatches,OrganicProductBase,category+parent,MeatRaw,,10,0.025,,,,,,,,0.5,,Meat,,,,,,,7,0,0,1,food-only,eaten,,
RUT_SealedWaterJar,sealed water jar,"A clay jar, waxed shut, still full. Water kept for the Return and never poured. Pour it into the sand to pay the Debt.",RimUtinni/UtinniPatches,,category,Items,,30,8,,,,,,,,0,,,,,,,,,0,0,0,2,out of scope (not a material),ORPHAN,,
RUT_SeepStone,seep stone,"A smooth mineral concretion grown drop by drop in the spring throat itself, where the seep comes up through the stones -- the Weeping Stones in miniature, banded pale and dark the same way the cliffs above the pool are. Oasis-keepers set the best ones on the shrine at the water's edge; a lesser one is sold to a pilgrim as a keepsake of the truce.",RimUtinni/UtinniPatches,ResourceBase,category+parent,ResourcesRaw,,30,0.15,,,,,,,,0,,,,,,,,,0,0,0,9,trophy/relic/curio,trade/quest,,RM_SeepStone
RUT_Tarnn,tarnn,"A colony, not a creature — or a creature that grew like a colony. A branching lattice of clear crystal the size of a bucket, half of it frozen hydrocarbon and half of it something alive threaded through the crystal, growing a hand's width every night from the fuel snow and fracturing back when the aurora is weak. It is the sea's version of the crystal flora on the shore, and nobody has decided whi",RimUtinni/UtinniPatches,FishBase,category+parent,Fish,,8,0.8,,,,,,,,1.0,,,,,RUT_PropaneLake,RUT_Make_ChemfuelFromPropaneCatch,,,2,0,0,7,food-only,direct,,
RUT_Tarrik,tarrik,"A thumb-length shrimp-thing with antennae grown into two fine combs that it holds up into the current and licks clean. Kin to the mirrik above the water, and it shows: the same chitin, the same fringed silhouette, the same habit of mist-dancing at wind-hour, only underwater. It breeds in the shallows during the truce, in the open, in crowds -- which is why nobody who has sat at a pool at dusk can ",RimUtinni/UtinniPatches,FishBase,category+parent,Fish,,7,0.6,,,,,,,,,,,,,RUT_WeepingStones,,,,2,0,0,4,food-only,eaten,,
RUT_Tekk,tekk,"A salt-white, flat-bodied scraper the size of a thumb, living on the mineral beds under the brine and grazing the crust the drazz lay down. It carries a charge — a small one; picking one up bare-handed is a tingle and a lesson. They swarm on a carcass in the pool and strip it, and on a drazz that has spent its charge, which is how the pool's owner eventually dies. Edible after a long soak. The Jun",RimUtinni/UtinniPatches,FishBase,category+parent+produced,Fish,,7,0.6,,,,,,,,,,,mineral,RUT_BrineDeposit_Tekk(mined),genstep:RUT_Jawa_ScatterWastelandBrineTekk,,,,2,0,0,6,food-only,eaten,,
RUT_Thuum,thuum,"An eel that lives under the crowncarpet mats — between the rainbow mat and the rock, in the thin hot film where the mat is thickest — and takes the pigment into its skin the way the muddal does, so a thuum is banded down its whole length in the mat's own colours, and a pilgrim who lifts a mat-edge at the baths sometimes finds one lying there like a strip of the Scald's oldest truth that has learne",RimUtinni/UtinniPatches,FishBase,category+parent,Fish,,,,,,,,,,,,,,,,RUT_TheScald,,,,2,0,0,3,food-only,eaten,,
RUT_TibannaGas,tibanna gas,"Pressurized gas tapped from a living beldon, like shearing. There is no other source of it on the planet — the Empire's own station exists to meter this.",RimUtinni/UtinniPatches,ResourceBase,category+parent,ResourcesRaw,,10,0.03,,,,,,,,0.5,,,,,,,,,0,0,1,10,fuel/oil/wax/hydrocarbon,code,,
RUT_Tikkarr,tikkarr,"A long-legged, kelp-coloured crab-thing that lives up in the kelp forest, not on the floor — clinging, cutting, carrying fronds down to its holes. It is the sea-farm's pest and its pollinator both; cut kelp plots without tikkarr in them grow back slow. Armored, a good meal in the legs, and fond of nets.",RimUtinni/UtinniPatches,FishBase,category+parent,Fish,,7,0.6,,,,,,,,,,,,,RUT_TwilightSea,,,,2,0,0,3,food-only,eaten,,
RUT_Tubbik,tubbik,"A Spender. A pea-sized gas-bladder animal that exists for the flood-weeks and nothing else: the first rise lifts a billion of them out of the clay, they feed, they breed, they die, and the carpet of them on the falling water is what the fliers commute in for. Between floods the water holds only stragglers. Cooked in a mass it is a paste; the Farmers call it flood-bread and are not joking.",RimUtinni/UtinniPatches,FishBase,category+parent,Fish,,3,0.2,,,,,,,,,,,,,RM_FloodedCanyon;RUT_CrackedLands,,,,2,0,0,7,food-only,eaten,,
RUT_Tuun,tuun,"The water's Swinger. A small, quick, bark-mottled octopus that climbs the root causeways out of the water to reach the fruit-fall, and has been seen on the lower boughs. It steals. Lines, bait, small bright things, a fisher's whole catch left on the bank. Rare on the hook because it is usually the one holding the hook. Good eating, if you can find it.",RimUtinni/UtinniPatches,FishBase,category+parent,Fish,,8,0.5,,,,,,,,,,,,,RUT_Greentide,,,,2,0,0,4,food-only,eaten,,
RUT_Ullo,ullo,"A soft bell the size of two cupped hands, near-invisible by day, that lights a slow blue pulse from dusk. Ullo rise together and drift as a lit crowd while the fan-dancers display on the bank; the pools are places of romance and the ullo have never been told otherwise. Netted, it is a sting and a disappointment -- mostly water, a little meat, and the light goes out in your hands.",RimUtinni/UtinniPatches,FishBase,category+parent,Fish,,4,0.3,,,,,,,,,,,,,RUT_WeepingStones,,,,2,0,0,4,food-only,eaten,,
RUT_Uvva,uvva,"A bladder-bodied grazer that hangs under the surface with its mouth open, waiting for the fruit-fall. When a giant drops its crop the uvva rise in a crowd and gorge -- and the fruit's accelerants work on them as on everything, so a fed uvva bloats, spins slowly, passes seed downstream and starts again. The river's seed-carrier. Sweet, faintly fizzy, and it does the same to you.",RimUtinni/UtinniPatches,FishBase,category+parent,Fish,,3,0.2,,,,,,,,,,,,,RUT_Greentide,,,,2,0,0,4,food-only,eaten,,
RUT_Vhessa,vhessa,"A Patient one, and the reason the canyon water has no truce. A pale slot-canyon squid that hangs in the roofed water with its arms laid flat along the rock wall like roots, invisible, and takes what comes down to drink. It has no need to hurry. Landed, it is mostly arm, and the arms keep working for a while. The Farmers say you have not caught one — it has let go of the wall to see what you are.",RimUtinni/UtinniPatches,FishBase,category+parent,Fish,,6,0.4,,,,,,,,,,,,,RM_FloodedCanyon;RUT_CrackedLands,,,,2,0,0,10,food-only,eaten,,
RUT_VisceralMeat,visceral meat,"Dense insectoid meat off a visceral, the biome's sealed-horror predator. It carries the same bio-accumulated metal load every other carcass here does, cooked out just enough to be a delicacy instead of a coroner's report.",RimUtinni/UtinniPatches,OrganicProductBase,category+parent,MeatRaw,,11,0.025,,,,,,,,0.5,,Meat,,,,,,,7,0,0,1,food-only,eaten,,
RUT_Vobbal,vobbal,"Eight soft arms and a bulb of a body, living in the hollows where the seep water enters the pool. It takes things. Pebbles, offerings, a dropped tool, a ring -- and it stacks them, carefully, in towers in the shallows, and knocks them down, and stacks them again. Some oases forbid catching them; most simply don't. The ones who do eat them say it is very good, in a voice that suggests they would ra",RimUtinni/UtinniPatches,FishBase,category+parent,Fish,,8,0.5,,,,,,,,,,,,,RUT_WeepingStones,,,,2,0,0,4,food-only,eaten,,
RUT_Zeev,zeev,"A hand-long river squid, green-gold, that lives in the fast clean reaches and moves the way the river does -- one hard pulse and gone. Shoals of them ride the current down through the root causeways and pulse back up at night. Fast to catch, faster to spoil; the Wildsteam eat them off the line. Its ink is nothing special. Its cousin's is.",RimUtinni/UtinniPatches,FishBase,category+parent,Fish,,6,0.4,,,,,,,,,,,,,RUT_Greentide,,,,2,0,0,5,food-only,eaten,,
RUT_Zhiil,zhiil,"The young of the thing that makes the V-wake. Hand-long, black, ridged, a body built of the same propane-native chemistry as its parent and already agitated by anything that moves in the fuel — a zhiil in a net thrashes until it freezes solid, and then it is a spiny black icicle that thaws back to thrashing on the fire. Scrapers who have fished up a zhiil pull the line and leave, because the paren",RimUtinni/UtinniPatches,FishBase,category+parent,Fish,,5,0.4,,,,,,,,1.0,,,,,RUT_PropaneLake,RUT_Make_ChemfuelFromPropaneCatch,,,2,0,0,7,food-only,direct,,
RUT_Zhurr,zhurr,"A Sealed one. For the dry years it lies in a wax-lined cell under the cracked pan, banked to almost nothing — you have walked on thousands. Water wakes it; it rises through the softened clay into the canyon pools, feeds, breeds, and seals itself down again before the pan cracks. Its shed cell-lining is the crack-wax the Farmers trade. Landed, it is cool and dry and does not struggle, as if it has ",RimUtinni/UtinniPatches,FishBase,category+parent,Fish,,,,,,,,,,,,,,,,RM_FloodedCanyon;RUT_CrackedLands,,,,2,0,0,17,food-only,eaten,,
VAEWaste_ToxicLeather,wasteleather,"A poor, dark-greenish brown coloured leather that flakes quite easily. Very flammable.",RimUtinni/UtinniPatches,LeatherBase,stuffProps+category+parent+produced,Leathers,Leathery,1.7,0.03,0.7,0.15,0.8,14,14,,,2,Beauty=0.7;Flammability=2;MaxHitPoints=1.2,,creature,VAEWaste_Megatardi(leather),RM_Wasteland;RUT_Wasteland,,,,0,1053,0,4,armour hide/leather/chitin/plate,as-stuff,,
VAEWaste_ToxicMeat,toxic meat,"Raw meat from a toxic animal.\n\nChewy, gelatinous and disgusting.",RimUtinni/UtinniPatches,VAEWaste_RawMeatBase>OrganicProductBase,category+parent,MeatRaw,,2,0.03,,,,,,,,0.5,,Meat,,,,,,,7,0,0,5,food-only,eaten,,
