Mono path[0] = 'C:/Program Files (x86)/Steam/steamapps/common/RimWorld/RimWorldWin64_Data/Managed'
Mono config path = 'C:/Program Files (x86)/Steam/steamapps/common/RimWorld/MonoBleedingEdge/etc'
[PhysX] Initialized MultithreadedTaskDispatcher with 14 workers.
Initialize engine version: 2022.3.35f1 (011206c7a712)
[Subsystems] Discovering subsystems at path C:/Program Files (x86)/Steam/steamapps/common/RimWorld/RimWorldWin64_Data/UnitySubsystems
GfxDevice: creating device client; threaded=1; jobified=0
Direct3D:
    Version:  Direct3D 11.0 [level 11.1]
    Renderer: NVIDIA GeForce RTX 5080 (ID=0x2c02)
    Vendor:   NVIDIA
    VRAM:     15977 MB
    Driver:   32.0.15.9186
Begin MonoManager ReloadAssembly
- Loaded All Assemblies, in  0.109 seconds
- Finished resetting the current domain, in  0.001 seconds
<RI> Initializing input.
<RI> Input initialized.
<RI> Initialized touch support.
[PhysX] Initialized MultithreadedTaskDispatcher with 14 workers.
UnloadTime: 0.681100 ms
Command line arguments: -disable-compute-shaders
RimWorld 1.6.4871 rev591
Direct3D: detected that using refresh rate causes time drift. Will stop trusting refresh rate until the game window is moved.
Mod RimUtinni: Aftermath Rites dependency (mandrake.rm.aftermath) needs to have <downloadUrl> and/or <steamWorkshopUrl> specified.
Mod RimMandrake: Utinni — Inhabited (Ash'karr) dependency (mandrake.rm.inhabited) needs to have <downloadUrl> and/or <steamWorkshopUrl> specified.
Mod RimMandrake: Utinni — Weather Suite (Ash'karr) dependency (mandrake.rm.weathersuite) needs to have <downloadUrl> and/or <steamWorkshopUrl> specified.
Mod RimUtinni: Droid Repair Jobs dependency (mandrake.rsw.droidworks) needs to have <downloadUrl> and/or <steamWorkshopUrl> specified.
Mod RimUtinni: The Reckoning dependency (mandrake.rut.patches) needs to have <downloadUrl> and/or <steamWorkshopUrl> specified.
Mod RimUtinni: The Reckoning dependency (mandrake.rm.webwork) needs to have <downloadUrl> and/or <steamWorkshopUrl> specified.
Mod RimMandrake: Environmental Hazards Kit dependency (mandrake.rm.creaturebehaviors) needs to have <downloadUrl> and/or <steamWorkshopUrl> specified.
Mod RimMandrake: Fever Wood dependency (mandrake.rm.creaturebehaviors) needs to have <downloadUrl> and/or <steamWorkshopUrl> specified.
Mod RimMandrake: Fever Wood dependency (mandrake.rm.environmentalhazards) needs to have <downloadUrl> and/or <steamWorkshopUrl> specified.
Mod RimMandrake: Flooded Canyon dependency (mandrake.rm.flowworks) needs to have <downloadUrl> and/or <steamWorkshopUrl> specified.
Mod RimStarWars: Imperial Graffiti dependency (mandrake.rm.graffiti) needs to have <downloadUrl> and/or <steamWorkshopUrl> specified.
Mod RimMandrake: Greentide dependency (mandrake.rm.creaturebehaviors) needs to have <downloadUrl> and/or <steamWorkshopUrl> specified.
Mod RimUtinni: Greentide Raid Ant dependency (mandrake.rm.creaturebehaviors) needs to have <downloadUrl> and/or <steamWorkshopUrl> specified.
Mod RimMandrake: Hostile Flora dependency (mandrake.rm.creaturebehaviors) needs to have <downloadUrl> and/or <steamWorkshopUrl> specified.
Mod JawaVoice (SpeakUp reskin) dependency (JPT.speakup) needs to have <downloadUrl> and/or <steamWorkshopUrl> specified.
Mod RimMandrake: Leaning Scrub dependency (mandrake.rm.environmentalhazards) needs to have <downloadUrl> and/or <steamWorkshopUrl> specified.
Mod RimMandrake: Utinni — Propane Lake Mechanics dependency (mandrake.rut.patches) needs to have <downloadUrl> and/or <steamWorkshopUrl> specified.
Mod RimMandrake: Utinni — Pyrelands Mechanics dependency (mandrake.rm.pyrelands) needs to have <downloadUrl> and/or <steamWorkshopUrl> specified.
Mod RimMandrake: Utinni — Pyrelands Mechanics dependency (mandrake.rut.patches) needs to have <downloadUrl> and/or <steamWorkshopUrl> specified.
Mod The Rites dependency (mandrake.rut.antiquities) needs to have <downloadUrl> and/or <steamWorkshopUrl> specified.
Mod RimMandrake: the Rust Cathedral dependency (mandrake.rm.creaturebehaviors) needs to have <downloadUrl> and/or <steamWorkshopUrl> specified.
Mod RimMandrake: Utinni — Rust Cathedral Roaches dependency (mandrake.rm.creaturebehaviors) needs to have <downloadUrl> and/or <steamWorkshopUrl> specified.
Mod RimMandrake Sacred Marks dependency (mandrake.rm.graffiti) needs to have <downloadUrl> and/or <steamWorkshopUrl> specified.
Mod RimUtinni: Scarlands Ladder dependency (mandrake.rm.lorestages) needs to have <downloadUrl> and/or <steamWorkshopUrl> specified.
Mod RimMandrake: Ship Vermin dependency (mandrake.rsw.swbestiary) needs to have <downloadUrl> and/or <steamWorkshopUrl> specified.
Mod RimMandrake: Ship Vermin dependency (mandrake.rm.creaturebehaviors) needs to have <downloadUrl> and/or <steamWorkshopUrl> specified.
Mod RimMandrake: SW — Shokk dependency (mandrake.rm.webwork) needs to have <downloadUrl> and/or <steamWorkshopUrl> specified.
Mod RimUtinni: Shokkweave Economy dependency (mandrake.rm.webwork) needs to have <downloadUrl> and/or <steamWorkshopUrl> specified.
Mod RimUtinni: Structure Injections dependency (OskarPotocki.VanillaFactionsExpanded.Core) needs to have <downloadUrl> and/or <steamWorkshopUrl> specified.
Mod RimUtinni: Structure Injections dependency (mandrake.rm.injections) needs to have <downloadUrl> and/or <steamWorkshopUrl> specified.
Mod RimStarWars: Structure Injections dependency (mandrake.rm.injections) needs to have <downloadUrl> and/or <steamWorkshopUrl> specified.
Mod RimMandrake: SW — Bestiary dependency (OskarPotocki.VFE.Insectoid2) needs to have <downloadUrl> and/or <steamWorkshopUrl> specified.
Mod RimMandrake: SW — Bestiary dependency (mandrake.rm.creaturebehaviors) needs to have <downloadUrl> and/or <steamWorkshopUrl> specified.
Mod RimMandrake: SW — Bestiary dependency (sarg.alphaanimals) needs to have <downloadUrl> and/or <steamWorkshopUrl> specified.
Mod RimMandrake: SW — Bestiary dependency (brrainz.harmony) needs to have <downloadUrl> and/or <steamWorkshopUrl> specified.
Mod RimMandrake: Terminal Biomes dependency (mandrake.rm.environmentalhazards) needs to have <downloadUrl> and/or <steamWorkshopUrl> specified.
Mod RimMandrake: Terminal Biomes dependency (mandrake.rm.divinginteraction) needs to have <downloadUrl> and/or <steamWorkshopUrl> specified.
Mod RimMandrake: Terminal Biomes dependency (mandrake.rm.luminouspigment) needs to have <downloadUrl> and/or <steamWorkshopUrl> specified.
Mod RimMandrake: The Forge dependency (mandrake.rm.environmentalhazards) needs to have <downloadUrl> and/or <steamWorkshopUrl> specified.
Mod RimMandrake: The Rot dependency (mandrake.rm.creaturebehaviors) needs to have <downloadUrl> and/or <steamWorkshopUrl> specified.
Mod RimMandrake: The Rot dependency (mandrake.rm.environmentalhazards) needs to have <downloadUrl> and/or <steamWorkshopUrl> specified.
Mod RimUtinni Patches (Jawa campaign) dependency (mandrake.rm.weathersuite) needs to have <downloadUrl> and/or <steamWorkshopUrl> specified.
Mod RimMandrake: Colony Visibility dependency (brrainz.harmony) needs to have <downloadUrl> and/or <steamWorkshopUrl> specified.
Mod RimMandrake: Webwork dependency (mandrake.rm.creaturebehaviors) needs to have <downloadUrl> and/or <steamWorkshopUrl> specified.
Mod RimMandrake: Weeping Stones dependency (mandrake.rm.environmentalhazards) needs to have <downloadUrl> and/or <steamWorkshopUrl> specified.
Mod RimUtinni: Wildsteam Egg Bounty dependency (mandrake.rut.patches) needs to have <downloadUrl> and/or <steamWorkshopUrl> specified.
Mod RimUtinni: Wildsteam Egg Bounty dependency (mandrake.rm.webwork) needs to have <downloadUrl> and/or <steamWorkshopUrl> specified.
Mod VFE Factory Integrated Rimefeller Recipes dependency (VanillaExpanded.VFEFactory) needs to have <downloadUrl> and/or <steamWorkshopUrl> specified.
Mod VFE Factory Integrated Rimefeller Recipes dependency (Dubwise.Rimefeller) needs to have <downloadUrl> and/or <steamWorkshopUrl> specified.
Mod VFE Factory Integrated Rimefeller Recipes dependency (brrainz.harmony) needs to have <downloadUrl> and/or <steamWorkshopUrl> specified.
Mod RimTalk Expand: AI Storyteller dependency (cyberchronicle.rimtalkexperts) needs to have <downloadUrl> and/or <steamWorkshopUrl> specified.
Mod RimTalk Expand: AI Storyteller dependency (brrainz.harmony) needs to have <downloadUrl> and/or <steamWorkshopUrl> specified.
Mod Custom Room Names - RimTalk Addon dependency (cj.Rimtalk) needs to have <downloadUrl> and/or <steamWorkshopUrl> specified.
Mod Custom Room Names - RimTalk Addon dependency (costel.CustomRoomNames) needs to have <downloadUrl> and/or <steamWorkshopUrl> specified.
Mod RimTalk - Expand Literature dependency (cj.rimtalk) needs to have <downloadUrl> and/or <steamWorkshopUrl> specified.
Mod RimTalk - Expand Toddlers dependency (cyanobot.toddlers) needs to have <downloadUrl> and/or <steamWorkshopUrl> specified.
Mod RimTalk - Expand Toddlers dependency (cj.rimtalk) needs to have <downloadUrl> and/or <steamWorkshopUrl> specified.
Mod Large Pawns dependency (brrainz.harmony) needs to have <downloadUrl> and/or <steamWorkshopUrl> specified.
Mod Wood's Muzzle Flash for Ancient urban ruins has a dependency (issaczhuang.muzzleflash) with empty display name.
Mod Wood's Muzzle Flash for Ancient urban ruins dependency (issaczhuang.muzzleflash) needs to have <downloadUrl> and/or <steamWorkshopUrl> specified.
Mod Wood's Muzzle Flash for Ancient urban ruins has a dependency (xmb.ancienturbanruins.mo) with empty display name.
Mod Wood's Muzzle Flash for Ancient urban ruins dependency (xmb.ancienturbanruins.mo) needs to have <downloadUrl> and/or <steamWorkshopUrl> specified.
Mod Forced Xenogerm Implantation dependency (brrainz.harmony) needs to have <downloadUrl> and/or <steamWorkshopUrl> specified.
Exception loading from System.Xml.XmlElement: System.MissingMethodException: Default constructor not found for type System.String
  at System.RuntimeType.CreateInstanceMono (System.Boolean nonPublic, System.Boolean wrapExceptions) [0x00076] in <51fded79cd284d4d911c5949aff4cb21>:0 
  at System.RuntimeType.CreateInstanceSlow (System.Boolean publicOnly, System.Boolean wrapExceptions, System.Boolean skipCheckThis, System.Boolean fillCache) [0x00009] in <51fded79cd284d4d911c5949aff4cb21>:0 
  at System.RuntimeType.CreateInstanceDefaultCtor (System.Boolean publicOnly, System.Boolean skipCheckThis, System.Boolean fillCache, System.Boolean wrapExceptions, System.Threading.StackCrawlMark& stackMark) [0x00027] in <51fded79cd284d4d911c5949aff4cb21>:0 
  at System.Activator.CreateInstance (System.Type type, System.Boolean nonPublic, System.Boolean wrapExceptions) [0x00020] in <51fded79cd284d4d911c5949aff4cb21>:0 
  at System.Activator.CreateInstance (System.Type type, System.Boolean nonPublic) [0x00000] in <51fded79cd284d4d911c5949aff4cb21>:0 
  at System.Activator.CreateInstance (System.Type type) [0x00000] in <51fded79cd284d4d911c5949aff4cb21>:0 
  at Verse.DirectXmlToObject.ObjectFromXml[T] (System.Xml.XmlNode xmlRoot, System.Boolean doPostLoad) [0x0045c] in <61e4173561894da49d210260257b5097>:0 
  at Verse.DirectXmlToObject.ObjectFromXmlReflection[T] (System.Xml.XmlNode xmlRoot, System.Boolean doPostLoad) [0x00000] in <61e4173561894da49d210260257b5097>:0 
  at Verse.DirectXmlToObject.ObjectFromXml[T] (System.Xml.XmlNode xmlRoot, System.Boolean doPostLoad) [0x0060e] in <61e4173561894da49d210260257b5097>:0 
Fallback handler could not load library C:/Program Files (x86)/Steam/steamapps/common/RimWorld/RimWorldWin64_Data/MonoBleedingEdge/data-00000151F729E040.dll
Fallback handler could not load library C:/Program Files (x86)/Steam/steamapps/common/RimWorld/RimWorldWin64_Data/MonoBleedingEdge/data-00000151F74E2120.dll
Prepatcher: Starting... (vanilla load took 3.756599s)
Prepatcher: Game processing took 529.6004ms
Prepatcher: Serializing patched assemblies
Prepatcher: Serializing took 1448.2744ms
Prepatcher: Setting refonly
Prepatcher: Loading patched assemblies
Fallback handler could not load library C:/Program Files (x86)/Steam/steamapps/common/RimWorld/RimWorldWin64_Data/MonoBleedingEdge/data-0000015205527040.dll
Fallback handler could not load library C:/Program Files (x86)/Steam/steamapps/common/RimWorld/RimWorldWin64_Data/MonoBleedingEdge/data-0000015032750040.dll
Fallback handler could not load library C:/Program Files (x86)/Steam/steamapps/common/RimWorld/RimWorldWin64_Data/MonoBleedingEdge/data-00000151F803C020.dll
Fallback handler could not load library C:/Program Files (x86)/Steam/steamapps/common/RimWorld/RimWorldWin64_Data/MonoBleedingEdge/data-00000151F78C37B0.dll
Fallback handler could not load library C:/Program Files (x86)/Steam/steamapps/common/RimWorld/RimWorldWin64_Data/MonoBleedingEdge/data-00000151F8367030.dll
Fallback handler could not load library C:/Program Files (x86)/Steam/steamapps/common/RimWorld/RimWorldWin64_Data/MonoBleedingEdge/data-00000151F776E060.dll
Fallback handler could not load library C:/Program Files (x86)/Steam/steamapps/common/RimWorld/RimWorldWin64_Data/MonoBleedingEdge/data-00000151F8655030.dll
Fallback handler could not load library C:/Program Files (x86)/Steam/steamapps/common/RimWorld/RimWorldWin64_Data/MonoBleedingEdge/data-00000151F86E8050.dll
Fallback handler could not load library C:/Program Files (x86)/Steam/steamapps/common/RimWorld/RimWorldWin64_Data/MonoBleedingEdge/data-00000151F8757A60.dll
Fallback handler could not load library C:/Program Files (x86)/Steam/steamapps/common/RimWorld/RimWorldWin64_Data/MonoBleedingEdge/data-00000151E8BF13E0.dll
Fallback handler could not load library C:/Program Files (x86)/Steam/steamapps/common/RimWorld/RimWorldWin64_Data/MonoBleedingEdge/data-00000151F807F4F0.dll
Fallback handler could not load library C:/Program Files (x86)/Steam/steamapps/common/RimWorld/RimWorldWin64_Data/MonoBleedingEdge/data-00000151F7562010.dll
Fallback handler could not load library C:/Program Files (x86)/Steam/steamapps/common/RimWorld/RimWorldWin64_Data/MonoBleedingEdge/data-00000150329B7040.dll
Fallback handler could not load library C:/Program Files (x86)/Steam/steamapps/common/RimWorld/RimWorldWin64_Data/MonoBleedingEdge/data-00000151F876F870.dll
Fallback handler could not load library C:/Program Files (x86)/Steam/steamapps/common/RimWorld/RimWorldWin64_Data/MonoBleedingEdge/data-00000151F877A280.dll
Fallback handler could not load library C:/Program Files (x86)/Steam/steamapps/common/RimWorld/RimWorldWin64_Data/MonoBleedingEdge/data-00000151F7F386F0.dll
Fallback handler could not load library C:/Program Files (x86)/Steam/steamapps/common/RimWorld/RimWorldWin64_Data/MonoBleedingEdge/data-00000151F878C490.dll
Fallback handler could not load library C:/Program Files (x86)/Steam/steamapps/common/RimWorld/RimWorldWin64_Data/MonoBleedingEdge/data-00000151F7A67030.dll
Fallback handler could not load library C:/Program Files (x86)/Steam/steamapps/common/RimWorld/RimWorldWin64_Data/MonoBleedingEdge/data-00000151F7A6B040.dll
Fallback handler could not load library C:/Program Files (x86)/Steam/steamapps/common/RimWorld/RimWorldWin64_Data/MonoBleedingEdge/data-00000151F742F690.dll
Fallback handler could not load library C:/Program Files (x86)/Steam/steamapps/common/RimWorld/RimWorldWin64_Data/MonoBleedingEdge/data-00000151F83BE020.dll
Fallback handler could not load library C:/Program Files (x86)/Steam/steamapps/common/RimWorld/RimWorldWin64_Data/MonoBleedingEdge/data-00000151F8810AA0.dll
Fallback handler could not load library C:/Program Files (x86)/Steam/steamapps/common/RimWorld/RimWorldWin64_Data/MonoBleedingEdge/data-00000151F7E31020.dll
Fallback handler could not load library C:/Program Files (x86)/Steam/steamapps/common/RimWorld/RimWorldWin64_Data/MonoBleedingEdge/data-00000151F8813AB0.dll
Fallback handler could not load library C:/Program Files (x86)/Steam/steamapps/common/RimWorld/RimWorldWin64_Data/MonoBleedingEdge/data-00000151F88174C0.dll
Fallback handler could not load library C:/Program Files (x86)/Steam/steamapps/common/RimWorld/RimWorldWin64_Data/MonoBleedingEdge/data-00000151F881BAD0.dll
Fallback handler could not load library C:/Program Files (x86)/Steam/steamapps/common/RimWorld/RimWorldWin64_Data/MonoBleedingEdge/data-00000151ECC436D0.dll
Fallback handler could not load library C:/Program Files (x86)/Steam/steamapps/common/RimWorld/RimWorldWin64_Data/MonoBleedingEdge/data-00000151F88FA6E0.dll
Fallback handler could not load library C:/Program Files (x86)/Steam/steamapps/common/RimWorld/RimWorldWin64_Data/MonoBleedingEdge/data-00000151F89042F0.dll
Fallback handler could not load library C:/Program Files (x86)/Steam/steamapps/common/RimWorld/RimWorldWin64_Data/MonoBleedingEdge/data-00000151F898A900.dll
Fallback handler could not load library C:/Program Files (x86)/Steam/steamapps/common/RimWorld/RimWorldWin64_Data/MonoBleedingEdge/data-0000015032AF3040.dll
Fallback handler could not load library C:/Program Files (x86)/Steam/steamapps/common/RimWorld/RimWorldWin64_Data/MonoBleedingEdge/data-00000151F8A03410.dll
Fallback handler could not load library C:/Program Files (x86)/Steam/steamapps/common/RimWorld/RimWorldWin64_Data/MonoBleedingEdge/data-00000151F8A2BA20.dll
Fallback handler could not load library C:/Program Files (x86)/Steam/steamapps/common/RimWorld/RimWorldWin64_Data/MonoBleedingEdge/data-00000151F89A0110.dll
Fallback handler could not load library C:/Program Files (x86)/Steam/steamapps/common/RimWorld/RimWorldWin64_Data/MonoBleedingEdge/data-00000151F8A5E030.dll
Fallback handler could not load library C:/Program Files (x86)/Steam/steamapps/common/RimWorld/RimWorldWin64_Data/MonoBleedingEdge/data-00000151F8B1B3B0.dll
Fallback handler could not load library C:/Program Files (x86)/Steam/steamapps/common/RimWorld/RimWorldWin64_Data/MonoBleedingEdge/data-00000151F8B505C0.dll
Fallback handler could not load library C:/Program Files (x86)/Steam/steamapps/common/RimWorld/RimWorldWin64_Data/MonoBleedingEdge/data-0000015206440080.dll
Fallback handler could not load library C:/Program Files (x86)/Steam/steamapps/common/RimWorld/RimWorldWin64_Data/MonoBleedingEdge/data-0000015032CC8040.dll
Fallback handler could not load library C:/Program Files (x86)/Steam/steamapps/common/RimWorld/RimWorldWin64_Data/MonoBleedingEdge/data-000001520646EC90.dll
Fallback handler could not load library C:/Program Files (x86)/Steam/steamapps/common/RimWorld/RimWorldWin64_Data/MonoBleedingEdge/data-00000151F836E0A0.dll
Fallback handler could not load library C:/Program Files (x86)/Steam/steamapps/common/RimWorld/RimWorldWin64_Data/MonoBleedingEdge/data-00000151F8380130.dll
Fallback handler could not load library C:/Program Files (x86)/Steam/steamapps/common/RimWorld/RimWorldWin64_Data/MonoBleedingEdge/data-00000151E8BED7B0.dll
Fallback handler could not load library C:/Program Files (x86)/Steam/steamapps/common/RimWorld/RimWorldWin64_Data/MonoBleedingEdge/data-00000151F8B687D0.dll
Fallback handler could not load library C:/Program Files (x86)/Steam/steamapps/common/RimWorld/RimWorldWin64_Data/MonoBleedingEdge/data-00000151F89A7D20.dll
Fallback handler could not load library C:/Program Files (x86)/Steam/steamapps/common/RimWorld/RimWorldWin64_Data/MonoBleedingEdge/data-00000151F8A86640.dll
Fallback handler could not load library C:/Program Files (x86)/Steam/steamapps/common/RimWorld/RimWorldWin64_Data/MonoBleedingEdge/data-00000151F8B6CFE0.dll
Fallback handler could not load library C:/Program Files (x86)/Steam/steamapps/common/RimWorld/RimWorldWin64_Data/MonoBleedingEdge/data-000001520652A4A0.dll
Fallback handler could not load library C:/Program Files (x86)/Steam/steamapps/common/RimWorld/RimWorldWin64_Data/MonoBleedingEdge/data-00000151F8A8AC50.dll
Fallback handler could not load library C:/Program Files (x86)/Steam/steamapps/common/RimWorld/RimWorldWin64_Data/MonoBleedingEdge/data-00000151F89BB150.dll
Fallback handler could not load library C:/Program Files (x86)/Steam/steamapps/common/RimWorld/RimWorldWin64_Data/MonoBleedingEdge/data-00000152065356B0.dll
Fallback handler could not load library C:/Program Files (x86)/Steam/steamapps/common/RimWorld/RimWorldWin64_Data/MonoBleedingEdge/data-000001520653F6C0.dll
Fallback handler could not load library C:/Program Files (x86)/Steam/steamapps/common/RimWorld/RimWorldWin64_Data/MonoBleedingEdge/data-0000015206546ED0.dll
Fallback handler could not load library C:/Program Files (x86)/Steam/steamapps/common/RimWorld/RimWorldWin64_Data/MonoBleedingEdge/data-000001520654C2E0.dll
Fallback handler could not load library C:/Program Files (x86)/Steam/steamapps/common/RimWorld/RimWorldWin64_Data/MonoBleedingEdge/data-00000152065516F0.dll
Fallback handler could not load library C:/Program Files (x86)/Steam/steamapps/common/RimWorld/RimWorldWin64_Data/MonoBleedingEdge/data-00000151F8B877F0.dll
Fallback handler could not load library C:/Program Files (x86)/Steam/steamapps/common/RimWorld/RimWorldWin64_Data/MonoBleedingEdge/data-0000015206561900.dll
Fallback handler could not load library C:/Program Files (x86)/Steam/steamapps/common/RimWorld/RimWorldWin64_Data/MonoBleedingEdge/data-00000151F8B89C00.dll
Fallback handler could not load library C:/Program Files (x86)/Steam/steamapps/common/RimWorld/RimWorldWin64_Data/MonoBleedingEdge/data-0000015206567B10.dll
Fallback handler could not load library C:/Program Files (x86)/Steam/steamapps/common/RimWorld/RimWorldWin64_Data/MonoBleedingEdge/data-00000151F8B8CE10.dll
Fallback handler could not load library C:/Program Files (x86)/Steam/steamapps/common/RimWorld/RimWorldWin64_Data/MonoBleedingEdge/data-000001520656D920.dll
Fallback handler could not load library C:/Program Files (x86)/Steam/steamapps/common/RimWorld/RimWorldWin64_Data/MonoBleedingEdge/data-000001520658E130.dll
Fallback handler could not load library C:/Program Files (x86)/Steam/steamapps/common/RimWorld/RimWorldWin64_Data/MonoBleedingEdge/data-0000015206590F40.dll
Fallback handler could not load library C:/Program Files (x86)/Steam/steamapps/common/RimWorld/RimWorldWin64_Data/MonoBleedingEdge/data-00000152065AEB50.dll
Fallback handler could not load library C:/Program Files (x86)/Steam/steamapps/common/RimWorld/RimWorldWin64_Data/MonoBleedingEdge/data-00000152065FC010.dll
Fallback handler could not load library C:/Program Files (x86)/Steam/steamapps/common/RimWorld/RimWorldWin64_Data/MonoBleedingEdge/data-000001520664EA20.dll
Fallback handler could not load library C:/Program Files (x86)/Steam/steamapps/common/RimWorld/RimWorldWin64_Data/MonoBleedingEdge/data-000001520665C740.dll
Fallback handler could not load library C:/Program Files (x86)/Steam/steamapps/common/RimWorld/RimWorldWin64_Data/MonoBleedingEdge/data-000001520666EB60.dll
Fallback handler could not load library C:/Program Files (x86)/Steam/steamapps/common/RimWorld/RimWorldWin64_Data/MonoBleedingEdge/data-0000015206670770.dll
Fallback handler could not load library C:/Program Files (x86)/Steam/steamapps/common/RimWorld/RimWorldWin64_Data/MonoBleedingEdge/data-0000015206673380.dll
Fallback handler could not load library C:/Program Files (x86)/Steam/steamapps/common/RimWorld/RimWorldWin64_Data/MonoBleedingEdge/data-0000015206689F90.dll
Fallback handler could not load library C:/Program Files (x86)/Steam/steamapps/common/RimWorld/RimWorldWin64_Data/MonoBleedingEdge/data-000001520668FFA0.dll
Fallback handler could not load library C:/Program Files (x86)/Steam/steamapps/common/RimWorld/RimWorldWin64_Data/MonoBleedingEdge/data-000001520669C1B0.dll
Fallback handler could not load library C:/Program Files (x86)/Steam/steamapps/common/RimWorld/RimWorldWin64_Data/MonoBleedingEdge/data-00000152066A1BC0.dll
Fallback handler could not load library C:/Program Files (x86)/Steam/steamapps/common/RimWorld/RimWorldWin64_Data/MonoBleedingEdge/data-00000152066BFBD0.dll
Fallback handler could not load library C:/Program Files (x86)/Steam/steamapps/common/RimWorld/RimWorldWin64_Data/MonoBleedingEdge/data-00000151ECC49EF0.dll
Fallback handler could not load library C:/Program Files (x86)/Steam/steamapps/common/RimWorld/RimWorldWin64_Data/MonoBleedingEdge/data-00000152066C8BF0.dll
Fallback handler could not load library C:/Program Files (x86)/Steam/steamapps/common/RimWorld/RimWorldWin64_Data/MonoBleedingEdge/data-00000152066D4A00.dll
Fallback handler could not load library C:/Program Files (x86)/Steam/steamapps/common/RimWorld/RimWorldWin64_Data/MonoBleedingEdge/data-00000152066E0010.dll
Fallback handler could not load library C:/Program Files (x86)/Steam/steamapps/common/RimWorld/RimWorldWin64_Data/MonoBleedingEdge/data-00000152066E4A20.dll
Fallback handler could not load library C:/Program Files (x86)/Steam/steamapps/common/RimWorld/RimWorldWin64_Data/MonoBleedingEdge/data-00000152066F4630.dll
Fallback handler could not load library C:/Program Files (x86)/Steam/steamapps/common/RimWorld/RimWorldWin64_Data/MonoBleedingEdge/data-00000152066F9C40.dll
Fallback handler could not load library C:/Program Files (x86)/Steam/steamapps/common/RimWorld/RimWorldWin64_Data/MonoBleedingEdge/data-0000015206733C50.dll
Fallback handler could not load library C:/Program Files (x86)/Steam/steamapps/common/RimWorld/RimWorldWin64_Data/MonoBleedingEdge/data-0000015206737E60.dll
Fallback handler could not load library C:/Program Files (x86)/Steam/steamapps/common/RimWorld/RimWorldWin64_Data/MonoBleedingEdge/data-0000015206739A70.dll
Fallback handler could not load library C:/Program Files (x86)/Steam/steamapps/common/RimWorld/RimWorldWin64_Data/MonoBleedingEdge/data-00000151ECC50710.dll
Fallback handler could not load library C:/Program Files (x86)/Steam/steamapps/common/RimWorld/RimWorldWin64_Data/MonoBleedingEdge/data-000001520674E480.dll
Fallback handler could not load library C:/Program Files (x86)/Steam/steamapps/common/RimWorld/RimWorldWin64_Data/MonoBleedingEdge/data-0000015206754890.dll
Fallback handler could not load library C:/Program Files (x86)/Steam/steamapps/common/RimWorld/RimWorldWin64_Data/MonoBleedingEdge/data-0000015206782AA0.dll
Fallback handler could not load library C:/Program Files (x86)/Steam/steamapps/common/RimWorld/RimWorldWin64_Data/MonoBleedingEdge/data-00000151F837A100.dll
Fallback handler could not load library C:/Program Files (x86)/Steam/steamapps/common/RimWorld/RimWorldWin64_Data/MonoBleedingEdge/data-0000015032E42040.dll
Fallback handler could not load library C:/Program Files (x86)/Steam/steamapps/common/RimWorld/RimWorldWin64_Data/MonoBleedingEdge/data-00000151E8BF8C40.dll
Fallback handler could not load library C:/Program Files (x86)/Steam/steamapps/common/RimWorld/RimWorldWin64_Data/MonoBleedingEdge/data-00000152068004B0.dll
Fallback handler could not load library C:/Program Files (x86)/Steam/steamapps/common/RimWorld/RimWorldWin64_Data/MonoBleedingEdge/data-00000151F8347060.dll
Fallback handler could not load library C:/Program Files (x86)/Steam/steamapps/common/RimWorld/RimWorldWin64_Data/MonoBleedingEdge/data-0000015206809AC0.dll
Fallback handler could not load library C:/Program Files (x86)/Steam/steamapps/common/RimWorld/RimWorldWin64_Data/MonoBleedingEdge/data-00000152068162D0.dll
Fallback handler could not load library C:/Program Files (x86)/Steam/steamapps/common/RimWorld/RimWorldWin64_Data/MonoBleedingEdge/data-00000151F7429060.dll
Fallback handler could not load library C:/Program Files (x86)/Steam/steamapps/common/RimWorld/RimWorldWin64_Data/MonoBleedingEdge/data-00000151C2620EE0.dll
Fallback handler could not load library C:/Program Files (x86)/Steam/steamapps/common/RimWorld/RimWorldWin64_Data/MonoBleedingEdge/data-00000152068226E0.dll
Fallback handler could not load library C:/Program Files (x86)/Steam/steamapps/common/RimWorld/RimWorldWin64_Data/MonoBleedingEdge/data-0000015032F7D040.dll
Fallback handler could not load library C:/Program Files (x86)/Steam/steamapps/common/RimWorld/RimWorldWin64_Data/MonoBleedingEdge/data-000001520682B730.dll
Fallback handler could not load library C:/Program Files (x86)/Steam/steamapps/common/RimWorld/RimWorldWin64_Data/MonoBleedingEdge/data-000001520682FF40.dll
Fallback handler could not load library C:/Program Files (x86)/Steam/steamapps/common/RimWorld/RimWorldWin64_Data/MonoBleedingEdge/data-0000015206834750.dll
Fallback handler could not load library C:/Program Files (x86)/Steam/steamapps/common/RimWorld/RimWorldWin64_Data/MonoBleedingEdge/data-0000015206838D60.dll
Fallback handler could not load library C:/Program Files (x86)/Steam/steamapps/common/RimWorld/RimWorldWin64_Data/MonoBleedingEdge/data-0000015206847D70.dll
Fallback handler could not load library C:/Program Files (x86)/Steam/steamapps/common/RimWorld/RimWorldWin64_Data/MonoBleedingEdge/data-0000015206849780.dll
Fallback handler could not load library C:/Program Files (x86)/Steam/steamapps/common/RimWorld/RimWorldWin64_Data/MonoBleedingEdge/data-00000151F742B270.dll
Fallback handler could not load library C:/Program Files (x86)/Steam/steamapps/common/RimWorld/RimWorldWin64_Data/MonoBleedingEdge/data-00000152068290F0.dll
Fallback handler could not load library C:/Program Files (x86)/Steam/steamapps/common/RimWorld/RimWorldWin64_Data/MonoBleedingEdge/data-000001520684E390.dll
Fallback handler could not load library C:/Program Files (x86)/Steam/steamapps/common/RimWorld/RimWorldWin64_Data/MonoBleedingEdge/data-00000151F8329290.dll
Fallback handler could not load library C:/Program Files (x86)/Steam/steamapps/common/RimWorld/RimWorldWin64_Data/MonoBleedingEdge/data-00000152068535A0.dll
Fallback handler could not load library C:/Program Files (x86)/Steam/steamapps/common/RimWorld/RimWorldWin64_Data/MonoBleedingEdge/data-00000152068553B0.dll
Fallback handler could not load library C:/Program Files (x86)/Steam/steamapps/common/RimWorld/RimWorldWin64_Data/MonoBleedingEdge/data-0000015206856FD0.dll
Fallback handler could not load library C:/Program Files (x86)/Steam/steamapps/common/RimWorld/RimWorldWin64_Data/MonoBleedingEdge/data-000001520685B5E0.dll
Fallback handler could not load library C:/Program Files (x86)/Steam/steamapps/common/RimWorld/RimWorldWin64_Data/MonoBleedingEdge/data-0000015206860DF0.dll
Fallback handler could not load library C:/Program Files (x86)/Steam/steamapps/common/RimWorld/RimWorldWin64_Data/MonoBleedingEdge/data-000001520686FA00.dll
Fallback handler could not load library C:/Program Files (x86)/Steam/steamapps/common/RimWorld/RimWorldWin64_Data/MonoBleedingEdge/data-0000015206887E10.dll
Fallback handler could not load library C:/Program Files (x86)/Steam/steamapps/common/RimWorld/RimWorldWin64_Data/MonoBleedingEdge/data-00000152068A32E0.dll
Fallback handler could not load library C:/Program Files (x86)/Steam/steamapps/common/RimWorld/RimWorldWin64_Data/MonoBleedingEdge/data-000001520688E220.dll
Fallback handler could not load library C:/Program Files (x86)/Steam/steamapps/common/RimWorld/RimWorldWin64_Data/MonoBleedingEdge/data-00000151F8382140.dll
Fallback handler could not load library C:/Program Files (x86)/Steam/steamapps/common/RimWorld/RimWorldWin64_Data/MonoBleedingEdge/data-00000151E8BF5010.dll
Fallback handler could not load library C:/Program Files (x86)/Steam/steamapps/common/RimWorld/RimWorldWin64_Data/MonoBleedingEdge/data-00000151F6B8EA80.dll
Fallback handler could not load library C:/Program Files (x86)/Steam/steamapps/common/RimWorld/RimWorldWin64_Data/MonoBleedingEdge/data-00000152068B7300.dll
Fallback handler could not load library C:/Program Files (x86)/Steam/steamapps/common/RimWorld/RimWorldWin64_Data/MonoBleedingEdge/data-00000152068CEB10.dll
Fallback handler could not load library C:/Program Files (x86)/Steam/steamapps/common/RimWorld/RimWorldWin64_Data/MonoBleedingEdge/data-00000152068DBF20.dll
Fallback handler could not load library C:/Program Files (x86)/Steam/steamapps/common/RimWorld/RimWorldWin64_Data/MonoBleedingEdge/data-00000151F785C0E0.dll
Fallback handler could not load library C:/Program Files (x86)/Steam/steamapps/common/RimWorld/RimWorldWin64_Data/MonoBleedingEdge/data-00000152068EE330.dll
Fallback handler could not load library C:/Program Files (x86)/Steam/steamapps/common/RimWorld/RimWorldWin64_Data/MonoBleedingEdge/data-0000015206955740.dll
Fallback handler could not load library C:/Program Files (x86)/Steam/steamapps/common/RimWorld/RimWorldWin64_Data/MonoBleedingEdge/data-000001520697DF50.dll
Fallback handler could not load library C:/Program Files (x86)/Steam/steamapps/common/RimWorld/RimWorldWin64_Data/MonoBleedingEdge/data-000001520698C760.dll
Fallback handler could not load library C:/Program Files (x86)/Steam/steamapps/common/RimWorld/RimWorldWin64_Data/MonoBleedingEdge/data-00000152069D4010.dll
Fallback handler could not load library C:/Program Files (x86)/Steam/steamapps/common/RimWorld/RimWorldWin64_Data/MonoBleedingEdge/data-00000151F834E890.dll
Fallback handler could not load library C:/Program Files (x86)/Steam/steamapps/common/RimWorld/RimWorldWin64_Data/MonoBleedingEdge/data-00000151F8349870.dll
Fallback handler could not load library C:/Program Files (x86)/Steam/steamapps/common/RimWorld/RimWorldWin64_Data/MonoBleedingEdge/data-0000015206A0E010.dll
Fallback handler could not load library C:/Program Files (x86)/Steam/steamapps/common/RimWorld/RimWorldWin64_Data/MonoBleedingEdge/data-0000015206A15220.dll
Fallback handler could not load library C:/Program Files (x86)/Steam/steamapps/common/RimWorld/RimWorldWin64_Data/MonoBleedingEdge/data-0000015206A1A230.dll
Fallback handler could not load library C:/Program Files (x86)/Steam/steamapps/common/RimWorld/RimWorldWin64_Data/MonoBleedingEdge/data-00000151F834C080.dll
Fallback handler could not load library C:/Program Files (x86)/Steam/steamapps/common/RimWorld/RimWorldWin64_Data/MonoBleedingEdge/data-00000151F8326670.dll
Fallback handler could not load library C:/Program Files (x86)/Steam/steamapps/common/RimWorld/RimWorldWin64_Data/MonoBleedingEdge/data-0000015206A26440.dll
Fallback handler could not load library C:/Program Files (x86)/Steam/steamapps/common/RimWorld/RimWorldWin64_Data/MonoBleedingEdge/data-0000015206A3C660.dll
Fallback handler could not load library C:/Program Files (x86)/Steam/steamapps/common/RimWorld/RimWorldWin64_Data/MonoBleedingEdge/data-0000015206A40270.dll
Fallback handler could not load library C:/Program Files (x86)/Steam/steamapps/common/RimWorld/RimWorldWin64_Data/MonoBleedingEdge/data-0000015206AA32B0.dll
Fallback handler could not load library C:/Program Files (x86)/Steam/steamapps/common/RimWorld/RimWorldWin64_Data/MonoBleedingEdge/data-0000015206AA5CC0.dll
Fallback handler could not load library C:/Program Files (x86)/Steam/steamapps/common/RimWorld/RimWorldWin64_Data/MonoBleedingEdge/data-0000015206A78880.dll
Fallback handler could not load library C:/Program Files (x86)/Steam/steamapps/common/RimWorld/RimWorldWin64_Data/MonoBleedingEdge/data-0000015206ABCCD0.dll
Fallback handler could not load library C:/Program Files (x86)/Steam/steamapps/common/RimWorld/RimWorldWin64_Data/MonoBleedingEdge/data-0000015206AD64E0.dll
Fallback handler could not load library C:/Program Files (x86)/Steam/steamapps/common/RimWorld/RimWorldWin64_Data/MonoBleedingEdge/data-00000151F83510A0.dll
Fallback handler could not load library C:/Program Files (x86)/Steam/steamapps/common/RimWorld/RimWorldWin64_Data/MonoBleedingEdge/data-0000015206B0C6F0.dll
Fallback handler could not load library C:/Program Files (x86)/Steam/steamapps/common/RimWorld/RimWorldWin64_Data/MonoBleedingEdge/data-00000151F785D2F0.dll
Fallback handler could not load library C:/Program Files (x86)/Steam/steamapps/common/RimWorld/RimWorldWin64_Data/MonoBleedingEdge/data-0000015206B0F500.dll
Fallback handler could not load library C:/Program Files (x86)/Steam/steamapps/common/RimWorld/RimWorldWin64_Data/MonoBleedingEdge/data-0000015206B11110.dll
Fallback handler could not load library C:/Program Files (x86)/Steam/steamapps/common/RimWorld/RimWorldWin64_Data/MonoBleedingEdge/data-0000015206B1A120.dll
Fallback handler could not load library C:/Program Files (x86)/Steam/steamapps/common/RimWorld/RimWorldWin64_Data/MonoBleedingEdge/data-0000015206B1E730.dll
Fallback handler could not load library C:/Program Files (x86)/Steam/steamapps/common/RimWorld/RimWorldWin64_Data/MonoBleedingEdge/data-0000015206B21540.dll
Fallback handler could not load library C:/Program Files (x86)/Steam/steamapps/common/RimWorld/RimWorldWin64_Data/MonoBleedingEdge/data-0000015206B39F50.dll
Fallback handler could not load library C:/Program Files (x86)/Steam/steamapps/common/RimWorld/RimWorldWin64_Data/MonoBleedingEdge/data-0000015206B3C960.dll
Fallback handler could not load library C:/Program Files (x86)/Steam/steamapps/common/RimWorld/RimWorldWin64_Data/MonoBleedingEdge/data-00000151F837C110.dll
Fallback handler could not load library C:/Program Files (x86)/Steam/steamapps/common/RimWorld/RimWorldWin64_Data/MonoBleedingEdge/data-0000015207413040.dll
Fallback handler could not load library C:/Program Files (x86)/Steam/steamapps/common/RimWorld/RimWorldWin64_Data/MonoBleedingEdge/data-0000015206B50010.dll
Fallback handler could not load library C:/Program Files (x86)/Steam/steamapps/common/RimWorld/RimWorldWin64_Data/MonoBleedingEdge/data-0000015206B57020.dll
Fallback handler could not load library C:/Program Files (x86)/Steam/steamapps/common/RimWorld/RimWorldWin64_Data/MonoBleedingEdge/data-0000015206B5B030.dll
Fallback handler could not load library C:/Program Files (x86)/Steam/steamapps/common/RimWorld/RimWorldWin64_Data/MonoBleedingEdge/data-0000015206B65C40.dll
Fallback handler could not load library C:/Program Files (x86)/Steam/steamapps/common/RimWorld/RimWorldWin64_Data/MonoBleedingEdge/data-0000015206B6CA50.dll
Fallback handler could not load library C:/Program Files (x86)/Steam/steamapps/common/RimWorld/RimWorldWin64_Data/MonoBleedingEdge/data-0000015206B71260.dll
Fallback handler could not load library C:/Program Files (x86)/Steam/steamapps/common/RimWorld/RimWorldWin64_Data/MonoBleedingEdge/data-0000015206B78070.dll
Fallback handler could not load library C:/Program Files (x86)/Steam/steamapps/common/RimWorld/RimWorldWin64_Data/MonoBleedingEdge/data-0000015206B79E80.dll
Fallback handler could not load library C:/Program Files (x86)/Steam/steamapps/common/RimWorld/RimWorldWin64_Data/MonoBleedingEdge/data-0000015206B90EA0.dll
Fallback handler could not load library C:/Program Files (x86)/Steam/steamapps/common/RimWorld/RimWorldWin64_Data/MonoBleedingEdge/data-00000151F8327C80.dll
Fallback handler could not load library C:/Program Files (x86)/Steam/steamapps/common/RimWorld/RimWorldWin64_Data/MonoBleedingEdge/data-0000015206B934B0.dll
Fallback handler could not load library C:/Program Files (x86)/Steam/steamapps/common/RimWorld/RimWorldWin64_Data/MonoBleedingEdge/data-0000015206B9E8C0.dll
Fallback handler could not load library C:/Program Files (x86)/Steam/steamapps/common/RimWorld/RimWorldWin64_Data/MonoBleedingEdge/data-0000015206BA5AD0.dll
Fallback handler could not load library C:/Program Files (x86)/Steam/steamapps/common/RimWorld/RimWorldWin64_Data/MonoBleedingEdge/data-00000151F785F710.dll
Fallback handler could not load library C:/Program Files (x86)/Steam/steamapps/common/RimWorld/RimWorldWin64_Data/MonoBleedingEdge/data-0000015206BA9AE0.dll
Fallback handler could not load library C:/Program Files (x86)/Steam/steamapps/common/RimWorld/RimWorldWin64_Data/MonoBleedingEdge/data-0000015206BAB4F0.dll
Fallback handler could not load library C:/Program Files (x86)/Steam/steamapps/common/RimWorld/RimWorldWin64_Data/MonoBleedingEdge/data-0000015206BB1300.dll
Fallback handler could not load library C:/Program Files (x86)/Steam/steamapps/common/RimWorld/RimWorldWin64_Data/MonoBleedingEdge/data-0000015206BCD110.dll
Fallback handler could not load library C:/Program Files (x86)/Steam/steamapps/common/RimWorld/RimWorldWin64_Data/MonoBleedingEdge/data-0000015206BDFD20.dll
Fallback handler could not load library C:/Program Files (x86)/Steam/steamapps/common/RimWorld/RimWorldWin64_Data/MonoBleedingEdge/data-0000015206BE5530.dll
Fallback handler could not load library C:/Program Files (x86)/Steam/steamapps/common/RimWorld/RimWorldWin64_Data/MonoBleedingEdge/data-0000015206BE9740.dll
Fallback handler could not load library C:/Program Files (x86)/Steam/steamapps/common/RimWorld/RimWorldWin64_Data/MonoBleedingEdge/data-00000151E8BFB460.dll
Fallback handler could not load library C:/Program Files (x86)/Steam/steamapps/common/RimWorld/RimWorldWin64_Data/MonoBleedingEdge/data-0000015206BEC550.dll
Fallback handler could not load library C:/Program Files (x86)/Steam/steamapps/common/RimWorld/RimWorldWin64_Data/MonoBleedingEdge/data-0000015206BEDF60.dll
Fallback handler could not load library C:/Program Files (x86)/Steam/steamapps/common/RimWorld/RimWorldWin64_Data/MonoBleedingEdge/data-00000151F8384150.dll
Fallback handler could not load library C:/Program Files (x86)/Steam/steamapps/common/RimWorld/RimWorldWin64_Data/MonoBleedingEdge/data-0000015206A87690.dll
Fallback handler could not load library C:/Program Files (x86)/Steam/steamapps/common/RimWorld/RimWorldWin64_Data/MonoBleedingEdge/data-0000015206BF4D70.dll
Fallback handler could not load library C:/Program Files (x86)/Steam/steamapps/common/RimWorld/RimWorldWin64_Data/MonoBleedingEdge/data-0000015206BF9780.dll
Fallback handler could not load library C:/Program Files (x86)/Steam/steamapps/common/RimWorld/RimWorldWin64_Data/MonoBleedingEdge/data-00000151E8BFA050.dll
Fallback handler could not load library C:/Program Files (x86)/Steam/steamapps/common/RimWorld/RimWorldWin64_Data/MonoBleedingEdge/data-00000151F742D480.dll
Fallback handler could not load library C:/Program Files (x86)/Steam/steamapps/common/RimWorld/RimWorldWin64_Data/MonoBleedingEdge/data-0000015206BFEFA0.dll
Fallback handler could not load library C:/Program Files (x86)/Steam/steamapps/common/RimWorld/RimWorldWin64_Data/MonoBleedingEdge/data-00000151ECC4D300.dll
Fallback handler could not load library C:/Program Files (x86)/Steam/steamapps/common/RimWorld/RimWorldWin64_Data/MonoBleedingEdge/data-0000015206C081B0.dll
Fallback handler could not load library C:/Program Files (x86)/Steam/steamapps/common/RimWorld/RimWorldWin64_Data/MonoBleedingEdge/data-00000151F837E120.dll
Fallback handler could not load library C:/Program Files (x86)/Steam/steamapps/common/RimWorld/RimWorldWin64_Data/MonoBleedingEdge/data-0000015206C109C0.dll
Fallback handler could not load library C:/Program Files (x86)/Steam/steamapps/common/RimWorld/RimWorldWin64_Data/MonoBleedingEdge/data-0000015206C163D0.dll
Fallback handler could not load library C:/Program Files (x86)/Steam/steamapps/common/RimWorld/RimWorldWin64_Data/MonoBleedingEdge/data-0000015206C1C1E0.dll
Fallback handler could not load library C:/Program Files (x86)/Steam/steamapps/common/RimWorld/RimWorldWin64_Data/MonoBleedingEdge/data-0000015206C1FDF0.dll
Fallback handler could not load library C:/Program Files (x86)/Steam/steamapps/common/RimWorld/RimWorldWin64_Data/MonoBleedingEdge/data-0000015206C22A00.dll
Fallback handler could not load library C:/Program Files (x86)/Steam/steamapps/common/RimWorld/RimWorldWin64_Data/MonoBleedingEdge/data-0000015206C27610.dll
Fallback handler could not load library C:/Program Files (x86)/Steam/steamapps/common/RimWorld/RimWorldWin64_Data/MonoBleedingEdge/data-0000015206C2B820.dll
Fallback handler could not load library C:/Program Files (x86)/Steam/steamapps/common/RimWorld/RimWorldWin64_Data/MonoBleedingEdge/data-0000015206C3C230.dll
Fallback handler could not load library C:/Program Files (x86)/Steam/steamapps/common/RimWorld/RimWorldWin64_Data/MonoBleedingEdge/data-0000015206C81010.dll
Fallback handler could not load library C:/Program Files (x86)/Steam/steamapps/common/RimWorld/RimWorldWin64_Data/MonoBleedingEdge/data-0000015206C86C20.dll
Fallback handler could not load library C:/Program Files (x86)/Steam/steamapps/common/RimWorld/RimWorldWin64_Data/MonoBleedingEdge/data-0000015206CCBA30.dll
Fallback handler could not load library C:/Program Files (x86)/Steam/steamapps/common/RimWorld/RimWorldWin64_Data/MonoBleedingEdge/data-0000015206CDD640.dll
Fallback handler could not load library C:/Program Files (x86)/Steam/steamapps/common/RimWorld/RimWorldWin64_Data/MonoBleedingEdge/data-00000151ECC46AE0.dll
Fallback handler could not load library C:/Program Files (x86)/Steam/steamapps/common/RimWorld/RimWorldWin64_Data/MonoBleedingEdge/data-0000015206CE2C50.dll
Fallback handler could not load library C:/Program Files (x86)/Steam/steamapps/common/RimWorld/RimWorldWin64_Data/MonoBleedingEdge/data-0000015206CE4660.dll
Fallback handler could not load library C:/Program Files (x86)/Steam/steamapps/common/RimWorld/RimWorldWin64_Data/MonoBleedingEdge/data-0000015206CFDA70.dll
Fallback handler could not load library C:/Program Files (x86)/Steam/steamapps/common/RimWorld/RimWorldWin64_Data/MonoBleedingEdge/data-0000015206D0FA80.dll
Fallback handler could not load library C:/Program Files (x86)/Steam/steamapps/common/RimWorld/RimWorldWin64_Data/MonoBleedingEdge/data-0000015206D14890.dll
Fallback handler could not load library C:/Program Files (x86)/Steam/steamapps/common/RimWorld/RimWorldWin64_Data/MonoBleedingEdge/data-0000015206D23CB0.dll
Fallback handler could not load library C:/Program Files (x86)/Steam/steamapps/common/RimWorld/RimWorldWin64_Data/MonoBleedingEdge/data-0000015206D254C0.dll
Fallback handler could not load library C:/Program Files (x86)/Steam/steamapps/common/RimWorld/RimWorldWin64_Data/MonoBleedingEdge/data-0000015206D322D0.dll
Fallback handler could not load library C:/Program Files (x86)/Steam/steamapps/common/RimWorld/RimWorldWin64_Data/MonoBleedingEdge/data-0000015206D3F2E0.dll
Fallback handler could not load library C:/Program Files (x86)/Steam/steamapps/common/RimWorld/RimWorldWin64_Data/MonoBleedingEdge/data-0000015206D48CF0.dll
Fallback handler could not load library C:/Program Files (x86)/Steam/steamapps/common/RimWorld/RimWorldWin64_Data/MonoBleedingEdge/data-0000015206D4A900.dll
Fallback handler could not load library C:/Program Files (x86)/Steam/steamapps/common/RimWorld/RimWorldWin64_Data/MonoBleedingEdge/data-00000151ECC5A340.dll
Fallback handler could not load library C:/Program Files (x86)/Steam/steamapps/common/RimWorld/RimWorldWin64_Data/MonoBleedingEdge/data-0000015206D53910.dll
Fallback handler could not load library C:/Program Files (x86)/Steam/steamapps/common/RimWorld/RimWorldWin64_Data/MonoBleedingEdge/data-0000015206D59120.dll
Fallback handler could not load library C:/Program Files (x86)/Steam/steamapps/common/RimWorld/RimWorldWin64_Data/MonoBleedingEdge/data-0000015206D5CB30.dll
Fallback handler could not load library C:/Program Files (x86)/Steam/steamapps/common/RimWorld/RimWorldWin64_Data/MonoBleedingEdge/data-0000015206D78D40.dll
Fallback handler could not load library C:/Program Files (x86)/Steam/steamapps/common/RimWorld/RimWorldWin64_Data/MonoBleedingEdge/data-0000015206D84950.dll
Fallback handler could not load library C:/Program Files (x86)/Steam/steamapps/common/RimWorld/RimWorldWin64_Data/MonoBleedingEdge/data-0000015206D89960.dll
Fallback handler could not load library C:/Program Files (x86)/Steam/steamapps/common/RimWorld/RimWorldWin64_Data/MonoBleedingEdge/data-0000015206D8B770.dll
Fallback handler could not load library C:/Program Files (x86)/Steam/steamapps/common/RimWorld/RimWorldWin64_Data/MonoBleedingEdge/data-0000015206D95980.dll
Fallback handler could not load library C:/Program Files (x86)/Steam/steamapps/common/RimWorld/RimWorldWin64_Data/MonoBleedingEdge/data-0000015206D9A790.dll
Fallback handler could not load library C:/Program Files (x86)/Steam/steamapps/common/RimWorld/RimWorldWin64_Data/MonoBleedingEdge/data-0000015206DC53A0.dll
Fallback handler could not load library C:/Program Files (x86)/Steam/steamapps/common/RimWorld/RimWorldWin64_Data/MonoBleedingEdge/data-0000015206DC99B0.dll
Fallback handler could not load library C:/Program Files (x86)/Steam/steamapps/common/RimWorld/RimWorldWin64_Data/MonoBleedingEdge/data-00000151BF80A6C0.dll
Fallback handler could not load library C:/Program Files (x86)/Steam/steamapps/common/RimWorld/RimWorldWin64_Data/MonoBleedingEdge/data-0000015206DD03C0.dll
Fallback handler could not load library C:/Program Files (x86)/Steam/steamapps/common/RimWorld/RimWorldWin64_Data/MonoBleedingEdge/data-0000015206DD4BD0.dll
Fallback handler could not load library C:/Program Files (x86)/Steam/steamapps/common/RimWorld/RimWorldWin64_Data/MonoBleedingEdge/data-0000015206DD67E0.dll
Fallback handler could not load library C:/Program Files (x86)/Steam/steamapps/common/RimWorld/RimWorldWin64_Data/MonoBleedingEdge/data-0000015206E039F0.dll
Fallback handler could not load library C:/Program Files (x86)/Steam/steamapps/common/RimWorld/RimWorldWin64_Data/MonoBleedingEdge/data-00000151F8386160.dll
Fallback handler could not load library C:/Program Files (x86)/Steam/steamapps/common/RimWorld/RimWorldWin64_Data/MonoBleedingEdge/data-00000151BF80BAD0.dll
Fallback handler could not load library C:/Program Files (x86)/Steam/steamapps/common/RimWorld/RimWorldWin64_Data/MonoBleedingEdge/data-0000015206E05800.dll
Fallback handler could not load library C:/Program Files (x86)/Steam/steamapps/common/RimWorld/RimWorldWin64_Data/MonoBleedingEdge/data-0000015206E0AE10.dll
Fallback handler could not load library C:/Program Files (x86)/Steam/steamapps/common/RimWorld/RimWorldWin64_Data/MonoBleedingEdge/data-0000015206E13C20.dll
Fallback handler could not load library C:/Program Files (x86)/Steam/steamapps/common/RimWorld/RimWorldWin64_Data/MonoBleedingEdge/data-0000015206E15430.dll
Fallback handler could not load library C:/Program Files (x86)/Steam/steamapps/common/RimWorld/RimWorldWin64_Data/MonoBleedingEdge/data-00000151F74318A0.dll
Fallback handler could not load library C:/Program Files (x86)/Steam/steamapps/common/RimWorld/RimWorldWin64_Data/MonoBleedingEdge/data-00000151F838E1A0.dll
Fallback handler could not load library C:/Program Files (x86)/Steam/steamapps/common/RimWorld/RimWorldWin64_Data/MonoBleedingEdge/data-0000015206E3D010.dll
Fallback handler could not load library C:/Program Files (x86)/Steam/steamapps/common/RimWorld/RimWorldWin64_Data/MonoBleedingEdge/data-0000015206E41420.dll
Fallback handler could not load library C:/Program Files (x86)/Steam/steamapps/common/RimWorld/RimWorldWin64_Data/MonoBleedingEdge/data-0000015206E45E30.dll
Fallback handler could not load library C:/Program Files (x86)/Steam/steamapps/common/RimWorld/RimWorldWin64_Data/MonoBleedingEdge/data-0000015206E69040.dll
Fallback handler could not load library C:/Program Files (x86)/Steam/steamapps/common/RimWorld/RimWorldWin64_Data/MonoBleedingEdge/data-0000015206E6DE50.dll
Fallback handler could not load library C:/Program Files (x86)/Steam/steamapps/common/RimWorld/RimWorldWin64_Data/MonoBleedingEdge/data-0000015206EAB060.dll
Fallback handler could not load library C:/Program Files (x86)/Steam/steamapps/common/RimWorld/RimWorldWin64_Data/MonoBleedingEdge/data-0000015206EADC70.dll
Fallback handler could not load library C:/Program Files (x86)/Steam/steamapps/common/RimWorld/RimWorldWin64_Data/MonoBleedingEdge/data-0000015206EAF480.dll
Fallback handler could not load library C:/Program Files (x86)/Steam/steamapps/common/RimWorld/RimWorldWin64_Data/MonoBleedingEdge/data-0000015206EBCA90.dll
Fallback handler could not load library C:/Program Files (x86)/Steam/steamapps/common/RimWorld/RimWorldWin64_Data/MonoBleedingEdge/data-0000015206EC9AA0.dll
Fallback handler could not load library C:/Program Files (x86)/Steam/steamapps/common/RimWorld/RimWorldWin64_Data/MonoBleedingEdge/data-0000015206ED30B0.dll
Fallback handler could not load library C:/Program Files (x86)/Steam/steamapps/common/RimWorld/RimWorldWin64_Data/MonoBleedingEdge/data-00000151F7860920.dll
Fallback handler could not load library C:/Program Files (x86)/Steam/steamapps/common/RimWorld/RimWorldWin64_Data/MonoBleedingEdge/data-0000015206ED4CC0.dll
Fallback handler could not load library C:/Program Files (x86)/Steam/steamapps/common/RimWorld/RimWorldWin64_Data/MonoBleedingEdge/data-0000015206ED7CD0.dll
Fallback handler could not load library C:/Program Files (x86)/Steam/steamapps/common/RimWorld/RimWorldWin64_Data/MonoBleedingEdge/data-0000015206EDEEE0.dll
Fallback handler could not load library C:/Program Files (x86)/Steam/steamapps/common/RimWorld/RimWorldWin64_Data/MonoBleedingEdge/data-0000015206EE72F0.dll
Fallback handler could not load library C:/Program Files (x86)/Steam/steamapps/common/RimWorld/RimWorldWin64_Data/MonoBleedingEdge/data-0000015206F823D0.dll
Fallback handler could not load library C:/Program Files (x86)/Steam/steamapps/common/RimWorld/RimWorldWin64_Data/MonoBleedingEdge/data-0000015206F3E100.dll
Fallback handler could not load library C:/Program Files (x86)/Steam/steamapps/common/RimWorld/RimWorldWin64_Data/MonoBleedingEdge/data-0000015206F46D10.dll
Fallback handler could not load library C:/Program Files (x86)/Steam/steamapps/common/RimWorld/RimWorldWin64_Data/MonoBleedingEdge/data-0000015206F4BF20.dll
Fallback handler could not load library C:/Program Files (x86)/Steam/steamapps/common/RimWorld/RimWorldWin64_Data/MonoBleedingEdge/data-0000015206F85FE0.dll
Fallback handler could not load library C:/Program Files (x86)/Steam/steamapps/common/RimWorld/RimWorldWin64_Data/MonoBleedingEdge/data-0000015206F87BF0.dll
Fallback handler could not load library C:/Program Files (x86)/Steam/steamapps/common/RimWorld/RimWorldWin64_Data/MonoBleedingEdge/data-00000150330C4040.dll
Fallback handler could not load library C:/Program Files (x86)/Steam/steamapps/common/RimWorld/RimWorldWin64_Data/MonoBleedingEdge/data-0000015206FA9C00.dll
Fallback handler could not load library C:/Program Files (x86)/Steam/steamapps/common/RimWorld/RimWorldWin64_Data/MonoBleedingEdge/data-0000015206FCEA10.dll
Fallback handler could not load library C:/Program Files (x86)/Steam/steamapps/common/RimWorld/RimWorldWin64_Data/MonoBleedingEdge/data-0000015206F4EF30.dll
Fallback handler could not load library C:/Program Files (x86)/Steam/steamapps/common/RimWorld/RimWorldWin64_Data/MonoBleedingEdge/data-0000015206FE3C20.dll
Fallback handler could not load library C:/Program Files (x86)/Steam/steamapps/common/RimWorld/RimWorldWin64_Data/MonoBleedingEdge/data-0000015206FE7230.dll
Fallback handler could not load library C:/Program Files (x86)/Steam/steamapps/common/RimWorld/RimWorldWin64_Data/MonoBleedingEdge/data-0000015207095240.dll
Fallback handler could not load library C:/Program Files (x86)/Steam/steamapps/common/RimWorld/RimWorldWin64_Data/MonoBleedingEdge/data-00000151BF80CEE0.dll
Fallback handler could not load library C:/Program Files (x86)/Steam/steamapps/common/RimWorld/RimWorldWin64_Data/MonoBleedingEdge/data-00000152070B9DF0.dll
Fallback handler could not load library C:/Program Files (x86)/Steam/steamapps/common/RimWorld/RimWorldWin64_Data/MonoBleedingEdge/data-00000152070D93D0.dll
Fallback handler could not load library C:/Program Files (x86)/Steam/steamapps/common/RimWorld/RimWorldWin64_Data/MonoBleedingEdge/data-00000152070E0FE0.dll
Fallback handler could not load library C:/Program Files (x86)/Steam/steamapps/common/RimWorld/RimWorldWin64_Data/MonoBleedingEdge/data-000001520709B250.dll
Fallback handler could not load library C:/Program Files (x86)/Steam/steamapps/common/RimWorld/RimWorldWin64_Data/MonoBleedingEdge/data-00000152070FE200.dll
Fallback handler could not load library C:/Program Files (x86)/Steam/steamapps/common/RimWorld/RimWorldWin64_Data/MonoBleedingEdge/data-0000015207101010.dll
Fallback handler could not load library C:/Program Files (x86)/Steam/steamapps/common/RimWorld/RimWorldWin64_Data/MonoBleedingEdge/data-0000015207109020.dll
Fallback handler could not load library C:/Program Files (x86)/Steam/steamapps/common/RimWorld/RimWorldWin64_Data/MonoBleedingEdge/data-0000015207116830.dll
Fallback handler could not load library C:/Program Files (x86)/Steam/steamapps/common/RimWorld/RimWorldWin64_Data/MonoBleedingEdge/data-00000151ECC5D750.dll
Fallback handler could not load library C:/Program Files (x86)/Steam/steamapps/common/RimWorld/RimWorldWin64_Data/MonoBleedingEdge/data-0000015206F58D40.dll
Fallback handler could not load library C:/Program Files (x86)/Steam/steamapps/common/RimWorld/RimWorldWin64_Data/MonoBleedingEdge/data-000001520712F450.dll
Fallback handler could not load library C:/Program Files (x86)/Steam/steamapps/common/RimWorld/RimWorldWin64_Data/MonoBleedingEdge/data-00000152070C6400.dll
Fallback handler could not load library C:/Program Files (x86)/Steam/steamapps/common/RimWorld/RimWorldWin64_Data/MonoBleedingEdge/data-000001520713C060.dll
Fallback handler could not load library C:/Program Files (x86)/Steam/steamapps/common/RimWorld/RimWorldWin64_Data/MonoBleedingEdge/data-0000015207149270.dll
Fallback handler could not load library C:/Program Files (x86)/Steam/steamapps/common/RimWorld/RimWorldWin64_Data/MonoBleedingEdge/data-000001520714EE80.dll
Fallback handler could not load library C:/Program Files (x86)/Steam/steamapps/common/RimWorld/RimWorldWin64_Data/MonoBleedingEdge/data-0000015207151A90.dll
Fallback handler could not load library C:/Program Files (x86)/Steam/steamapps/common/RimWorld/RimWorldWin64_Data/MonoBleedingEdge/data-0000015207156AA0.dll
Fallback handler could not load library C:/Program Files (x86)/Steam/steamapps/common/RimWorld/RimWorldWin64_Data/MonoBleedingEdge/data-000001520715DEB0.dll
Fallback handler could not load library C:/Program Files (x86)/Steam/steamapps/common/RimWorld/RimWorldWin64_Data/MonoBleedingEdge/data-000001520715F8C0.dll
Fallback handler could not load library C:/Program Files (x86)/Steam/steamapps/common/RimWorld/RimWorldWin64_Data/MonoBleedingEdge/data-00000152071638D0.dll
Fallback handler could not load library C:/Program Files (x86)/Steam/steamapps/common/RimWorld/RimWorldWin64_Data/MonoBleedingEdge/data-00000151ECC53B20.dll
Fallback handler could not load library C:/Program Files (x86)/Steam/steamapps/common/RimWorld/RimWorldWin64_Data/MonoBleedingEdge/data-00000152071AA010.dll
Fallback handler could not load library C:/Program Files (x86)/Steam/steamapps/common/RimWorld/RimWorldWin64_Data/MonoBleedingEdge/data-00000152071ABC20.dll
Fallback handler could not load library C:/Program Files (x86)/Steam/steamapps/common/RimWorld/RimWorldWin64_Data/MonoBleedingEdge/data-00000152071ADA30.dll
Fallback handler could not load library C:/Program Files (x86)/Steam/steamapps/common/RimWorld/RimWorldWin64_Data/MonoBleedingEdge/data-00000152071D3640.dll
Fallback handler could not load library C:/Program Files (x86)/Steam/steamapps/common/RimWorld/RimWorldWin64_Data/MonoBleedingEdge/data-00000152071EAA50.dll
Fallback handler could not load library C:/Program Files (x86)/Steam/steamapps/common/RimWorld/RimWorldWin64_Data/MonoBleedingEdge/data-00000152071F4470.dll
Fallback handler could not load library C:/Program Files (x86)/Steam/steamapps/common/RimWorld/RimWorldWin64_Data/MonoBleedingEdge/data-00000151F838C190.dll
Fallback handler could not load library C:/Program Files (x86)/Steam/steamapps/common/RimWorld/RimWorldWin64_Data/MonoBleedingEdge/data-00000152071F6E80.dll
Fallback handler could not load library C:/Program Files (x86)/Steam/steamapps/common/RimWorld/RimWorldWin64_Data/MonoBleedingEdge/data-0000015207250090.dll
Fallback handler could not load library C:/Program Files (x86)/Steam/steamapps/common/RimWorld/RimWorldWin64_Data/MonoBleedingEdge/data-000001520725C8A0.dll
Fallback handler could not load library C:/Program Files (x86)/Steam/steamapps/common/RimWorld/RimWorldWin64_Data/MonoBleedingEdge/data-000001520725E6B0.dll
Fallback handler could not load library C:/Program Files (x86)/Steam/steamapps/common/RimWorld/RimWorldWin64_Data/MonoBleedingEdge/data-000001520726C8D0.dll
Fallback handler could not load library C:/Program Files (x86)/Steam/steamapps/common/RimWorld/RimWorldWin64_Data/MonoBleedingEdge/data-000001520726F8E0.dll
Fallback handler could not load library C:/Program Files (x86)/Steam/steamapps/common/RimWorld/RimWorldWin64_Data/MonoBleedingEdge/data-000001520727BAF0.dll
Fallback handler could not load library C:/Program Files (x86)/Steam/steamapps/common/RimWorld/RimWorldWin64_Data/MonoBleedingEdge/data-0000015207283F00.dll
Fallback handler could not load library C:/Program Files (x86)/Steam/steamapps/common/RimWorld/RimWorldWin64_Data/MonoBleedingEdge/data-0000015207287B10.dll
Fallback handler could not load library C:/Program Files (x86)/Steam/steamapps/common/RimWorld/RimWorldWin64_Data/MonoBleedingEdge/data-000001520728D520.dll
Fallback handler could not load library C:/Program Files (x86)/Steam/steamapps/common/RimWorld/RimWorldWin64_Data/MonoBleedingEdge/data-0000015207291930.dll
Fallback handler could not load library C:/Program Files (x86)/Steam/steamapps/common/RimWorld/RimWorldWin64_Data/MonoBleedingEdge/data-0000015207296B40.dll
Fallback handler could not load library C:/Program Files (x86)/Steam/steamapps/common/RimWorld/RimWorldWin64_Data/MonoBleedingEdge/data-0000015207298F50.dll
Fallback handler could not load library C:/Program Files (x86)/Steam/steamapps/common/RimWorld/RimWorldWin64_Data/MonoBleedingEdge/data-00000152072AC010.dll
Fallback handler could not load library C:/Program Files (x86)/Steam/steamapps/common/RimWorld/RimWorldWin64_Data/MonoBleedingEdge/data-00000152072B3020.dll
Fallback handler could not load library C:/Program Files (x86)/Steam/steamapps/common/RimWorld/RimWorldWin64_Data/MonoBleedingEdge/data-00000152072C2230.dll
Fallback handler could not load library C:/Program Files (x86)/Steam/steamapps/common/RimWorld/RimWorldWin64_Data/MonoBleedingEdge/data-00000152072C4840.dll
Fallback handler could not load library C:/Program Files (x86)/Steam/steamapps/common/RimWorld/RimWorldWin64_Data/MonoBleedingEdge/data-00000152072C8650.dll
Fallback handler could not load library C:/Program Files (x86)/Steam/steamapps/common/RimWorld/RimWorldWin64_Data/MonoBleedingEdge/data-00000152072CBE60.dll
Fallback handler could not load library C:/Program Files (x86)/Steam/steamapps/common/RimWorld/RimWorldWin64_Data/MonoBleedingEdge/data-00000152072EAE70.dll
Fallback handler could not load library C:/Program Files (x86)/Steam/steamapps/common/RimWorld/RimWorldWin64_Data/MonoBleedingEdge/data-000001520731F880.dll
Fallback handler could not load library C:/Program Files (x86)/Steam/steamapps/common/RimWorld/RimWorldWin64_Data/MonoBleedingEdge/data-0000015207338C90.dll
Fallback handler could not load library C:/Program Files (x86)/Steam/steamapps/common/RimWorld/RimWorldWin64_Data/MonoBleedingEdge/data-0000015207342CA0.dll
Fallback handler could not load library C:/Program Files (x86)/Steam/steamapps/common/RimWorld/RimWorldWin64_Data/MonoBleedingEdge/data-00000152073464B0.dll
Fallback handler could not load library C:/Program Files (x86)/Steam/steamapps/common/RimWorld/RimWorldWin64_Data/MonoBleedingEdge/data-0000015207360EC0.dll
Fallback handler could not load library C:/Program Files (x86)/Steam/steamapps/common/RimWorld/RimWorldWin64_Data/MonoBleedingEdge/data-0000015207368D50.dll
Fallback handler could not load library C:/Program Files (x86)/Steam/steamapps/common/RimWorld/RimWorldWin64_Data/MonoBleedingEdge/data-00000152073850E0.dll
Fallback handler could not load library C:/Program Files (x86)/Steam/steamapps/common/RimWorld/RimWorldWin64_Data/MonoBleedingEdge/data-0000015207390EF0.dll
Fallback handler could not load library C:/Program Files (x86)/Steam/steamapps/common/RimWorld/RimWorldWin64_Data/MonoBleedingEdge/data-000001520739A100.dll
Fallback handler could not load library C:/Program Files (x86)/Steam/steamapps/common/RimWorld/RimWorldWin64_Data/MonoBleedingEdge/data-00000152073AD910.dll
Fallback handler could not load library C:/Program Files (x86)/Steam/steamapps/common/RimWorld/RimWorldWin64_Data/MonoBleedingEdge/data-00000152073B2F20.dll
Fallback handler could not load library C:/Program Files (x86)/Steam/steamapps/common/RimWorld/RimWorldWin64_Data/MonoBleedingEdge/data-0000015207690080.dll
Fallback handler could not load library C:/Program Files (x86)/Steam/steamapps/common/RimWorld/RimWorldWin64_Data/MonoBleedingEdge/data-00000152073BD530.dll
Fallback handler could not load library C:/Program Files (x86)/Steam/steamapps/common/RimWorld/RimWorldWin64_Data/MonoBleedingEdge/data-00000152073C3F40.dll
Fallback handler could not load library C:/Program Files (x86)/Steam/steamapps/common/RimWorld/RimWorldWin64_Data/MonoBleedingEdge/data-00000152073DBD50.dll
Fallback handler could not load library C:/Program Files (x86)/Steam/steamapps/common/RimWorld/RimWorldWin64_Data/MonoBleedingEdge/data-00000152073E4560.dll
Fallback handler could not load library C:/Program Files (x86)/Steam/steamapps/common/RimWorld/RimWorldWin64_Data/MonoBleedingEdge/data-000001520772CC90.dll
Fallback handler could not load library C:/Program Files (x86)/Steam/steamapps/common/RimWorld/RimWorldWin64_Data/MonoBleedingEdge/data-00000152077452A0.dll
Fallback handler could not load library C:/Program Files (x86)/Steam/steamapps/common/RimWorld/RimWorldWin64_Data/MonoBleedingEdge/data-0000015207770CB0.dll
Fallback handler could not load library C:/Program Files (x86)/Steam/steamapps/common/RimWorld/RimWorldWin64_Data/MonoBleedingEdge/data-000001520777DEC0.dll
Fallback handler could not load library C:/Program Files (x86)/Steam/steamapps/common/RimWorld/RimWorldWin64_Data/MonoBleedingEdge/data-00000152077C8010.dll
Fallback handler could not load library C:/Program Files (x86)/Steam/steamapps/common/RimWorld/RimWorldWin64_Data/MonoBleedingEdge/data-00000152077CA620.dll
Fallback handler could not load library C:/Program Files (x86)/Steam/steamapps/common/RimWorld/RimWorldWin64_Data/MonoBleedingEdge/data-00000152077DA430.dll
Fallback handler could not load library C:/Program Files (x86)/Steam/steamapps/common/RimWorld/RimWorldWin64_Data/MonoBleedingEdge/data-0000015207408D70.dll
Fallback handler could not load library C:/Program Files (x86)/Steam/steamapps/common/RimWorld/RimWorldWin64_Data/MonoBleedingEdge/data-00000152077E1040.dll
Fallback handler could not load library C:/Program Files (x86)/Steam/steamapps/common/RimWorld/RimWorldWin64_Data/MonoBleedingEdge/data-0000015207806650.dll
Fallback handler could not load library C:/Program Files (x86)/Steam/steamapps/common/RimWorld/RimWorldWin64_Data/MonoBleedingEdge/data-0000015207816A60.dll
Fallback handler could not load library C:/Program Files (x86)/Steam/steamapps/common/RimWorld/RimWorldWin64_Data/MonoBleedingEdge/data-0000015207885E70.dll
Fallback handler could not load library C:/Program Files (x86)/Steam/steamapps/common/RimWorld/RimWorldWin64_Data/MonoBleedingEdge/data-0000015207895480.dll
Fallback handler could not load library C:/Program Files (x86)/Steam/steamapps/common/RimWorld/RimWorldWin64_Data/MonoBleedingEdge/data-00000152078A1090.dll
Fallback handler could not load library C:/Program Files (x86)/Steam/steamapps/common/RimWorld/RimWorldWin64_Data/MonoBleedingEdge/data-00000152078A7CA0.dll
Fallback handler could not load library C:/Program Files (x86)/Steam/steamapps/common/RimWorld/RimWorldWin64_Data/MonoBleedingEdge/data-00000152078AFEB0.dll
Fallback handler could not load library C:/Program Files (x86)/Steam/steamapps/common/RimWorld/RimWorldWin64_Data/MonoBleedingEdge/data-00000152078B8CC0.dll
Fallback handler could not load library C:/Program Files (x86)/Steam/steamapps/common/RimWorld/RimWorldWin64_Data/MonoBleedingEdge/data-00000152078C04D0.dll
Fallback handler could not load library C:/Program Files (x86)/Steam/steamapps/common/RimWorld/RimWorldWin64_Data/MonoBleedingEdge/data-00000152078CE6E0.dll
Fallback handler could not load library C:/Program Files (x86)/Steam/steamapps/common/RimWorld/RimWorldWin64_Data/MonoBleedingEdge/data-00000152078D54F0.dll
Fallback handler could not load library C:/Program Files (x86)/Steam/steamapps/common/RimWorld/RimWorldWin64_Data/MonoBleedingEdge/data-00000152078DA500.dll
Fallback handler could not load library C:/Program Files (x86)/Steam/steamapps/common/RimWorld/RimWorldWin64_Data/MonoBleedingEdge/data-00000152078E0D10.dll
Fallback handler could not load library C:/Program Files (x86)/Steam/steamapps/common/RimWorld/RimWorldWin64_Data/MonoBleedingEdge/data-00000152078E8520.dll
Fallback handler could not load library C:/Program Files (x86)/Steam/steamapps/common/RimWorld/RimWorldWin64_Data/MonoBleedingEdge/data-00000152078EBB30.dll
Fallback handler could not load library C:/Program Files (x86)/Steam/steamapps/common/RimWorld/RimWorldWin64_Data/MonoBleedingEdge/data-0000015207909D40.dll
Fallback handler could not load library C:/Program Files (x86)/Steam/steamapps/common/RimWorld/RimWorldWin64_Data/MonoBleedingEdge/data-0000015207973550.dll
Fallback handler could not load library C:/Program Files (x86)/Steam/steamapps/common/RimWorld/RimWorldWin64_Data/MonoBleedingEdge/data-000001520799BB60.dll
Fallback handler could not load library C:/Program Files (x86)/Steam/steamapps/common/RimWorld/RimWorldWin64_Data/MonoBleedingEdge/data-00000152079AE570.dll
Fallback handler could not load library C:/Program Files (x86)/Steam/steamapps/common/RimWorld/RimWorldWin64_Data/MonoBleedingEdge/data-00000152079B3980.dll
Fallback handler could not load library C:/Program Files (x86)/Steam/steamapps/common/RimWorld/RimWorldWin64_Data/MonoBleedingEdge/data-00000152079C7590.dll
Fallback handler could not load library C:/Program Files (x86)/Steam/steamapps/common/RimWorld/RimWorldWin64_Data/MonoBleedingEdge/data-00000152079CA3A0.dll
Fallback handler could not load library C:/Program Files (x86)/Steam/steamapps/common/RimWorld/RimWorldWin64_Data/MonoBleedingEdge/data-0000015207A0CDB0.dll
Fallback handler could not load library C:/Program Files (x86)/Steam/steamapps/common/RimWorld/RimWorldWin64_Data/MonoBleedingEdge/data-0000015207A0F1C0.dll
Fallback handler could not load library C:/Program Files (x86)/Steam/steamapps/common/RimWorld/RimWorldWin64_Data/MonoBleedingEdge/data-0000015207A11DD0.dll
Fallback handler could not load library C:/Program Files (x86)/Steam/steamapps/common/RimWorld/RimWorldWin64_Data/MonoBleedingEdge/data-0000015207A335E0.dll
Fallback handler could not load library C:/Program Files (x86)/Steam/steamapps/common/RimWorld/RimWorldWin64_Data/MonoBleedingEdge/data-0000015207A45DF0.dll
Fallback handler could not load library C:/Program Files (x86)/Steam/steamapps/common/RimWorld/RimWorldWin64_Data/MonoBleedingEdge/data-0000015207A66A00.dll
Fallback handler could not load library C:/Program Files (x86)/Steam/steamapps/common/RimWorld/RimWorldWin64_Data/MonoBleedingEdge/data-0000015207365120.dll
Fallback handler could not load library C:/Program Files (x86)/Steam/steamapps/common/RimWorld/RimWorldWin64_Data/MonoBleedingEdge/data-0000015207367940.dll
Fallback handler could not load library C:/Program Files (x86)/Steam/steamapps/common/RimWorld/RimWorldWin64_Data/MonoBleedingEdge/data-000001520740CD80.dll
Fallback handler could not load library C:/Program Files (x86)/Steam/steamapps/common/RimWorld/RimWorldWin64_Data/MonoBleedingEdge/data-00000151F7433AB0.dll
Fallback handler could not load library C:/Program Files (x86)/Steam/steamapps/common/RimWorld/RimWorldWin64_Data/MonoBleedingEdge/data-0000015207A6B610.dll
Fallback handler could not load library C:/Program Files (x86)/Steam/steamapps/common/RimWorld/RimWorldWin64_Data/MonoBleedingEdge/data-0000015207A71A20.dll
Fallback handler could not load library C:/Program Files (x86)/Steam/steamapps/common/RimWorld/RimWorldWin64_Data/MonoBleedingEdge/data-0000015207A76230.dll
Fallback handler could not load library C:/Program Files (x86)/Steam/steamapps/common/RimWorld/RimWorldWin64_Data/MonoBleedingEdge/data-0000015207A92640.dll
Fallback handler could not load library C:/Program Files (x86)/Steam/steamapps/common/RimWorld/RimWorldWin64_Data/MonoBleedingEdge/data-0000015207AD3A50.dll
Fallback handler could not load library C:/Program Files (x86)/Steam/steamapps/common/RimWorld/RimWorldWin64_Data/MonoBleedingEdge/data-0000015207AD7A60.dll
Fallback handler could not load library C:/Program Files (x86)/Steam/steamapps/common/RimWorld/RimWorldWin64_Data/MonoBleedingEdge/data-0000015207AD9670.dll
Fallback handler could not load library C:/Program Files (x86)/Steam/steamapps/common/RimWorld/RimWorldWin64_Data/MonoBleedingEdge/data-0000015207ADF480.dll
Fallback handler could not load library C:/Program Files (x86)/Steam/steamapps/common/RimWorld/RimWorldWin64_Data/MonoBleedingEdge/data-0000015207AE0E90.dll
Fallback handler could not load library C:/Program Files (x86)/Steam/steamapps/common/RimWorld/RimWorldWin64_Data/MonoBleedingEdge/data-00000151F785E500.dll
Fallback handler could not load library C:/Program Files (x86)/Steam/steamapps/common/RimWorld/RimWorldWin64_Data/MonoBleedingEdge/data-0000015207B000A0.dll
Fallback handler could not load library C:/Program Files (x86)/Steam/steamapps/common/RimWorld/RimWorldWin64_Data/MonoBleedingEdge/data-0000015207B21AB0.dll
Fallback handler could not load library C:/Program Files (x86)/Steam/steamapps/common/RimWorld/RimWorldWin64_Data/MonoBleedingEdge/data-00000151F8325060.dll
Fallback handler could not load library C:/Program Files (x86)/Steam/steamapps/common/RimWorld/RimWorldWin64_Data/MonoBleedingEdge/data-0000015207B4F8D0.dll
Fallback handler could not load library C:/Program Files (x86)/Steam/steamapps/common/RimWorld/RimWorldWin64_Data/MonoBleedingEdge/data-0000015207B592E0.dll
Fallback handler could not load library C:/Program Files (x86)/Steam/steamapps/common/RimWorld/RimWorldWin64_Data/MonoBleedingEdge/data-0000015207B8D8F0.dll
Fallback handler could not load library C:/Program Files (x86)/Steam/steamapps/common/RimWorld/RimWorldWin64_Data/MonoBleedingEdge/data-0000015207B8F700.dll
Fallback handler could not load library C:/Program Files (x86)/Steam/steamapps/common/RimWorld/RimWorldWin64_Data/MonoBleedingEdge/data-0000015207BA0910.dll
Fallback handler could not load library C:/Program Files (x86)/Steam/steamapps/common/RimWorld/RimWorldWin64_Data/MonoBleedingEdge/data-0000015207BA2120.dll
Fallback handler could not load library C:/Program Files (x86)/Steam/steamapps/common/RimWorld/RimWorldWin64_Data/MonoBleedingEdge/data-0000015207BD3330.dll
Fallback handler could not load library C:/Program Files (x86)/Steam/steamapps/common/RimWorld/RimWorldWin64_Data/MonoBleedingEdge/data-000001520866C040.dll
Fallback handler could not load library C:/Program Files (x86)/Steam/steamapps/common/RimWorld/RimWorldWin64_Data/MonoBleedingEdge/data-0000015207BEDD40.dll
Fallback handler could not load library C:/Program Files (x86)/Steam/steamapps/common/RimWorld/RimWorldWin64_Data/MonoBleedingEdge/data-0000015207C23F50.dll
Fallback handler could not load library C:/Program Files (x86)/Steam/steamapps/common/RimWorld/RimWorldWin64_Data/MonoBleedingEdge/data-0000015207C27160.dll
Fallback handler could not load library C:/Program Files (x86)/Steam/steamapps/common/RimWorld/RimWorldWin64_Data/MonoBleedingEdge/data-0000015207C43970.dll
Fallback handler could not load library C:/Program Files (x86)/Steam/steamapps/common/RimWorld/RimWorldWin64_Data/MonoBleedingEdge/data-0000015207C8DD80.dll
Fallback handler could not load library C:/Program Files (x86)/Steam/steamapps/common/RimWorld/RimWorldWin64_Data/MonoBleedingEdge/data-0000015207C94590.dll
Fallback handler could not load library C:/Program Files (x86)/Steam/steamapps/common/RimWorld/RimWorldWin64_Data/MonoBleedingEdge/data-0000015207CF51A0.dll
Fallback handler could not load library C:/Program Files (x86)/Steam/steamapps/common/RimWorld/RimWorldWin64_Data/MonoBleedingEdge/data-00000151F7435CC0.dll
Fallback handler could not load library C:/Program Files (x86)/Steam/steamapps/common/RimWorld/RimWorldWin64_Data/MonoBleedingEdge/data-0000015207CF6FB0.dll
Fallback handler could not load library C:/Program Files (x86)/Steam/steamapps/common/RimWorld/RimWorldWin64_Data/MonoBleedingEdge/data-0000015207D091C0.dll
Fallback handler could not load library C:/Program Files (x86)/Steam/steamapps/common/RimWorld/RimWorldWin64_Data/MonoBleedingEdge/data-0000015207D0BFD0.dll
Fallback handler could not load library C:/Program Files (x86)/Steam/steamapps/common/RimWorld/RimWorldWin64_Data/MonoBleedingEdge/data-0000015207D3C7E0.dll
Fallback handler could not load library C:/Program Files (x86)/Steam/steamapps/common/RimWorld/RimWorldWin64_Data/MonoBleedingEdge/data-0000015207D409F0.dll
Fallback handler could not load library C:/Program Files (x86)/Steam/steamapps/common/RimWorld/RimWorldWin64_Data/MonoBleedingEdge/data-0000015207D46410.dll
Fallback handler could not load library C:/Program Files (x86)/Steam/steamapps/common/RimWorld/RimWorldWin64_Data/MonoBleedingEdge/data-0000015207D5FA20.dll
Fallback handler could not load library C:/Program Files (x86)/Steam/steamapps/common/RimWorld/RimWorldWin64_Data/MonoBleedingEdge/data-0000015207D61830.dll
Fallback handler could not load library C:/Program Files (x86)/Steam/steamapps/common/RimWorld/RimWorldWin64_Data/MonoBleedingEdge/data-0000015207D6FC40.dll
Fallback handler could not load library C:/Program Files (x86)/Steam/steamapps/common/RimWorld/RimWorldWin64_Data/MonoBleedingEdge/data-0000015207D72250.dll
Fallback handler could not load library C:/Program Files (x86)/Steam/steamapps/common/RimWorld/RimWorldWin64_Data/MonoBleedingEdge/data-0000015207D85060.dll
Fallback handler could not load library C:/Program Files (x86)/Steam/steamapps/common/RimWorld/RimWorldWin64_Data/MonoBleedingEdge/data-0000015207DB5E70.dll
Fallback handler could not load library C:/Program Files (x86)/Steam/steamapps/common/RimWorld/RimWorldWin64_Data/MonoBleedingEdge/data-0000015207DF9C80.dll
Fallback handler could not load library C:/Program Files (x86)/Steam/steamapps/common/RimWorld/RimWorldWin64_Data/MonoBleedingEdge/data-0000015207DFE290.dll
Fallback handler could not load library C:/Program Files (x86)/Steam/steamapps/common/RimWorld/RimWorldWin64_Data/MonoBleedingEdge/data-0000015207E012A0.dll
Fallback handler could not load library C:/Program Files (x86)/Steam/steamapps/common/RimWorld/RimWorldWin64_Data/MonoBleedingEdge/data-0000015207E9DAE0.dll
Fallback handler could not load library C:/Program Files (x86)/Steam/steamapps/common/RimWorld/RimWorldWin64_Data/MonoBleedingEdge/data-00000151F83538B0.dll
Fallback handler could not load library C:/Program Files (x86)/Steam/steamapps/common/RimWorld/RimWorldWin64_Data/MonoBleedingEdge/data-0000015207EA9170.dll
Fallback handler could not load library C:/Program Files (x86)/Steam/steamapps/common/RimWorld/RimWorldWin64_Data/MonoBleedingEdge/data-0000015207E67EB0.dll
Fallback handler could not load library C:/Program Files (x86)/Steam/steamapps/common/RimWorld/RimWorldWin64_Data/MonoBleedingEdge/data-0000015207EF3020.dll
Fallback handler could not load library C:/Program Files (x86)/Steam/steamapps/common/RimWorld/RimWorldWin64_Data/MonoBleedingEdge/data-00000151F832A8A0.dll
Fallback handler could not load library C:/Program Files (x86)/Steam/steamapps/common/RimWorld/RimWorldWin64_Data/MonoBleedingEdge/data-0000015207F3B230.dll
Fallback handler could not load library C:/Program Files (x86)/Steam/steamapps/common/RimWorld/RimWorldWin64_Data/MonoBleedingEdge/data-0000015207F61040.dll
Fallback handler could not load library C:/Program Files (x86)/Steam/steamapps/common/RimWorld/RimWorldWin64_Data/MonoBleedingEdge/data-0000015207F8AC50.dll
Fallback handler could not load library C:/Program Files (x86)/Steam/steamapps/common/RimWorld/RimWorldWin64_Data/MonoBleedingEdge/data-0000015207E768C0.dll
Fallback handler could not load library C:/Program Files (x86)/Steam/steamapps/common/RimWorld/RimWorldWin64_Data/MonoBleedingEdge/data-000001520878F040.dll
Fallback handler could not load library C:/Program Files (x86)/Steam/steamapps/common/RimWorld/RimWorldWin64_Data/MonoBleedingEdge/data-0000015207FB5470.dll
Fallback handler could not load library C:/Program Files (x86)/Steam/steamapps/common/RimWorld/RimWorldWin64_Data/MonoBleedingEdge/data-0000015207FE8680.dll
Fallback handler could not load library C:/Program Files (x86)/Steam/steamapps/common/RimWorld/RimWorldWin64_Data/MonoBleedingEdge/data-0000015207FEF490.dll
Fallback handler could not load library C:/Program Files (x86)/Steam/steamapps/common/RimWorld/RimWorldWin64_Data/MonoBleedingEdge/data-00000151F832EAD0.dll
Fallback handler could not load library C:/Program Files (x86)/Steam/steamapps/common/RimWorld/RimWorldWin64_Data/MonoBleedingEdge/data-0000015207FF1EA0.dll
Fallback handler could not load library C:/Program Files (x86)/Steam/steamapps/common/RimWorld/RimWorldWin64_Data/MonoBleedingEdge/data-00000152080222B0.dll
Fallback handler could not load library C:/Program Files (x86)/Steam/steamapps/common/RimWorld/RimWorldWin64_Data/MonoBleedingEdge/data-000001520803DCC0.dll
Fallback handler could not load library C:/Program Files (x86)/Steam/steamapps/common/RimWorld/RimWorldWin64_Data/MonoBleedingEdge/data-000001520804C260.dll
Fallback handler could not load library C:/Program Files (x86)/Steam/steamapps/common/RimWorld/RimWorldWin64_Data/MonoBleedingEdge/data-0000015208054C70.dll
Fallback handler could not load library C:/Program Files (x86)/Steam/steamapps/common/RimWorld/RimWorldWin64_Data/MonoBleedingEdge/data-000001520805F880.dll
Fallback handler could not load library C:/Program Files (x86)/Steam/steamapps/common/RimWorld/RimWorldWin64_Data/MonoBleedingEdge/data-000001520808A890.dll
Fallback handler could not load library C:/Program Files (x86)/Steam/steamapps/common/RimWorld/RimWorldWin64_Data/MonoBleedingEdge/data-000001520815BCA0.dll
Fallback handler could not load library C:/Program Files (x86)/Steam/steamapps/common/RimWorld/RimWorldWin64_Data/MonoBleedingEdge/data-0000015208184AB0.dll
Fallback handler could not load library C:/Program Files (x86)/Steam/steamapps/common/RimWorld/RimWorldWin64_Data/MonoBleedingEdge/data-00000152081A34C0.dll
Fallback handler could not load library C:/Program Files (x86)/Steam/steamapps/common/RimWorld/RimWorldWin64_Data/MonoBleedingEdge/data-00000152081E82D0.dll
Fallback handler could not load library C:/Program Files (x86)/Steam/steamapps/common/RimWorld/RimWorldWin64_Data/MonoBleedingEdge/data-000001520821EEE0.dll
Fallback handler could not load library C:/Program Files (x86)/Steam/steamapps/common/RimWorld/RimWorldWin64_Data/MonoBleedingEdge/data-0000015208235AF0.dll
Fallback handler could not load library C:/Program Files (x86)/Steam/steamapps/common/RimWorld/RimWorldWin64_Data/MonoBleedingEdge/data-0000015208243700.dll
Fallback handler could not load library C:/Program Files (x86)/Steam/steamapps/common/RimWorld/RimWorldWin64_Data/MonoBleedingEdge/data-000001520828A110.dll
Fallback handler could not load library C:/Program Files (x86)/Steam/steamapps/common/RimWorld/RimWorldWin64_Data/MonoBleedingEdge/data-00000152082B3F20.dll
Fallback handler could not load library C:/Program Files (x86)/Steam/steamapps/common/RimWorld/RimWorldWin64_Data/MonoBleedingEdge/data-00000152082BD330.dll
Fallback handler could not load library C:/Program Files (x86)/Steam/steamapps/common/RimWorld/RimWorldWin64_Data/MonoBleedingEdge/data-00000152082BF740.dll
Fallback handler could not load library C:/Program Files (x86)/Steam/steamapps/common/RimWorld/RimWorldWin64_Data/MonoBleedingEdge/data-00000151F6B90AA0.dll
Fallback handler could not load library C:/Program Files (x86)/Steam/steamapps/common/RimWorld/RimWorldWin64_Data/MonoBleedingEdge/data-00000151F6B92AC0.dll
Fallback handler could not load library C:/Program Files (x86)/Steam/steamapps/common/RimWorld/RimWorldWin64_Data/MonoBleedingEdge/data-000001520736A160.dll
Fallback handler could not load library C:/Program Files (x86)/Steam/steamapps/common/RimWorld/RimWorldWin64_Data/MonoBleedingEdge/data-00000152082D2150.dll
Fallback handler could not load library C:/Program Files (x86)/Steam/steamapps/common/RimWorld/RimWorldWin64_Data/MonoBleedingEdge/data-000001520832C010.dll
Fallback handler could not load library C:/Program Files (x86)/Steam/steamapps/common/RimWorld/RimWorldWin64_Data/MonoBleedingEdge/data-000001520832EA20.dll
Fallback handler could not load library C:/Program Files (x86)/Steam/steamapps/common/RimWorld/RimWorldWin64_Data/MonoBleedingEdge/data-0000015208335830.dll
Fallback handler could not load library C:/Program Files (x86)/Steam/steamapps/common/RimWorld/RimWorldWin64_Data/MonoBleedingEdge/data-000001520834A440.dll
Fallback handler could not load library C:/Program Files (x86)/Steam/steamapps/common/RimWorld/RimWorldWin64_Data/MonoBleedingEdge/data-0000015208352050.dll
Fallback handler could not load library C:/Program Files (x86)/Steam/steamapps/common/RimWorld/RimWorldWin64_Data/MonoBleedingEdge/data-000001520836E460.dll
Fallback handler could not load library C:/Program Files (x86)/Steam/steamapps/common/RimWorld/RimWorldWin64_Data/MonoBleedingEdge/data-00000152080400D0.dll
Fallback handler could not load library C:/Program Files (x86)/Steam/steamapps/common/RimWorld/RimWorldWin64_Data/MonoBleedingEdge/data-0000015208372670.dll
Fallback handler could not load library C:/Program Files (x86)/Steam/steamapps/common/RimWorld/RimWorldWin64_Data/MonoBleedingEdge/data-00000151F7862D40.dll
Fallback handler could not load library C:/Program Files (x86)/Steam/steamapps/common/RimWorld/RimWorldWin64_Data/MonoBleedingEdge/data-00000152083A6010.dll
Fallback handler could not load library C:/Program Files (x86)/Steam/steamapps/common/RimWorld/RimWorldWin64_Data/MonoBleedingEdge/data-00000152083B5620.dll
Fallback handler could not load library C:/Program Files (x86)/Steam/steamapps/common/RimWorld/RimWorldWin64_Data/MonoBleedingEdge/data-00000152083BE6B0.dll
Fallback handler could not load library C:/Program Files (x86)/Steam/steamapps/common/RimWorld/RimWorldWin64_Data/MonoBleedingEdge/data-00000152083FA010.dll
Fallback handler could not load library C:/Program Files (x86)/Steam/steamapps/common/RimWorld/RimWorldWin64_Data/MonoBleedingEdge/data-00000151F83300E0.dll
Fallback handler could not load library C:/Program Files (x86)/Steam/steamapps/common/RimWorld/RimWorldWin64_Data/MonoBleedingEdge/data-000001520841B010.dll
Fallback handler could not load library C:/Program Files (x86)/Steam/steamapps/common/RimWorld/RimWorldWin64_Data/MonoBleedingEdge/data-0000015208430A20.dll
Fallback handler could not load library C:/Program Files (x86)/Steam/steamapps/common/RimWorld/RimWorldWin64_Data/MonoBleedingEdge/data-0000015208433C30.dll
Fallback handler could not load library C:/Program Files (x86)/Steam/steamapps/common/RimWorld/RimWorldWin64_Data/MonoBleedingEdge/data-000001520843A240.dll
Fallback handler could not load library C:/Program Files (x86)/Steam/steamapps/common/RimWorld/RimWorldWin64_Data/MonoBleedingEdge/data-00000151F7861B30.dll
Fallback handler could not load library C:/Program Files (x86)/Steam/steamapps/common/RimWorld/RimWorldWin64_Data/MonoBleedingEdge/data-0000015207366530.dll
Fallback handler could not load library C:/Program Files (x86)/Steam/steamapps/common/RimWorld/RimWorldWin64_Data/MonoBleedingEdge/data-00000152084B6A50.dll
Fallback handler could not load library C:/Program Files (x86)/Steam/steamapps/common/RimWorld/RimWorldWin64_Data/MonoBleedingEdge/data-00000152084FB010.dll
Fallback handler could not load library C:/Program Files (x86)/Steam/steamapps/common/RimWorld/RimWorldWin64_Data/MonoBleedingEdge/data-00000152084FCC70.dll
Fallback handler could not load library C:/Program Files (x86)/Steam/steamapps/common/RimWorld/RimWorldWin64_Data/MonoBleedingEdge/data-000001520851CC30.dll
Fallback handler could not load library C:/Program Files (x86)/Steam/steamapps/common/RimWorld/RimWorldWin64_Data/MonoBleedingEdge/data-00000152085E6C40.dll
Fallback handler could not load library C:/Program Files (x86)/Steam/steamapps/common/RimWorld/RimWorldWin64_Data/MonoBleedingEdge/data-0000015208950080.dll
Fallback handler could not load library C:/Program Files (x86)/Steam/steamapps/common/RimWorld/RimWorldWin64_Data/MonoBleedingEdge/data-0000015207EA1940.dll
Fallback handler could not load library C:/Program Files (x86)/Steam/steamapps/common/RimWorld/RimWorldWin64_Data/MonoBleedingEdge/data-0000015208615A50.dll
Fallback handler could not load library C:/Program Files (x86)/Steam/steamapps/common/RimWorld/RimWorldWin64_Data/MonoBleedingEdge/data-0000015208627260.dll
Fallback handler could not load library C:/Program Files (x86)/Steam/steamapps/common/RimWorld/RimWorldWin64_Data/MonoBleedingEdge/data-0000015208994490.dll
Fallback handler could not load library C:/Program Files (x86)/Steam/steamapps/common/RimWorld/RimWorldWin64_Data/MonoBleedingEdge/data-00000152089B2CA0.dll
Fallback handler could not load library C:/Program Files (x86)/Steam/steamapps/common/RimWorld/RimWorldWin64_Data/MonoBleedingEdge/data-000001520864E400.dll
Fallback handler could not load library C:/Program Files (x86)/Steam/steamapps/common/RimWorld/RimWorldWin64_Data/MonoBleedingEdge/data-0000015208629C70.dll
Fallback handler could not load library C:/Program Files (x86)/Steam/steamapps/common/RimWorld/RimWorldWin64_Data/MonoBleedingEdge/data-0000015208654E10.dll
Fallback handler could not load library C:/Program Files (x86)/Steam/steamapps/common/RimWorld/RimWorldWin64_Data/MonoBleedingEdge/data-00000152089B46B0.dll
Fallback handler could not load library C:/Program Files (x86)/Steam/steamapps/common/RimWorld/RimWorldWin64_Data/MonoBleedingEdge/data-00000152089C04D0.dll
Fallback handler could not load library C:/Program Files (x86)/Steam/steamapps/common/RimWorld/RimWorldWin64_Data/MonoBleedingEdge/data-00000152089C76E0.dll
Fallback handler could not load library C:/Program Files (x86)/Steam/steamapps/common/RimWorld/RimWorldWin64_Data/MonoBleedingEdge/data-00000152089D68F0.dll
Fallback handler could not load library C:/Program Files (x86)/Steam/steamapps/common/RimWorld/RimWorldWin64_Data/MonoBleedingEdge/data-00000152089E0B00.dll
Fallback handler could not load library C:/Program Files (x86)/Steam/steamapps/common/RimWorld/RimWorldWin64_Data/MonoBleedingEdge/data-00000152089E4710.dll
Fallback handler could not load library C:/Program Files (x86)/Steam/steamapps/common/RimWorld/RimWorldWin64_Data/MonoBleedingEdge/data-000001520865CA20.dll
Fallback handler could not load library C:/Program Files (x86)/Steam/steamapps/common/RimWorld/RimWorldWin64_Data/MonoBleedingEdge/data-00000151F832BEB0.dll
Fallback handler could not load library C:/Program Files (x86)/Steam/steamapps/common/RimWorld/RimWorldWin64_Data/MonoBleedingEdge/data-00000152089E9D20.dll
Fallback handler could not load library C:/Program Files (x86)/Steam/steamapps/common/RimWorld/RimWorldWin64_Data/MonoBleedingEdge/data-00000152089EB930.dll
Fallback handler could not load library C:/Program Files (x86)/Steam/steamapps/common/RimWorld/RimWorldWin64_Data/MonoBleedingEdge/data-00000152089ED540.dll
Fallback handler could not load library C:/Program Files (x86)/Steam/steamapps/common/RimWorld/RimWorldWin64_Data/MonoBleedingEdge/data-00000152083BA290.dll
Fallback handler could not load library C:/Program Files (x86)/Steam/steamapps/common/RimWorld/RimWorldWin64_Data/MonoBleedingEdge/data-00000152089F0750.dll
Fallback handler could not load library C:/Program Files (x86)/Steam/steamapps/common/RimWorld/RimWorldWin64_Data/MonoBleedingEdge/data-00000152089F2D60.dll
Fallback handler could not load library C:/Program Files (x86)/Steam/steamapps/common/RimWorld/RimWorldWin64_Data/MonoBleedingEdge/data-00000152089F6D70.dll
Fallback handler could not load library C:/Program Files (x86)/Steam/steamapps/common/RimWorld/RimWorldWin64_Data/MonoBleedingEdge/data-00000152089F9F80.dll
Fallback handler could not load library C:/Program Files (x86)/Steam/steamapps/common/RimWorld/RimWorldWin64_Data/MonoBleedingEdge/data-0000015208A03F90.dll
Fallback handler could not load library C:/Program Files (x86)/Steam/steamapps/common/RimWorld/RimWorldWin64_Data/MonoBleedingEdge/data-0000015208A0BDA0.dll
Fallback handler could not load library C:/Program Files (x86)/Steam/steamapps/common/RimWorld/RimWorldWin64_Data/MonoBleedingEdge/data-0000015208A125B0.dll
Fallback handler could not load library C:/Program Files (x86)/Steam/steamapps/common/RimWorld/RimWorldWin64_Data/MonoBleedingEdge/data-0000015208A1C9C0.dll
Fallback handler could not load library C:/Program Files (x86)/Steam/steamapps/common/RimWorld/RimWorldWin64_Data/MonoBleedingEdge/data-0000015208A2D9D0.dll
Fallback handler could not load library C:/Program Files (x86)/Steam/steamapps/common/RimWorld/RimWorldWin64_Data/MonoBleedingEdge/data-0000015208A429E0.dll
Fallback handler could not load library C:/Program Files (x86)/Steam/steamapps/common/RimWorld/RimWorldWin64_Data/MonoBleedingEdge/data-0000015208A441F0.dll
Fallback handler could not load library C:/Program Files (x86)/Steam/steamapps/common/RimWorld/RimWorldWin64_Data/MonoBleedingEdge/data-0000015207EAB980.dll
Fallback handler could not load library C:/Program Files (x86)/Steam/steamapps/common/RimWorld/RimWorldWin64_Data/MonoBleedingEdge/data-0000015208A47E00.dll
Fallback handler could not load library C:/Program Files (x86)/Steam/steamapps/common/RimWorld/RimWorldWin64_Data/MonoBleedingEdge/data-0000015208A57810.dll
Fallback handler could not load library C:/Program Files (x86)/Steam/steamapps/common/RimWorld/RimWorldWin64_Data/MonoBleedingEdge/data-0000015208A5CA20.dll
Fallback handler could not load library C:/Program Files (x86)/Steam/steamapps/common/RimWorld/RimWorldWin64_Data/MonoBleedingEdge/data-0000015208A67630.dll
Fallback handler could not load library C:/Program Files (x86)/Steam/steamapps/common/RimWorld/RimWorldWin64_Data/MonoBleedingEdge/data-0000015208A8DE40.dll
Fallback handler could not load library C:/Program Files (x86)/Steam/steamapps/common/RimWorld/RimWorldWin64_Data/MonoBleedingEdge/data-0000015208A9A050.dll
Fallback handler could not load library C:/Program Files (x86)/Steam/steamapps/common/RimWorld/RimWorldWin64_Data/MonoBleedingEdge/data-0000015208A9D660.dll
Fallback handler could not load library C:/Program Files (x86)/Steam/steamapps/common/RimWorld/RimWorldWin64_Data/MonoBleedingEdge/data-0000015208AA3E70.dll
Fallback handler could not load library C:/Program Files (x86)/Steam/steamapps/common/RimWorld/RimWorldWin64_Data/MonoBleedingEdge/data-0000015208AB3290.dll
Fallback handler could not load library C:/Program Files (x86)/Steam/steamapps/common/RimWorld/RimWorldWin64_Data/MonoBleedingEdge/data-0000015209928040.dll
Fallback handler could not load library C:/Program Files (x86)/Steam/steamapps/common/RimWorld/RimWorldWin64_Data/MonoBleedingEdge/data-0000015208ABC6A0.dll
Fallback handler could not load library C:/Program Files (x86)/Steam/steamapps/common/RimWorld/RimWorldWin64_Data/MonoBleedingEdge/data-00000151F8388170.dll
Fallback handler could not load library C:/Program Files (x86)/Steam/steamapps/common/RimWorld/RimWorldWin64_Data/MonoBleedingEdge/data-0000015208ABE2B0.dll
Prepatcher: Done loading
Command line arguments: -disable-compute-shaders
RimWorld 1.6.4871 rev591
Mod RimUtinni: Aftermath Rites dependency (mandrake.rm.aftermath) needs to have <downloadUrl> and/or <steamWorkshopUrl> specified.
Mod RimMandrake: Utinni — Inhabited (Ash'karr) dependency (mandrake.rm.inhabited) needs to have <downloadUrl> and/or <steamWorkshopUrl> specified.
Mod RimMandrake: Utinni — Weather Suite (Ash'karr) dependency (mandrake.rm.weathersuite) needs to have <downloadUrl> and/or <steamWorkshopUrl> specified.
Mod RimUtinni: Droid Repair Jobs dependency (mandrake.rsw.droidworks) needs to have <downloadUrl> and/or <steamWorkshopUrl> specified.
Mod RimUtinni: The Reckoning dependency (mandrake.rut.patches) needs to have <downloadUrl> and/or <steamWorkshopUrl> specified.
Mod RimUtinni: The Reckoning dependency (mandrake.rm.webwork) needs to have <downloadUrl> and/or <steamWorkshopUrl> specified.
Mod RimMandrake: Environmental Hazards Kit dependency (mandrake.rm.creaturebehaviors) needs to have <downloadUrl> and/or <steamWorkshopUrl> specified.
Mod RimMandrake: Fever Wood dependency (mandrake.rm.creaturebehaviors) needs to have <downloadUrl> and/or <steamWorkshopUrl> specified.
Mod RimMandrake: Fever Wood dependency (mandrake.rm.environmentalhazards) needs to have <downloadUrl> and/or <steamWorkshopUrl> specified.
Mod RimMandrake: Flooded Canyon dependency (mandrake.rm.flowworks) needs to have <downloadUrl> and/or <steamWorkshopUrl> specified.
Mod RimStarWars: Imperial Graffiti dependency (mandrake.rm.graffiti) needs to have <downloadUrl> and/or <steamWorkshopUrl> specified.
Mod RimMandrake: Greentide dependency (mandrake.rm.creaturebehaviors) needs to have <downloadUrl> and/or <steamWorkshopUrl> specified.
Mod RimUtinni: Greentide Raid Ant dependency (mandrake.rm.creaturebehaviors) needs to have <downloadUrl> and/or <steamWorkshopUrl> specified.
Mod RimMandrake: Hostile Flora dependency (mandrake.rm.creaturebehaviors) needs to have <downloadUrl> and/or <steamWorkshopUrl> specified.
Mod JawaVoice (SpeakUp reskin) dependency (JPT.speakup) needs to have <downloadUrl> and/or <steamWorkshopUrl> specified.
Mod RimMandrake: Leaning Scrub dependency (mandrake.rm.environmentalhazards) needs to have <downloadUrl> and/or <steamWorkshopUrl> specified.
Mod RimMandrake: Utinni — Propane Lake Mechanics dependency (mandrake.rut.patches) needs to have <downloadUrl> and/or <steamWorkshopUrl> specified.
Mod RimMandrake: Utinni — Pyrelands Mechanics dependency (mandrake.rm.pyrelands) needs to have <downloadUrl> and/or <steamWorkshopUrl> specified.
Mod RimMandrake: Utinni — Pyrelands Mechanics dependency (mandrake.rut.patches) needs to have <downloadUrl> and/or <steamWorkshopUrl> specified.
Mod The Rites dependency (mandrake.rut.antiquities) needs to have <downloadUrl> and/or <steamWorkshopUrl> specified.
Mod RimMandrake: the Rust Cathedral dependency (mandrake.rm.creaturebehaviors) needs to have <downloadUrl> and/or <steamWorkshopUrl> specified.
Mod RimMandrake: Utinni — Rust Cathedral Roaches dependency (mandrake.rm.creaturebehaviors) needs to have <downloadUrl> and/or <steamWorkshopUrl> specified.
Mod RimMandrake Sacred Marks dependency (mandrake.rm.graffiti) needs to have <downloadUrl> and/or <steamWorkshopUrl> specified.
Mod RimUtinni: Scarlands Ladder dependency (mandrake.rm.lorestages) needs to have <downloadUrl> and/or <steamWorkshopUrl> specified.
Mod RimMandrake: Ship Vermin dependency (mandrake.rsw.swbestiary) needs to have <downloadUrl> and/or <steamWorkshopUrl> specified.
Mod RimMandrake: Ship Vermin dependency (mandrake.rm.creaturebehaviors) needs to have <downloadUrl> and/or <steamWorkshopUrl> specified.
Mod RimMandrake: SW — Shokk dependency (mandrake.rm.webwork) needs to have <downloadUrl> and/or <steamWorkshopUrl> specified.
Mod RimUtinni: Shokkweave Economy dependency (mandrake.rm.webwork) needs to have <downloadUrl> and/or <steamWorkshopUrl> specified.
Mod RimUtinni: Structure Injections dependency (OskarPotocki.VanillaFactionsExpanded.Core) needs to have <downloadUrl> and/or <steamWorkshopUrl> specified.
Mod RimUtinni: Structure Injections dependency (mandrake.rm.injections) needs to have <downloadUrl> and/or <steamWorkshopUrl> specified.
Mod RimStarWars: Structure Injections dependency (mandrake.rm.injections) needs to have <downloadUrl> and/or <steamWorkshopUrl> specified.
Mod RimMandrake: SW — Bestiary dependency (OskarPotocki.VFE.Insectoid2) needs to have <downloadUrl> and/or <steamWorkshopUrl> specified.
Mod RimMandrake: SW — Bestiary dependency (mandrake.rm.creaturebehaviors) needs to have <downloadUrl> and/or <steamWorkshopUrl> specified.
Mod RimMandrake: SW — Bestiary dependency (sarg.alphaanimals) needs to have <downloadUrl> and/or <steamWorkshopUrl> specified.
Mod RimMandrake: SW — Bestiary dependency (brrainz.harmony) needs to have <downloadUrl> and/or <steamWorkshopUrl> specified.
Mod RimMandrake: Terminal Biomes dependency (mandrake.rm.environmentalhazards) needs to have <downloadUrl> and/or <steamWorkshopUrl> specified.
Mod RimMandrake: Terminal Biomes dependency (mandrake.rm.divinginteraction) needs to have <downloadUrl> and/or <steamWorkshopUrl> specified.
Mod RimMandrake: Terminal Biomes dependency (mandrake.rm.luminouspigment) needs to have <downloadUrl> and/or <steamWorkshopUrl> specified.
Mod RimMandrake: The Forge dependency (mandrake.rm.environmentalhazards) needs to have <downloadUrl> and/or <steamWorkshopUrl> specified.
Mod RimMandrake: The Rot dependency (mandrake.rm.creaturebehaviors) needs to have <downloadUrl> and/or <steamWorkshopUrl> specified.
Mod RimMandrake: The Rot dependency (mandrake.rm.environmentalhazards) needs to have <downloadUrl> and/or <steamWorkshopUrl> specified.
Mod RimUtinni Patches (Jawa campaign) dependency (mandrake.rm.weathersuite) needs to have <downloadUrl> and/or <steamWorkshopUrl> specified.
Mod RimMandrake: Colony Visibility dependency (brrainz.harmony) needs to have <downloadUrl> and/or <steamWorkshopUrl> specified.
Mod RimMandrake: Webwork dependency (mandrake.rm.creaturebehaviors) needs to have <downloadUrl> and/or <steamWorkshopUrl> specified.
Mod RimMandrake: Weeping Stones dependency (mandrake.rm.environmentalhazards) needs to have <downloadUrl> and/or <steamWorkshopUrl> specified.
Mod RimUtinni: Wildsteam Egg Bounty dependency (mandrake.rut.patches) needs to have <downloadUrl> and/or <steamWorkshopUrl> specified.
Mod RimUtinni: Wildsteam Egg Bounty dependency (mandrake.rm.webwork) needs to have <downloadUrl> and/or <steamWorkshopUrl> specified.
Mod VFE Factory Integrated Rimefeller Recipes dependency (VanillaExpanded.VFEFactory) needs to have <downloadUrl> and/or <steamWorkshopUrl> specified.
Mod VFE Factory Integrated Rimefeller Recipes dependency (Dubwise.Rimefeller) needs to have <downloadUrl> and/or <steamWorkshopUrl> specified.
Mod VFE Factory Integrated Rimefeller Recipes dependency (brrainz.harmony) needs to have <downloadUrl> and/or <steamWorkshopUrl> specified.
Mod RimTalk Expand: AI Storyteller dependency (cyberchronicle.rimtalkexperts) needs to have <downloadUrl> and/or <steamWorkshopUrl> specified.
Mod RimTalk Expand: AI Storyteller dependency (brrainz.harmony) needs to have <downloadUrl> and/or <steamWorkshopUrl> specified.
Mod Custom Room Names - RimTalk Addon dependency (cj.Rimtalk) needs to have <downloadUrl> and/or <steamWorkshopUrl> specified.
Mod Custom Room Names - RimTalk Addon dependency (costel.CustomRoomNames) needs to have <downloadUrl> and/or <steamWorkshopUrl> specified.
Mod RimTalk - Expand Literature dependency (cj.rimtalk) needs to have <downloadUrl> and/or <steamWorkshopUrl> specified.
Mod RimTalk - Expand Toddlers dependency (cyanobot.toddlers) needs to have <downloadUrl> and/or <steamWorkshopUrl> specified.
Mod RimTalk - Expand Toddlers dependency (cj.rimtalk) needs to have <downloadUrl> and/or <steamWorkshopUrl> specified.
Mod Large Pawns dependency (brrainz.harmony) needs to have <downloadUrl> and/or <steamWorkshopUrl> specified.
Mod Wood's Muzzle Flash for Ancient urban ruins has a dependency (issaczhuang.muzzleflash) with empty display name.
Mod Wood's Muzzle Flash for Ancient urban ruins dependency (issaczhuang.muzzleflash) needs to have <downloadUrl> and/or <steamWorkshopUrl> specified.
Mod Wood's Muzzle Flash for Ancient urban ruins has a dependency (xmb.ancienturbanruins.mo) with empty display name.
Mod Wood's Muzzle Flash for Ancient urban ruins dependency (xmb.ancienturbanruins.mo) needs to have <downloadUrl> and/or <steamWorkshopUrl> specified.
Mod Forced Xenogerm Implantation dependency (brrainz.harmony) needs to have <downloadUrl> and/or <steamWorkshopUrl> specified.
Exception loading from System.Xml.XmlElement: System.MissingMethodException: Default constructor not found for type System.String
  at System.RuntimeType.CreateInstanceMono (System.Boolean nonPublic, System.Boolean wrapExceptions) [0x00076] in <51fded79cd284d4d911c5949aff4cb21>:0 
  at System.RuntimeType.CreateInstanceSlow (System.Boolean publicOnly, System.Boolean wrapExceptions, System.Boolean skipCheckThis, System.Boolean fillCache) [0x00009] in <51fded79cd284d4d911c5949aff4cb21>:0 
  at System.RuntimeType.CreateInstanceDefaultCtor (System.Boolean publicOnly, System.Boolean skipCheckThis, System.Boolean fillCache, System.Boolean wrapExceptions, System.Threading.StackCrawlMark& stackMark) [0x00027] in <51fded79cd284d4d911c5949aff4cb21>:0 
  at System.Activator.CreateInstance (System.Type type, System.Boolean nonPublic, System.Boolean wrapExceptions) [0x00020] in <51fded79cd284d4d911c5949aff4cb21>:0 
  at System.Activator.CreateInstance (System.Type type, System.Boolean nonPublic) [0x00000] in <51fded79cd284d4d911c5949aff4cb21>:0 
  at System.Activator.CreateInstance (System.Type type) [0x00000] in <51fded79cd284d4d911c5949aff4cb21>:0 
  at Verse.DirectXmlToObject.ObjectFromXml[T] (System.Xml.XmlNode xmlRoot, System.Boolean doPostLoad) [0x0045c] in <61e4173561894da49d210260257b5097>:0 
  at Verse.DirectXmlToObject.ObjectFromXmlReflection[T] (System.Xml.XmlNode xmlRoot, System.Boolean doPostLoad) [0x00000] in <61e4173561894da49d210260257b5097>:0 
  at Verse.DirectXmlToObject.ObjectFromXml[T] (System.Xml.XmlNode xmlRoot, System.Boolean doPostLoad) [0x0060e] in <61e4173561894da49d210260257b5097>:0 
Fallback handler could not load library C:/Program Files (x86)/Steam/steamapps/common/RimWorld/RimWorldWin64_Data/MonoBleedingEdge/data-000001520F8E60A0.dll
Fallback handler could not load library C:/Program Files (x86)/Steam/steamapps/common/RimWorld/RimWorldWin64_Data/MonoBleedingEdge/data-000001520FB70060.dll
Prepatcher: Restarted with the patched assembly, going silent.
[LoadTracer] armed: CallAll per-type trace + FloatMenuMakerMap.Init/BakeStaticAtlases brackets
[BetterStacktraces] Loaded
ISMA: Patching Selector.Select - Void Select(System.Object, Boolean, Boolean)
ISMA: Patching Selector.SelectInternal - Void SelectInternal(System.Object, Boolean, Boolean)
ISMA: Attempting to patch label method Verse.GenMapUI.DrawPawnLabel
ISMA: Attempting to patch label method Verse.GenMapUI.DrawPawnLabel
ISMA: Attempting to patch label method RimWorld.SocialCardUtility.DrawPawnLabel
ISMA: Attempting to patch label method AM.AnimationManager.DrawLabel
[Real Fog of War] Patched method Boolean CanHitCellFromCellIgnoringRange(Verse.IntVec3, Verse.IntVec3, Boolean) from source Verse.Verb to RimWorldRealFoW.Detours.Verb.
[Real Fog of War] Patched method Void Select(System.Object, Boolean, Boolean) from source RimWorld.Selector to RimWorldRealFoW.Detours.Selector.
[Real Fog of War] Patched method Void MouseoverReadoutOnGUI() from source Verse.MouseoverReadout to RimWorldRealFoW.Detours.MouseoverReadout.
[Real Fog of War] Patched method Void FillBeautyRelevantCells(Verse.IntVec3, Verse.Map) from source RimWorld.BeautyUtility to RimWorldRealFoW.Detours.BeautyUtility.
[Real Fog of War] Patched method System.Collections.Generic.IEnumerable`1[Verse.Pawn] get_Pawns() from source RimWorld.MainTabWindow_Wildlife to RimWorldRealFoW.Detours.MainTabWindowWildlife.
[Real Fog of War] Patched method Void DrawGUIOverlay() from source Verse.Pawn to RimWorldRealFoW.Detours.Pawn.
[Real Fog of War] Patched method Void DrawThingLabel(Verse.Thing, System.String, UnityEngine.Color) from source Verse.GenMapUI to RimWorldRealFoW.Detours.GenMapUI.
[Real Fog of War] Patched method Void TakePrintFrom(Verse.Thing) from source Verse.SectionLayer_ThingsGeneral to RimWorldRealFoW.Detours.SectionLayerThingsGeneral.
[Real Fog of War] Patched method Void TakePrintFrom(Verse.Thing) from source RimWorld.SectionLayer_ThingsPowerGrid to RimWorldRealFoW.Detours.SectionLayerThingsPowerGrid.
[Real Fog of War] Patched method Boolean CanReserve(Verse.Pawn, Verse.LocalTargetInfo, Int32, Int32, Verse.ReservationLayerDef, Boolean) from source Verse.AI.ReservationUtility to RimWorldRealFoW.Detours.ReservationUtility.
[Real Fog of War] Patched method Boolean CanReserveAndReach(Verse.Pawn, Verse.LocalTargetInfo, Verse.AI.PathEndMode, Verse.Danger, Int32, Int32, Verse.ReservationLayerDef, Boolean) from source Verse.AI.ReservationUtility to RimWorldRealFoW.Detours.ReservationUtility.
[Real Fog of War] Patched method Verse.AI.Job HaulToStorageJob(Verse.Pawn, Verse.Thing, Boolean) from source Verse.AI.HaulAIUtility to RimWorldRealFoW.Detours.HaulAIUtility.
[Real Fog of War] Patched method Boolean ShouldShowWindowNow() from source Verse.EnvironmentStatsDrawer to RimWorldRealFoW.Detours.EnvironmentStatsDrawer.
[Real Fog of War] Patched method Void Message(System.String, Verse.LookTargets, Verse.MessageTypeDef, Boolean) from source Verse.Messages to RimWorldRealFoW.Detours.Messages.
[Real Fog of War] Patched method Void ReceiveLetter(Verse.TaggedString, Verse.TaggedString, Verse.LetterDef, Verse.LookTargets, RimWorld.Faction, RimWorld.Quest, System.Collections.Generic.List`1[Verse.ThingDef], System.String, Int32, Boolean) from source Verse.LetterStack to RimWorldRealFoW.Detours.LetterStack.
[Real Fog of War] Patched method Void DrawAt(UnityEngine.Vector3, Boolean) from source RimWorld.MoteBubble to RimWorldRealFoW.Detours.MoteBubble.
[Real Fog of War] Patched method Boolean ShouldSpawnMotesAt(Verse.IntVec3, Verse.Map, Boolean) from source Verse.GenView to RimWorldRealFoW.Detours.GenView.
[Real Fog of War] Patched method Boolean CellBoolDrawerGetBoolInt(Int32) from source RimWorld.FertilityGrid to RimWorldRealFoW.Detours.FertilityGrid.
[Real Fog of War] Patched method Boolean CellBoolDrawerGetBoolInt(Int32) from source Verse.TerrainGrid to RimWorldRealFoW.Detours.TerrainGrid.
[Real Fog of War] Patched method Boolean GetCellBool(Int32) from source Verse.RoofGrid to RimWorldRealFoW.Detours.RoofGrid.
[Real Fog of War] Patched method Verse.AcceptanceReport CanDesignateCell(Verse.IntVec3) from source RimWorld.Designator_AreaBuildRoof to RimWorldRealFoW.Detours.DesignatorPrefix.
[Real Fog of War] Patched method Verse.AcceptanceReport CanDesignateCell(Verse.IntVec3) from source RimWorld.Designator_AreaNoRoof to RimWorldRealFoW.Detours.DesignatorPrefix.
[Real Fog of War] Patched method Verse.AcceptanceReport CanDesignateCell(Verse.IntVec3) from source RimWorld.Designator_ZoneAdd_Growing to RimWorldRealFoW.Detours.DesignatorPrefix.
[Real Fog of War] Patched method Verse.AcceptanceReport CanDesignateCell(Verse.IntVec3) from source RimWorld.Designator_ZoneAddStockpile to RimWorldRealFoW.Detours.DesignatorPrefix.
[Real Fog of War] Patched method Verse.AcceptanceReport CanDesignateCell(Verse.IntVec3) from source RimWorld.Designator_Claim to RimWorldRealFoW.Detours.DesignatorPrefix.
[Real Fog of War] Patched method Verse.AcceptanceReport CanDesignateThing(Verse.Thing) from source RimWorld.Designator_Claim to RimWorldRealFoW.Detours.DesignatorPrefix.
[Real Fog of War] Patched method Verse.AcceptanceReport CanDesignateCell(Verse.IntVec3) from source RimWorld.Designator_Deconstruct to RimWorldRealFoW.Detours.DesignatorPrefix.
[Real Fog of War] Patched method Verse.AcceptanceReport CanDesignateThing(Verse.Thing) from source RimWorld.Designator_Deconstruct to RimWorldRealFoW.Detours.DesignatorPrefix.
[Real Fog of War] Patched method Verse.AcceptanceReport CanDesignateCell(Verse.IntVec3) from source RimWorld.Designator_Haul to RimWorldRealFoW.Detours.DesignatorPrefix.
[Real Fog of War] Patched method Verse.AcceptanceReport CanDesignateThing(Verse.Thing) from source RimWorld.Designator_Haul to RimWorldRealFoW.Detours.DesignatorPrefix.
[Real Fog of War] Patched method Verse.AcceptanceReport CanDesignateCell(Verse.IntVec3) from source RimWorld.Designator_Hunt to RimWorldRealFoW.Detours.DesignatorPrefix.
[Real Fog of War] Patched method Verse.AcceptanceReport CanDesignateThing(Verse.Thing) from source RimWorld.Designator_Hunt to RimWorldRealFoW.Detours.DesignatorPrefix.
[Real Fog of War] Patched method Verse.AcceptanceReport CanDesignateCell(Verse.IntVec3) from source RimWorld.Designator_Plants to RimWorldRealFoW.Detours.DesignatorPrefix.
[Real Fog of War] Patched method Verse.AcceptanceReport CanDesignateThing(Verse.Thing) from source RimWorld.Designator_Plants to RimWorldRealFoW.Detours.DesignatorPrefix.
[Real Fog of War] Patched method Verse.AcceptanceReport CanDesignateThing(Verse.Thing) from source RimWorld.Designator_PlantsHarvest to RimWorldRealFoW.Detours.DesignatorPrefix.
[Real Fog of War] Patched method Verse.AcceptanceReport CanDesignateThing(Verse.Thing) from source RimWorld.Designator_PlantsHarvestWood to RimWorldRealFoW.Detours.DesignatorPrefix.
[Real Fog of War] Patched method Verse.AcceptanceReport CanDesignateCell(Verse.IntVec3) from source RimWorld.Designator_RemoveFloor to RimWorldRealFoW.Detours.DesignatorPrefix.
[Real Fog of War] Patched method Verse.AcceptanceReport CanDesignateCell(Verse.IntVec3) from source RimWorld.Designator_SmoothSurface to RimWorldRealFoW.Detours.DesignatorPrefix.
[Real Fog of War] Patched method Verse.AcceptanceReport CanDesignateCell(Verse.IntVec3) from source RimWorld.Designator_Tame to RimWorldRealFoW.Detours.DesignatorPrefix.
[Real Fog of War] Patched method Verse.AcceptanceReport CanDesignateThing(Verse.Thing) from source RimWorld.Designator_Tame to RimWorldRealFoW.Detours.DesignatorPrefix.
[Real Fog of War] Patched method Verse.AcceptanceReport CanDesignateCell(Verse.IntVec3) from source RimWorld.Designator_Uninstall to RimWorldRealFoW.Detours.DesignatorPrefix.
[Real Fog of War] Patched method Verse.AcceptanceReport CanDesignateThing(Verse.Thing) from source RimWorld.Designator_Uninstall to RimWorldRealFoW.Detours.DesignatorPrefix.
[Real Fog of War] Patched method Verse.AcceptanceReport CanDesignateCell(Verse.IntVec3) from source RimWorld.Designator_Build to RimWorldRealFoW.Detours.DesignatorPlace.
[Real Fog of War] Patched method Verse.AcceptanceReport CanDesignateCell(Verse.IntVec3) from source RimWorld.Designator_Install to RimWorldRealFoW.Detours.DesignatorPlace.
[Real Fog of War] Patched method Verse.AcceptanceReport CanDesignateCell(Verse.IntVec3) from source RimWorld.Designator_Mine to RimWorldRealFoW.Detours.DesignatorMine.
[Real Fog of War] Patched method Void Notify_Added() from source Verse.Designation to RimWorldRealFoW.Detours.Designation.
[Real Fog of War] Patched method Void Notify_Removing() from source Verse.Designation to RimWorldRealFoW.Detours.Designation.
[Real Fog of War] Prefixed method AttackTargetFinder_CanSee.
[Real Fog of War] Prefixed method LetterStack_ReceiveLetter.
[Real Fog of War] Prefixed method OverlayDrawer_DrawOverlay.
[Real Fog of War] Prefixed method SilhouetteUtility_ShouldDrawSilhouette.
[Real Fog of War] Prefixed method SoundStarter_PlayOneShot.
[Real Fog of War] Prefixed method SoundStarter_TrySpawnSustainer.
[Real Fog of War] Postfixed method WorldComponent_GravshipController_LandingEnded.
[Real Fog of War] Interaction bubble is active. Patched
[VBE] RimThemes detected, activating compatibility...
[VBE] Unpatching RimThemes background patch...
[HugsLib] version 12.0.0
[HugsLib] early-initializing AllowTool
Texture '' has dimensions (5333 x 3000) which are not multiples of 4. Compress will not work.
Fallback handler could not load library C:/Program Files (x86)/Steam/steamapps/common/RimWorld/RimWorldWin64_Data/MonoBleedingEdge/data-0000015215E27660.dll
[Custom Room Names] Room.GetRoomRoleLabel patch applied.
[Custom Room Names] RoomRoleDef.PostProcessedLabelCap patch applied.
[DiseaseImmunityProgressTracker] Initialized
DubsMintMenus v1.3.1086
FactionCustomizer is successfully initialized!
Fallback handler could not load library C:/Program Files (x86)/Steam/steamapps/common/RimWorld/RimWorldWin64_Data/MonoBleedingEdge/data-0000015291045020.dll
[Interaction Bubbles v4.2] Initialized
[RimMandrake.StarWars.JawaRules] no-sow: armed for xenotype RSW_MandrakeJawa
[RimMandrake.StarWars.JawaRules] droid-relations: armed for humanlike pawns with no relations tracker
[RimMandrake.StarWars.JawaRules] pet-names: armed; tamed and newborn animals will draw from their race namer
[RimMandrake.StarWars.JawaRules] pawnkind-redress-fix: armed; KCSG_PAWNKIND_COLONIST_FALLBACK_1 — a redressed world pawn is forced onto the requested kind and xenotype even when ChangeKind was blocked
[RimMandrake.StarWars.JawaRules] world-labels: armed; world feature names peak at 0.60 alpha instead of 0.30
[RimMandrake.StarWars.JawaRules] world-label-lift: armed; world feature names sit 1.50 above the surface instead of 0.40
[RimMandrake.StarWars.JawaRules] pawnkind-raceprops-null-guard: armed early (before GenerateImpliedDefs_PreResolve) — FULL_LOAD_ALPHAGENES_NRE_1
Initializing LightsOut [2026.9.12.1]
[MeaningfulEncounters] Mod loaded successfully.
<color=#bd87f1>[Mood Alerts]</color> Hello there! Running version 1.6.1.
Persistent Precepts Mod class loaded
[RimAI.Framework]SettingsManager: Reloading all configurations...
[RimAI.Framework]SettingsManager: Active status updated. Chat=False, Embedding=False
[RimAI.Framework]SettingsManager: All configurations reloaded.
[RimAI.Framework]SettingsManager: Initialized successfully with separated configurations.
[RimBridge] STARTUP_TIMING phase=main-thread.initialize durationMs=0 elapsedMs=0
[RimBridge] Applied essential Harmony patches.
[RimBridge] Applied 56 optional Harmony patch classes.
[RimBridge] STARTUP_TIMING phase=harmony.startup-patches durationMs=278 elapsedMs=280
[RimBridge] STARTUP_TIMING phase=startup.on-mod-constructed durationMs=0 elapsedMs=281
[RimBridge] STARTUP_TIMING phase=mod-constructor.total durationMs=282 elapsedMs=282
[RimTek] Harmony patches applied.
[Sensible Bed Ownership] Loaded.
Ugh You Got Me: Trying to patch MentalState_SocialFighting.ShouldStop.get.
Ugh You Got Me: Patched MentalState_SocialFighting.ShouldStop.get.
Ugh You Got Me: Trying to patch JobGiver_SocialFighting.TryGiveJob
Ugh You Got Me: Patched JobGiver_SocialFighting.TryGiveJob.
[Universal Pregnancy] Loaded.
[WhatsMissing] Patched Dialog_BillConfig
Loaded What's That Mod.
[LargePawns] EnsureDefTables: no pawn defs found yet (db size 0)
[LargePawns] Giddy-Up MountUtility.Mount patch applied
[LargePawns] Giddy-Up TryAutoMount patch applied
[LargePawns] Giddy-Up mounted patch applied
[LargePawns] CAI-5000 compat patches applied
[RimAI.Core] All Parts Boot OK (services=27, elapsed=198 ms, topk_available=False)
[RimHUD v1.17.5] Initialized
<color=#1c6beb>[FacLoadout]</color> Registered module: 'GiddyUp Mounts' (key: giddyUp, active: True)
[Romance on the Rim] Interaction Bubble compatibility patch applied.
[ChezhouLib] 扫描名单登记: About=629, About登记=0, 当前候选=2
[ChezhouLib] 功能声明扫描: 候选模组=2, XML=49, 登记包=2
[ChezhouLib] 功能门控(早期扫描) 启用: UnityAssets, KindForceRelation, ClCustomMission；关闭: FlyRace, ClipAnimation, RenderNodeRule, KindPawnGeneration, BossHpBar, ModuleAssembly, RequiredApparelVerb, DualWeapon, HARBodyAddon, ClHairAppearance, FACompat, ApparelGraphicPathFallback
[ChezhouLib] 服饰路径模块(早期扫描) 登记模组: 0
[ChezhouLib] 常驻补丁已安装，动画与角色预览渲染补丁按使用状态挂载。
<color=#1c6beb>[KeyzAllowUtilities v1.3.8]</color> Loading KeyzAllowUtilities v1.3.8
Could not find class PrisonerRealism.Settings while resolving node ModSettings. Trying to use PrisonerRealism.PrisonerRealismSettings instead. Full node: <ModSettings Class="PrisonerRealism.Settings"><enableRecruitOffer>False</enableRecruitOffer></ModSettings>
1.6.9701 ::
[SandWorm] Mod loaded.
<color=#00FFFFFF>:: Outer Rim - Core ::</color> 1.6.9306 ::
<color=#00FFFFFF>:: Outland - Genetics ::</color> 1.6.9341 ::
1.0.9299 ::
<color=#00FFFFFF>:: Outer Rim - Galactic Empire :: </color>1.6.9308 ::
<color=#66ffb5>[MeleeAnim]</color> Hello, world!
Build date: 7/31/2026 6:45 PM
Loaded assemblies (13):
0BetterFloatMenu, Version=16.0.0.0, Culture=neutral, PublicKeyToken=null,
0ColourPicker, Version=1.0.0.0, Culture=neutral, PublicKeyToken=null,
AMRetextureSupport, Version=0.0.0.0, Culture=neutral, PublicKeyToken=null,
Meta.Numerics, Version=3.1.0.0, Culture=neutral, PublicKeyToken=67d25c65a6631347,
ModRequestAPI, Version=1.0.0.0, Culture=neutral, PublicKeyToken=null,
ModRequestAPI.Models, Version=1.0.0.0, Culture=neutral, PublicKeyToken=null,
Unity.Newtonsoft.Json, Version=7.0.0.0, Culture=neutral, PublicKeyToken=null,
zAnimationMod, Version=1.0.0.0, Culture=neutral, PublicKeyToken=null,
AM.FacialAnimationPatch, Version=0.0.0.0, Culture=neutral, PublicKeyToken=null,
AM.AlienRacesPatch, Version=0.0.0.0, Culture=neutral, PublicKeyToken=null,
AM.CAI5000Patch, Version=1.0.0.0, Culture=neutral, PublicKeyToken=null,
zz.AM.PerformanceOptimizerPatch, Version=1.0.0.0, Culture=neutral, PublicKeyToken=null,
AM.VehiclesPatch, Version=0.0.0.0, Culture=neutral, PublicKeyToken=null
<color=#66ffb5>[MeleeAnim]</color> Scanning 629 mods for animation data...
<color=#66ffb5>[MeleeAnim]</color> Found 2 mod folders with animation data, total 75 loadable files.
<color=#66ffb5>[MeleeAnim]</color> [<color=#63e0ff>Facial Animation Patch</color>] Successfully loaded Facial Animation patch.
<color=#66ffb5>[MeleeAnim]</color> <color=#ffa8fc>[Alien Races Patch]</color> Loaded alien races patch!
<color=#66ffb5>[MeleeAnim]</color> Initialized CAI-5000 patch
<color=#66ffb5>[MeleeAnim]</color> <color=#ffa8fc>[Perf.Opt]</color> Loaded Performance Optimizer patch!
<color=#66ffb5>[MeleeAnim]</color> <color=#ffa8fc>[Perf.Opt]</color> Successfully patched and disabled buggy optimizations.
<color=#66ffb5>[MeleeAnim]</color> <color=#ffa8fc>[Vehicle Framework Patch]</color> Loaded vehicle framework patch!
null texture passed to GUI.DrawTexture
null texture passed to GUI.DrawTexture
null texture passed to GUI.DrawTexture
null texture passed to GUI.DrawTexture
null texture passed to GUI.DrawTexture
null texture passed to GUI.DrawTexture
null texture passed to GUI.DrawTexture
null texture passed to GUI.DrawTexture
null texture passed to GUI.DrawTexture
null texture passed to GUI.DrawTexture
null texture passed to GUI.DrawTexture
null texture passed to GUI.DrawTexture
null texture passed to GUI.DrawTexture
null texture passed to GUI.DrawTexture
null texture passed to GUI.DrawTexture
null texture passed to GUI.DrawTexture
null texture passed to GUI.DrawTexture
null texture passed to GUI.DrawTexture
null texture passed to GUI.DrawTexture
null texture passed to GUI.DrawTexture
null texture passed to GUI.DrawTexture
null texture passed to GUI.DrawTexture
null texture passed to GUI.DrawTexture
null texture passed to GUI.DrawTexture
null texture passed to GUI.DrawTexture
null texture passed to GUI.DrawTexture
null texture passed to GUI.DrawTexture
null texture passed to GUI.DrawTexture
null texture passed to GUI.DrawTexture
null texture passed to GUI.DrawTexture
null texture passed to GUI.DrawTexture
null texture passed to GUI.DrawTexture
null texture passed to GUI.DrawTexture
null texture passed to GUI.DrawTexture
null texture passed to GUI.DrawTexture
null texture passed to GUI.DrawTexture
null texture passed to GUI.DrawTexture
null texture passed to GUI.DrawTexture
null texture passed to GUI.DrawTexture
null texture passed to GUI.DrawTexture
null texture passed to GUI.DrawTexture
null texture passed to GUI.DrawTexture
null texture passed to GUI.DrawTexture
null texture passed to GUI.DrawTexture
null texture passed to GUI.DrawTexture
null texture passed to GUI.DrawTexture
null texture passed to GUI.DrawTexture
null texture passed to GUI.DrawTexture
null texture passed to GUI.DrawTexture
null texture passed to GUI.DrawTexture
null texture passed to GUI.DrawTexture
null texture passed to GUI.DrawTexture
null texture passed to GUI.DrawTexture
null texture passed to GUI.DrawTexture
null texture passed to GUI.DrawTexture
null texture passed to GUI.DrawTexture
null texture passed to GUI.DrawTexture
null texture passed to GUI.DrawTexture
null texture passed to GUI.DrawTexture
null texture passed to GUI.DrawTexture
null texture passed to GUI.DrawTexture
null texture passed to GUI.DrawTexture
null texture passed to GUI.DrawTexture
null texture passed to GUI.DrawTexture
null texture passed to GUI.DrawTexture
null texture passed to GUI.DrawTexture
null texture passed to GUI.DrawTexture
null texture passed to GUI.DrawTexture
null texture passed to GUI.DrawTexture
null texture passed to GUI.DrawTexture
null texture passed to GUI.DrawTexture
null texture passed to GUI.DrawTexture
null texture passed to GUI.DrawTexture
null texture passed to GUI.DrawTexture
null texture passed to GUI.DrawTexture
null texture passed to GUI.DrawTexture
null texture passed to GUI.DrawTexture
null texture passed to GUI.DrawTexture
null texture passed to GUI.DrawTexture
null texture passed to GUI.DrawTexture
null texture passed to GUI.DrawTexture
null texture passed to GUI.DrawTexture
null texture passed to GUI.DrawTexture
null texture passed to GUI.DrawTexture
null texture passed to GUI.DrawTexture
null texture passed to GUI.DrawTexture
null texture passed to GUI.DrawTexture
null texture passed to GUI.DrawTexture
null texture passed to GUI.DrawTexture
null texture passed to GUI.DrawTexture
null texture passed to GUI.DrawTexture
null texture passed to GUI.DrawTexture
null texture passed to GUI.DrawTexture
null texture passed to GUI.DrawTexture
null texture passed to GUI.DrawTexture
null texture passed to GUI.DrawTexture
RimThemes NX rev10
[RimMandrake.GravshipLanding] ready.
ReGrowth 2 5.1-rev6
|RimFridge: Now with Shelves!| Forcing the application of patch lwm.deepstorage | Patches/AddNewUnits_RimFridge.xml of LWM's Deep Storage.
[Torment Master - Start of stack trace]
Verse.PatchOperationAdd(xpath="/Defs/AlienRace.ThingDef_AlienRace/alienRace/raceRestriction/whiteApparelList[not(li[text()='AppleHeadgear'])]"): Failed to find a node with the given xpath
Verse.PatchOperationFindMod(Humanoid Alien Races): Error in <match>
[End of stack trace]
Source file: C:\Program Files (x86)\Steam\steamapps\workshop\content\294100\3746663772\1.6\Patches\Compatibility_AlienRaces_AppleHeadgear.xml
LWM Deep Storage: activated compatibility patch for Vanilla Cooking Expanded
[Vanilla Mining Outpost Patch - Start of stack trace]
Verse.PatchOperationRemove(xpath="Defs/WorldObjectDef[defName="Outpost_Mining"]/modExtensions/li[1]/Resources/Z_Diamond"): Failed to find a node with the given xpath
Verse.PatchOperationSequence: Error in the operation at position=1
Verse.PatchOperationFindMod(Jewelry): Error in <match>
[End of stack trace]
Source file: C:\Program Files (x86)\Steam\steamapps\workshop\content\294100\2968491314\Patches\Outposts.xml
[Intimacy - Gender Works - Start of stack trace]
Verse.PatchOperationRemove(xpath="Defs/RecipeDef[defName="ExtractOvum"]/genderPrerequisite"): Failed to find a node with the given xpath
[End of stack trace]
Source file: C:\Program Files (x86)\Steam\steamapps\workshop\content\294100\3534254491\1.6\Patches\Fertility_ops_changes.xml
[Intimacy - Gender Works - Start of stack trace]
Verse.PatchOperationRemove(xpath="Defs/RecipeDef[defName="TerminatePregnancy"]/genderPrerequisite"): Failed to find a node with the given xpath
[End of stack trace]
Source file: C:\Program Files (x86)\Steam\steamapps\workshop\content\294100\3534254491\1.6\Patches\Fertility_ops_changes.xml
[Intimacy - Gender Works - Start of stack trace]
Verse.PatchOperationRemove(xpath="Defs/RecipeDef[defName="ImplantIUD"]/genderPrerequisite"): Failed to find a node with the given xpath
[End of stack trace]
Source file: C:\Program Files (x86)\Steam\steamapps\workshop\content\294100\3534254491\1.6\Patches\Fertility_ops_changes.xml
[RimUtinni Patches (Jawa campaign) - Start of stack trace]
Verse.PatchOperationAdd(xpath="/Defs/BiomeDef[defName="RM_PoisonForest"]"): Failed to find a node with the given xpath
Verse.PatchOperationConditional(xpath=/Defs/BiomeDef[defName="RM_PoisonForest"]/preventGenSteps): Error in <nomatch>
[End of stack trace]
Source file: C:\Program Files (x86)\Steam\steamapps\common\RimWorld\Mods\UtinniPatches\Patches\AncientDangerGenSteps_AmbientDoctrine.xml
[RimUtinni Patches (Jawa campaign) - Start of stack trace]
Verse.PatchOperationAdd(xpath="/Defs/BiomeDef[defName="RM_PoisonForest"]"): Failed to find a node with the given xpath
Verse.PatchOperationConditional(xpath=/Defs/BiomeDef[defName="RM_PoisonForest"]/extraGenSteps): Error in <nomatch>
[End of stack trace]
Source file: C:\Program Files (x86)\Steam\steamapps\common\RimWorld\Mods\UtinniPatches\Patches\AncientDangerGenSteps_AmbientDoctrine.xml
[RimUtinni Patches (Jawa campaign) - Start of stack trace]
Verse.PatchOperationAdd(xpath="/Defs/ThingDef[defName="BMT_GreyLady"]"): Failed to find a node with the given xpath
Verse.PatchOperationConditional(xpath=/Defs/ThingDef[defName="BMT_GreyLady"]/statBases): Error in <nomatch>
[End of stack trace]
Source file: C:\Program Files (x86)\Steam\steamapps\common\RimWorld\Mods\UtinniPatches\Patches\BiomeFloraStatAdjustments_Generated.xml
[RimUtinni Patches (Jawa campaign) - Start of stack trace]
Verse.PatchOperationReplace(xpath="Defs/PawnKindDef[defName="BMT_Thrumbungus"]/lifeStages/li[1]/bodyGraphicData/drawSize"): Failed to find a node with the given xpath
Verse.PatchOperationSequence: Error in the operation at position=5
[End of stack trace]
Source file: C:\Program Files (x86)\Steam\steamapps\common\RimWorld\Mods\UtinniPatches\Patches\CreatureResize_Ashkarr.xml
[RimUtinni Patches (Jawa campaign) - Start of stack trace]
Verse.PatchOperationAdd(xpath="Defs/GenStepDef[defName="RM_LanternstoneFormations"]/genStep/groups"): Failed to find a node with the given xpath
Verse.PatchOperationFindMod(Jawa Armoury Rebalance): Error in <match>
[End of stack trace]
Source file: C:\Program Files (x86)\Steam\steamapps\common\RimWorld\Mods\UtinniPatches\Patches\RUT_LanternstoneKotorCrystals.xml
[RimUtinni: Shokkweave Economy - Start of stack trace]
Verse.PatchOperationAdd(xpath="Defs/ThingDef[defName="RM_OllathrixEgg"]"): Failed to find a node with the given xpath
Verse.PatchOperationConditional(xpath=Defs/ThingDef[defName="RM_OllathrixEgg"]/tradeability): Error in <nomatch>
[End of stack trace]
Source file: C:\Program Files (x86)\Steam\steamapps\common\RimWorld\Mods\ShokkweaveEconomy\Patches\ShokkweaveEggBlackMarket.xml
[RimUtinni: Shokkweave Economy - Start of stack trace]
Verse.PatchOperationRemove(xpath="Defs/ThingDef[defName="RM_OllathrixEgg"]/thingCategories/li[text()="ResourcesRaw"]"): Failed to find a node with the given xpath
[End of stack trace]
Source file: C:\Program Files (x86)\Steam\steamapps\common\RimWorld\Mods\ShokkweaveEconomy\Patches\ShokkweaveEggBlackMarket.xml
XML error: <drawStyleCategory>Wall</drawStyleCategory> doesn't correspond to any field in type BuildingProperties. Context: <building><isInert>true</isInert><isPlaceOverableWall>true</isPlaceOverableWall><ai_chillDestination>false</ai_chillDestination><supportsWallAttachments>true</supportsWallAttachments><isStuffableAirtight>false</isStuffableAirtight><blueprintGraphicData><texPath>Things/Building/Linked/Wall_Blueprint_Atlas</texPath></blueprintGraphicData><relatedBuildCommands><li>Door</li><li>Autodoor</li></relatedBuildCommands><drawStyleCategory>Wall</drawStyleCategory></building>

Possible Matches:
[Source: Rim of Madness - Bones Unofficial Fix]
[File: C:\Program Files (x86)\Steam\steamapps\workshop\content\294100\3252977437\1.6\Patches\OdysseyPatch.xml]
[Def Error]: BoneWall
Rim of Madness - Bones Unofficial Fix\1.6\Defs\ThingDefs_Buildings\Buildings_BoneWall.xml
Parsed 0.3 as int.
[Def Error]: AM_Entrance_LargeElevator
Ancient urban ruins\1.6\Defs\ThingDefs\Building\ThingDef_ConstructableElevators.xml
Parsed 0.3 as int.
[Def Error]: AM_Entrance_UndergroundGarage
Ancient urban ruins\1.6\Defs\ThingDefs\Building\ThingDef_UndergroundGarage.xml
Parsed 7.5 as int.
[Def Error]: Prj_SW_Electricgryllotalpa
Insectoids 2 - Isopoda geneline\1.6\Defs\ThingDefs_Races\Electricgryllotalpa.xml
Parsed 1.5 as int.
[Def Error]: WeatheredBasalt
Minerals Rock\1.6\Defs\ThingDefs_Rocks\Basalt.xml
Parsed 1.5 as int.
[Def Error]: PassableBasalt
Minerals Rock\1.6\Defs\ThingDefs_Rocks\Basalt.xml
XML error: <specialTrainables><li MayRequire="Ludeon.RimWorld.Odyssey">AttackTarget</li></specialTrainables> doesn't correspond to any field in type PawnKindDef. Context: <PawnKindDef ParentName="AnimalKindBase"><defName>RSW_TunnelSnake</defName><label>yanker</label><race>RSW_TunnelSnake</race><combatPower>190</combatPower><ecoSystemWeight>0.35</ecoSystemWeight><wildGroupSize>1</wildGroupSize><specialTrainables><li MayRequire="Ludeon.RimWorld.Odyssey">AttackTarget</li></specialTrainables><lifeStages><li><bodyGraphicData><texPath>swanimals/Klorslug/Klorslug_j</texPath><color>(110, 95, 78)</color><drawSize>1.0</drawSize></bodyGraphicData><dessicatedBodyGraphicData><texPath>swanimals/Klorslug/Klorslug_Dessicated</texPath><drawSize>1.0</drawSize></dessicatedBodyGraphicData></li><li><bodyGraphicData><texPath>swanimals/Klorslug/Klorslug</texPath><color>(110, 95, 78)</color><drawSize>1.7</drawSize></bodyGraphicData><dessicatedBodyGraphicData><texPath>swanimals/Klorslug/Klorslug_Dessicated</texPath><drawSize>1.7</drawSize></dessicatedBodyGraphicData></li><li><bodyGraphicData><texPath>swanimals/Klorslug/Klorslug</texPath><color>(110, 95, 78)</color><drawSize>2.7</drawSize><shadowData><volume>(0.4, 0.6, 0.33)</volume></shadowData></bodyGraphicData><dessicatedBodyGraphicData><texPath>swanimals/Klorslug/Klorslug_Dessicated</texPath><drawSize>2.7</drawSize></dessicatedBodyGraphicData></li></lifeStages></PawnKindDef>

Possible Matches:
[Source: Core]
[File: C:\Program Files (x86)\Steam\steamapps\common\RimWorld\Data\Core\Defs\ThingDefs_Races\Races_Animal_Bears.xml]
[Source: Core]
[File: C:\Program Files (x86)\Steam\steamapps\common\RimWorld\Data\Core\Defs\ThingDefs_Races\Races_Animal_BigCats.xml]
[Source: Core]
[File: C:\Program Files (x86)\Steam\steamapps\common\RimWorld\Data\Core\Defs\ThingDefs_Races\Races_Animal_Insect.xml]
[Source: Core]
[File: C:\Program Files (x86)\Steam\steamapps\common\RimWorld\Data\Core\Defs\ThingDefs_Races\Races_Animal_WargGroup.xml]
[Source: Core]
[File: C:\Program Files (x86)\Steam\steamapps\common\RimWorld\Data\Core\Defs\ThingDefs_Races\Races_Animal_WildCanines.xml]
[Source: Odyssey]
[File: C:\Program Files (x86)\Steam\steamapps\common\RimWorld\Data\Odyssey\Defs\ThingDefs_Races\Races_Animal_Birds.xml]
[Source: Dark Ages : Beasts and Monsters]
[File: C:\Program Files (x86)\Steam\steamapps\workshop\content\294100\3472275628\1.6\Defs\ThingDefs_Races\Animal_BeardedTroll.xml]
[Source: Dark Ages : Beasts and Monsters]
[File: C:\Program Files (x86)\Steam\steamapps\workshop\content\294100\3472275628\1.6\Defs\ThingDefs_Races\Animal_BlackScribe.xml]
[Source: Dark Ages : Beasts and Monsters]
[File: C:\Program Files (x86)\Steam\steamapps\workshop\content\294100\3472275628\1.6\Defs\ThingDefs_Races\Animal_GiantSnaptoad.xml]
[Source: Dark Ages : Beasts and Monsters]
[File: C:\Program Files (x86)\Steam\steamapps\workshop\content\294100\3472275628\1.6\Defs\ThingDefs_Races\Animal_LeviathanCrab.xml]
[Source: Dark Ages : Beasts and Monsters]
[File: C:\Program Files (x86)\Steam\steamapps\workshop\content\294100\3472275628\1.6\Defs\ThingDefs_Races\Animal_RedhornedLarpah.xml]
[Source: Dark Ages : Beasts and Monsters]
[File: C:\Program Files (x86)\Steam\steamapps\workshop\content\294100\3472275628\1.6\Defs\ThingDefs_Races\Animal_RegalianHound.xml]
[Source: Dark Ages : Beasts and Monsters]
[File: C:\Program Files (x86)\Steam\steamapps\workshop\content\294100\3472275628\1.6\Defs\ThingDefs_Races\Animal_Taraal.xml]
[Source: Star Wars Animal Collection (Continued)]
[File: C:\Program Files (x86)\Steam\steamapps\workshop\content\294100\3497316713\1.6\Defs\ThingDefs_Races\Races_Animal_SW.xml]
[Source: Alpha Animals]
[File: C:\Program Files (x86)\Steam\steamapps\workshop\content\294100\1541721856\1.6\Defs\ThingDefs_Races\Races_Atispec.xml]
[Source: Alpha Animals]
[File: C:\Program Files (x86)\Steam\steamapps\workshop\content\294100\1541721856\1.6\Defs\ThingDefs_Races\Races_Razorjack.xml]
[Source: RimMandrake: SW — Bestiary]
[File: C:\Program Files (x86)\Steam\steamapps\common\RimWorld\Mods\SWBestiary\Defs\ThingDefs_Races\RSW_Anooba.xml]
[Source: RimMandrake: SW — Bestiary]
[File: C:\Program Files (x86)\Steam\steamapps\common\RimWorld\Mods\SWBestiary\Defs\ThingDefs_Races\RSW_Boma.xml]
[Source: RimMandrake: SW — Bestiary]
[File: C:\Program Files (x86)\Steam\steamapps\common\RimWorld\Mods\SWBestiary\Defs\ThingDefs_Races\RSW_Dactillion.xml]
[Source: RimMandrake: SW — Bestiary]
[File: C:\Program Files (x86)\Steam\steamapps\common\RimWorld\Mods\SWBestiary\Defs\ThingDefs_Races\RSW_Gutkurr.xml]
[Source: RimMandrake: SW — Bestiary]
[File: C:\Program Files (x86)\Steam\steamapps\common\RimWorld\Mods\SWBestiary\Defs\ThingDefs_Races\RSW_Hssiss.xml]
[Source: RimMandrake: SW — Bestiary]
[File: C:\Program Files (x86)\Steam\steamapps\common\RimWorld\Mods\SWBestiary\Defs\ThingDefs_Races\RSW_IridonianReek.xml]
[Source: RimMandrake: SW — Bestiary]
[File: C:\Program Files (x86)\Steam\steamapps\common\RimWorld\Mods\SWBestiary\Defs\ThingDefs_Races\RSW_Klorslug.xml]
[Source: RimMandrake: SW — Bestiary]
[File: C:\Program Files (x86)\Steam\steamapps\common\RimWorld\Mods\SWBestiary\Defs\ThingDefs_Races\RSW_KowakianMonkeyLizard.xml]
[Source: RimMandrake: SW — Bestiary]
[File: C:\Program Files (x86)\Steam\steamapps\common\RimWorld\Mods\SWBestiary\Defs\ThingDefs_Races\RSW_Massiff.xml]
[Source: RimMandrake: SW — Bestiary]
[File: C:\Program Files (x86)\Steam\steamapps\common\RimWorld\Mods\SWBestiary\Defs\ThingDefs_Races\RSW_Strill.xml]
[Source: RimMandrake: SW — Bestiary]
[File: C:\Program Files (x86)\Steam\steamapps\common\RimWorld\Mods\SWBestiary\Defs\ThingDefs_Races\RSW_TunnelSnake.xml]
[Source: RimMandrake: SW — Bestiary]
[File: C:\Program Files (x86)\Steam\steamapps\common\RimWorld\Mods\SWBestiary\Defs\ThingDefs_Races\RSW_Uvak.xml]
[Source: RimMandrake: SW — Bestiary]
[File: C:\Program Files (x86)\Steam\steamapps\common\RimWorld\Mods\SWBestiary\Defs\ThingDefs_Races\RSW_Varactyl.xml]
[Source: RimMandrake: SW — Bestiary]
[File: C:\Program Files (x86)\Steam\steamapps\common\RimWorld\Mods\SWBestiary\Defs\ThingDefs_Races\RSW_Wampa.xml]
[Source: RimMandrake: SW — Bestiary]
[File: C:\Program Files (x86)\Steam\steamapps\common\RimWorld\Mods\SWBestiary\Defs\ThingDefs_Races\RSW_Wraid.xml]
[Source: RimMandrake: SW — Bestiary]
[File: C:\Program Files (x86)\Steam\steamapps\common\RimWorld\Mods\SWBestiary\Defs\ThingDefs_Races\RSW_WraidAlpha.xml]
[Source: RimUtinni Patches (Jawa campaign)]
[File: C:\Program Files (x86)\Steam\steamapps\common\RimWorld\Mods\UtinniPatches\Defs\ThingDefs_Races\RUT_PyrelandsPortedFauna.xml]
[Def Error]: RSW_TunnelSnake
RimMandrake: SW — Bestiary\Defs\ThingDefs_Races\RSW_TunnelSnake.xml
Exception loading def from file RSW_Shokk_FeraliskBrood.xml: System.ArgumentNullException: Value cannot be null.
Parameter name: s
[Ref ACEF8EE]
 [0x00006] in <51fded79cd284d4d911c5949aff4cb21>:0 
  at System.Single.Parse (System.String s, System.IFormatProvider provider) [0x00003] in <51fded79cd284d4d911c5949aff4cb21>:0 
  at Verse.ParseHelper.ParseFloat (System.String str) [0x00006] in <61e4173561894da49d210260257b5097>:0 
  at Verse.ParseHelper.FromString[T] (System.String str) [0x00009] in <61e4173561894da49d210260257b5097>:0 
  at RimWorld.PawnGenOption.LoadDataFromXmlCustom (System.Xml.XmlNode xmlRoot) [0x00020] in <61e4173561894da49d210260257b5097>:0 
(wrapper dynamic-method) Verse.DirectXmlToObjectNew+DummyTypeToHoldDynamicMethods.ParseAndAddCustomLoadableToList_RimWorld_PawnGenOption(object,int,System.Xml.XmlNode,System.Type)
(wrapper dynamic-method) Verse.DirectXmlToObjectNew+DummyTypeToHoldDynamicMethods.ParseAndSetListField_RimWorld_PawnGenOption(object,System.Reflection.FieldInfo,System.Xml.XmlNode,System.Type)
(wrapper dynamic-method) Verse.DirectXmlToObjectNew+DummyTypeToHoldDynamicMethods.ParseAndAddComplexTypeToList_SharedBody(object,int,System.Xml.XmlNode,System.Type)
(wrapper dynamic-method) Verse.DirectXmlToObjectNew+DummyTypeToHoldDynamicMethods.ParseAndSetListField_RimWorld_PawnGroupMaker(object,System.Reflection.FieldInfo,System.Xml.XmlNode,System.Type)
(wrapper dynamic-method) Verse.DirectXmlToObjectNew+DummyTypeToHoldDynamicMethods.ParseAndReturnDef_RimWorld_FactionDef(int,int,System.Xml.XmlNode,System.Type)
  at Verse.DirectXmlToObjectNew.DefFromNodeNew (System.Xml.XmlNode node, Verse.LoadableXmlAsset loadingAsset) [0x0014c] in <61e4173561894da49d210260257b5097>:0 
    - PREFIX SmashPhil.VehicleFramework: Boolean SmashTools.Patching.Patch_XmlParsing:PreProcessAttributesOnDef(Def& __result, XmlNode node)
    - PREFIX Dubwise.DubsBadHygiene: Boolean DubsBadHygiene.DubsBadHygieneMod:Prefix(XmlNode node, LoadableXmlAsset loadingAsset, Def& __result)
    - PREFIX ordpus.logafterdeferror: Void LogAfterDefError.DirectXmlLoader_DefFromNode:Prefix(LogMessage& __state)
    - POSTFIX SmashPhil.VehicleFramework: Void SmashTools.Patching.Patch_XmlParsing:ReadCustomAttributesOnDef(XmlNode node)
    - POSTFIX ChaoticEnrico.BetterTrees.ExplicitTreeExclusions: Void BetterTrees.ExplicitTreeExclusionRegistry:RecordExclusionFromLoadedDef(XmlNode node, Def __result)
    - POSTFIX ordpus.logafterdeferror: Void LogAfterDefError.DirectXmlLoader_DefFromNode:Postfix(Def __result, LoadableXmlAsset loadingAsset, LogMessage __state)
Exception loading def from file RM_FactionDef_KurrethSwarm.xml: System.ArgumentNullException: Value cannot be null.
Parameter name: s
[Ref ACEF8EE] Duplicate stacktrace, see ref for original
XML error: <nutrition>0.05</nutrition> doesn't correspond to any field in type IngestibleProperties. Context: <ingestible><preferability>DesperateOnly</preferability><foodType>VegetableOrFruit</foodType><nutrition>0.05</nutrition></ingestible>

Possible Matches:
[Source: RimMandrake: Fever Wood]
[File: C:\Program Files (x86)\Steam\steamapps\common\RimWorld\Mods\FeverWood\Defs\ThingDefs_Items\RM_SapSuckerGuildProducts.xml]
[Source: RimMandrake: Fever Wood]
[File: C:\Program Files (x86)\Steam\steamapps\common\RimWorld\Mods\FeverWood\Defs\ThingDefs_Plants\RM_FeverWoodFlora.xml]
[Def Error]: RM_ThornbugNectar
RimMandrake: Fever Wood\Defs\ThingDefs_Items\RM_SapSuckerGuildProducts.xml
XML error: <nutrition>0.04</nutrition> doesn't correspond to any field in type IngestibleProperties. Context: <ingestible><preferability>DesperateOnly</preferability><foodType>VegetableOrFruit</foodType><nutrition>0.04</nutrition></ingestible>

Possible Matches:
[Source: RimMandrake: Fever Wood]
[File: C:\Program Files (x86)\Steam\steamapps\common\RimWorld\Mods\FeverWood\Defs\ThingDefs_Items\RM_SapSuckerGuildProducts.xml]
[Def Error]: RM_DrommathSap
RimMandrake: Fever Wood\Defs\ThingDefs_Items\RM_SapSuckerGuildProducts.xml
XML error: <nutrition>0.04</nutrition> doesn't correspond to any field in type IngestibleProperties. Context: <ingestible><preferability>DesperateOnly</preferability><foodType>VegetableOrFruit</foodType><nutrition>0.04</nutrition></ingestible>

Possible Matches:
[Source: RimMandrake: Fever Wood]
[File: C:\Program Files (x86)\Steam\steamapps\common\RimWorld\Mods\FeverWood\Defs\ThingDefs_Items\RM_SapSuckerGuildProducts.xml]
[Def Error]: RM_DrommathBurstSap
RimMandrake: Fever Wood\Defs\ThingDefs_Items\RM_SapSuckerGuildProducts.xml
Exception loading def from file RM_FeverWoodFlora.xml: System.ArgumentException: Exception parsing RimWorld.PlantPurpose from "None" ---> System.ArgumentException: 'None' is not a valid value for RimWorld.PlantPurpose. Valid values are: 
• Food
• Health
• Beauty
• Misc
 ---> System.ArgumentException: Requested value 'None' was not found.
[Ref EAB4B157]
  at System.Enum+EnumResult.SetFailure (System.Enum+ParseFailureKind failure, System.String failureMessageID, System.Object failureMessageFormatArgument) [0x00023] in <51fded79cd284d4d911c5949aff4cb21>:0 
  at System.Enum.TryParseEnum (System.Type enumType, System.String value, System.Boolean ignoreCase, System.Enum+EnumResult& parseResult) [0x0017a] in <51fded79cd284d4d911c5949aff4cb21>:0 
  at System.Enum.Parse (System.Type enumType, System.String value, System.Boolean ignoreCase) [0x00010] in <51fded79cd284d4d911c5949aff4cb21>:0 
  at System.Enum.Parse (System.Type enumType, System.String value) [0x00000] in <51fded79cd284d4d911c5949aff4cb21>:0 
  at Verse.ParseHelper.FromString (System.String str, System.Type itemType) [0x00027] in <61e4173561894da49d210260257b5097>:0 
   --- End of inner exception stack trace ---
[Ref 43602E86]
  at Verse.ParseHelper.FromString (System.String str, System.Type itemType) [0x00082] in <61e4173561894da49d210260257b5097>:0 
   --- End of inner exception stack trace ---
[Ref A8A69CCD]
  at Verse.ParseHelper.FromString (System.String str, System.Type itemType) [0x00192] in <61e4173561894da49d210260257b5097>:0 
(wrapper dynamic-method) Verse.DirectXmlToObjectNew+DummyTypeToHoldDynamicMethods.ParseAndSetComplexTypeField_RimWorld_PlantPurpose(object,System.Reflection.FieldInfo,System.Xml.XmlNode,System.Type)
(wrapper dynamic-method) Verse.DirectXmlToObjectNew+DummyTypeToHoldDynamicMethods.ParseAndSetComplexTypeField_SharedBody(object,System.Reflection.FieldInfo,System.Xml.XmlNode,System.Type)
(wrapper dynamic-method) Verse.DirectXmlToObjectNew+DummyTypeToHoldDynamicMethods.ParseAndReturnDef_Verse_ThingDef(int,int,System.Xml.XmlNode,System.Type)
  at Verse.DirectXmlToObjectNew.DefFromNodeNew (System.Xml.XmlNode node, Verse.LoadableXmlAsset loadingAsset) [0x0014c] in <61e4173561894da49d210260257b5097>:0 
    - PREFIX SmashPhil.VehicleFramework: Boolean SmashTools.Patching.Patch_XmlParsing:PreProcessAttributesOnDef(Def& __result, XmlNode node)
    - PREFIX Dubwise.DubsBadHygiene: Boolean DubsBadHygiene.DubsBadHygieneMod:Prefix(XmlNode node, LoadableXmlAsset loadingAsset, Def& __result)
    - PREFIX ordpus.logafterdeferror: Void LogAfterDefError.DirectXmlLoader_DefFromNode:Prefix(LogMessage& __state)
    - POSTFIX SmashPhil.VehicleFramework: Void SmashTools.Patching.Patch_XmlParsing:ReadCustomAttributesOnDef(XmlNode node)
    - POSTFIX ChaoticEnrico.BetterTrees.ExplicitTreeExclusions: Void BetterTrees.ExplicitTreeExclusionRegistry:RecordExclusionFromLoadedDef(XmlNode node, Def __result)
    - POSTFIX ordpus.logafterdeferror: Void LogAfterDefError.DirectXmlLoader_DefFromNode:Postfix(Def __result, LoadableXmlAsset loadingAsset, LogMessage __state)
Exception loading def from file RM_FeverWoodFlora.xml: System.ArgumentException: Exception parsing RimWorld.PlantPurpose from "None" ---> System.ArgumentException: 'None' is not a valid value for RimWorld.PlantPurpose. Valid values are: 
• Food
• Health
• Beauty
• Misc
 ---> System.ArgumentException: Requested value 'None' was not found.
[Ref EAB4B157] Duplicate stacktrace, see ref for original
   --- End of inner exception stack trace ---
[Ref 43602E86] Duplicate stacktrace, see ref for original
   --- End of inner exception stack trace ---
[Ref A8A69CCD] Duplicate stacktrace, see ref for original
Exception loading def from file RM_FeverWoodFlora.xml: System.ArgumentException: Exception parsing RimWorld.PlantPurpose from "None" ---> System.ArgumentException: 'None' is not a valid value for RimWorld.PlantPurpose. Valid values are: 
• Food
• Health
• Beauty
• Misc
 ---> System.ArgumentException: Requested value 'None' was not found.
[Ref EAB4B157] Duplicate stacktrace, see ref for original
   --- End of inner exception stack trace ---
[Ref 43602E86] Duplicate stacktrace, see ref for original
   --- End of inner exception stack trace ---
[Ref A8A69CCD] Duplicate stacktrace, see ref for original
Exception loading def from file RM_FeverWoodFlora.xml: System.ArgumentException: Exception parsing RimWorld.PlantPurpose from "None" ---> System.ArgumentException: 'None' is not a valid value for RimWorld.PlantPurpose. Valid values are: 
• Food
• Health
• Beauty
• Misc
 ---> System.ArgumentException: Requested value 'None' was not found.
[Ref EAB4B157] Duplicate stacktrace, see ref for original
   --- End of inner exception stack trace ---
[Ref 43602E86] Duplicate stacktrace, see ref for original
   --- End of inner exception stack trace ---
[Ref A8A69CCD] Duplicate stacktrace, see ref for original
XML error: <nutrition>0.05</nutrition> doesn't correspond to any field in type IngestibleProperties. Context: <ingestible><preferability>DesperateOnly</preferability><foodType>VegetableOrFruit</foodType><nutrition>0.05</nutrition></ingestible>

Possible Matches:
[Source: RimMandrake: Fever Wood]
[File: C:\Program Files (x86)\Steam\steamapps\common\RimWorld\Mods\FeverWood\Defs\ThingDefs_Items\RM_SapSuckerGuildProducts.xml]
[Source: RimMandrake: Fever Wood]
[File: C:\Program Files (x86)\Steam\steamapps\common\RimWorld\Mods\FeverWood\Defs\ThingDefs_Plants\RM_FeverWoodFlora.xml]
[Def Error]: RM_OssagrelSap
RimMandrake: Fever Wood\Defs\ThingDefs_Plants\RM_FeverWoodFlora.xml
Exception loading def from file RM_FeverWoodFlora.xml: System.ArgumentException: Exception parsing RimWorld.PlantPurpose from "None" ---> System.ArgumentException: 'None' is not a valid value for RimWorld.PlantPurpose. Valid values are: 
• Food
• Health
• Beauty
• Misc
 ---> System.ArgumentException: Requested value 'None' was not found.
[Ref EAB4B157] Duplicate stacktrace, see ref for original
   --- End of inner exception stack trace ---
[Ref 43602E86] Duplicate stacktrace, see ref for original
   --- End of inner exception stack trace ---
[Ref A8A69CCD] Duplicate stacktrace, see ref for original
Exception loading def from file RM_FeverWoodFlora.xml: System.ArgumentException: Exception parsing RimWorld.PlantPurpose from "None" ---> System.ArgumentException: 'None' is not a valid value for RimWorld.PlantPurpose. Valid values are: 
• Food
• Health
• Beauty
• Misc
 ---> System.ArgumentException: Requested value 'None' was not found.
[Ref EAB4B157] Duplicate stacktrace, see ref for original
   --- End of inner exception stack trace ---
[Ref 43602E86] Duplicate stacktrace, see ref for original
   --- End of inner exception stack trace ---
[Ref A8A69CCD] Duplicate stacktrace, see ref for original
Exception loading def from file RM_FeverWoodFlora.xml: System.ArgumentException: Exception parsing RimWorld.PlantPurpose from "None" ---> System.ArgumentException: 'None' is not a valid value for RimWorld.PlantPurpose. Valid values are: 
• Food
• Health
• Beauty
• Misc
 ---> System.ArgumentException: Requested value 'None' was not found.
[Ref EAB4B157] Duplicate stacktrace, see ref for original
   --- End of inner exception stack trace ---
[Ref 43602E86] Duplicate stacktrace, see ref for original
   --- End of inner exception stack trace ---
[Ref A8A69CCD] Duplicate stacktrace, see ref for original
Exception loading def from file RM_FeverWoodFlora.xml: System.ArgumentException: Exception parsing RimWorld.PlantPurpose from "None" ---> System.ArgumentException: 'None' is not a valid value for RimWorld.PlantPurpose. Valid values are: 
• Food
• Health
• Beauty
• Misc
 ---> System.ArgumentException: Requested value 'None' was not found.
[Ref EAB4B157] Duplicate stacktrace, see ref for original
   --- End of inner exception stack trace ---
[Ref 43602E86] Duplicate stacktrace, see ref for original
   --- End of inner exception stack trace ---
[Ref A8A69CCD] Duplicate stacktrace, see ref for original
Exception loading def from file RM_FeverWoodFlora.xml: System.ArgumentException: Exception parsing RimWorld.PlantPurpose from "None" ---> System.ArgumentException: 'None' is not a valid value for RimWorld.PlantPurpose. Valid values are: 
• Food
• Health
• Beauty
• Misc
 ---> System.ArgumentException: Requested value 'None' was not found.
[Ref EAB4B157] Duplicate stacktrace, see ref for original
   --- End of inner exception stack trace ---
[Ref 43602E86] Duplicate stacktrace, see ref for original
   --- End of inner exception stack trace ---
[Ref A8A69CCD] Duplicate stacktrace, see ref for original
Exception loading def from file RM_FeverWoodFlora.xml: System.ArgumentException: Exception parsing RimWorld.PlantPurpose from "None" ---> System.ArgumentException: 'None' is not a valid value for RimWorld.PlantPurpose. Valid values are: 
• Food
• Health
• Beauty
• Misc
 ---> System.ArgumentException: Requested value 'None' was not found.
[Ref EAB4B157] Duplicate stacktrace, see ref for original
   --- End of inner exception stack trace ---
[Ref 43602E86] Duplicate stacktrace, see ref for original
   --- End of inner exception stack trace ---
[Ref A8A69CCD] Duplicate stacktrace, see ref for original
Exception loading def from file RM_FeverWoodFlora.xml: System.ArgumentException: Exception parsing RimWorld.PlantPurpose from "None" ---> System.ArgumentException: 'None' is not a valid value for RimWorld.PlantPurpose. Valid values are: 
• Food
• Health
• Beauty
• Misc
 ---> System.ArgumentException: Requested value 'None' was not found.
[Ref EAB4B157] Duplicate stacktrace, see ref for original
   --- End of inner exception stack trace ---
[Ref 43602E86] Duplicate stacktrace, see ref for original
   --- End of inner exception stack trace ---
[Ref A8A69CCD] Duplicate stacktrace, see ref for original
Exception loading def from file RM_FeverWoodFlora.xml: System.ArgumentException: Exception parsing RimWorld.PlantPurpose from "None" ---> System.ArgumentException: 'None' is not a valid value for RimWorld.PlantPurpose. Valid values are: 
• Food
• Health
• Beauty
• Misc
 ---> System.ArgumentException: Requested value 'None' was not found.
[Ref EAB4B157] Duplicate stacktrace, see ref for original
   --- End of inner exception stack trace ---
[Ref 43602E86] Duplicate stacktrace, see ref for original
   --- End of inner exception stack trace ---
[Ref A8A69CCD] Duplicate stacktrace, see ref for original
Exception loading def from file RM_FeverWoodFlora.xml: System.ArgumentException: Exception parsing RimWorld.PlantPurpose from "None" ---> System.ArgumentException: 'None' is not a valid value for RimWorld.PlantPurpose. Valid values are: 
• Food
• Health
• Beauty
• Misc
 ---> System.ArgumentException: Requested value 'None' was not found.
[Ref EAB4B157] Duplicate stacktrace, see ref for original
   --- End of inner exception stack trace ---
[Ref 43602E86] Duplicate stacktrace, see ref for original
   --- End of inner exception stack trace ---
[Ref A8A69CCD] Duplicate stacktrace, see ref for original
Exception loading def from file RM_FeverWoodFlora.xml: System.ArgumentException: Exception parsing RimWorld.PlantPurpose from "None" ---> System.ArgumentException: 'None' is not a valid value for RimWorld.PlantPurpose. Valid values are: 
• Food
• Health
• Beauty
• Misc
 ---> System.ArgumentException: Requested value 'None' was not found.
[Ref EAB4B157] Duplicate stacktrace, see ref for original
   --- End of inner exception stack trace ---
[Ref 43602E86] Duplicate stacktrace, see ref for original
   --- End of inner exception stack trace ---
[Ref A8A69CCD] Duplicate stacktrace, see ref for original
Exception loading def from file RM_FeverWoodFlora.xml: System.ArgumentException: Exception parsing RimWorld.PlantPurpose from "None" ---> System.ArgumentException: 'None' is not a valid value for RimWorld.PlantPurpose. Valid values are: 
• Food
• Health
• Beauty
• Misc
 ---> System.ArgumentException: Requested value 'None' was not found.
[Ref EAB4B157] Duplicate stacktrace, see ref for original
   --- End of inner exception stack trace ---
[Ref 43602E86] Duplicate stacktrace, see ref for original
   --- End of inner exception stack trace ---
[Ref A8A69CCD] Duplicate stacktrace, see ref for original
Tried to use an uninitialized DefOf of type ThingDefOf. DefOfs are initialized right after all defs all loaded. Uninitialized DefOfs will return only nulls. (hint: don't use DefOfs as default field values in Defs, try to resolve them in ResolveReferences() instead)
[Def Error]: RUT_SteamCatch
RimMandrake: Terminal Biomes\Defs\ThingDefs_Buildings\RUT_SteamCatch.xml
XML error: <wildness>0.9</wildness> doesn't correspond to any field in type RaceProperties. Context: <race><renderTree>Animal</renderTree><thinkTreeMain>Animal</thinkTreeMain><thinkTreeConstant>AnimalConstant</thinkTreeConstant><hasGenders>true</hasGenders><nameGenerator>NamerAnimalGenericMale</nameGenerator><nameGeneratorFemale>NamerAnimalGenericFemale</nameGeneratorFemale><trainability>None</trainability><bloodDef>Filth_Blood</bloodDef><bloodSmearDef>Filth_BloodSmear</bloodSmearDef><canBecomeShambler>true</canBecomeShambler><hediffGiverSets><li>OrganicStandard</li></hediffGiverSets><body>QuadrupedAnimalWithHooves</body><predator>false</predator><herdAnimal>false</herdAnimal><baseBodySize>18.0</baseBodySize><baseHealthScale>20.0</baseHealthScale><baseHungerRate>0.4</baseHungerRate><foodType>VegetarianRoughAnimal</foodType><leatherDef>Leather_Heavy</leatherDef><wildness>0.9</wildness><roamMtbDays>40</roamMtbDays><manhunterOnDamageChance>0.02</manhunterOnDamageChance><lifeExpectancy>400</lifeExpectancy><gestationPeriodDays>90</gestationPeriodDays><litterSizeCurve><points><li>(0.5, 0)</li><li>(1, 1)</li><li>(1.5, 0)</li></points></litterSizeCurve><lifeStageAges><li><def>AnimalBaby</def><minAge>0</minAge></li><li><def>AnimalJuvenile</def><minAge>2</minAge></li><li><def>AnimalAdult</def><minAge>5</minAge></li></lifeStageAges><soundMeleeHitPawn>Pawn_Melee_BigBash_HitPawn</soundMeleeHitPawn><soundMeleeHitBuilding>Pawn_Melee_BigBash_HitBuilding</soundMeleeHitBuilding><soundMeleeMiss>Pawn_Melee_BigBash_Miss</soundMeleeMiss><soundEating>Muffalo_Eat</soundEating></race>

Possible Matches:
[Source: RimMandrake: Stillsand]
[File: C:\Program Files (x86)\Steam\steamapps\common\RimWorld\Mods\Stillsand\Defs\ThingDefs_Races\RM_MirrorGiant.xml]
[Def Error]: RM_MirrorGiant
RimMandrake: Stillsand\Defs\ThingDefs_Races\RM_MirrorGiant.xml
Could not find a type named RimMandrake.BlueDesert.RM_CompRuinedDetonator

Possible Matches:
[Source: RimMandrake: Structure Injections]
[File: C:\Program Files (x86)\Steam\steamapps\common\RimWorld\Mods\StructureInjections\Defs\GenStepDefs_Batch1.xml]
[Source: RimStarWars: Structure Injections]
[File: C:\Program Files (x86)\Steam\steamapps\common\RimWorld\Mods\StructureInjectionsSW\Defs\GenStepDefs_Batch2.xml]
[Source: RimStarWars: Structure Injections]
[File: C:\Program Files (x86)\Steam\steamapps\common\RimWorld\Mods\StructureInjectionsSW\Defs\GenStepDefs_Batch4.xml]
[Source: RimStarWars: Structure Injections]
[File: C:\Program Files (x86)\Steam\steamapps\common\RimWorld\Mods\StructureInjectionsSW\Defs\GenStepDefs_Batch7.xml]
[Source: RimStarWars: Structure Injections]
[File: C:\Program Files (x86)\Steam\steamapps\common\RimWorld\Mods\StructureInjectionsSW\Defs\GenStepDefs_BeastLair.xml]
[Source: RimStarWars: Structure Injections]
[File: C:\Program Files (x86)\Steam\steamapps\common\RimWorld\Mods\StructureInjectionsSW\Defs\GenStepDefs_BeastPens.xml]
[Source: RimStarWars: Structure Injections]
[File: C:\Program Files (x86)\Steam\steamapps\common\RimWorld\Mods\StructureInjectionsSW\Defs\GenStepDefs_CrashedShip.xml]
[Source: RimStarWars: Structure Injections]
[File: C:\Program Files (x86)\Steam\steamapps\common\RimWorld\Mods\StructureInjectionsSW\Defs\GenStepDefs_DeadCaravan.xml]
[Source: RimStarWars: Structure Injections]
[File: C:\Program Files (x86)\Steam\steamapps\common\RimWorld\Mods\StructureInjectionsSW\Defs\GenStepDefs_GarrisonTiny.xml]
[Source: RimStarWars: Structure Injections]
[File: C:\Program Files (x86)\Steam\steamapps\common\RimWorld\Mods\StructureInjectionsSW\Defs\GenStepDefs_MiningSite.xml]
[Source: RimStarWars: Structure Injections]
[File: C:\Program Files (x86)\Steam\steamapps\common\RimWorld\Mods\StructureInjectionsSW\Defs\GenStepDefs_MoistureFarm.xml]
[Source: RimStarWars: Structure Injections]
[File: C:\Program Files (x86)\Steam\steamapps\common\RimWorld\Mods\StructureInjectionsSW\Defs\GenStepDefs_RoadWarehouse.xml]
[Source: RimStarWars: Structure Injections]
[File: C:\Program Files (x86)\Steam\steamapps\common\RimWorld\Mods\StructureInjectionsSW\Defs\GenStepDefs_SarlaccRing.xml]
[Source: RimStarWars: Structure Injections]
[File: C:\Program Files (x86)\Steam\steamapps\common\RimWorld\Mods\StructureInjectionsSW\Defs\GenStepDefs_TradingPost.xml]
[Source: RimStarWars: Structure Injections]
[File: C:\Program Files (x86)\Steam\steamapps\common\RimWorld\Mods\StructureInjectionsSW\Defs\GenStepDefs_Whisper_Batch1.xml]
[Source: RimUtinni: Structure Injections]
[File: C:\Program Files (x86)\Steam\steamapps\common\RimWorld\Mods\StructureInjectionsRUT\Defs\GenStepDefs_Batch3.xml]
[Source: RimUtinni: Structure Injections]
[File: C:\Program Files (x86)\Steam\steamapps\common\RimWorld\Mods\StructureInjectionsRUT\Defs\GenStepDefs_Batch4.xml]
[Source: RimUtinni: Structure Injections]
[File: C:\Program Files (x86)\Steam\steamapps\common\RimWorld\Mods\StructureInjectionsRUT\Defs\GenStepDefs_Batch5.xml]
[Source: RimUtinni: Structure Injections]
[File: C:\Program Files (x86)\Steam\steamapps\common\RimWorld\Mods\StructureInjectionsRUT\Defs\GenStepDefs_Batch6.xml]
[Source: RimUtinni: Structure Injections]
[File: C:\Program Files (x86)\Steam\steamapps\common\RimWorld\Mods\StructureInjectionsRUT\Defs\GenStepDefs_Batch7.xml]
[Source: RimUtinni: Structure Injections]
[File: C:\Program Files (x86)\Steam\steamapps\common\RimWorld\Mods\StructureInjectionsRUT\Defs\GenStepDefs_Batch8.xml]
[Source: RimUtinni: Structure Injections]
[File: C:\Program Files (x86)\Steam\steamapps\common\RimWorld\Mods\StructureInjectionsRUT\Defs\GenStepDefs_Homestead.xml]
[Source: RimUtinni: Structure Injections]
[File: C:\Program Files (x86)\Steam\steamapps\common\RimWorld\Mods\StructureInjectionsRUT\Defs\GenStepDefs_MoistureFarm.xml]
[Source: RimUtinni: Structure Injections]
[File: C:\Program Files (x86)\Steam\steamapps\common\RimWorld\Mods\StructureInjectionsRUT\Defs\GenStepDefs_Whisper_Batch1.xml]
[Source: RimUtinni: Structure Injections]
[File: C:\Program Files (x86)\Steam\steamapps\common\RimWorld\Mods\StructureInjectionsRUT\Defs\GenStepDefs_Whisper_Batch2.xml]
[Source: RimUtinni: Structure Injections]
[File: C:\Program Files (x86)\Steam\steamapps\common\RimWorld\Mods\StructureInjectionsRUT\Defs\GenStepDefs_Whisper_Batch3.xml]
[Source: RimUtinni: Structure Injections]
[File: C:\Program Files (x86)\Steam\steamapps\common\RimWorld\Mods\StructureInjectionsRUT\Defs\GenStepDefs_Whisper_Batch4.xml]
[Source: RimUtinni: Structure Injections]
[File: C:\Program Files (x86)\Steam\steamapps\common\RimWorld\Mods\StructureInjectionsRUT\Defs\Ashfall\ThingDefs_Items\RUT_RakatanCommandCodes.xml]
[Source: RimUtinni: Structure Injections]
[File: C:\Program Files (x86)\Steam\steamapps\common\RimWorld\Mods\StructureInjectionsRUT\Defs\WarLab\ThingDefs_Buildings\RUT_WarLabReactorCore.xml]
[Source: RimMandrake: Graffiti Framework]
[File: C:\Program Files (x86)\Steam\steamapps\common\RimWorld\Mods\Graffiti\Defs\JobDefs_Graffiti.xml]
[Source: RimMandrake: Graffiti Framework]
[File: C:\Program Files (x86)\Steam\steamapps\common\RimWorld\Mods\Graffiti\Defs\JoyGiverDefs_Graffiti.xml]
[Source: RimMandrake: Graffiti Framework]
[File: C:\Program Files (x86)\Steam\steamapps\common\RimWorld\Mods\Graffiti\Defs\MentalStateDefs_Graffiti.xml]
[Source: RimMandrake: Graffiti Framework]
[File: C:\Program Files (x86)\Steam\steamapps\common\RimWorld\Mods\Graffiti\Defs\ThingDefs_Graffiti.xml]
[Source: RimMandrake: Graffiti Framework]
[File: C:\Program Files (x86)\Steam\steamapps\common\RimWorld\Mods\Graffiti\Defs\ThingDefs_GraffitiMemeGlyphs.xml]
[Source: RimMandrake: Graffiti Framework]
[File: C:\Program Files (x86)\Steam\steamapps\common\RimWorld\Mods\Graffiti\Defs\ThinkTreeDefs_Graffiti.xml]
[Source: RimMandrake: Graffiti Framework]
[File: C:\Program Files (x86)\Steam\steamapps\common\RimWorld\Mods\Graffiti\Defs\WorkGiverDefs_Graffiti.xml]
[Source: RimMandrake Sacred Marks]
[File: C:\Program Files (x86)\Steam\steamapps\common\RimWorld\Mods\SacredGraffiti\Defs\RitualOutcomeEffects.xml]
[Source: RimMandrake Sacred Marks]
[File: C:\Program Files (x86)\Steam\steamapps\common\RimWorld\Mods\SacredGraffiti\Defs\SacredMarks.xml]
[Source: RimMandrake Sacred Marks]
[File: C:\Program Files (x86)\Steam\steamapps\common\RimWorld\Mods\SacredGraffiti\Defs\ThoughtDefs_SacredMarks.xml]
[Source: Inhabited (local)]
[File: C:\Program Files (x86)\Steam\steamapps\common\RimWorld\Mods\Inhabited\Defs\CastRosters\CastRoster_BLACKSTAR.xml]
[Source: Inhabited (local)]
[File: C:\Program Files (x86)\Steam\steamapps\common\RimWorld\Mods\Inhabited\Defs\CastRosters\CastRoster_DEEPWATER.xml]
[Source: Inhabited (local)]
[File: C:\Program Files (x86)\Steam\steamapps\common\RimWorld\Mods\Inhabited\Defs\CastRosters\CastRoster_DROIDS.xml]
[Source: Inhabited (local)]
[File: C:\Program Files (x86)\Steam\steamapps\common\RimWorld\Mods\Inhabited\Defs\CastRosters\CastRoster_EMPIRE.xml]
[Source: Inhabited (local)]
[File: C:\Program Files (x86)\Steam\steamapps\common\RimWorld\Mods\Inhabited\Defs\CastRosters\CastRoster_GEONOSIAN.xml]
[Source: Inhabited (local)]
[File: C:\Program Files (x86)\Steam\steamapps\common\RimWorld\Mods\Inhabited\Defs\CastRosters\CastRoster_HELIX.xml]
[Source: Inhabited (local)]
[File: C:\Program Files (x86)\Steam\steamapps\common\RimWorld\Mods\Inhabited\Defs\CastRosters\CastRoster_HOMESTEAD.xml]
[Source: Inhabited (local)]
[File: C:\Program Files (x86)\Steam\steamapps\common\RimWorld\Mods\Inhabited\Defs\CastRosters\CastRoster_HUTT.xml]
[Source: Inhabited (local)]
[File: C:\Program Files (x86)\Steam\steamapps\common\RimWorld\Mods\Inhabited\Defs\CastRosters\CastRoster_JAWA.xml]
[Source: Inhabited (local)]
[File: C:\Program Files (x86)\Steam\steamapps\common\RimWorld\Mods\Inhabited\Defs\CastRosters\CastRoster_JUNKERS.xml]
[Source: Inhabited (local)]
[File: C:\Program Files (x86)\Steam\steamapps\common\RimWorld\Mods\Inhabited\Defs\CastRosters\CastRoster_TUSKEN.xml]
[Source: Inhabited (local)]
[File: C:\Program Files (x86)\Steam\steamapps\common\RimWorld\Mods\Inhabited\Defs\CastRosters\CastRoster_WILDSTEAM.xml]
[Source: Inhabited (local)]
[File: C:\Program Files (x86)\Steam\steamapps\common\RimWorld\Mods\Inhabited\Defs\DutyDefs\Duties_Inhabited.xml]
[Source: Inhabited (local)]
[File: C:\Program Files (x86)\Steam\steamapps\common\RimWorld\Mods\Inhabited\Defs\GenStepDefs\GenSteps_Inhabited.xml]
[Source: Inhabited (local)]
[File: C:\Program Files (x86)\Steam\steamapps\common\RimWorld\Mods\Inhabited\Defs\GenStepDefs\GenSteps_InhabitedSettlement.xml]
[Source: Inhabited (local)]
[File: C:\Program Files (x86)\Steam\steamapps\common\RimWorld\Mods\Inhabited\Defs\PlaceDefs\Places_Inhabited.xml]
[Source: Inhabited (local)]
[File: C:\Program Files (x86)\Steam\steamapps\common\RimWorld\Mods\Inhabited\Defs\WorldObjectDefs\WorldObjects_Inhabited.xml]
[Source: Inhabited (local)]
[File: C:\Program Files (x86)\Steam\steamapps\common\RimWorld\Mods\Inhabited\Defs\WorldObjectDefs\WorldObjects_InhabitedSettlement.xml]
[Source: RimMandrake: Utinni — Inhabited (Ash'karr)]
[File: C:\Program Files (x86)\Steam\steamapps\common\RimWorld\Mods\AshkarrInhabited\Defs\SecurityProfileDefs\SecurityProfileDefs_District2.xml]
[Source: RimMandrake: Utinni — Inhabited (Ash'karr)]
[File: C:\Program Files (x86)\Steam\steamapps\common\RimWorld\Mods\AshkarrInhabited\Defs\SecurityProfileDefs\SecurityProfileDefs_Junkers.xml]
[Source: RimMandrake: Utinni — Inhabited (Ash'karr)]
[File: C:\Program Files (x86)\Steam\steamapps\common\RimWorld\Mods\AshkarrInhabited\Defs\SettlementManifestDefs\SettlementManifestDefs_DeepwaterHold.xml]
[Source: RimMandrake: Utinni — Inhabited (Ash'karr)]
[File: C:\Program Files (x86)\Steam\steamapps\common\RimWorld\Mods\AshkarrInhabited\Defs\SettlementManifestDefs\SettlementManifestDefs_GorgaPalace.xml]
[Source: RimMandrake: Utinni — Inhabited (Ash'karr)]
[File: C:\Program Files (x86)\Steam\steamapps\common\RimWorld\Mods\AshkarrInhabited\Defs\SettlementManifestDefs\SettlementManifestDefs_TheClaimJump.xml]
[Source: RimMandrake: Utinni — Inhabited (Ash'karr)]
[File: C:\Program Files (x86)\Steam\steamapps\common\RimWorld\Mods\AshkarrInhabited\Defs\SettlementManifestDefs\SettlementManifestDefs_TheCrackingYard.xml]
[Source: Jawa Scavenger Events]
[File: C:\Program Files (x86)\Steam\steamapps\common\RimWorld\Mods\ScavengerEvents\Defs\IncidentDefs\ScavengerEvents_IncidentDefs.xml]
[Source: RimStarWars: Cuisine]
[File: C:\Program Files (x86)\Steam\steamapps\common\RimWorld\Mods\Cuisine\Defs\RecipeDefs_Cuisine.xml]
[Source: RimStarWars: Cuisine]
[File: C:\Program Files (x86)\Steam\steamapps\common\RimWorld\Mods\Cuisine\Defs\ThingDefs_Cuisine.xml]
[Source: RimMandrake: Environmental Hazards Kit]
[File: C:\Program Files (x86)\Steam\steamapps\common\RimWorld\Mods\EnvironmentalHazards\Defs\DutyDefs\RM_AnchorGuard.xml]
[Source: RimMandrake: Environmental Hazards Kit]
[File: C:\Program Files (x86)\Steam\steamapps\common\RimWorld\Mods\EnvironmentalHazards\Defs\JobDefs\RM_JobDefs_DisarmLotteryTrap.xml]
[Source: RimMandrake: Environmental Hazards Kit]
[File: C:\Program Files (x86)\Steam\steamapps\common\RimWorld\Mods\EnvironmentalHazards\Defs\JobDefs\RM_JobDefs_StationEater.xml]
[Source: RimMandrake: Environmental Hazards Kit]
[File: C:\Program Files (x86)\Steam\steamapps\common\RimWorld\Mods\EnvironmentalHazards\Defs\JobDefs\RM_JobDefs_TreeFall.xml]
[Source: RimMandrake: Environmental Hazards Kit]
[File: C:\Program Files (x86)\Steam\steamapps\common\RimWorld\Mods\EnvironmentalHazards\Defs\JobDefs\RM_JobDefs_WorkLottery.xml]
[Source: RimMandrake: Environmental Hazards Kit]
[File: C:\Program Files (x86)\Steam\steamapps\common\RimWorld\Mods\EnvironmentalHazards\Defs\MentalStateDefs\RM_MentalStates_WaterTruce.xml]
[Source: RimMandrake: Environmental Hazards Kit]
[File: C:\Program Files (x86)\Steam\steamapps\common\RimWorld\Mods\EnvironmentalHazards\Defs\ThingDefs\RM_GasBases.xml]
[Source: RimMandrake: Environmental Hazards Kit]
[File: C:\Program Files (x86)\Steam\steamapps\common\RimWorld\Mods\EnvironmentalHazards\Defs\ThingDefs_Buildings\RM_FlameStatuary.xml]
[Source: RimMandrake: Environmental Hazards Kit]
[File: C:\Program Files (x86)\Steam\steamapps\common\RimWorld\Mods\EnvironmentalHazards\Defs\ThingDefs_Plants\RM_Venomvine.xml]
[Source: RimMandrake: Environmental Hazards Kit]
[File: C:\Program Files (x86)\Steam\steamapps\common\RimWorld\Mods\EnvironmentalHazards\Defs\ThinkTreeDefs\RM_ThinkTree_AnchorBehaviors.xml]
[Source: RimMandrake: Environmental Hazards Kit]
[File: C:\Program Files (x86)\Steam\steamapps\common\RimWorld\Mods\EnvironmentalHazards\Defs\ThinkTreeDefs\RM_ThinkTree_StrandingBehaviors.xml]
[Source: RimMandrake: Environmental Hazards Kit]
[File: C:\Program Files (x86)\Steam\steamapps\common\RimWorld\Mods\EnvironmentalHazards\Defs\WorkGiverDefs\RM_WorkGiverDefs_DisarmLotteryTrap.xml]
[Source: RimMandrake: Environmental Hazards Kit]
[File: C:\Program Files (x86)\Steam\steamapps\common\RimWorld\Mods\EnvironmentalHazards\Defs\WorkGiverDefs\RM_WorkGiverDefs_WorkLottery.xml]
[Source: RimMandrake: SW — Weather Suite]
[File: C:\Program Files (x86)\Steam\steamapps\common\RimWorld\Mods\WeatherSuite\Defs\GameConditionDefs\GameConditionDefs_DarkAurora.xml]
[Source: RimMandrake: SW — Weather Suite]
[File: C:\Program Files (x86)\Steam\steamapps\common\RimWorld\Mods\WeatherSuite\Defs\IncidentDefs\IncidentDefs_DarkAurora.xml]
[Source: RimMandrake: SW — Weather Suite]
[File: C:\Program Files (x86)\Steam\steamapps\common\RimWorld\Mods\WeatherSuite\Defs\ThingDefs_Buildings\ThingDefs_WeatherInstrument.xml]
[Source: RimMandrake: The Rot]
[File: C:\Program Files (x86)\Steam\steamapps\common\RimWorld\Mods\TheRot\Defs\BiomeDefs\RM_TheRot_Biome.xml]
[Source: RimMandrake: The Rot]
[File: C:\Program Files (x86)\Steam\steamapps\common\RimWorld\Mods\TheRot\Defs\GameConditionDefs\RM_RotSporeKit_SporeCloud.xml]
[Source: RimMandrake: The Rot]
[File: C:\Program Files (x86)\Steam\steamapps\common\RimWorld\Mods\TheRot\Defs\GameConditionDefs\RM_SheenExposureLock.xml]
[Source: RimMandrake: The Rot]
[File: C:\Program Files (x86)\Steam\steamapps\common\RimWorld\Mods\TheRot\Defs\HediffDefs\RM_RotSporeKit_LivePrepHediffs.xml]
[Source: RimMandrake: The Rot]
[File: C:\Program Files (x86)\Steam\steamapps\common\RimWorld\Mods\TheRot\Defs\HediffDefs\RM_RotSporeKit_SheenHediffs.xml]
[Source: RimMandrake: The Rot]
[File: C:\Program Files (x86)\Steam\steamapps\common\RimWorld\Mods\TheRot\Defs\Misc\RM_RotSporeKit_TreasureConscience.xml]
[Source: RimMandrake: The Rot]
[File: C:\Program Files (x86)\Steam\steamapps\common\RimWorld\Mods\TheRot\Defs\ThingDefs_Items\RM_RotSporeKit_GuardianGroves_Ingredients.xml]
[Source: RimMandrake: The Rot]
[File: C:\Program Files (x86)\Steam\steamapps\common\RimWorld\Mods\TheRot\Defs\ThingDefs_Items\RM_RotSporeKit_LivePreparations.xml]
[Source: RimMandrake: The Rot]
[File: C:\Program Files (x86)\Steam\steamapps\common\RimWorld\Mods\TheRot\Defs\ThingDefs_Plants\RM_RotSporeKit_GuardianGroves.xml]
[Source: RimMandrake - Star Wars Races]
[File: C:\Program Files (x86)\Steam\steamapps\common\RimWorld\Mods\StarWarsRaces\Defs\GeneDefs\Jawa_EyeColours.xml]
[Source: RimMandrake - Star Wars Races]
[File: C:\Program Files (x86)\Steam\steamapps\common\RimWorld\Mods\StarWarsRaces\Defs\GeneDefs\SW_Genes.xml]
[Source: RimMandrake - Star Wars Races]
[File: C:\Program Files (x86)\Steam\steamapps\common\RimWorld\Mods\StarWarsRaces\Defs\HeadTypeDefs\DesertWraps_DevolvedNomadHeads.xml]
[Source: RimMandrake - Star Wars Races]
[File: C:\Program Files (x86)\Steam\steamapps\common\RimWorld\Mods\StarWarsRaces\Defs\HeadTypeDefs\SW_HeadTypes.xml]
[Source: RimMandrake - Star Wars Races]
[File: C:\Program Files (x86)\Steam\steamapps\common\RimWorld\Mods\StarWarsRaces\Defs\Misc\SW_Categories.xml]
[Source: RimMandrake - Star Wars Races]
[File: C:\Program Files (x86)\Steam\steamapps\common\RimWorld\Mods\StarWarsRaces\Defs\Misc\SW_Support.xml]
[Source: RimMandrake - Star Wars Races]
[File: C:\Program Files (x86)\Steam\steamapps\common\RimWorld\Mods\StarWarsRaces\Defs\PawnKindDefs\RimMandrakePawnKinds.xml]
[Source: RimMandrake - Star Wars Races]
[File: C:\Program Files (x86)\Steam\steamapps\common\RimWorld\Mods\StarWarsRaces\Defs\PawnKindDefs\SW_RescuedKinds.xml]
[Source: RimMandrake - Star Wars Races]
[File: C:\Program Files (x86)\Steam\steamapps\common\RimWorld\Mods\StarWarsRaces\Defs\RulePackDefs\SW_NameMakers.xml]
[Source: RimMandrake - Star Wars Races]
[File: C:\Program Files (x86)\Steam\steamapps\common\RimWorld\Mods\StarWarsRaces\Defs\XenotypeDefs\MandrakeJawaXenotype.xml]
[Source: RimMandrake - Star Wars Races]
[File: C:\Program Files (x86)\Steam\steamapps\common\RimWorld\Mods\StarWarsRaces\Defs\XenotypeDefs\RimMandrakeXenotypes.xml]
[Source: RimMandrake: Creature Behaviors]
[File: C:\Program Files (x86)\Steam\steamapps\common\RimWorld\Mods\CreatureBehaviors\Defs\HediffDefs\RM_Drained_Hediffs.xml]
[Source: RimMandrake: Creature Behaviors]
[File: C:\Program Files (x86)\Steam\steamapps\common\RimWorld\Mods\CreatureBehaviors\Defs\HediffDefs\RM_Grapple_Hediffs.xml]
[Source: RimMandrake: Creature Behaviors]
[File: C:\Program Files (x86)\Steam\steamapps\common\RimWorld\Mods\CreatureBehaviors\Defs\HediffDefs\RM_HeatDrivenBurst_Hediffs.xml]
[Source: RimMandrake: Creature Behaviors]
[File: C:\Program Files (x86)\Steam\steamapps\common\RimWorld\Mods\CreatureBehaviors\Defs\JobDefs\RM_JobDefs.xml]
[Source: RimMandrake: Creature Behaviors]
[File: C:\Program Files (x86)\Steam\steamapps\common\RimWorld\Mods\CreatureBehaviors\Defs\MentalStateDefs\RM_ParentalEnrage_MentalStates.xml]
[Source: RimMandrake: Creature Behaviors]
[File: C:\Program Files (x86)\Steam\steamapps\common\RimWorld\Mods\CreatureBehaviors\Defs\MentalStateDefs\RM_SwarmAggression_MentalStates.xml]
[Source: RimMandrake: Creature Behaviors]
[File: C:\Program Files (x86)\Steam\steamapps\common\RimWorld\Mods\CreatureBehaviors\Defs\ThinkTreeDefs\RM_ThinkTree_ChewAnchors.xml]
[Source: RimMandrake: Creature Behaviors]
[File: C:\Program Files (x86)\Steam\steamapps\common\RimWorld\Mods\CreatureBehaviors\Defs\ThinkTreeDefs\RM_ThinkTree_ShadeSeekingWander.xml]
[Source: RimMandrake: Creature Behaviors]
[File: C:\Program Files (x86)\Steam\steamapps\common\RimWorld\Mods\CreatureBehaviors\Defs\ThinkTreeDefs\RM_ThinkTree_VerminBehaviors.xml]
[Source: RimMandrake: SW — Bestiary]
[File: C:\Program Files (x86)\Steam\steamapps\common\RimWorld\Mods\SWBestiary\Defs\DesertPort\RSW_DesertPortMechanics.xml]
[Source: RimMandrake: SW — Bestiary]
[File: C:\Program Files (x86)\Steam\steamapps\common\RimWorld\Mods\SWBestiary\Defs\DesertPort\RSW_DesertPortMisc_Races.xml]
[Source: RimMandrake: SW — Bestiary]
[File: C:\Program Files (x86)\Steam\steamapps\common\RimWorld\Mods\SWBestiary\Defs\ScrapNest\RSW_ScrapNest.xml]
[Source: RimMandrake: SW — Bestiary]
[File: C:\Program Files (x86)\Steam\steamapps\common\RimWorld\Mods\SWBestiary\Defs\ThingDefs_Races\RSW_Drazzik.xml]
[Source: RimMandrake: SW — Bestiary]
[File: C:\Program Files (x86)\Steam\steamapps\common\RimWorld\Mods\SWBestiary\Defs\ThingDefs_Races\RSW_ScrapNestBird.xml]
[Source: RimMandrake: SW — Bestiary]
[File: C:\Program Files (x86)\Steam\steamapps\common\RimWorld\Mods\SWBestiary\Defs\ThingDefs_Races\RSW_ShadeWhale.xml]
[Source: RimMandrake: SW — Bestiary]
[File: C:\Program Files (x86)\Steam\steamapps\common\RimWorld\Mods\SWBestiary\Defs\ThingDefs_Races\RSW_ShrublandGiant.xml]
[Source: RimMandrake: SW — Bestiary]
[File: C:\Program Files (x86)\Steam\steamapps\common\RimWorld\Mods\SWBestiary\Defs\ThingDefs_Races\RSW_WraidAlpha.xml]
[Source: RimMandrake: SW — Bestiary]
[File: C:\Program Files (x86)\Steam\steamapps\common\RimWorld\Mods\SWBestiary\Defs\BiomesTeamPort\ThingDefs_Races\RSW_BiomesTeamPort_Races.xml]
[Source: RimMandrake: SW — Bestiary]
[File: C:\Program Files (x86)\Steam\steamapps\common\RimWorld\Mods\SWBestiary\Defs\JawaIkee\ThoughtDefs\Thought_IkeeWatching.xml]
[Source: RimMandrake: SW — Bestiary]
[File: C:\Program Files (x86)\Steam\steamapps\common\RimWorld\Mods\SWBestiary\Defs\Livestock\ThingDefs_Animals\ThingDefs_ForsakenCrags.xml]
[Source: RimMandrake: SW — Bestiary]
[File: C:\Program Files (x86)\Steam\steamapps\common\RimWorld\Mods\SWBestiary\Defs\Livestock\ThingDefs_Animals\ThingDefs_Moornak.xml]
[Source: RimMandrake: SW — Bestiary]
[File: C:\Program Files (x86)\Steam\steamapps\common\RimWorld\Mods\SWBestiary\Defs\Livestock\ThingDefs_Animals\ThingDefs_Onnik.xml]
[Source: RimMandrake: SW — Gizka Stowaway]
[File: C:\Program Files (x86)\Steam\steamapps\common\RimWorld\Mods\GizkaStowaway\Defs\HediffDefs\RSW_GizkaHediffs.xml]
[Source: RimMandrake: Greentide]
[File: C:\Program Files (x86)\Steam\steamapps\common\RimWorld\Mods\Greentide\Defs\BiomeDefs\RM_Greentide_Biome.xml]
[Source: RimMandrake: Greentide]
[File: C:\Program Files (x86)\Steam\steamapps\common\RimWorld\Mods\Greentide\Defs\DamageDefs\RM_Skerrel_Combat.xml]
[Source: RimMandrake: Greentide]
[File: C:\Program Files (x86)\Steam\steamapps\common\RimWorld\Mods\Greentide\Defs\IncidentDefs\RM_Greentide_FrenzyIncident.xml]
[Source: RimMandrake: Greentide]
[File: C:\Program Files (x86)\Steam\steamapps\common\RimWorld\Mods\Greentide\Defs\JobDefs\RM_Greentide_JobDefs.xml]
[Source: RimMandrake: Greentide]
[File: C:\Program Files (x86)\Steam\steamapps\common\RimWorld\Mods\Greentide\Defs\TerrainDefs\RM_Churnmud_Terrains.xml]
[Source: RimMandrake: Greentide]
[File: C:\Program Files (x86)\Steam\steamapps\common\RimWorld\Mods\Greentide\Defs\ThingDefs\RM_Frenzy_Items.xml]
[Source: RimMandrake: Greentide]
[File: C:\Program Files (x86)\Steam\steamapps\common\RimWorld\Mods\Greentide\Defs\ThingDefs\RM_SkerrelGall.xml]
[Source: RimMandrake: Greentide]
[File: C:\Program Files (x86)\Steam\steamapps\common\RimWorld\Mods\Greentide\Defs\ThingDefs\RM_StenchGrenade_Items.xml]
[Source: RimMandrake: Greentide]
[File: C:\Program Files (x86)\Steam\steamapps\common\RimWorld\Mods\Greentide\Defs\ThingDefs_Plants\RM_Greatbole.xml]
[Source: RimMandrake: Greentide]
[File: C:\Program Files (x86)\Steam\steamapps\common\RimWorld\Mods\Greentide\Defs\ThingDefs_Plants\RM_Greentide_TreeRoster.xml]
[Source: RimMandrake: Greentide]
[File: C:\Program Files (x86)\Steam\steamapps\common\RimWorld\Mods\Greentide\Defs\ThingDefs_Races\RM_GreatboleGrub.xml]
[Source: RimMandrake: Greentide]
[File: C:\Program Files (x86)\Steam\steamapps\common\RimWorld\Mods\Greentide\Defs\WorkGiverDefs\RM_Greentide_WorkGivers.xml]
[Source: RimMandrake: Fever Wood]
[File: C:\Program Files (x86)\Steam\steamapps\common\RimWorld\Mods\FeverWood\Defs\BiomeDefs\RM_FeverWood.xml]
[Source: RimMandrake: Fever Wood]
[File: C:\Program Files (x86)\Steam\steamapps\common\RimWorld\Mods\FeverWood\Defs\IncidentDefs\RUT_FeverWood_MirrorBreak.xml]
[Source: RimMandrake: Fever Wood]
[File: C:\Program Files (x86)\Steam\steamapps\common\RimWorld\Mods\FeverWood\Defs\JobDefs\RM_FeverWood_TwoFrontLureJobDefs.xml]
[Source: RimMandrake: Fever Wood]
[File: C:\Program Files (x86)\Steam\steamapps\common\RimWorld\Mods\FeverWood\Defs\MapGeneration\RM_FeverWood_AntHiveGenStep.xml]
[Source: RimMandrake: Fever Wood]
[File: C:\Program Files (x86)\Steam\steamapps\common\RimWorld\Mods\FeverWood\Defs\MapGeneration\RUT_FeverWood_GroundRefusalGenStep.xml]
[Source: RimMandrake: Fever Wood]
[File: C:\Program Files (x86)\Steam\steamapps\common\RimWorld\Mods\FeverWood\Defs\MapGeneration\RUT_FeverWood_ScatterPoolsGenStep.xml]
[Source: RimMandrake: Fever Wood]
[File: C:\Program Files (x86)\Steam\steamapps\common\RimWorld\Mods\FeverWood\Defs\TerrainDefs\RUT_FeverWoodMirrorPool.xml]
[Source: RimMandrake: Fever Wood]
[File: C:\Program Files (x86)\Steam\steamapps\common\RimWorld\Mods\FeverWood\Defs\ThingDefs_Buildings\RM_LureStake.xml]
[Source: RimMandrake: Fever Wood]
[File: C:\Program Files (x86)\Steam\steamapps\common\RimWorld\Mods\FeverWood\Defs\ThingDefs_Buildings\RM_SekkulaathTank.xml]
[Source: RimMandrake: Fever Wood]
[File: C:\Program Files (x86)\Steam\steamapps\common\RimWorld\Mods\FeverWood\Defs\ThingDefs_Buildings\RM_Sekkulaath_Tentacles.xml]
[Source: RimMandrake: Fever Wood]
[File: C:\Program Files (x86)\Steam\steamapps\common\RimWorld\Mods\FeverWood\Defs\ThingDefs_Buildings\RUT_FeverTrunkCore.xml]
[Source: RimMandrake: Fever Wood]
[File: C:\Program Files (x86)\Steam\steamapps\common\RimWorld\Mods\FeverWood\Defs\ThingDefs_Items\RUT_FeverWood_MirrorList.xml]
[Source: RimMandrake: Fever Wood]
[File: C:\Program Files (x86)\Steam\steamapps\common\RimWorld\Mods\FeverWood\Defs\ThingDefs_Races\RM_SapSuckerGuild.xml]
[Source: RimMandrake: Fever Wood]
[File: C:\Program Files (x86)\Steam\steamapps\common\RimWorld\Mods\FeverWood\Defs\ThingDefs_Races\RM_Sekkulaath_Juvenile.xml]
[Source: RimMandrake: Fever Wood]
[File: C:\Program Files (x86)\Steam\steamapps\common\RimWorld\Mods\FeverWood\Defs\WorkGiverDefs\RM_FeverWood_TwoFrontLureWorkGivers.xml]
[Source: RimMandrake: Luminous Pigment]
[File: C:\Program Files (x86)\Steam\steamapps\common\RimWorld\Mods\LuminousPigment\Defs\GenStepDefs\RM_GenStep_ShoreMats.xml]
[Source: RimMandrake: Luminous Pigment]
[File: C:\Program Files (x86)\Steam\steamapps\common\RimWorld\Mods\LuminousPigment\Defs\HediffDefs\RM_DeepfireGlowHediffs.xml]
[Source: RimMandrake: Luminous Pigment]
[File: C:\Program Files (x86)\Steam\steamapps\common\RimWorld\Mods\LuminousPigment\Defs\RecipeDefs\RM_RecipeDeepfireMeals.xml]
[Source: RimMandrake: Luminous Pigment]
[File: C:\Program Files (x86)\Steam\steamapps\common\RimWorld\Mods\LuminousPigment\Defs\ThingDefs_Buildings\RM_GlowTank.xml]
[Source: RimMandrake: Luminous Pigment]
[File: C:\Program Files (x86)\Steam\steamapps\common\RimWorld\Mods\LuminousPigment\Defs\ThingDefs_Items\RM_CrowncarpetFresh.xml]
[Source: RimMandrake: Luminous Pigment]
[File: C:\Program Files (x86)\Steam\steamapps\common\RimWorld\Mods\LuminousPigment\Defs\ThingDefs_Items\RM_MealDeepfire.xml]
[Source: RimMandrake: Luminous Pigment]
[File: C:\Program Files (x86)\Steam\steamapps\common\RimWorld\Mods\LuminousPigment\Defs\ThingDefs_Plants\RM_Crowncarpet.xml]
[Source: RimMandrake: Luminous Pigment]
[File: C:\Program Files (x86)\Steam\steamapps\common\RimWorld\Mods\LuminousPigment\Defs\ThoughtDefs\RM_SumptuaryThoughts.xml]
[Source: RimMandrake: Terminal Biomes]
[File: C:\Program Files (x86)\Steam\steamapps\common\RimWorld\Mods\TerminalBiomes\Defs\BiomeDefs\RM_GreySea.xml]
[Source: RimMandrake: Terminal Biomes]
[File: C:\Program Files (x86)\Steam\steamapps\common\RimWorld\Mods\TerminalBiomes\Defs\BiomeDefs\RM_PropaneLake.xml]
[Source: RimMandrake: Terminal Biomes]
[File: C:\Program Files (x86)\Steam\steamapps\common\RimWorld\Mods\TerminalBiomes\Defs\BiomeDefs\RM_TheScald.xml]
[Source: RimMandrake: Terminal Biomes]
[File: C:\Program Files (x86)\Steam\steamapps\common\RimWorld\Mods\TerminalBiomes\Defs\BiomeDefs\RM_TwilightSea.xml]
[Source: RimMandrake: Terminal Biomes]
[File: C:\Program Files (x86)\Steam\steamapps\common\RimWorld\Mods\TerminalBiomes\Defs\GameConditionDefs\RUT_ScaldSteamCarrier.xml]
[Source: RimMandrake: Terminal Biomes]
[File: C:\Program Files (x86)\Steam\steamapps\common\RimWorld\Mods\TerminalBiomes\Defs\GameConditionDefs\RUT_ScaldSteamLock.xml]
[Source: RimMandrake: Terminal Biomes]
[File: C:\Program Files (x86)\Steam\steamapps\common\RimWorld\Mods\TerminalBiomes\Defs\HediffDefs\RUT_ScaldExposure.xml]
[Source: RimMandrake: Terminal Biomes]
[File: C:\Program Files (x86)\Steam\steamapps\common\RimWorld\Mods\TerminalBiomes\Defs\IncidentDefs\RUT_SteamDevilAppears.xml]
[Source: RimMandrake: Terminal Biomes]
[File: C:\Program Files (x86)\Steam\steamapps\common\RimWorld\Mods\TerminalBiomes\Defs\IncidentDefs\RUT_WalkerSurfacing.xml]
[Source: RimMandrake: Terminal Biomes]
[File: C:\Program Files (x86)\Steam\steamapps\common\RimWorld\Mods\TerminalBiomes\Defs\MapGeneration\RUT_ScaldSailScatterer.xml]
[Source: RimMandrake: Terminal Biomes]
[File: C:\Program Files (x86)\Steam\steamapps\common\RimWorld\Mods\TerminalBiomes\Defs\MapGeneration\RUT_ScaldWreckScatter.xml]
[Source: RimMandrake: Terminal Biomes]
[File: C:\Program Files (x86)\Steam\steamapps\common\RimWorld\Mods\TerminalBiomes\Defs\ThingDefs_Buildings\RM_BrineElder.xml]
[Source: RimMandrake: Terminal Biomes]
[File: C:\Program Files (x86)\Steam\steamapps\common\RimWorld\Mods\TerminalBiomes\Defs\ThingDefs_Buildings\RUT_ScaldVent.xml]
[Source: RimMandrake: Terminal Biomes]
[File: C:\Program Files (x86)\Steam\steamapps\common\RimWorld\Mods\TerminalBiomes\Defs\ThingDefs_Buildings\RUT_SteamCatch.xml]
[Source: RimMandrake: Terminal Biomes]
[File: C:\Program Files (x86)\Steam\steamapps\common\RimWorld\Mods\TerminalBiomes\Defs\ThingDefs_Misc\RUT_SteamDevil.xml]
[Source: RimMandrake: Terminal Biomes]
[File: C:\Program Files (x86)\Steam\steamapps\common\RimWorld\Mods\TerminalBiomes\Defs\ThingDefs_Plants\RM_GreySeaFlora.xml]
[Source: RimMandrake: Terminal Biomes]
[File: C:\Program Files (x86)\Steam\steamapps\common\RimWorld\Mods\TerminalBiomes\Defs\WeatherDefs\RUT_ScaldSteam.xml]
[Source: RimMandrake: Sea Shores]
[File: C:\Program Files (x86)\Steam\steamapps\common\RimWorld\Mods\SeaShores\Defs\TileMutatorDefs\RM_SeaCoast.xml]
[Source: RimMandrake: Long Shade]
[File: C:\Program Files (x86)\Steam\steamapps\common\RimWorld\Mods\LongShade\Defs\HediffDefs\RM_Vorrel_Hediffs.xml]
[Source: RimMandrake: Wasteland]
[File: C:\Program Files (x86)\Steam\steamapps\common\RimWorld\Mods\Wasteland\Defs\BiomeDefs\RM_Wasteland_Biome.xml]
[Source: Jawa Ion Weapons (local)]
[File: C:\Program Files (x86)\Steam\steamapps\common\RimWorld\Mods\JawaIonWeapons\Defs\DamageDefs_JawaIon.xml]
[Source: Jawa Ion Weapons (local)]
[File: C:\Program Files (x86)\Steam\steamapps\common\RimWorld\Mods\JawaIonWeapons\Defs\StatDefs_JawaIon.xml]
[Source: Antiquities]
[File: C:\Program Files (x86)\Steam\steamapps\common\RimWorld\Mods\Antiquities\Defs\JobDefs\RUT_Antiquities_Jobs.xml]
[Source: Antiquities]
[File: C:\Program Files (x86)\Steam\steamapps\common\RimWorld\Mods\Antiquities\Defs\ResearchProjectDefs\RUT_Antiquities_Research.xml]
[Source: Antiquities]
[File: C:\Program Files (x86)\Steam\steamapps\common\RimWorld\Mods\Antiquities\Defs\ThingDefs_Items\RUT_Antiquities_Items.xml]
[Source: Antiquities]
[File: C:\Program Files (x86)\Steam\steamapps\common\RimWorld\Mods\Antiquities\Defs\WorkGiverDefs\RUT_Antiquities_WorkGivers.xml]
[Source: RimStarWars — Bacta]
[File: C:\Program Files (x86)\Steam\steamapps\common\RimWorld\Mods\Bacta\Defs\JobDefs\RSW_BactaJobDefs.xml]
[Source: RimStarWars — Bacta]
[File: C:\Program Files (x86)\Steam\steamapps\common\RimWorld\Mods\Bacta\Defs\ThingDefs_Buildings\RSW_BactaTank.xml]
[Source: RimStarWars — Bacta]
[File: C:\Program Files (x86)\Steam\steamapps\common\RimWorld\Mods\Bacta\Defs\ThingDefs_Items\RSW_BactaFieldItems.xml]
[Source: RimStarWars — Bacta]
[File: C:\Program Files (x86)\Steam\steamapps\common\RimWorld\Mods\Bacta\Defs\WorkGiverDefs\RSW_BactaWorkGivers.xml]
[Source: RimStarWars Patches]
[File: C:\Program Files (x86)\Steam\steamapps\common\RimWorld\Mods\StarWarsPatches\Defs\PawnKindDefs\AlienSpawnEnablers.xml]
[Source: RimUtinni Patches (Jawa campaign)]
[File: C:\Program Files (x86)\Steam\steamapps\common\RimWorld\Mods\UtinniPatches\Defs\BiomeDefs\RUT_FeverWood.xml]
[Source: RimUtinni Patches (Jawa campaign)]
[File: C:\Program Files (x86)\Steam\steamapps\common\RimWorld\Mods\UtinniPatches\Defs\BiomeDefs\RUT_Greentide.xml]
[Source: RimUtinni Patches (Jawa campaign)]
[File: C:\Program Files (x86)\Steam\steamapps\common\RimWorld\Mods\UtinniPatches\Defs\BiomeDefs\RUT_GreySea.xml]
[Source: RimUtinni Patches (Jawa campaign)]
[File: C:\Program Files (x86)\Steam\steamapps\common\RimWorld\Mods\UtinniPatches\Defs\BiomeDefs\RUT_Miasma.xml]
[Source: RimUtinni Patches (Jawa campaign)]
[File: C:\Program Files (x86)\Steam\steamapps\common\RimWorld\Mods\UtinniPatches\Defs\BiomeDefs\RUT_PropaneLake.xml]
[Source: RimUtinni Patches (Jawa campaign)]
[File: C:\Program Files (x86)\Steam\steamapps\common\RimWorld\Mods\UtinniPatches\Defs\BiomeDefs\RUT_Sump.xml]
[Source: RimUtinni Patches (Jawa campaign)]
[File: C:\Program Files (x86)\Steam\steamapps\common\RimWorld\Mods\UtinniPatches\Defs\BiomeDefs\RUT_TheRot.xml]
[Source: RimUtinni Patches (Jawa campaign)]
[File: C:\Program Files (x86)\Steam\steamapps\common\RimWorld\Mods\UtinniPatches\Defs\BiomeDefs\RUT_TheScald.xml]
[Source: RimUtinni Patches (Jawa campaign)]
[File: C:\Program Files (x86)\Steam\steamapps\common\RimWorld\Mods\UtinniPatches\Defs\BiomeDefs\RUT_TwilightSea.xml]
[Source: RimUtinni Patches (Jawa campaign)]
[File: C:\Program Files (x86)\Steam\steamapps\common\RimWorld\Mods\UtinniPatches\Defs\BiomeDefs\RUT_Webwork.xml]
[Source: RimUtinni Patches (Jawa campaign)]
[File: C:\Program Files (x86)\Steam\steamapps\common\RimWorld\Mods\UtinniPatches\Defs\BiomeDefs\RUT_WeepingStones.xml]
[Source: RimUtinni Patches (Jawa campaign)]
[File: C:\Program Files (x86)\Steam\steamapps\common\RimWorld\Mods\UtinniPatches\Defs\FactionDefs\JawaAscendantHelix.xml]
[Source: RimUtinni Patches (Jawa campaign)]
[File: C:\Program Files (x86)\Steam\steamapps\common\RimWorld\Mods\UtinniPatches\Defs\FactionDefs\JawaDeepwaterCompact.xml]
[Source: RimUtinni Patches (Jawa campaign)]
[File: C:\Program Files (x86)\Steam\steamapps\common\RimWorld\Mods\UtinniPatches\Defs\FactionDefs\JawaGeonosianFoundryHive.xml]
[Source: RimUtinni Patches (Jawa campaign)]
[File: C:\Program Files (x86)\Steam\steamapps\common\RimWorld\Mods\UtinniPatches\Defs\FactionDefs\JawaHuttCartel.xml]
[Source: RimUtinni Patches (Jawa campaign)]
[File: C:\Program Files (x86)\Steam\steamapps\common\RimWorld\Mods\UtinniPatches\Defs\FactionDefs\JawaJunkers.xml]
[Source: RimUtinni Patches (Jawa campaign)]
[File: C:\Program Files (x86)\Steam\steamapps\common\RimWorld\Mods\UtinniPatches\Defs\FactionDefs\JawaWildsteamClan.xml]
[Source: RimUtinni Patches (Jawa campaign)]
[File: C:\Program Files (x86)\Steam\steamapps\common\RimWorld\Mods\UtinniPatches\Defs\GameConditionDefs\RUT_BreaklightCondition.xml]
[Source: RimUtinni Patches (Jawa campaign)]
[File: C:\Program Files (x86)\Steam\steamapps\common\RimWorld\Mods\UtinniPatches\Defs\GameConditionDefs\RUT_ForgePulse.xml]
[Source: RimUtinni Patches (Jawa campaign)]
[File: C:\Program Files (x86)\Steam\steamapps\common\RimWorld\Mods\UtinniPatches\Defs\GameConditionDefs\RUT_GradientSurge.xml]
[Source: RimUtinni Patches (Jawa campaign)]
[File: C:\Program Files (x86)\Steam\steamapps\common\RimWorld\Mods\UtinniPatches\Defs\GameConditionDefs\RUT_GreentideWetBulbLock.xml]
[Source: RimUtinni Patches (Jawa campaign)]
[File: C:\Program Files (x86)\Steam\steamapps\common\RimWorld\Mods\UtinniPatches\Defs\GameConditionDefs\RUT_MiasmaWeatherLock.xml]
[Source: RimUtinni Patches (Jawa campaign)]
[File: C:\Program Files (x86)\Steam\steamapps\common\RimWorld\Mods\UtinniPatches\Defs\GameConditionDefs\RUT_RoilLock.xml]
[Source: RimUtinni Patches (Jawa campaign)]
[File: C:\Program Files (x86)\Steam\steamapps\common\RimWorld\Mods\UtinniPatches\Defs\GameConditionDefs\RUT_ScariaOnsetArming.xml]
[Source: RimUtinni Patches (Jawa campaign)]
[File: C:\Program Files (x86)\Steam\steamapps\common\RimWorld\Mods\UtinniPatches\Defs\GameConditionDefs\RUT_ScarlandsMarkLock.xml]
[Source: RimUtinni Patches (Jawa campaign)]
[File: C:\Program Files (x86)\Steam\steamapps\common\RimWorld\Mods\UtinniPatches\Defs\GameConditionDefs\RUT_SheenExposureLock.xml]
[Source: RimUtinni Patches (Jawa campaign)]
[File: C:\Program Files (x86)\Steam\steamapps\common\RimWorld\Mods\UtinniPatches\Defs\GameConditionDefs\RUT_SumpDuskLock.xml]
[Source: RimUtinni Patches (Jawa campaign)]
[File: C:\Program Files (x86)\Steam\steamapps\common\RimWorld\Mods\UtinniPatches\Defs\GeneArchiveDefs\RUT_SlimeGeneArchive.xml]
[Source: RimUtinni Patches (Jawa campaign)]
[File: C:\Program Files (x86)\Steam\steamapps\common\RimWorld\Mods\UtinniPatches\Defs\HediffDefs\RUT_MiasmaExposure.xml]
[Source: RimUtinni Patches (Jawa campaign)]
[File: C:\Program Files (x86)\Steam\steamapps\common\RimWorld\Mods\UtinniPatches\Defs\HediffDefs\RUT_Miasma_StrangeTier.xml]
[Source: RimUtinni Patches (Jawa campaign)]
[File: C:\Program Files (x86)\Steam\steamapps\common\RimWorld\Mods\UtinniPatches\Defs\HediffDefs\RUT_ScarlandsMark.xml]
[Source: RimUtinni Patches (Jawa campaign)]
[File: C:\Program Files (x86)\Steam\steamapps\common\RimWorld\Mods\UtinniPatches\Defs\HediffDefs\RUT_Tarred_Hediffs.xml]
[Source: RimUtinni Patches (Jawa campaign)]
[File: C:\Program Files (x86)\Steam\steamapps\common\RimWorld\Mods\UtinniPatches\Defs\HediffDefs\RUT_YearningFruit_Hediffs.xml]
[Source: RimUtinni Patches (Jawa campaign)]
[File: C:\Program Files (x86)\Steam\steamapps\common\RimWorld\Mods\UtinniPatches\Defs\IncidentDefs\RUT_Breaklight.xml]
[Source: RimUtinni Patches (Jawa campaign)]
[File: C:\Program Files (x86)\Steam\steamapps\common\RimWorld\Mods\UtinniPatches\Defs\IncidentDefs\RUT_ContagionProbe.xml]
[Source: RimUtinni Patches (Jawa campaign)]
[File: C:\Program Files (x86)\Steam\steamapps\common\RimWorld\Mods\UtinniPatches\Defs\IncidentDefs\RUT_GreatboleFruitfall.xml]
[Source: RimUtinni Patches (Jawa campaign)]
[File: C:\Program Files (x86)\Steam\steamapps\common\RimWorld\Mods\UtinniPatches\Defs\LotteryTableDefs\RUT_DigStratumTable.xml]
[Source: RimUtinni Patches (Jawa campaign)]
[File: C:\Program Files (x86)\Steam\steamapps\common\RimWorld\Mods\UtinniPatches\Defs\MapGeneration\RUT_ContagionRingScatter.xml]
[Source: RimUtinni Patches (Jawa campaign)]
[File: C:\Program Files (x86)\Steam\steamapps\common\RimWorld\Mods\UtinniPatches\Defs\MapGeneration\RUT_FoundryFloor_MeltChannels.xml]
[Source: RimUtinni Patches (Jawa campaign)]
[File: C:\Program Files (x86)\Steam\steamapps\common\RimWorld\Mods\UtinniPatches\Defs\MapGeneration\RUT_FoundryFloor_SalvageCache.xml]
[Source: RimUtinni Patches (Jawa campaign)]
[File: C:\Program Files (x86)\Steam\steamapps\common\RimWorld\Mods\UtinniPatches\Defs\MapGeneration\RUT_FoundryFloor_TenderSpawn.xml]
[Source: RimUtinni Patches (Jawa campaign)]
[File: C:\Program Files (x86)\Steam\steamapps\common\RimWorld\Mods\UtinniPatches\Defs\MapGeneration\RUT_FoundryTowerScatter.xml]
[Source: RimUtinni Patches (Jawa campaign)]
[File: C:\Program Files (x86)\Steam\steamapps\common\RimWorld\Mods\UtinniPatches\Defs\MapGeneration\RUT_Greentide_LivingBolesGenStep.xml]
[Source: RimUtinni Patches (Jawa campaign)]
[File: C:\Program Files (x86)\Steam\steamapps\common\RimWorld\Mods\UtinniPatches\Defs\MapGeneration\RUT_Greentide_RootCausewaysGenStep.xml]
[Source: RimUtinni Patches (Jawa campaign)]
[File: C:\Program Files (x86)\Steam\steamapps\common\RimWorld\Mods\UtinniPatches\Defs\MapGeneration\RUT_Miasma_CrecheScatterer.xml]
[Source: RimUtinni Patches (Jawa campaign)]
[File: C:\Program Files (x86)\Steam\steamapps\common\RimWorld\Mods\UtinniPatches\Defs\MapGeneration\RUT_Miasma_GradientAxisGenStep.xml]
[Source: RimUtinni Patches (Jawa campaign)]
[File: C:\Program Files (x86)\Steam\steamapps\common\RimWorld\Mods\UtinniPatches\Defs\MapGeneration\RUT_ScarlandsGraveWardScatter.xml]
[Source: RimUtinni Patches (Jawa campaign)]
[File: C:\Program Files (x86)\Steam\steamapps\common\RimWorld\Mods\UtinniPatches\Defs\RecipeDefs\RUT_Tarred_Surgery.xml]
[Source: RimUtinni Patches (Jawa campaign)]
[File: C:\Program Files (x86)\Steam\steamapps\common\RimWorld\Mods\UtinniPatches\Defs\ThingDefs_Buildings\RUT_CrecheMarker.xml]
[Source: RimUtinni Patches (Jawa campaign)]
[File: C:\Program Files (x86)\Steam\steamapps\common\RimWorld\Mods\UtinniPatches\Defs\ThingDefs_Buildings\RUT_DigShaft.xml]
[Source: RimUtinni Patches (Jawa campaign)]
[File: C:\Program Files (x86)\Steam\steamapps\common\RimWorld\Mods\UtinniPatches\Defs\ThingDefs_Buildings\RUT_GaslightLamp.xml]
[Source: RimUtinni Patches (Jawa campaign)]
[File: C:\Program Files (x86)\Steam\steamapps\common\RimWorld\Mods\UtinniPatches\Defs\ThingDefs_Buildings\RUT_GreatboleCore.xml]
[Source: RimUtinni Patches (Jawa campaign)]
[File: C:\Program Files (x86)\Steam\steamapps\common\RimWorld\Mods\UtinniPatches\Defs\ThingDefs_Buildings\RUT_SentinelGraveWard.xml]
[Source: RimUtinni Patches (Jawa campaign)]
[File: C:\Program Files (x86)\Steam\steamapps\common\RimWorld\Mods\UtinniPatches\Defs\ThingDefs_Buildings\RUT_TarBlaze.xml]
[Source: RimUtinni Patches (Jawa campaign)]
[File: C:\Program Files (x86)\Steam\steamapps\common\RimWorld\Mods\UtinniPatches\Defs\ThingDefs_Buildings\RUT_TarVault.xml]
[Source: RimUtinni Patches (Jawa campaign)]
[File: C:\Program Files (x86)\Steam\steamapps\common\RimWorld\Mods\UtinniPatches\Defs\ThingDefs_Buildings\RUT_WebworkStructures.xml]
[Source: RimUtinni Patches (Jawa campaign)]
[File: C:\Program Files (x86)\Steam\steamapps\common\RimWorld\Mods\UtinniPatches\Defs\ThingDefs_Items\RM_ColdWax.xml]
[Source: RimUtinni Patches (Jawa campaign)]
[File: C:\Program Files (x86)\Steam\steamapps\common\RimWorld\Mods\UtinniPatches\Defs\ThingDefs_Plants\RUT_Placeholder_GreentideGiantTree.xml]
[Source: RimUtinni Patches (Jawa campaign)]
[File: C:\Program Files (x86)\Steam\steamapps\common\RimWorld\Mods\UtinniPatches\Defs\ThingDefs_Plants\RUT_TwinkleSpikeTestPlant.xml]
[Source: RimUtinni Patches (Jawa campaign)]
[File: C:\Program Files (x86)\Steam\steamapps\common\RimWorld\Mods\UtinniPatches\Defs\ThingDefs_Races\RUT_BrineBattery.xml]
[Source: RimUtinni Patches (Jawa campaign)]
[File: C:\Program Files (x86)\Steam\steamapps\common\RimWorld\Mods\UtinniPatches\Defs\ThingDefs_Races\RUT_FleetFlier.xml]
[Source: RimUtinni Patches (Jawa campaign)]
[File: C:\Program Files (x86)\Steam\steamapps\common\RimWorld\Mods\UtinniPatches\Defs\ThingDefs_Races\RUT_Karrobel.xml]
[Source: RimUtinni Patches (Jawa campaign)]
[File: C:\Program Files (x86)\Steam\steamapps\common\RimWorld\Mods\UtinniPatches\Defs\ThingDefs_Races\RUT_Placeholder_GreentideGnawerRace.xml]
[Source: RimUtinni Patches (Jawa campaign)]
[File: C:\Program Files (x86)\Steam\steamapps\common\RimWorld\Mods\UtinniPatches\Defs\ThingDefs_Races\RUT_Placeholder_GreentideLungerRace.xml]
[Source: RimUtinni Patches (Jawa campaign)]
[File: C:\Program Files (x86)\Steam\steamapps\common\RimWorld\Mods\UtinniPatches\Defs\ThingDefs_Races\RUT_Placeholder_SumpMouseRace.xml]
[Source: RimUtinni Patches (Jawa campaign)]
[File: C:\Program Files (x86)\Steam\steamapps\common\RimWorld\Mods\UtinniPatches\Defs\ThingDefs_Races\RUT_PropaneLakeFauna.xml]
[Source: RimUtinni Patches (Jawa campaign)]
[File: C:\Program Files (x86)\Steam\steamapps\common\RimWorld\Mods\UtinniPatches\Defs\ThingDefs_Races\RUT_Radiothermal.xml]
[Source: RimUtinni Patches (Jawa campaign)]
[File: C:\Program Files (x86)\Steam\steamapps\common\RimWorld\Mods\UtinniPatches\Defs\ThingDefs_Races\RUT_SealedSleeper.xml]
[Source: RimUtinni Patches (Jawa campaign)]
[File: C:\Program Files (x86)\Steam\steamapps\common\RimWorld\Mods\UtinniPatches\Defs\ThinkTreeDefs\RUT_ThinkTree_GreentideGnawerFell.xml]
[Source: RimUtinni Patches (Jawa campaign)]
[File: C:\Program Files (x86)\Steam\steamapps\common\RimWorld\Mods\UtinniPatches\Defs\ThinkTreeDefs\RUT_ThinkTree_SumpMouseWander.xml]
[Source: RimUtinni Patches (Jawa campaign)]
[File: C:\Program Files (x86)\Steam\steamapps\common\RimWorld\Mods\UtinniPatches\Defs\TraderKindDefs\RUT_HuttCartel_Captives.xml]
[Source: RimUtinni Patches (Jawa campaign)]
[File: C:\Program Files (x86)\Steam\steamapps\common\RimWorld\Mods\UtinniPatches\Defs\TraderKindDefs\RUT_TradeMootDroids.xml]
[Source: RimUtinni Patches (Jawa campaign)]
[File: C:\Program Files (x86)\Steam\steamapps\common\RimWorld\Mods\UtinniPatches\Defs\WeatherDefs\RUT_RoilWeather.xml]
[Source: RimMandrake: Deep Diving]
[File: C:\Program Files (x86)\Steam\steamapps\common\RimWorld\Mods\DivingInteraction\Defs\MapGeneration\RM_SeaDiveGenStepDefs.xml]
[Source: RimMandrake: Deep Diving]
[File: C:\Program Files (x86)\Steam\steamapps\common\RimWorld\Mods\DivingInteraction\Defs\PlanetLayerDefs\RM_SeabedLayer.xml]
[Source: RimMandrake: Deep Diving]
[File: C:\Program Files (x86)\Steam\steamapps\common\RimWorld\Mods\DivingInteraction\Defs\ThingDefs_Buildings\RM_BrineEncasement.xml]
[Source: RimMandrake: Deep Diving]
[File: C:\Program Files (x86)\Steam\steamapps\common\RimWorld\Mods\DivingInteraction\Defs\ThingDefs_Buildings\RM_SeaDiveHatch.xml]
[Source: RimMandrake: The Gelatinous Slime]
[File: C:\Program Files (x86)\Steam\steamapps\common\RimWorld\Mods\GelatinousSlime\Defs\BiomeDefs\GelatinousSlime.xml]
[Source: RimMandrake: The Gelatinous Slime]
[File: C:\Program Files (x86)\Steam\steamapps\common\RimWorld\Mods\GelatinousSlime\Defs\GeneArchiveDefs\DefaultArchive.xml]
[Source: RimMandrake: The Gelatinous Slime]
[File: C:\Program Files (x86)\Steam\steamapps\common\RimWorld\Mods\GelatinousSlime\Defs\GeneDefs\SlimeGenes_AList.xml]
[Source: RimMandrake: The Gelatinous Slime]
[File: C:\Program Files (x86)\Steam\steamapps\common\RimWorld\Mods\GelatinousSlime\Defs\GeneDefs\SlimeGenes_BList.xml]
[Source: RimMandrake: The Gelatinous Slime]
[File: C:\Program Files (x86)\Steam\steamapps\common\RimWorld\Mods\GelatinousSlime\Defs\GenStepDefs\RM_SlimeVisitorSeed.xml]
[Source: RimMandrake: The Gelatinous Slime]
[File: C:\Program Files (x86)\Steam\steamapps\common\RimWorld\Mods\GelatinousSlime\Defs\HediffDefs\Slimification.xml]
[Source: RimMandrake: The Gelatinous Slime]
[File: C:\Program Files (x86)\Steam\steamapps\common\RimWorld\Mods\GelatinousSlime\Defs\JobDefs\SlimeJobs.xml]
[Source: RimMandrake: The Gelatinous Slime]
[File: C:\Program Files (x86)\Steam\steamapps\common\RimWorld\Mods\GelatinousSlime\Defs\Maneuvers\Engulf.xml]
[Source: RimMandrake: The Gelatinous Slime]
[File: C:\Program Files (x86)\Steam\steamapps\common\RimWorld\Mods\GelatinousSlime\Defs\ThingDefs_Items\GeneSeeker.xml]
[Source: RimMandrake: The Gelatinous Slime]
[File: C:\Program Files (x86)\Steam\steamapps\common\RimWorld\Mods\GelatinousSlime\Defs\ThingDefs_Items\SlimeItems.xml]
[Source: RimMandrake: The Gelatinous Slime]
[File: C:\Program Files (x86)\Steam\steamapps\common\RimWorld\Mods\GelatinousSlime\Defs\ThingDefs_Races\Gelatid.xml]
[Source: RimMandrake: The Gelatinous Slime]
[File: C:\Program Files (x86)\Steam\steamapps\common\RimWorld\Mods\GelatinousSlime\Defs\ThingDefs_Races\Titanoslime.xml]
[Source: RimMandrake: The Gelatinous Slime]
[File: C:\Program Files (x86)\Steam\steamapps\common\RimWorld\Mods\GelatinousSlime\Defs\ThoughtDefs\SlimeThoughts.xml]
[Source: Droidworks]
[File: C:\Program Files (x86)\Steam\steamapps\common\RimWorld\Mods\Droidworks\Defs\Races_Base.xml]
[Source: Droidworks]
[File: C:\Program Files (x86)\Steam\steamapps\common\RimWorld\Mods\Droidworks\Defs\Races_Families.xml]
[Source: Droidworks]
[File: C:\Program Files (x86)\Steam\steamapps\common\RimWorld\Mods\Droidworks\Defs\Races_JDS.xml]
[Source: Droidworks]
[File: C:\Program Files (x86)\Steam\steamapps\common\RimWorld\Mods\Droidworks\Defs\Races_KotOR.xml]
[Source: Droidworks]
[File: C:\Program Files (x86)\Steam\steamapps\common\RimWorld\Mods\Droidworks\Defs\Races_OuterRim.xml]
[Source: Droidworks]
[File: C:\Program Files (x86)\Steam\steamapps\common\RimWorld\Mods\Droidworks\Defs\Races_Primitive.xml]
[Source: Droidworks]
[File: C:\Program Files (x86)\Steam\steamapps\common\RimWorld\Mods\Droidworks\Defs\HediffDefs\HediffDefs_Droidworks.xml]
[Source: Droidworks]
[File: C:\Program Files (x86)\Steam\steamapps\common\RimWorld\Mods\Droidworks\Defs\IncidentDefs\IncidentDefs_Droidworks.xml]
[Source: Droidworks]
[File: C:\Program Files (x86)\Steam\steamapps\common\RimWorld\Mods\Droidworks\Defs\JobDefs\JobDefs_Droidworks.xml]
[Source: Droidworks]
[File: C:\Program Files (x86)\Steam\steamapps\common\RimWorld\Mods\Droidworks\Defs\NeedDefs\NeedDefs_Droidworks.xml]
[Source: Droidworks]
[File: C:\Program Files (x86)\Steam\steamapps\common\RimWorld\Mods\Droidworks\Defs\RecipeDefs\AssemblyRecipes_Droidworks.xml]
[Source: Droidworks]
[File: C:\Program Files (x86)\Steam\steamapps\common\RimWorld\Mods\Droidworks\Defs\RecipeDefs\PartRecipes_Droidworks.xml]
[Source: Droidworks]
[File: C:\Program Files (x86)\Steam\steamapps\common\RimWorld\Mods\Droidworks\Defs\RecipeDefs\PartRecipes_Droidworks_Primitive.xml]
[Source: Droidworks]
[File: C:\Program Files (x86)\Steam\steamapps\common\RimWorld\Mods\Droidworks\Defs\RecipeDefs\RecipeDefs_Droidworks.xml]
[Source: Droidworks]
[File: C:\Program Files (x86)\Steam\steamapps\common\RimWorld\Mods\Droidworks\Defs\ThingDefs\Buildings_Charging.xml]
[Source: Droidworks]
[File: C:\Program Files (x86)\Steam\steamapps\common\RimWorld\Mods\Droidworks\Defs\ThingDefs\DataSpikes_Droidworks.xml]
[Source: Droidworks]
[File: C:\Program Files (x86)\Steam\steamapps\common\RimWorld\Mods\Droidworks\Defs\ThingDefs\Heads_Droidworks.xml]
[Source: Droidworks]
[File: C:\Program Files (x86)\Steam\steamapps\common\RimWorld\Mods\Droidworks\Defs\ThingDefs\Items_Droidworks.xml]
[Source: Droidworks]
[File: C:\Program Files (x86)\Steam\steamapps\common\RimWorld\Mods\Droidworks\Defs\ThinkTreeDefs\ThinkTreeDefs_DWRecharge.xml]
[Source: Droidworks]
[File: C:\Program Files (x86)\Steam\steamapps\common\RimWorld\Mods\Droidworks\Defs\ThoughtDefs\ThoughtDefs_Droidworks.xml]
[Source: Droidworks]
[File: C:\Program Files (x86)\Steam\steamapps\common\RimWorld\Mods\Droidworks\Defs\TraitDefs\TraitDefs_Droidworks.xml]
[Source: Droidworks]
[File: C:\Program Files (x86)\Steam\steamapps\common\RimWorld\Mods\Droidworks\Defs\TraitDefs\TraitDefs_Droidworks_Idiosyncrasies.xml]
[Source: RimUtinni: Droid Repair Jobs]
[File: C:\Program Files (x86)\Steam\steamapps\common\RimWorld\Mods\DroidRepairJobs\Defs\QuestScriptDefs\Quest_DroidRepairJob.xml]
[Source: Pyrelands]
[File: C:\Program Files (x86)\Steam\steamapps\common\RimWorld\Mods\Pyrelands\Defs\BiomeDefs\Pyrelands.xml]
[Source: Pyrelands]
[File: C:\Program Files (x86)\Steam\steamapps\common\RimWorld\Mods\Pyrelands\Defs\GenStepDefs\PyrelandsGenSteps.xml]
[Source: Pyrelands]
[File: C:\Program Files (x86)\Steam\steamapps\common\RimWorld\Mods\Pyrelands\Defs\JobDefs\RM_PyrelandsJobs.xml]
[Source: Pyrelands]
[File: C:\Program Files (x86)\Steam\steamapps\common\RimWorld\Mods\Pyrelands\Defs\ThingDefs_Plants\Quickgrass.xml]
[Source: Pyrelands]
[File: C:\Program Files (x86)\Steam\steamapps\common\RimWorld\Mods\Pyrelands\Defs\ThinkTreeDefs\RM_FireHawkThinkTree.xml]
[Source: Pyrelands]
[File: C:\Program Files (x86)\Steam\steamapps\common\RimWorld\Mods\Pyrelands\Defs\ThinkTreeDefs\RM_FurnaceBeastThinkTree.xml]
[Source: Pyrelands]
[File: C:\Program Files (x86)\Steam\steamapps\common\RimWorld\Mods\Pyrelands\Defs\WorldObjectDefs\WorldObjects_Pyrelands.xml]
[Source: RimMandrake: Utinni — Pyrelands Mechanics]
[File: C:\Program Files (x86)\Steam\steamapps\common\RimWorld\Mods\PyrelandsMechanics\Defs\DutyDefs\RUT_PyrelandsDuties.xml]
[Source: RimMandrake: Utinni — Pyrelands Mechanics]
[File: C:\Program Files (x86)\Steam\steamapps\common\RimWorld\Mods\PyrelandsMechanics\Defs\IncidentDefs\RUT_PyrelandsIncidents.xml]
[Source: Moving Dunes]
[File: C:\Program Files (x86)\Steam\steamapps\common\RimWorld\Mods\MovingDunes\Defs\DuneMaterialDefs\Materials.xml]
[Source: Moving Dunes]
[File: C:\Program Files (x86)\Steam\steamapps\common\RimWorld\Mods\MovingDunes\Defs\ThingDefs\BuriedCache.xml]
[Source: RimMandrake: FlowWorks]
[File: C:\Program Files (x86)\Steam\steamapps\common\RimWorld\Mods\FlowWorks\Defs\Canals\FluidDefs\FlowWorks_Fluids.xml]
[Source: RimMandrake: FlowWorks]
[File: C:\Program Files (x86)\Steam\steamapps\common\RimWorld\Mods\FlowWorks\Defs\Canals\JobDefs\FlowWorks_JobDefs.xml]
[Source: RimMandrake: FlowWorks]
[File: C:\Program Files (x86)\Steam\steamapps\common\RimWorld\Mods\FlowWorks\Defs\Canals\ThingDefs\FlowWorks_ThingDefs.xml]
[Source: RimMandrake: FlowWorks]
[File: C:\Program Files (x86)\Steam\steamapps\common\RimWorld\Mods\FlowWorks\Defs\Canals\WorkGiverDefs\FlowWorks_WorkGivers.xml]
[Source: RimMandrake: FlowWorks]
[File: C:\Program Files (x86)\Steam\steamapps\common\RimWorld\Mods\FlowWorks\Defs\Drilling\ThingDefs\RM_LiquidDrill.xml]
[Source: RimMandrake: FlowWorks]
[File: C:\Program Files (x86)\Steam\steamapps\common\RimWorld\Mods\FlowWorks\Defs\LiquidTypes\GenStepDefs\RM_GenStep_LiquidShores.xml]
[Source: RimMandrake: FlowWorks]
[File: C:\Program Files (x86)\Steam\steamapps\common\RimWorld\Mods\FlowWorks\Defs\LiquidTypes\JobDefs\RM_LiquidBottleJobs.xml]
[Source: RimMandrake: FlowWorks]
[File: C:\Program Files (x86)\Steam\steamapps\common\RimWorld\Mods\FlowWorks\Defs\LiquidTypes\LiquidBodyDefs\RM_LiquidBodyRegistry.xml]
[Source: RimMandrake: FlowWorks]
[File: C:\Program Files (x86)\Steam\steamapps\common\RimWorld\Mods\FlowWorks\Defs\LiquidTypes\LiquidDefs\RM_LiquidDefRegistry.xml]
[Source: RimMandrake: FlowWorks]
[File: C:\Program Files (x86)\Steam\steamapps\common\RimWorld\Mods\FlowWorks\Defs\LiquidTypes\TerrainDefs\RM_AcidWater.xml]
[Source: RimMandrake: FlowWorks]
[File: C:\Program Files (x86)\Steam\steamapps\common\RimWorld\Mods\FlowWorks\Defs\LiquidTypes\TerrainDefs\RM_Ammonia.xml]
[Source: RimMandrake: FlowWorks]
[File: C:\Program Files (x86)\Steam\steamapps\common\RimWorld\Mods\FlowWorks\Defs\LiquidTypes\TerrainDefs\RM_Churnmud.xml]
[Source: RimMandrake: FlowWorks]
[File: C:\Program Files (x86)\Steam\steamapps\common\RimWorld\Mods\FlowWorks\Defs\LiquidTypes\TerrainDefs\RM_Coolant.xml]
[Source: RimMandrake: FlowWorks]
[File: C:\Program Files (x86)\Steam\steamapps\common\RimWorld\Mods\FlowWorks\Defs\LiquidTypes\TerrainDefs\RM_FuelSap.xml]
[Source: RimMandrake: FlowWorks]
[File: C:\Program Files (x86)\Steam\steamapps\common\RimWorld\Mods\FlowWorks\Defs\LiquidTypes\TerrainDefs\RM_Ichor.xml]
[Source: RimMandrake: FlowWorks]
[File: C:\Program Files (x86)\Steam\steamapps\common\RimWorld\Mods\FlowWorks\Defs\LiquidTypes\TerrainDefs\RM_Ooze.xml]
[Source: RimMandrake: FlowWorks]
[File: C:\Program Files (x86)\Steam\steamapps\common\RimWorld\Mods\FlowWorks\Defs\LiquidTypes\TerrainDefs\RM_Propane.xml]
[Source: RimMandrake: FlowWorks]
[File: C:\Program Files (x86)\Steam\steamapps\common\RimWorld\Mods\FlowWorks\Defs\LiquidTypes\TerrainDefs\RM_ReactionLiquor.xml]
[Source: RimMandrake: FlowWorks]
[File: C:\Program Files (x86)\Steam\steamapps\common\RimWorld\Mods\FlowWorks\Defs\LiquidTypes\TerrainDefs\RM_SlimeGreen.xml]
[Source: RimMandrake: FlowWorks]
[File: C:\Program Files (x86)\Steam\steamapps\common\RimWorld\Mods\FlowWorks\Defs\LiquidTypes\TerrainDefs\RM_SlimeRed.xml]
[Source: RimMandrake: FlowWorks]
[File: C:\Program Files (x86)\Steam\steamapps\common\RimWorld\Mods\FlowWorks\Defs\LiquidTypes\TerrainDefs\RM_SlimeWhite.xml]
[Source: RimMandrake: FlowWorks]
[File: C:\Program Files (x86)\Steam\steamapps\common\RimWorld\Mods\FlowWorks\Defs\LiquidTypes\TerrainDefs\RM_SlimeYellow.xml]
[Source: RimMandrake: FlowWorks]
[File: C:\Program Files (x86)\Steam\steamapps\common\RimWorld\Mods\FlowWorks\Defs\LiquidTypes\TerrainDefs\RM_Tar.xml]
[Source: RimMandrake: FlowWorks]
[File: C:\Program Files (x86)\Steam\steamapps\common\RimWorld\Mods\FlowWorks\Defs\LiquidTypes\TerrainDefs\RM_WaterBrackish.xml]
[Source: RimMandrake: FlowWorks]
[File: C:\Program Files (x86)\Steam\steamapps\common\RimWorld\Mods\FlowWorks\Defs\LiquidTypes\TerrainDefs\RM_WaterBrine.xml]
[Source: RimMandrake: FlowWorks]
[File: C:\Program Files (x86)\Steam\steamapps\common\RimWorld\Mods\FlowWorks\Defs\LiquidTypes\TerrainDefs\RM_WaterFrigid.xml]
[Source: RimMandrake: FlowWorks]
[File: C:\Program Files (x86)\Steam\steamapps\common\RimWorld\Mods\FlowWorks\Defs\LiquidTypes\TerrainDefs\RM_WaterMineral.xml]
[Source: RimMandrake: FlowWorks]
[File: C:\Program Files (x86)\Steam\steamapps\common\RimWorld\Mods\FlowWorks\Defs\LiquidTypes\ThingDefs\RM_LiquidBottles.xml]
[Source: RimMandrake: FlowWorks]
[File: C:\Program Files (x86)\Steam\steamapps\common\RimWorld\Mods\FlowWorks\Defs\LiquidTypes\ThingDefs\RM_LiquidBottles_Base.xml]
[Source: RimMandrake: FlowWorks]
[File: C:\Program Files (x86)\Steam\steamapps\common\RimWorld\Mods\FlowWorks\Defs\LiquidTypes\ThingDefs\RM_LiquidTank.xml]
[Source: RimMandrake: FlowWorks]
[File: C:\Program Files (x86)\Steam\steamapps\common\RimWorld\Mods\FlowWorks\Defs\LiquidTypes\WorkGiverDefs\RM_LiquidBottleWorkGivers.xml]
[Source: RimMandrake: FlowWorks]
[File: C:\Program Files (x86)\Steam\steamapps\common\RimWorld\Mods\FlowWorks\Defs\Pits\JobDefs\Pit_JobDefs.xml]
[Source: RimMandrake: FlowWorks]
[File: C:\Program Files (x86)\Steam\steamapps\common\RimWorld\Mods\FlowWorks\Defs\Pits\ThingDefs\Pit_Cell.xml]
[Source: RimMandrake: FlowWorks]
[File: C:\Program Files (x86)\Steam\steamapps\common\RimWorld\Mods\FlowWorks\Defs\Pits\ThingDefs\Pit_DigSites.xml]
[Source: RimMandrake: FlowWorks]
[File: C:\Program Files (x86)\Steam\steamapps\common\RimWorld\Mods\FlowWorks\Defs\Pits\ThingDefs\Pit_OpenPits.xml]
[Source: RimMandrake: FlowWorks]
[File: C:\Program Files (x86)\Steam\steamapps\common\RimWorld\Mods\FlowWorks\Defs\Pits\WorkGiverDefs\Pit_WorkGivers.xml]
[Source: RimMandrake: Explosive Plant Growth]
[File: C:\Program Files (x86)\Steam\steamapps\common\RimWorld\Mods\ExplosiveGrowth\Defs\ExplosiveGrowth\RM_ExplosiveGrowthRoster.xml]
[Source: Jawa Plant Growth (local)]
[File: C:\Program Files (x86)\Steam\steamapps\common\RimWorld\Mods\PlantGrowth\ExplosiveGrowth\Defs\RUT_ExplosiveGrowthRoster.xml]
[Source: Jawa Plant Growth (local)]
[File: C:\Program Files (x86)\Steam\steamapps\common\RimWorld\Mods\PlantGrowth\ExplosiveGrowth\Defs\IncidentDefs\RUT_BloomBurst.xml]
[Source: Jawa Plant Growth (local)]
[File: C:\Program Files (x86)\Steam\steamapps\common\RimWorld\Mods\PlantGrowth\Defs\JawaPlantGrowthSettings.xml]
[Source: RimProperty]
[File: C:\Program Files (x86)\Steam\steamapps\common\RimWorld\Mods\RimProperty\Defs\AnimalTheft\JobDefs_AnimalSteal.xml]
[Source: RimProperty]
[File: C:\Program Files (x86)\Steam\steamapps\common\RimWorld\Mods\RimProperty\Defs\AnimalTheft\ThinkTreeDefs_AnimalSteal.xml]
[Source: RimProperty]
[File: C:\Program Files (x86)\Steam\steamapps\common\RimWorld\Mods\RimProperty\Defs\TheftHauler\JobDefs_TheftHauler.xml]
[Source: RimUtinni: Shokkweave Economy]
[File: C:\Program Files (x86)\Steam\steamapps\common\RimWorld\Mods\ShokkweaveEconomy\Defs\MapGeneration\ShokkweaveHarvestScatter.xml]
[Source: RimMandrake: Utinni — Rust Cathedral Roaches]
[File: C:\Program Files (x86)\Steam\steamapps\common\RimWorld\Mods\RustCathedralRoaches\Defs\ThingDefs_Races\RUT_CathedralRoach.xml]
[Source: RimMandrake: Utinni — Rust Cathedral Roaches]
[File: C:\Program Files (x86)\Steam\steamapps\common\RimWorld\Mods\RustCathedralRoaches\Defs\ThingDefs_Races\RUT_ScarRoach.xml]
[Source: RimMandrake: Utinni — Rust Cathedral Roaches]
[File: C:\Program Files (x86)\Steam\steamapps\common\RimWorld\Mods\RustCathedralRoaches\Defs\ThinkTreeDefs\RUT_ThinkTree_CathedralRoach.xml]
[Source: RimMandrake Pits]
[File: C:\Program Files (x86)\Steam\steamapps\common\RimWorld\Mods\Pits\Defs\JobDefs\Pit_JobDefs.xml]
[Source: RimMandrake Pits]
[File: C:\Program Files (x86)\Steam\steamapps\common\RimWorld\Mods\Pits\Defs\ThingDefs\Pit_Cell.xml]
[Source: RimMandrake Pits]
[File: C:\Program Files (x86)\Steam\steamapps\common\RimWorld\Mods\Pits\Defs\ThingDefs\Pit_DigSites.xml]
[Source: RimMandrake Pits]
[File: C:\Program Files (x86)\Steam\steamapps\common\RimWorld\Mods\Pits\Defs\ThingDefs\Pit_OpenPits.xml]
[Source: RimMandrake Pits]
[File: C:\Program Files (x86)\Steam\steamapps\common\RimWorld\Mods\Pits\Defs\WorkGiverDefs\Pit_WorkGivers.xml]
[Source: RimMandrake: Graffiti Framework]
[File: C:\Program Files (x86)\Steam\steamapps\common\RimWorld\Mods\Graffiti\Patches\Graffiti_OrdersPatch.xml]
[Source: Jawa Rules (local)]
[File: C:\Program Files (x86)\Steam\steamapps\common\RimWorld\Mods\JawaRules\Patches\RSW_JawaHood.xml]
[Source: Desert Vehicle Reskin — Alpha Vehicles Neolithic]
[File: C:\Program Files (x86)\Steam\steamapps\common\RimWorld\Mods\DesertVehicleReskin\Patches\DraughtFuel_Marker.xml]
[Source: Jawa Doctrine Patches]
[File: C:\Program Files (x86)\Steam\steamapps\common\RimWorld\Mods\Doctrine\Patches\MegafaunaYield.xml]
[Source: RimMandrake: SW — Bestiary]
[File: C:\Program Files (x86)\Steam\steamapps\common\RimWorld\Mods\SWBestiary\Patches\RSW_SekkulaathTank_DianogaSwap.xml]
[Source: RimMandrake: SW — Bestiary]
[File: C:\Program Files (x86)\Steam\steamapps\common\RimWorld\Mods\SWBestiary\Patches\ProximityHatch\RSW_ProtovermesEgg_ProximityHatch.xml]
[Source: RimMandrake: Ship Vermin]
[File: C:\Program Files (x86)\Steam\steamapps\common\RimWorld\Mods\ShipVermin\Patches\RSW_Mynock_ShipVermin.xml]
[Source: RimMandrake: Greentide]
[File: C:\Program Files (x86)\Steam\steamapps\common\RimWorld\Mods\Greentide\Patches\RM_Greentide_FaunaHooks.xml]
[Source: RimMandrake: Fever Wood]
[File: C:\Program Files (x86)\Steam\steamapps\common\RimWorld\Mods\FeverWood\Patches\RM_FeverWood_StakeLureOrdersPatch.xml]
[Source: RimMandrake: Terminal Biomes]
[File: C:\Program Files (x86)\Steam\steamapps\common\RimWorld\Mods\TerminalBiomes\Patches\RUT_ScaldSteamLock_BiomeWiring.xml]
[Source: RimStarWars Patches]
[File: C:\Program Files (x86)\Steam\steamapps\common\RimWorld\Mods\StarWarsPatches\Patches\BodySizeIsReal.xml]
[Source: RimStarWars Patches]
[File: C:\Program Files (x86)\Steam\steamapps\common\RimWorld\Mods\StarWarsPatches\Patches\EggLayersLayEggs.xml]
[Source: RimStarWars Patches]
[File: C:\Program Files (x86)\Steam\steamapps\common\RimWorld\Mods\StarWarsPatches\Patches\ForceGremlin_NoHair.xml]
[Source: RimStarWars Patches]
[File: C:\Program Files (x86)\Steam\steamapps\common\RimWorld\Mods\StarWarsPatches\Patches\JawaXenotype_Repoint.xml]
[Source: RimStarWars Patches]
[File: C:\Program Files (x86)\Steam\steamapps\common\RimWorld\Mods\StarWarsPatches\Patches\VanillaFaction_Xenotypes.xml]
[Source: RimUtinni Patches (Jawa campaign)]
[File: C:\Program Files (x86)\Steam\steamapps\common\RimWorld\Mods\UtinniPatches\Patches\AmbientShrineGuardians.xml]
[Source: RimUtinni Patches (Jawa campaign)]
[File: C:\Program Files (x86)\Steam\steamapps\common\RimWorld\Mods\UtinniPatches\Patches\AncientsAreRakata.xml]
[Source: RimUtinni Patches (Jawa campaign)]
[File: C:\Program Files (x86)\Steam\steamapps\common\RimWorld\Mods\UtinniPatches\Patches\BiomeArrivalLetters_TheSump.xml]
[Source: RimUtinni Patches (Jawa campaign)]
[File: C:\Program Files (x86)\Steam\steamapps\common\RimWorld\Mods\UtinniPatches\Patches\FlameStatuary_HolyAct.xml]
[Source: RimUtinni Patches (Jawa campaign)]
[File: C:\Program Files (x86)\Steam\steamapps\common\RimWorld\Mods\UtinniPatches\Patches\FlowWorks_SubsurfaceLiquid_Ashkarr.xml]
[Source: RimUtinni Patches (Jawa campaign)]
[File: C:\Program Files (x86)\Steam\steamapps\common\RimWorld\Mods\UtinniPatches\Patches\GeothermalDensityField.xml]
[Source: RimUtinni Patches (Jawa campaign)]
[File: C:\Program Files (x86)\Steam\steamapps\common\RimWorld\Mods\UtinniPatches\Patches\GiantWeaponWielders_Ashkarr.xml]
[Source: RimUtinni Patches (Jawa campaign)]
[File: C:\Program Files (x86)\Steam\steamapps\common\RimWorld\Mods\UtinniPatches\Patches\ManyWaters_RiverSteam_Ashkarr.xml]
[Source: RimUtinni Patches (Jawa campaign)]
[File: C:\Program Files (x86)\Steam\steamapps\common\RimWorld\Mods\UtinniPatches\Patches\RotDecayHarvest_LivingProduce.xml]
[Source: RimUtinni Patches (Jawa campaign)]
[File: C:\Program Files (x86)\Steam\steamapps\common\RimWorld\Mods\UtinniPatches\Patches\RUT_ForgePulse_BiomeWiring.xml]
[Source: RimUtinni Patches (Jawa campaign)]
[File: C:\Program Files (x86)\Steam\steamapps\common\RimWorld\Mods\UtinniPatches\Patches\RUT_GreentideWetBulbLock_BiomeWiring.xml]
[Source: RimUtinni Patches (Jawa campaign)]
[File: C:\Program Files (x86)\Steam\steamapps\common\RimWorld\Mods\UtinniPatches\Patches\RUT_Miasma_ForgeOnSurvival.xml]
[Source: RimUtinni Patches (Jawa campaign)]
[File: C:\Program Files (x86)\Steam\steamapps\common\RimWorld\Mods\UtinniPatches\Patches\RUT_Miasma_PollinationGate.xml]
[Source: RimUtinni Patches (Jawa campaign)]
[File: C:\Program Files (x86)\Steam\steamapps\common\RimWorld\Mods\UtinniPatches\Patches\RUT_RoilLock_BiomeWiring.xml]
[Source: RimUtinni Patches (Jawa campaign)]
[File: C:\Program Files (x86)\Steam\steamapps\common\RimWorld\Mods\UtinniPatches\Patches\RUT_ScaldSteamLock_BiomeWiring.xml]
[Source: RimUtinni Patches (Jawa campaign)]
[File: C:\Program Files (x86)\Steam\steamapps\common\RimWorld\Mods\UtinniPatches\Patches\RUT_SumpDuskLock_BiomeWiring.xml]
[Source: RimUtinni Patches (Jawa campaign)]
[File: C:\Program Files (x86)\Steam\steamapps\common\RimWorld\Mods\UtinniPatches\Patches\RUT_Tar_GlasswalkCooling.xml]
[Source: RimUtinni Patches (Jawa campaign)]
[File: C:\Program Files (x86)\Steam\steamapps\common\RimWorld\Mods\UtinniPatches\Patches\RUT_TibannaTap_BeldonWiring.xml]
[Source: RimUtinni Patches (Jawa campaign)]
[File: C:\Program Files (x86)\Steam\steamapps\common\RimWorld\Mods\UtinniPatches\Patches\RUT_VaporDrifter_AerofleetWiring.xml]
[Source: RimUtinni Patches (Jawa campaign)]
[File: C:\Program Files (x86)\Steam\steamapps\common\RimWorld\Mods\UtinniPatches\Patches\SandFishing_CrackedLands.xml]
[Source: RimUtinni Patches (Jawa campaign)]
[File: C:\Program Files (x86)\Steam\steamapps\common\RimWorld\Mods\UtinniPatches\Patches\UtinniWorldIcon.xml]
[Source: RimUtinni Patches (Jawa campaign)]
[File: C:\Program Files (x86)\Steam\steamapps\common\RimWorld\Mods\UtinniPatches\Patches\VQEPatients_AreRakata.xml]
[Source: RimUtinni Patches (Jawa campaign)]
[File: C:\Program Files (x86)\Steam\steamapps\common\RimWorld\Mods\UtinniPatches\Patches\WreckVerminNest_ShipChunk.xml]
[Source: RimUtinni Patches (Jawa campaign)]
[File: C:\Program Files (x86)\Steam\steamapps\common\RimWorld\Mods\UtinniPatches\Patches\XenotypeTolerances_Ashkarr.xml]
[Source: Jawa Pawn Flavor — faction backstories and traits]
[File: C:\Program Files (x86)\Steam\steamapps\common\RimWorld\Mods\PawnFlavor\Patches\PawnFlavorPhase2_ThoughtDef.xml]
[Source: Jawa Pawn Flavor — faction backstories and traits]
[File: C:\Program Files (x86)\Steam\steamapps\common\RimWorld\Mods\PawnFlavor\Patches\PawnFlavorPhase2_Xenotype.xml]
[Source: RimMandrake: The Gelatinous Slime]
[File: C:\Program Files (x86)\Steam\steamapps\common\RimWorld\Mods\GelatinousSlime\Patches\DryingBiomes.xml]
[Source: Droidworks]
[File: C:\Program Files (x86)\Steam\steamapps\common\RimWorld\Mods\Droidworks\Patches\IonBuildup_PowersDownDroid.xml]
[Source: Droidworks]
[File: C:\Program Files (x86)\Steam\steamapps\common\RimWorld\Mods\Droidworks\Patches\ModulePersonality_Wiring.xml]
[Source: Pyrelands]
[File: C:\Program Files (x86)\Steam\steamapps\common\RimWorld\Mods\Pyrelands\Patches\RM_PyrelandsIgniters_Comps.xml]
[Source: Moving Dunes]
[File: C:\Program Files (x86)\Steam\steamapps\common\RimWorld\Mods\MovingDunes\Patches\BiomeBindings.xml]
[Source: RimMandrake: FlowWorks]
[File: C:\Program Files (x86)\Steam\steamapps\common\RimWorld\Mods\FlowWorks\Patches\FlowWorks_OrdersPatch.xml]
[Source: RimMandrake: FlowWorks]
[File: C:\Program Files (x86)\Steam\steamapps\common\RimWorld\Mods\FlowWorks\Patches\Canals\RM_Fluid_Tar_AlphaBiomesAdoption.xml]
[Source: RimMandrake: FlowWorks]
[File: C:\Program Files (x86)\Steam\steamapps\common\RimWorld\Mods\FlowWorks\Patches\LiquidTypes\RM_LiquidDef_AstrofuelAdoption.xml]
[Source: RimMandrake: FlowWorks]
[File: C:\Program Files (x86)\Steam\steamapps\common\RimWorld\Mods\FlowWorks\Patches\LiquidTypes\RM_LiquidProperties_CompatIndex.xml]
[Source: RimProperty]
[File: C:\Program Files (x86)\Steam\steamapps\common\RimWorld\Mods\RimProperty\Patches\AnimalTheft\RaccoonWildTheft.xml]
[Source: RimProperty]
[File: C:\Program Files (x86)\Steam\steamapps\common\RimWorld\Mods\RimProperty\Patches\AnimalTheft\SkellickWildTheft.xml]
[Source: RimProperty]
[File: C:\Program Files (x86)\Steam\steamapps\common\RimWorld\Mods\RimProperty\Patches\TheftHauler\DroidLoaders_TheftHauler.xml]
[Source: RimProperty]
[File: C:\Program Files (x86)\Steam\steamapps\common\RimWorld\Mods\RimProperty\Patches\TheftHauler\MuckrakerChassis_TheftHauler.xml]
[Def Error]: RM_ColdWax
RimUtinni Patches (Jawa campaign)\Defs\ThingDefs_Items\RM_ColdWax.xml
Could not find a type named RimMandrake.BlueDesert.RM_DeathActionWorker_BurnerBlast

Possible Matches:
[Source: RimMandrake: Structure Injections]
[File: C:\Program Files (x86)\Steam\steamapps\common\RimWorld\Mods\StructureInjections\Defs\GenStepDefs_Batch1.xml]
[Source: RimStarWars: Structure Injections]
[File: C:\Program Files (x86)\Steam\steamapps\common\RimWorld\Mods\StructureInjectionsSW\Defs\GenStepDefs_Batch2.xml]
[Source: RimStarWars: Structure Injections]
[File: C:\Program Files (x86)\Steam\steamapps\common\RimWorld\Mods\StructureInjectionsSW\Defs\GenStepDefs_Batch4.xml]
[Source: RimStarWars: Structure Injections]
[File: C:\Program Files (x86)\Steam\steamapps\common\RimWorld\Mods\StructureInjectionsSW\Defs\GenStepDefs_Batch7.xml]
[Source: RimStarWars: Structure Injections]
[File: C:\Program Files (x86)\Steam\steamapps\common\RimWorld\Mods\StructureInjectionsSW\Defs\GenStepDefs_BeastLair.xml]
[Source: RimStarWars: Structure Injections]
[File: C:\Program Files (x86)\Steam\steamapps\common\RimWorld\Mods\StructureInjectionsSW\Defs\GenStepDefs_BeastPens.xml]
[Source: RimStarWars: Structure Injections]
[File: C:\Program Files (x86)\Steam\steamapps\common\RimWorld\Mods\StructureInjectionsSW\Defs\GenStepDefs_CrashedShip.xml]
[Source: RimStarWars: Structure Injections]
[File: C:\Program Files (x86)\Steam\steamapps\common\RimWorld\Mods\StructureInjectionsSW\Defs\GenStepDefs_DeadCaravan.xml]
[Source: RimStarWars: Structure Injections]
[File: C:\Program Files (x86)\Steam\steamapps\common\RimWorld\Mods\StructureInjectionsSW\Defs\GenStepDefs_GarrisonTiny.xml]
[Source: RimStarWars: Structure Injections]
[File: C:\Program Files (x86)\Steam\steamapps\common\RimWorld\Mods\StructureInjectionsSW\Defs\GenStepDefs_MiningSite.xml]
[Source: RimStarWars: Structure Injections]
[File: C:\Program Files (x86)\Steam\steamapps\common\RimWorld\Mods\StructureInjectionsSW\Defs\GenStepDefs_MoistureFarm.xml]
[Source: RimStarWars: Structure Injections]
[File: C:\Program Files (x86)\Steam\steamapps\common\RimWorld\Mods\StructureInjectionsSW\Defs\GenStepDefs_RoadWarehouse.xml]
[Source: RimStarWars: Structure Injections]
[File: C:\Program Files (x86)\Steam\steamapps\common\RimWorld\Mods\StructureInjectionsSW\Defs\GenStepDefs_SarlaccRing.xml]
[Source: RimStarWars: Structure Injections]
[File: C:\Program Files (x86)\Steam\steamapps\common\RimWorld\Mods\StructureInjectionsSW\Defs\GenStepDefs_TradingPost.xml]
[Source: RimStarWars: Structure Injections]
[File: C:\Program Files (x86)\Steam\steamapps\common\RimWorld\Mods\StructureInjectionsSW\Defs\GenStepDefs_Whisper_Batch1.xml]
[Source: RimUtinni: Structure Injections]
[File: C:\Program Files (x86)\Steam\steamapps\common\RimWorld\Mods\StructureInjectionsRUT\Defs\GenStepDefs_Batch3.xml]
[Source: RimUtinni: Structure Injections]
[File: C:\Program Files (x86)\Steam\steamapps\common\RimWorld\Mods\StructureInjectionsRUT\Defs\GenStepDefs_Batch4.xml]
[Source: RimUtinni: Structure Injections]
[File: C:\Program Files (x86)\Steam\steamapps\common\RimWorld\Mods\StructureInjectionsRUT\Defs\GenStepDefs_Batch5.xml]
[Source: RimUtinni: Structure Injections]
[File: C:\Program Files (x86)\Steam\steamapps\common\RimWorld\Mods\StructureInjectionsRUT\Defs\GenStepDefs_Batch6.xml]
[Source: RimUtinni: Structure Injections]
[File: C:\Program Files (x86)\Steam\steamapps\common\RimWorld\Mods\StructureInjectionsRUT\Defs\GenStepDefs_Batch7.xml]
[Source: RimUtinni: Structure Injections]
[File: C:\Program Files (x86)\Steam\steamapps\common\RimWorld\Mods\StructureInjectionsRUT\Defs\GenStepDefs_Batch8.xml]
[Source: RimUtinni: Structure Injections]
[File: C:\Program Files (x86)\Steam\steamapps\common\RimWorld\Mods\StructureInjectionsRUT\Defs\GenStepDefs_Homestead.xml]
[Source: RimUtinni: Structure Injections]
[File: C:\Program Files (x86)\Steam\steamapps\common\RimWorld\Mods\StructureInjectionsRUT\Defs\GenStepDefs_MoistureFarm.xml]
[Source: RimUtinni: Structure Injections]
[File: C:\Program Files (x86)\Steam\steamapps\common\RimWorld\Mods\StructureInjectionsRUT\Defs\GenStepDefs_Whisper_Batch1.xml]
[Source: RimUtinni: Structure Injections]
[File: C:\Program Files (x86)\Steam\steamapps\common\RimWorld\Mods\StructureInjectionsRUT\Defs\GenStepDefs_Whisper_Batch2.xml]
[Source: RimUtinni: Structure Injections]
[File: C:\Program Files (x86)\Steam\steamapps\common\RimWorld\Mods\StructureInjectionsRUT\Defs\GenStepDefs_Whisper_Batch3.xml]
[Source: RimUtinni: Structure Injections]
[File: C:\Program Files (x86)\Steam\steamapps\common\RimWorld\Mods\StructureInjectionsRUT\Defs\GenStepDefs_Whisper_Batch4.xml]
[Source: RimUtinni: Structure Injections]
[File: C:\Program Files (x86)\Steam\steamapps\common\RimWorld\Mods\StructureInjectionsRUT\Defs\Ashfall\ThingDefs_Items\RUT_RakatanCommandCodes.xml]
[Source: RimUtinni: Structure Injections]
[File: C:\Program Files (x86)\Steam\steamapps\common\RimWorld\Mods\StructureInjectionsRUT\Defs\WarLab\ThingDefs_Buildings\RUT_WarLabReactorCore.xml]
[Source: RimMandrake: Graffiti Framework]
[File: C:\Program Files (x86)\Steam\steamapps\common\RimWorld\Mods\Graffiti\Defs\JobDefs_Graffiti.xml]
[Source: RimMandrake: Graffiti Framework]
[File: C:\Program Files (x86)\Steam\steamapps\common\RimWorld\Mods\Graffiti\Defs\JoyGiverDefs_Graffiti.xml]
[Source: RimMandrake: Graffiti Framework]
[File: C:\Program Files (x86)\Steam\steamapps\common\RimWorld\Mods\Graffiti\Defs\MentalStateDefs_Graffiti.xml]
[Source: RimMandrake: Graffiti Framework]
[File: C:\Program Files (x86)\Steam\steamapps\common\RimWorld\Mods\Graffiti\Defs\ThingDefs_Graffiti.xml]
[Source: RimMandrake: Graffiti Framework]
[File: C:\Program Files (x86)\Steam\steamapps\common\RimWorld\Mods\Graffiti\Defs\ThingDefs_GraffitiMemeGlyphs.xml]
[Source: RimMandrake: Graffiti Framework]
[File: C:\Program Files (x86)\Steam\steamapps\common\RimWorld\Mods\Graffiti\Defs\ThinkTreeDefs_Graffiti.xml]
[Source: RimMandrake: Graffiti Framework]
[File: C:\Program Files (x86)\Steam\steamapps\common\RimWorld\Mods\Graffiti\Defs\WorkGiverDefs_Graffiti.xml]
[Source: RimMandrake Sacred Marks]
[File: C:\Program Files (x86)\Steam\steamapps\common\RimWorld\Mods\SacredGraffiti\Defs\RitualOutcomeEffects.xml]
[Source: RimMandrake Sacred Marks]
[File: C:\Program Files (x86)\Steam\steamapps\common\RimWorld\Mods\SacredGraffiti\Defs\SacredMarks.xml]
[Source: RimMandrake Sacred Marks]
[File: C:\Program Files (x86)\Steam\steamapps\common\RimWorld\Mods\SacredGraffiti\Defs\ThoughtDefs_SacredMarks.xml]
[Source: Inhabited (local)]
[File: C:\Program Files (x86)\Steam\steamapps\common\RimWorld\Mods\Inhabited\Defs\CastRosters\CastRoster_BLACKSTAR.xml]
[Source: Inhabited (local)]
[File: C:\Program Files (x86)\Steam\steamapps\common\RimWorld\Mods\Inhabited\Defs\CastRosters\CastRoster_DEEPWATER.xml]
[Source: Inhabited (local)]
[File: C:\Program Files (x86)\Steam\steamapps\common\RimWorld\Mods\Inhabited\Defs\CastRosters\CastRoster_DROIDS.xml]
[Source: Inhabited (local)]
[File: C:\Program Files (x86)\Steam\steamapps\common\RimWorld\Mods\Inhabited\Defs\CastRosters\CastRoster_EMPIRE.xml]
[Source: Inhabited (local)]
[File: C:\Program Files (x86)\Steam\steamapps\common\RimWorld\Mods\Inhabited\Defs\CastRosters\CastRoster_GEONOSIAN.xml]
[Source: Inhabited (local)]
[File: C:\Program Files (x86)\Steam\steamapps\common\RimWorld\Mods\Inhabited\Defs\CastRosters\CastRoster_HELIX.xml]
[Source: Inhabited (local)]
[File: C:\Program Files (x86)\Steam\steamapps\common\RimWorld\Mods\Inhabited\Defs\CastRosters\CastRoster_HOMESTEAD.xml]
[Source: Inhabited (local)]
[File: C:\Program Files (x86)\Steam\steamapps\common\RimWorld\Mods\Inhabited\Defs\CastRosters\CastRoster_HUTT.xml]
[Source: Inhabited (local)]
[File: C:\Program Files (x86)\Steam\steamapps\common\RimWorld\Mods\Inhabited\Defs\CastRosters\CastRoster_JAWA.xml]
[Source: Inhabited (local)]
[File: C:\Program Files (x86)\Steam\steamapps\common\RimWorld\Mods\Inhabited\Defs\CastRosters\CastRoster_JUNKERS.xml]
[Source: Inhabited (local)]
[File: C:\Program Files (x86)\Steam\steamapps\common\RimWorld\Mods\Inhabited\Defs\CastRosters\CastRoster_TUSKEN.xml]
[Source: Inhabited (local)]
[File: C:\Program Files (x86)\Steam\steamapps\common\RimWorld\Mods\Inhabited\Defs\CastRosters\CastRoster_WILDSTEAM.xml]
[Source: Inhabited (local)]
[File: C:\Program Files (x86)\Steam\steamapps\common\RimWorld\Mods\Inhabited\Defs\DutyDefs\Duties_Inhabited.xml]
[Source: Inhabited (local)]
[File: C:\Program Files (x86)\Steam\steamapps\common\RimWorld\Mods\Inhabited\Defs\GenStepDefs\GenSteps_Inhabited.xml]
[Source: Inhabited (local)]
[File: C:\Program Files (x86)\Steam\steamapps\common\RimWorld\Mods\Inhabited\Defs\GenStepDefs\GenSteps_InhabitedSettlement.xml]
[Source: Inhabited (local)]
[File: C:\Program Files (x86)\Steam\steamapps\common\RimWorld\Mods\Inhabited\Defs\PlaceDefs\Places_Inhabited.xml]
[Source: Inhabited (local)]
[File: C:\Program Files (x86)\Steam\steamapps\common\RimWorld\Mods\Inhabited\Defs\WorldObjectDefs\WorldObjects_Inhabited.xml]
[Source: Inhabited (local)]
[File: C:\Program Files (x86)\Steam\steamapps\common\RimWorld\Mods\Inhabited\Defs\WorldObjectDefs\WorldObjects_InhabitedSettlement.xml]
[Source: RimMandrake: Utinni — Inhabited (Ash'karr)]
[File: C:\Program Files (x86)\Steam\steamapps\common\RimWorld\Mods\AshkarrInhabited\Defs\SecurityProfileDefs\SecurityProfileDefs_District2.xml]
[Source: RimMandrake: Utinni — Inhabited (Ash'karr)]
[File: C:\Program Files (x86)\Steam\steamapps\common\RimWorld\Mods\AshkarrInhabited\Defs\SecurityProfileDefs\SecurityProfileDefs_Junkers.xml]
[Source: RimMandrake: Utinni — Inhabited (Ash'karr)]
[File: C:\Program Files (x86)\Steam\steamapps\common\RimWorld\Mods\AshkarrInhabited\Defs\SettlementManifestDefs\SettlementManifestDefs_DeepwaterHold.xml]
[Source: RimMandrake: Utinni — Inhabited (Ash'karr)]
[File: C:\Program Files (x86)\Steam\steamapps\common\RimWorld\Mods\AshkarrInhabited\Defs\SettlementManifestDefs\SettlementManifestDefs_GorgaPalace.xml]
[Source: RimMandrake: Utinni — Inhabited (Ash'karr)]
[File: C:\Program Files (x86)\Steam\steamapps\common\RimWorld\Mods\AshkarrInhabited\Defs\SettlementManifestDefs\SettlementManifestDefs_TheClaimJump.xml]
[Source: RimMandrake: Utinni — Inhabited (Ash'karr)]
[File: C:\Program Files (x86)\Steam\steamapps\common\RimWorld\Mods\AshkarrInhabited\Defs\SettlementManifestDefs\SettlementManifestDefs_TheCrackingYard.xml]
[Source: Jawa Scavenger Events]
[File: C:\Program Files (x86)\Steam\steamapps\common\RimWorld\Mods\ScavengerEvents\Defs\IncidentDefs\ScavengerEvents_IncidentDefs.xml]
[Source: RimStarWars: Cuisine]
[File: C:\Program Files (x86)\Steam\steamapps\common\RimWorld\Mods\Cuisine\Defs\RecipeDefs_Cuisine.xml]
[Source: RimStarWars: Cuisine]
[File: C:\Program Files (x86)\Steam\steamapps\common\RimWorld\Mods\Cuisine\Defs\ThingDefs_Cuisine.xml]
[Source: RimMandrake: Environmental Hazards Kit]
[File: C:\Program Files (x86)\Steam\steamapps\common\RimWorld\Mods\EnvironmentalHazards\Defs\DutyDefs\RM_AnchorGuard.xml]
[Source: RimMandrake: Environmental Hazards Kit]
[File: C:\Program Files (x86)\Steam\steamapps\common\RimWorld\Mods\EnvironmentalHazards\Defs\JobDefs\RM_JobDefs_DisarmLotteryTrap.xml]
[Source: RimMandrake: Environmental Hazards Kit]
[File: C:\Program Files (x86)\Steam\steamapps\common\RimWorld\Mods\EnvironmentalHazards\Defs\JobDefs\RM_JobDefs_StationEater.xml]
[Source: RimMandrake: Environmental Hazards Kit]
[File: C:\Program Files (x86)\Steam\steamapps\common\RimWorld\Mods\EnvironmentalHazards\Defs\JobDefs\RM_JobDefs_TreeFall.xml]
[Source: RimMandrake: Environmental Hazards Kit]
[File: C:\Program Files (x86)\Steam\steamapps\common\RimWorld\Mods\EnvironmentalHazards\Defs\JobDefs\RM_JobDefs_WorkLottery.xml]
[Source: RimMandrake: Environmental Hazards Kit]
[File: C:\Program Files (x86)\Steam\steamapps\common\RimWorld\Mods\EnvironmentalHazards\Defs\MentalStateDefs\RM_MentalStates_WaterTruce.xml]
[Source: RimMandrake: Environmental Hazards Kit]
[File: C:\Program Files (x86)\Steam\steamapps\common\RimWorld\Mods\EnvironmentalHazards\Defs\ThingDefs\RM_GasBases.xml]
[Source: RimMandrake: Environmental Hazards Kit]
[File: C:\Program Files (x86)\Steam\steamapps\common\RimWorld\Mods\EnvironmentalHazards\Defs\ThingDefs_Buildings\RM_FlameStatuary.xml]
[Source: RimMandrake: Environmental Hazards Kit]
[File: C:\Program Files (x86)\Steam\steamapps\common\RimWorld\Mods\EnvironmentalHazards\Defs\ThingDefs_Plants\RM_Venomvine.xml]
[Source: RimMandrake: Environmental Hazards Kit]
[File: C:\Program Files (x86)\Steam\steamapps\common\RimWorld\Mods\EnvironmentalHazards\Defs\ThinkTreeDefs\RM_ThinkTree_AnchorBehaviors.xml]
[Source: RimMandrake: Environmental Hazards Kit]
[File: C:\Program Files (x86)\Steam\steamapps\common\RimWorld\Mods\EnvironmentalHazards\Defs\ThinkTreeDefs\RM_ThinkTree_StrandingBehaviors.xml]
[Source: RimMandrake: Environmental Hazards Kit]
[File: C:\Program Files (x86)\Steam\steamapps\common\RimWorld\Mods\EnvironmentalHazards\Defs\WorkGiverDefs\RM_WorkGiverDefs_DisarmLotteryTrap.xml]
[Source: RimMandrake: Environmental Hazards Kit]
[File: C:\Program Files (x86)\Steam\steamapps\common\RimWorld\Mods\EnvironmentalHazards\Defs\WorkGiverDefs\RM_WorkGiverDefs_WorkLottery.xml]
[Source: RimMandrake: SW — Weather Suite]
[File: C:\Program Files (x86)\Steam\steamapps\common\RimWorld\Mods\WeatherSuite\Defs\GameConditionDefs\GameConditionDefs_DarkAurora.xml]
[Source: RimMandrake: SW — Weather Suite]
[File: C:\Program Files (x86)\Steam\steamapps\common\RimWorld\Mods\WeatherSuite\Defs\IncidentDefs\IncidentDefs_DarkAurora.xml]
[Source: RimMandrake: SW — Weather Suite]
[File: C:\Program Files (x86)\Steam\steamapps\common\RimWorld\Mods\WeatherSuite\Defs\ThingDefs_Buildings\ThingDefs_WeatherInstrument.xml]
[Source: RimMandrake: The Rot]
[File: C:\Program Files (x86)\Steam\steamapps\common\RimWorld\Mods\TheRot\Defs\BiomeDefs\RM_TheRot_Biome.xml]
[Source: RimMandrake: The Rot]
[File: C:\Program Files (x86)\Steam\steamapps\common\RimWorld\Mods\TheRot\Defs\GameConditionDefs\RM_RotSporeKit_SporeCloud.xml]
[Source: RimMandrake: The Rot]
[File: C:\Program Files (x86)\Steam\steamapps\common\RimWorld\Mods\TheRot\Defs\GameConditionDefs\RM_SheenExposureLock.xml]
[Source: RimMandrake: The Rot]
[File: C:\Program Files (x86)\Steam\steamapps\common\RimWorld\Mods\TheRot\Defs\HediffDefs\RM_RotSporeKit_LivePrepHediffs.xml]
[Source: RimMandrake: The Rot]
[File: C:\Program Files (x86)\Steam\steamapps\common\RimWorld\Mods\TheRot\Defs\HediffDefs\RM_RotSporeKit_SheenHediffs.xml]
[Source: RimMandrake: The Rot]
[File: C:\Program Files (x86)\Steam\steamapps\common\RimWorld\Mods\TheRot\Defs\Misc\RM_RotSporeKit_TreasureConscience.xml]
[Source: RimMandrake: The Rot]
[File: C:\Program Files (x86)\Steam\steamapps\common\RimWorld\Mods\TheRot\Defs\ThingDefs_Items\RM_RotSporeKit_GuardianGroves_Ingredients.xml]
[Source: RimMandrake: The Rot]
[File: C:\Program Files (x86)\Steam\steamapps\common\RimWorld\Mods\TheRot\Defs\ThingDefs_Items\RM_RotSporeKit_LivePreparations.xml]
[Source: RimMandrake: The Rot]
[File: C:\Program Files (x86)\Steam\steamapps\common\RimWorld\Mods\TheRot\Defs\ThingDefs_Plants\RM_RotSporeKit_GuardianGroves.xml]
[Source: RimMandrake - Star Wars Races]
[File: C:\Program Files (x86)\Steam\steamapps\common\RimWorld\Mods\StarWarsRaces\Defs\GeneDefs\Jawa_EyeColours.xml]
[Source: RimMandrake - Star Wars Races]
[File: C:\Program Files (x86)\Steam\steamapps\common\RimWorld\Mods\StarWarsRaces\Defs\GeneDefs\SW_Genes.xml]
[Source: RimMandrake - Star Wars Races]
[File: C:\Program Files (x86)\Steam\steamapps\common\RimWorld\Mods\StarWarsRaces\Defs\HeadTypeDefs\DesertWraps_DevolvedNomadHeads.xml]
[Source: RimMandrake - Star Wars Races]
[File: C:\Program Files (x86)\Steam\steamapps\common\RimWorld\Mods\StarWarsRaces\Defs\HeadTypeDefs\SW_HeadTypes.xml]
[Source: RimMandrake - Star Wars Races]
[File: C:\Program Files (x86)\Steam\steamapps\common\RimWorld\Mods\StarWarsRaces\Defs\Misc\SW_Categories.xml]
[Source: RimMandrake - Star Wars Races]
[File: C:\Program Files (x86)\Steam\steamapps\common\RimWorld\Mods\StarWarsRaces\Defs\Misc\SW_Support.xml]
[Source: RimMandrake - Star Wars Races]
[File: C:\Program Files (x86)\Steam\steamapps\common\RimWorld\Mods\StarWarsRaces\Defs\PawnKindDefs\RimMandrakePawnKinds.xml]
[Source: RimMandrake - Star Wars Races]
[File: C:\Program Files (x86)\Steam\steamapps\common\RimWorld\Mods\StarWarsRaces\Defs\PawnKindDefs\SW_RescuedKinds.xml]
[Source: RimMandrake - Star Wars Races]
[File: C:\Program Files (x86)\Steam\steamapps\common\RimWorld\Mods\StarWarsRaces\Defs\RulePackDefs\SW_NameMakers.xml]
[Source: RimMandrake - Star Wars Races]
[File: C:\Program Files (x86)\Steam\steamapps\common\RimWorld\Mods\StarWarsRaces\Defs\XenotypeDefs\MandrakeJawaXenotype.xml]
[Source: RimMandrake - Star Wars Races]
[File: C:\Program Files (x86)\Steam\steamapps\common\RimWorld\Mods\StarWarsRaces\Defs\XenotypeDefs\RimMandrakeXenotypes.xml]
[Source: RimMandrake: Creature Behaviors]
[File: C:\Program Files (x86)\Steam\steamapps\common\RimWorld\Mods\CreatureBehaviors\Defs\HediffDefs\RM_Drained_Hediffs.xml]
[Source: RimMandrake: Creature Behaviors]
[File: C:\Program Files (x86)\Steam\steamapps\common\RimWorld\Mods\CreatureBehaviors\Defs\HediffDefs\RM_Grapple_Hediffs.xml]
[Source: RimMandrake: Creature Behaviors]
[File: C:\Program Files (x86)\Steam\steamapps\common\RimWorld\Mods\CreatureBehaviors\Defs\HediffDefs\RM_HeatDrivenBurst_Hediffs.xml]
[Source: RimMandrake: Creature Behaviors]
[File: C:\Program Files (x86)\Steam\steamapps\common\RimWorld\Mods\CreatureBehaviors\Defs\JobDefs\RM_JobDefs.xml]
[Source: RimMandrake: Creature Behaviors]
[File: C:\Program Files (x86)\Steam\steamapps\common\RimWorld\Mods\CreatureBehaviors\Defs\MentalStateDefs\RM_ParentalEnrage_MentalStates.xml]
[Source: RimMandrake: Creature Behaviors]
[File: C:\Program Files (x86)\Steam\steamapps\common\RimWorld\Mods\CreatureBehaviors\Defs\MentalStateDefs\RM_SwarmAggression_MentalStates.xml]
[Source: RimMandrake: Creature Behaviors]
[File: C:\Program Files (x86)\Steam\steamapps\common\RimWorld\Mods\CreatureBehaviors\Defs\ThinkTreeDefs\RM_ThinkTree_ChewAnchors.xml]
[Source: RimMandrake: Creature Behaviors]
[File: C:\Program Files (x86)\Steam\steamapps\common\RimWorld\Mods\CreatureBehaviors\Defs\ThinkTreeDefs\RM_ThinkTree_ShadeSeekingWander.xml]
[Source: RimMandrake: Creature Behaviors]
[File: C:\Program Files (x86)\Steam\steamapps\common\RimWorld\Mods\CreatureBehaviors\Defs\ThinkTreeDefs\RM_ThinkTree_VerminBehaviors.xml]
[Source: RimMandrake: SW — Bestiary]
[File: C:\Program Files (x86)\Steam\steamapps\common\RimWorld\Mods\SWBestiary\Defs\DesertPort\RSW_DesertPortMechanics.xml]
[Source: RimMandrake: SW — Bestiary]
[File: C:\Program Files (x86)\Steam\steamapps\common\RimWorld\Mods\SWBestiary\Defs\DesertPort\RSW_DesertPortMisc_Races.xml]
[Source: RimMandrake: SW — Bestiary]
[File: C:\Program Files (x86)\Steam\steamapps\common\RimWorld\Mods\SWBestiary\Defs\ScrapNest\RSW_ScrapNest.xml]
[Source: RimMandrake: SW — Bestiary]
[File: C:\Program Files (x86)\Steam\steamapps\common\RimWorld\Mods\SWBestiary\Defs\ThingDefs_Races\RSW_Drazzik.xml]
[Source: RimMandrake: SW — Bestiary]
[File: C:\Program Files (x86)\Steam\steamapps\common\RimWorld\Mods\SWBestiary\Defs\ThingDefs_Races\RSW_ScrapNestBird.xml]
[Source: RimMandrake: SW — Bestiary]
[File: C:\Program Files (x86)\Steam\steamapps\common\RimWorld\Mods\SWBestiary\Defs\ThingDefs_Races\RSW_ShadeWhale.xml]
[Source: RimMandrake: SW — Bestiary]
[File: C:\Program Files (x86)\Steam\steamapps\common\RimWorld\Mods\SWBestiary\Defs\ThingDefs_Races\RSW_ShrublandGiant.xml]
[Source: RimMandrake: SW — Bestiary]
[File: C:\Program Files (x86)\Steam\steamapps\common\RimWorld\Mods\SWBestiary\Defs\ThingDefs_Races\RSW_WraidAlpha.xml]
[Source: RimMandrake: SW — Bestiary]
[File: C:\Program Files (x86)\Steam\steamapps\common\RimWorld\Mods\SWBestiary\Defs\BiomesTeamPort\ThingDefs_Races\RSW_BiomesTeamPort_Races.xml]
[Source: RimMandrake: SW — Bestiary]
[File: C:\Program Files (x86)\Steam\steamapps\common\RimWorld\Mods\SWBestiary\Defs\JawaIkee\ThoughtDefs\Thought_IkeeWatching.xml]
[Source: RimMandrake: SW — Bestiary]
[File: C:\Program Files (x86)\Steam\steamapps\common\RimWorld\Mods\SWBestiary\Defs\Livestock\ThingDefs_Animals\ThingDefs_ForsakenCrags.xml]
[Source: RimMandrake: SW — Bestiary]
[File: C:\Program Files (x86)\Steam\steamapps\common\RimWorld\Mods\SWBestiary\Defs\Livestock\ThingDefs_Animals\ThingDefs_Moornak.xml]
[Source: RimMandrake: SW — Bestiary]
[File: C:\Program Files (x86)\Steam\steamapps\common\RimWorld\Mods\SWBestiary\Defs\Livestock\ThingDefs_Animals\ThingDefs_Onnik.xml]
[Source: RimMandrake: SW — Gizka Stowaway]
[File: C:\Program Files (x86)\Steam\steamapps\common\RimWorld\Mods\GizkaStowaway\Defs\HediffDefs\RSW_GizkaHediffs.xml]
[Source: RimMandrake: Greentide]
[File: C:\Program Files (x86)\Steam\steamapps\common\RimWorld\Mods\Greentide\Defs\BiomeDefs\RM_Greentide_Biome.xml]
[Source: RimMandrake: Greentide]
[File: C:\Program Files (x86)\Steam\steamapps\common\RimWorld\Mods\Greentide\Defs\DamageDefs\RM_Skerrel_Combat.xml]
[Source: RimMandrake: Greentide]
[File: C:\Program Files (x86)\Steam\steamapps\common\RimWorld\Mods\Greentide\Defs\IncidentDefs\RM_Greentide_FrenzyIncident.xml]
[Source: RimMandrake: Greentide]
[File: C:\Program Files (x86)\Steam\steamapps\common\RimWorld\Mods\Greentide\Defs\JobDefs\RM_Greentide_JobDefs.xml]
[Source: RimMandrake: Greentide]
[File: C:\Program Files (x86)\Steam\steamapps\common\RimWorld\Mods\Greentide\Defs\TerrainDefs\RM_Churnmud_Terrains.xml]
[Source: RimMandrake: Greentide]
[File: C:\Program Files (x86)\Steam\steamapps\common\RimWorld\Mods\Greentide\Defs\ThingDefs\RM_Frenzy_Items.xml]
[Source: RimMandrake: Greentide]
[File: C:\Program Files (x86)\Steam\steamapps\common\RimWorld\Mods\Greentide\Defs\ThingDefs\RM_SkerrelGall.xml]
[Source: RimMandrake: Greentide]
[File: C:\Program Files (x86)\Steam\steamapps\common\RimWorld\Mods\Greentide\Defs\ThingDefs\RM_StenchGrenade_Items.xml]
[Source: RimMandrake: Greentide]
[File: C:\Program Files (x86)\Steam\steamapps\common\RimWorld\Mods\Greentide\Defs\ThingDefs_Plants\RM_Greatbole.xml]
[Source: RimMandrake: Greentide]
[File: C:\Program Files (x86)\Steam\steamapps\common\RimWorld\Mods\Greentide\Defs\ThingDefs_Plants\RM_Greentide_TreeRoster.xml]
[Source: RimMandrake: Greentide]
[File: C:\Program Files (x86)\Steam\steamapps\common\RimWorld\Mods\Greentide\Defs\ThingDefs_Races\RM_GreatboleGrub.xml]
[Source: RimMandrake: Greentide]
[File: C:\Program Files (x86)\Steam\steamapps\common\RimWorld\Mods\Greentide\Defs\WorkGiverDefs\RM_Greentide_WorkGivers.xml]
[Source: RimMandrake: Fever Wood]
[File: C:\Program Files (x86)\Steam\steamapps\common\RimWorld\Mods\FeverWood\Defs\BiomeDefs\RM_FeverWood.xml]
[Source: RimMandrake: Fever Wood]
[File: C:\Program Files (x86)\Steam\steamapps\common\RimWorld\Mods\FeverWood\Defs\IncidentDefs\RUT_FeverWood_MirrorBreak.xml]
[Source: RimMandrake: Fever Wood]
[File: C:\Program Files (x86)\Steam\steamapps\common\RimWorld\Mods\FeverWood\Defs\JobDefs\RM_FeverWood_TwoFrontLureJobDefs.xml]
[Source: RimMandrake: Fever Wood]
[File: C:\Program Files (x86)\Steam\steamapps\common\RimWorld\Mods\FeverWood\Defs\MapGeneration\RM_FeverWood_AntHiveGenStep.xml]
[Source: RimMandrake: Fever Wood]
[File: C:\Program Files (x86)\Steam\steamapps\common\RimWorld\Mods\FeverWood\Defs\MapGeneration\RUT_FeverWood_GroundRefusalGenStep.xml]
[Source: RimMandrake: Fever Wood]
[File: C:\Program Files (x86)\Steam\steamapps\common\RimWorld\Mods\FeverWood\Defs\MapGeneration\RUT_FeverWood_ScatterPoolsGenStep.xml]
[Source: RimMandrake: Fever Wood]
[File: C:\Program Files (x86)\Steam\steamapps\common\RimWorld\Mods\FeverWood\Defs\TerrainDefs\RUT_FeverWoodMirrorPool.xml]
[Source: RimMandrake: Fever Wood]
[File: C:\Program Files (x86)\Steam\steamapps\common\RimWorld\Mods\FeverWood\Defs\ThingDefs_Buildings\RM_LureStake.xml]
[Source: RimMandrake: Fever Wood]
[File: C:\Program Files (x86)\Steam\steamapps\common\RimWorld\Mods\FeverWood\Defs\ThingDefs_Buildings\RM_SekkulaathTank.xml]
[Source: RimMandrake: Fever Wood]
[File: C:\Program Files (x86)\Steam\steamapps\common\RimWorld\Mods\FeverWood\Defs\ThingDefs_Buildings\RM_Sekkulaath_Tentacles.xml]
[Source: RimMandrake: Fever Wood]
[File: C:\Program Files (x86)\Steam\steamapps\common\RimWorld\Mods\FeverWood\Defs\ThingDefs_Buildings\RUT_FeverTrunkCore.xml]
[Source: RimMandrake: Fever Wood]
[File: C:\Program Files (x86)\Steam\steamapps\common\RimWorld\Mods\FeverWood\Defs\ThingDefs_Items\RUT_FeverWood_MirrorList.xml]
[Source: RimMandrake: Fever Wood]
[File: C:\Program Files (x86)\Steam\steamapps\common\RimWorld\Mods\FeverWood\Defs\ThingDefs_Races\RM_SapSuckerGuild.xml]
[Source: RimMandrake: Fever Wood]
[File: C:\Program Files (x86)\Steam\steamapps\common\RimWorld\Mods\FeverWood\Defs\ThingDefs_Races\RM_Sekkulaath_Juvenile.xml]
[Source: RimMandrake: Fever Wood]
[File: C:\Program Files (x86)\Steam\steamapps\common\RimWorld\Mods\FeverWood\Defs\WorkGiverDefs\RM_FeverWood_TwoFrontLureWorkGivers.xml]
[Source: RimMandrake: Luminous Pigment]
[File: C:\Program Files (x86)\Steam\steamapps\common\RimWorld\Mods\LuminousPigment\Defs\GenStepDefs\RM_GenStep_ShoreMats.xml]
[Source: RimMandrake: Luminous Pigment]
[File: C:\Program Files (x86)\Steam\steamapps\common\RimWorld\Mods\LuminousPigment\Defs\HediffDefs\RM_DeepfireGlowHediffs.xml]
[Source: RimMandrake: Luminous Pigment]
[File: C:\Program Files (x86)\Steam\steamapps\common\RimWorld\Mods\LuminousPigment\Defs\RecipeDefs\RM_RecipeDeepfireMeals.xml]
[Source: RimMandrake: Luminous Pigment]
[File: C:\Program Files (x86)\Steam\steamapps\common\RimWorld\Mods\LuminousPigment\Defs\ThingDefs_Buildings\RM_GlowTank.xml]
[Source: RimMandrake: Luminous Pigment]
[File: C:\Program Files (x86)\Steam\steamapps\common\RimWorld\Mods\LuminousPigment\Defs\ThingDefs_Items\RM_CrowncarpetFresh.xml]
[Source: RimMandrake: Luminous Pigment]
[File: C:\Program Files (x86)\Steam\steamapps\common\RimWorld\Mods\LuminousPigment\Defs\ThingDefs_Items\RM_MealDeepfire.xml]
[Source: RimMandrake: Luminous Pigment]
[File: C:\Program Files (x86)\Steam\steamapps\common\RimWorld\Mods\LuminousPigment\Defs\ThingDefs_Plants\RM_Crowncarpet.xml]
[Source: RimMandrake: Luminous Pigment]
[File: C:\Program Files (x86)\Steam\steamapps\common\RimWorld\Mods\LuminousPigment\Defs\ThoughtDefs\RM_SumptuaryThoughts.xml]
[Source: RimMandrake: Terminal Biomes]
[File: C:\Program Files (x86)\Steam\steamapps\common\RimWorld\Mods\TerminalBiomes\Defs\BiomeDefs\RM_GreySea.xml]
[Source: RimMandrake: Terminal Biomes]
[File: C:\Program Files (x86)\Steam\steamapps\common\RimWorld\Mods\TerminalBiomes\Defs\BiomeDefs\RM_PropaneLake.xml]
[Source: RimMandrake: Terminal Biomes]
[File: C:\Program Files (x86)\Steam\steamapps\common\RimWorld\Mods\TerminalBiomes\Defs\BiomeDefs\RM_TheScald.xml]
[Source: RimMandrake: Terminal Biomes]
[File: C:\Program Files (x86)\Steam\steamapps\common\RimWorld\Mods\TerminalBiomes\Defs\BiomeDefs\RM_TwilightSea.xml]
[Source: RimMandrake: Terminal Biomes]
[File: C:\Program Files (x86)\Steam\steamapps\common\RimWorld\Mods\TerminalBiomes\Defs\GameConditionDefs\RUT_ScaldSteamCarrier.xml]
[Source: RimMandrake: Terminal Biomes]
[File: C:\Program Files (x86)\Steam\steamapps\common\RimWorld\Mods\TerminalBiomes\Defs\GameConditionDefs\RUT_ScaldSteamLock.xml]
[Source: RimMandrake: Terminal Biomes]
[File: C:\Program Files (x86)\Steam\steamapps\common\RimWorld\Mods\TerminalBiomes\Defs\HediffDefs\RUT_ScaldExposure.xml]
[Source: RimMandrake: Terminal Biomes]
[File: C:\Program Files (x86)\Steam\steamapps\common\RimWorld\Mods\TerminalBiomes\Defs\IncidentDefs\RUT_SteamDevilAppears.xml]
[Source: RimMandrake: Terminal Biomes]
[File: C:\Program Files (x86)\Steam\steamapps\common\RimWorld\Mods\TerminalBiomes\Defs\IncidentDefs\RUT_WalkerSurfacing.xml]
[Source: RimMandrake: Terminal Biomes]
[File: C:\Program Files (x86)\Steam\steamapps\common\RimWorld\Mods\TerminalBiomes\Defs\MapGeneration\RUT_ScaldSailScatterer.xml]
[Source: RimMandrake: Terminal Biomes]
[File: C:\Program Files (x86)\Steam\steamapps\common\RimWorld\Mods\TerminalBiomes\Defs\MapGeneration\RUT_ScaldWreckScatter.xml]
[Source: RimMandrake: Terminal Biomes]
[File: C:\Program Files (x86)\Steam\steamapps\common\RimWorld\Mods\TerminalBiomes\Defs\ThingDefs_Buildings\RM_BrineElder.xml]
[Source: RimMandrake: Terminal Biomes]
[File: C:\Program Files (x86)\Steam\steamapps\common\RimWorld\Mods\TerminalBiomes\Defs\ThingDefs_Buildings\RUT_ScaldVent.xml]
[Source: RimMandrake: Terminal Biomes]
[File: C:\Program Files (x86)\Steam\steamapps\common\RimWorld\Mods\TerminalBiomes\Defs\ThingDefs_Buildings\RUT_SteamCatch.xml]
[Source: RimMandrake: Terminal Biomes]
[File: C:\Program Files (x86)\Steam\steamapps\common\RimWorld\Mods\TerminalBiomes\Defs\ThingDefs_Misc\RUT_SteamDevil.xml]
[Source: RimMandrake: Terminal Biomes]
[File: C:\Program Files (x86)\Steam\steamapps\common\RimWorld\Mods\TerminalBiomes\Defs\ThingDefs_Plants\RM_GreySeaFlora.xml]
[Source: RimMandrake: Terminal Biomes]
[File: C:\Program Files (x86)\Steam\steamapps\common\RimWorld\Mods\TerminalBiomes\Defs\WeatherDefs\RUT_ScaldSteam.xml]
[Source: RimMandrake: Sea Shores]
[File: C:\Program Files (x86)\Steam\steamapps\common\RimWorld\Mods\SeaShores\Defs\TileMutatorDefs\RM_SeaCoast.xml]
[Source: RimMandrake: Long Shade]
[File: C:\Program Files (x86)\Steam\steamapps\common\RimWorld\Mods\LongShade\Defs\HediffDefs\RM_Vorrel_Hediffs.xml]
[Source: RimMandrake: Wasteland]
[File: C:\Program Files (x86)\Steam\steamapps\common\RimWorld\Mods\Wasteland\Defs\BiomeDefs\RM_Wasteland_Biome.xml]
[Source: Jawa Ion Weapons (local)]
[File: C:\Program Files (x86)\Steam\steamapps\common\RimWorld\Mods\JawaIonWeapons\Defs\DamageDefs_JawaIon.xml]
[Source: Jawa Ion Weapons (local)]
[File: C:\Program Files (x86)\Steam\steamapps\common\RimWorld\Mods\JawaIonWeapons\Defs\StatDefs_JawaIon.xml]
[Source: Antiquities]
[File: C:\Program Files (x86)\Steam\steamapps\common\RimWorld\Mods\Antiquities\Defs\JobDefs\RUT_Antiquities_Jobs.xml]
[Source: Antiquities]
[File: C:\Program Files (x86)\Steam\steamapps\common\RimWorld\Mods\Antiquities\Defs\ResearchProjectDefs\RUT_Antiquities_Research.xml]
[Source: Antiquities]
[File: C:\Program Files (x86)\Steam\steamapps\common\RimWorld\Mods\Antiquities\Defs\ThingDefs_Items\RUT_Antiquities_Items.xml]
[Source: Antiquities]
[File: C:\Program Files (x86)\Steam\steamapps\common\RimWorld\Mods\Antiquities\Defs\WorkGiverDefs\RUT_Antiquities_WorkGivers.xml]
[Source: RimStarWars — Bacta]
[File: C:\Program Files (x86)\Steam\steamapps\common\RimWorld\Mods\Bacta\Defs\JobDefs\RSW_BactaJobDefs.xml]
[Source: RimStarWars — Bacta]
[File: C:\Program Files (x86)\Steam\steamapps\common\RimWorld\Mods\Bacta\Defs\ThingDefs_Buildings\RSW_BactaTank.xml]
[Source: RimStarWars — Bacta]
[File: C:\Program Files (x86)\Steam\steamapps\common\RimWorld\Mods\Bacta\Defs\ThingDefs_Items\RSW_BactaFieldItems.xml]
[Source: RimStarWars — Bacta]
[File: C:\Program Files (x86)\Steam\steamapps\common\RimWorld\Mods\Bacta\Defs\WorkGiverDefs\RSW_BactaWorkGivers.xml]
[Source: RimStarWars Patches]
[File: C:\Program Files (x86)\Steam\steamapps\common\RimWorld\Mods\StarWarsPatches\Defs\PawnKindDefs\AlienSpawnEnablers.xml]
[Source: RimUtinni Patches (Jawa campaign)]
[File: C:\Program Files (x86)\Steam\steamapps\common\RimWorld\Mods\UtinniPatches\Defs\BiomeDefs\RUT_FeverWood.xml]
[Source: RimUtinni Patches (Jawa campaign)]
[File: C:\Program Files (x86)\Steam\steamapps\common\RimWorld\Mods\UtinniPatches\Defs\BiomeDefs\RUT_Greentide.xml]
[Source: RimUtinni Patches (Jawa campaign)]
[File: C:\Program Files (x86)\Steam\steamapps\common\RimWorld\Mods\UtinniPatches\Defs\BiomeDefs\RUT_GreySea.xml]
[Source: RimUtinni Patches (Jawa campaign)]
[File: C:\Program Files (x86)\Steam\steamapps\common\RimWorld\Mods\UtinniPatches\Defs\BiomeDefs\RUT_Miasma.xml]
[Source: RimUtinni Patches (Jawa campaign)]
[File: C:\Program Files (x86)\Steam\steamapps\common\RimWorld\Mods\UtinniPatches\Defs\BiomeDefs\RUT_PropaneLake.xml]
[Source: RimUtinni Patches (Jawa campaign)]
[File: C:\Program Files (x86)\Steam\steamapps\common\RimWorld\Mods\UtinniPatches\Defs\BiomeDefs\RUT_Sump.xml]
[Source: RimUtinni Patches (Jawa campaign)]
[File: C:\Program Files (x86)\Steam\steamapps\common\RimWorld\Mods\UtinniPatches\Defs\BiomeDefs\RUT_TheRot.xml]
[Source: RimUtinni Patches (Jawa campaign)]
[File: C:\Program Files (x86)\Steam\steamapps\common\RimWorld\Mods\UtinniPatches\Defs\BiomeDefs\RUT_TheScald.xml]
[Source: RimUtinni Patches (Jawa campaign)]
[File: C:\Program Files (x86)\Steam\steamapps\common\RimWorld\Mods\UtinniPatches\Defs\BiomeDefs\RUT_TwilightSea.xml]
[Source: RimUtinni Patches (Jawa campaign)]
[File: C:\Program Files (x86)\Steam\steamapps\common\RimWorld\Mods\UtinniPatches\Defs\BiomeDefs\RUT_Webwork.xml]
[Source: RimUtinni Patches (Jawa campaign)]
[File: C:\Program Files (x86)\Steam\steamapps\common\RimWorld\Mods\UtinniPatches\Defs\BiomeDefs\RUT_WeepingStones.xml]
[Source: RimUtinni Patches (Jawa campaign)]
[File: C:\Program Files (x86)\Steam\steamapps\common\RimWorld\Mods\UtinniPatches\Defs\FactionDefs\JawaAscendantHelix.xml]
[Source: RimUtinni Patches (Jawa campaign)]
[File: C:\Program Files (x86)\Steam\steamapps\common\RimWorld\Mods\UtinniPatches\Defs\FactionDefs\JawaDeepwaterCompact.xml]
[Source: RimUtinni Patches (Jawa campaign)]
[File: C:\Program Files (x86)\Steam\steamapps\common\RimWorld\Mods\UtinniPatches\Defs\FactionDefs\JawaGeonosianFoundryHive.xml]
[Source: RimUtinni Patches (Jawa campaign)]
[File: C:\Program Files (x86)\Steam\steamapps\common\RimWorld\Mods\UtinniPatches\Defs\FactionDefs\JawaHuttCartel.xml]
[Source: RimUtinni Patches (Jawa campaign)]
[File: C:\Program Files (x86)\Steam\steamapps\common\RimWorld\Mods\UtinniPatches\Defs\FactionDefs\JawaJunkers.xml]
[Source: RimUtinni Patches (Jawa campaign)]
[File: C:\Program Files (x86)\Steam\steamapps\common\RimWorld\Mods\UtinniPatches\Defs\FactionDefs\JawaWildsteamClan.xml]
[Source: RimUtinni Patches (Jawa campaign)]
[File: C:\Program Files (x86)\Steam\steamapps\common\RimWorld\Mods\UtinniPatches\Defs\GameConditionDefs\RUT_BreaklightCondition.xml]
[Source: RimUtinni Patches (Jawa campaign)]
[File: C:\Program Files (x86)\Steam\steamapps\common\RimWorld\Mods\UtinniPatches\Defs\GameConditionDefs\RUT_ForgePulse.xml]
[Source: RimUtinni Patches (Jawa campaign)]
[File: C:\Program Files (x86)\Steam\steamapps\common\RimWorld\Mods\UtinniPatches\Defs\GameConditionDefs\RUT_GradientSurge.xml]
[Source: RimUtinni Patches (Jawa campaign)]
[File: C:\Program Files (x86)\Steam\steamapps\common\RimWorld\Mods\UtinniPatches\Defs\GameConditionDefs\RUT_GreentideWetBulbLock.xml]
[Source: RimUtinni Patches (Jawa campaign)]
[File: C:\Program Files (x86)\Steam\steamapps\common\RimWorld\Mods\UtinniPatches\Defs\GameConditionDefs\RUT_MiasmaWeatherLock.xml]
[Source: RimUtinni Patches (Jawa campaign)]
[File: C:\Program Files (x86)\Steam\steamapps\common\RimWorld\Mods\UtinniPatches\Defs\GameConditionDefs\RUT_RoilLock.xml]
[Source: RimUtinni Patches (Jawa campaign)]
[File: C:\Program Files (x86)\Steam\steamapps\common\RimWorld\Mods\UtinniPatches\Defs\GameConditionDefs\RUT_ScariaOnsetArming.xml]
[Source: RimUtinni Patches (Jawa campaign)]
[File: C:\Program Files (x86)\Steam\steamapps\common\RimWorld\Mods\UtinniPatches\Defs\GameConditionDefs\RUT_ScarlandsMarkLock.xml]
[Source: RimUtinni Patches (Jawa campaign)]
[File: C:\Program Files (x86)\Steam\steamapps\common\RimWorld\Mods\UtinniPatches\Defs\GameConditionDefs\RUT_SheenExposureLock.xml]
[Source: RimUtinni Patches (Jawa campaign)]
[File: C:\Program Files (x86)\Steam\steamapps\common\RimWorld\Mods\UtinniPatches\Defs\GameConditionDefs\RUT_SumpDuskLock.xml]
[Source: RimUtinni Patches (Jawa campaign)]
[File: C:\Program Files (x86)\Steam\steamapps\common\RimWorld\Mods\UtinniPatches\Defs\GeneArchiveDefs\RUT_SlimeGeneArchive.xml]
[Source: RimUtinni Patches (Jawa campaign)]
[File: C:\Program Files (x86)\Steam\steamapps\common\RimWorld\Mods\UtinniPatches\Defs\HediffDefs\RUT_MiasmaExposure.xml]
[Source: RimUtinni Patches (Jawa campaign)]
[File: C:\Program Files (x86)\Steam\steamapps\common\RimWorld\Mods\UtinniPatches\Defs\HediffDefs\RUT_Miasma_StrangeTier.xml]
[Source: RimUtinni Patches (Jawa campaign)]
[File: C:\Program Files (x86)\Steam\steamapps\common\RimWorld\Mods\UtinniPatches\Defs\HediffDefs\RUT_ScarlandsMark.xml]
[Source: RimUtinni Patches (Jawa campaign)]
[File: C:\Program Files (x86)\Steam\steamapps\common\RimWorld\Mods\UtinniPatches\Defs\HediffDefs\RUT_Tarred_Hediffs.xml]
[Source: RimUtinni Patches (Jawa campaign)]
[File: C:\Program Files (x86)\Steam\steamapps\common\RimWorld\Mods\UtinniPatches\Defs\HediffDefs\RUT_YearningFruit_Hediffs.xml]
[Source: RimUtinni Patches (Jawa campaign)]
[File: C:\Program Files (x86)\Steam\steamapps\common\RimWorld\Mods\UtinniPatches\Defs\IncidentDefs\RUT_Breaklight.xml]
[Source: RimUtinni Patches (Jawa campaign)]
[File: C:\Program Files (x86)\Steam\steamapps\common\RimWorld\Mods\UtinniPatches\Defs\IncidentDefs\RUT_ContagionProbe.xml]
[Source: RimUtinni Patches (Jawa campaign)]
[File: C:\Program Files (x86)\Steam\steamapps\common\RimWorld\Mods\UtinniPatches\Defs\IncidentDefs\RUT_GreatboleFruitfall.xml]
[Source: RimUtinni Patches (Jawa campaign)]
[File: C:\Program Files (x86)\Steam\steamapps\common\RimWorld\Mods\UtinniPatches\Defs\LotteryTableDefs\RUT_DigStratumTable.xml]
[Source: RimUtinni Patches (Jawa campaign)]
[File: C:\Program Files (x86)\Steam\steamapps\common\RimWorld\Mods\UtinniPatches\Defs\MapGeneration\RUT_ContagionRingScatter.xml]
[Source: RimUtinni Patches (Jawa campaign)]
[File: C:\Program Files (x86)\Steam\steamapps\common\RimWorld\Mods\UtinniPatches\Defs\MapGeneration\RUT_FoundryFloor_MeltChannels.xml]
[Source: RimUtinni Patches (Jawa campaign)]
[File: C:\Program Files (x86)\Steam\steamapps\common\RimWorld\Mods\UtinniPatches\Defs\MapGeneration\RUT_FoundryFloor_SalvageCache.xml]
[Source: RimUtinni Patches (Jawa campaign)]
[File: C:\Program Files (x86)\Steam\steamapps\common\RimWorld\Mods\UtinniPatches\Defs\MapGeneration\RUT_FoundryFloor_TenderSpawn.xml]
[Source: RimUtinni Patches (Jawa campaign)]
[File: C:\Program Files (x86)\Steam\steamapps\common\RimWorld\Mods\UtinniPatches\Defs\MapGeneration\RUT_FoundryTowerScatter.xml]
[Source: RimUtinni Patches (Jawa campaign)]
[File: C:\Program Files (x86)\Steam\steamapps\common\RimWorld\Mods\UtinniPatches\Defs\MapGeneration\RUT_Greentide_LivingBolesGenStep.xml]
[Source: RimUtinni Patches (Jawa campaign)]
[File: C:\Program Files (x86)\Steam\steamapps\common\RimWorld\Mods\UtinniPatches\Defs\MapGeneration\RUT_Greentide_RootCausewaysGenStep.xml]
[Source: RimUtinni Patches (Jawa campaign)]
[File: C:\Program Files (x86)\Steam\steamapps\common\RimWorld\Mods\UtinniPatches\Defs\MapGeneration\RUT_Miasma_CrecheScatterer.xml]
[Source: RimUtinni Patches (Jawa campaign)]
[File: C:\Program Files (x86)\Steam\steamapps\common\RimWorld\Mods\UtinniPatches\Defs\MapGeneration\RUT_Miasma_GradientAxisGenStep.xml]
[Source: RimUtinni Patches (Jawa campaign)]
[File: C:\Program Files (x86)\Steam\steamapps\common\RimWorld\Mods\UtinniPatches\Defs\MapGeneration\RUT_ScarlandsGraveWardScatter.xml]
[Source: RimUtinni Patches (Jawa campaign)]
[File: C:\Program Files (x86)\Steam\steamapps\common\RimWorld\Mods\UtinniPatches\Defs\RecipeDefs\RUT_Tarred_Surgery.xml]
[Source: RimUtinni Patches (Jawa campaign)]
[File: C:\Program Files (x86)\Steam\steamapps\common\RimWorld\Mods\UtinniPatches\Defs\ThingDefs_Buildings\RUT_CrecheMarker.xml]
[Source: RimUtinni Patches (Jawa campaign)]
[File: C:\Program Files (x86)\Steam\steamapps\common\RimWorld\Mods\UtinniPatches\Defs\ThingDefs_Buildings\RUT_DigShaft.xml]
[Source: RimUtinni Patches (Jawa campaign)]
[File: C:\Program Files (x86)\Steam\steamapps\common\RimWorld\Mods\UtinniPatches\Defs\ThingDefs_Buildings\RUT_GaslightLamp.xml]
[Source: RimUtinni Patches (Jawa campaign)]
[File: C:\Program Files (x86)\Steam\steamapps\common\RimWorld\Mods\UtinniPatches\Defs\ThingDefs_Buildings\RUT_GreatboleCore.xml]
[Source: RimUtinni Patches (Jawa campaign)]
[File: C:\Program Files (x86)\Steam\steamapps\common\RimWorld\Mods\UtinniPatches\Defs\ThingDefs_Buildings\RUT_SentinelGraveWard.xml]
[Source: RimUtinni Patches (Jawa campaign)]
[File: C:\Program Files (x86)\Steam\steamapps\common\RimWorld\Mods\UtinniPatches\Defs\ThingDefs_Buildings\RUT_TarBlaze.xml]
[Source: RimUtinni Patches (Jawa campaign)]
[File: C:\Program Files (x86)\Steam\steamapps\common\RimWorld\Mods\UtinniPatches\Defs\ThingDefs_Buildings\RUT_TarVault.xml]
[Source: RimUtinni Patches (Jawa campaign)]
[File: C:\Program Files (x86)\Steam\steamapps\common\RimWorld\Mods\UtinniPatches\Defs\ThingDefs_Buildings\RUT_WebworkStructures.xml]
[Source: RimUtinni Patches (Jawa campaign)]
[File: C:\Program Files (x86)\Steam\steamapps\common\RimWorld\Mods\UtinniPatches\Defs\ThingDefs_Items\RM_ColdWax.xml]
[Source: RimUtinni Patches (Jawa campaign)]
[File: C:\Program Files (x86)\Steam\steamapps\common\RimWorld\Mods\UtinniPatches\Defs\ThingDefs_Plants\RUT_Placeholder_GreentideGiantTree.xml]
[Source: RimUtinni Patches (Jawa campaign)]
[File: C:\Program Files (x86)\Steam\steamapps\common\RimWorld\Mods\UtinniPatches\Defs\ThingDefs_Plants\RUT_TwinkleSpikeTestPlant.xml]
[Source: RimUtinni Patches (Jawa campaign)]
[File: C:\Program Files (x86)\Steam\steamapps\common\RimWorld\Mods\UtinniPatches\Defs\ThingDefs_Races\RUT_BrineBattery.xml]
[Source: RimUtinni Patches (Jawa campaign)]
[File: C:\Program Files (x86)\Steam\steamapps\common\RimWorld\Mods\UtinniPatches\Defs\ThingDefs_Races\RUT_FleetFlier.xml]
[Source: RimUtinni Patches (Jawa campaign)]
[File: C:\Program Files (x86)\Steam\steamapps\common\RimWorld\Mods\UtinniPatches\Defs\ThingDefs_Races\RUT_Karrobel.xml]
[Source: RimUtinni Patches (Jawa campaign)]
[File: C:\Program Files (x86)\Steam\steamapps\common\RimWorld\Mods\UtinniPatches\Defs\ThingDefs_Races\RUT_Placeholder_GreentideGnawerRace.xml]
[Source: RimUtinni Patches (Jawa campaign)]
[File: C:\Program Files (x86)\Steam\steamapps\common\RimWorld\Mods\UtinniPatches\Defs\ThingDefs_Races\RUT_Placeholder_GreentideLungerRace.xml]
[Source: RimUtinni Patches (Jawa campaign)]
[File: C:\Program Files (x86)\Steam\steamapps\common\RimWorld\Mods\UtinniPatches\Defs\ThingDefs_Races\RUT_Placeholder_SumpMouseRace.xml]
[Source: RimUtinni Patches (Jawa campaign)]
[File: C:\Program Files (x86)\Steam\steamapps\common\RimWorld\Mods\UtinniPatches\Defs\ThingDefs_Races\RUT_PropaneLakeFauna.xml]
[Source: RimUtinni Patches (Jawa campaign)]
[File: C:\Program Files (x86)\Steam\steamapps\common\RimWorld\Mods\UtinniPatches\Defs\ThingDefs_Races\RUT_Radiothermal.xml]
[Source: RimUtinni Patches (Jawa campaign)]
[File: C:\Program Files (x86)\Steam\steamapps\common\RimWorld\Mods\UtinniPatches\Defs\ThingDefs_Races\RUT_SealedSleeper.xml]
[Source: RimUtinni Patches (Jawa campaign)]
[File: C:\Program Files (x86)\Steam\steamapps\common\RimWorld\Mods\UtinniPatches\Defs\ThinkTreeDefs\RUT_ThinkTree_GreentideGnawerFell.xml]
[Source: RimUtinni Patches (Jawa campaign)]
[File: C:\Program Files (x86)\Steam\steamapps\common\RimWorld\Mods\UtinniPatches\Defs\ThinkTreeDefs\RUT_ThinkTree_SumpMouseWander.xml]
[Source: RimUtinni Patches (Jawa campaign)]
[File: C:\Program Files (x86)\Steam\steamapps\common\RimWorld\Mods\UtinniPatches\Defs\TraderKindDefs\RUT_HuttCartel_Captives.xml]
[Source: RimUtinni Patches (Jawa campaign)]
[File: C:\Program Files (x86)\Steam\steamapps\common\RimWorld\Mods\UtinniPatches\Defs\TraderKindDefs\RUT_TradeMootDroids.xml]
[Source: RimUtinni Patches (Jawa campaign)]
[File: C:\Program Files (x86)\Steam\steamapps\common\RimWorld\Mods\UtinniPatches\Defs\WeatherDefs\RUT_RoilWeather.xml]
[Source: RimMandrake: Deep Diving]
[File: C:\Program Files (x86)\Steam\steamapps\common\RimWorld\Mods\DivingInteraction\Defs\MapGeneration\RM_SeaDiveGenStepDefs.xml]
[Source: RimMandrake: Deep Diving]
[File: C:\Program Files (x86)\Steam\steamapps\common\RimWorld\Mods\DivingInteraction\Defs\PlanetLayerDefs\RM_SeabedLayer.xml]
[Source: RimMandrake: Deep Diving]
[File: C:\Program Files (x86)\Steam\steamapps\common\RimWorld\Mods\DivingInteraction\Defs\ThingDefs_Buildings\RM_BrineEncasement.xml]
[Source: RimMandrake: Deep Diving]
[File: C:\Program Files (x86)\Steam\steamapps\common\RimWorld\Mods\DivingInteraction\Defs\ThingDefs_Buildings\RM_SeaDiveHatch.xml]
[Source: RimMandrake: The Gelatinous Slime]
[File: C:\Program Files (x86)\Steam\steamapps\common\RimWorld\Mods\GelatinousSlime\Defs\BiomeDefs\GelatinousSlime.xml]
[Source: RimMandrake: The Gelatinous Slime]
[File: C:\Program Files (x86)\Steam\steamapps\common\RimWorld\Mods\GelatinousSlime\Defs\GeneArchiveDefs\DefaultArchive.xml]
[Source: RimMandrake: The Gelatinous Slime]
[File: C:\Program Files (x86)\Steam\steamapps\common\RimWorld\Mods\GelatinousSlime\Defs\GeneDefs\SlimeGenes_AList.xml]
[Source: RimMandrake: The Gelatinous Slime]
[File: C:\Program Files (x86)\Steam\steamapps\common\RimWorld\Mods\GelatinousSlime\Defs\GeneDefs\SlimeGenes_BList.xml]
[Source: RimMandrake: The Gelatinous Slime]
[File: C:\Program Files (x86)\Steam\steamapps\common\RimWorld\Mods\GelatinousSlime\Defs\GenStepDefs\RM_SlimeVisitorSeed.xml]
[Source: RimMandrake: The Gelatinous Slime]
[File: C:\Program Files (x86)\Steam\steamapps\common\RimWorld\Mods\GelatinousSlime\Defs\HediffDefs\Slimification.xml]
[Source: RimMandrake: The Gelatinous Slime]
[File: C:\Program Files (x86)\Steam\steamapps\common\RimWorld\Mods\GelatinousSlime\Defs\JobDefs\SlimeJobs.xml]
[Source: RimMandrake: The Gelatinous Slime]
[File: C:\Program Files (x86)\Steam\steamapps\common\RimWorld\Mods\GelatinousSlime\Defs\Maneuvers\Engulf.xml]
[Source: RimMandrake: The Gelatinous Slime]
[File: C:\Program Files (x86)\Steam\steamapps\common\RimWorld\Mods\GelatinousSlime\Defs\ThingDefs_Items\GeneSeeker.xml]
[Source: RimMandrake: The Gelatinous Slime]
[File: C:\Program Files (x86)\Steam\steamapps\common\RimWorld\Mods\GelatinousSlime\Defs\ThingDefs_Items\SlimeItems.xml]
[Source: RimMandrake: The Gelatinous Slime]
[File: C:\Program Files (x86)\Steam\steamapps\common\RimWorld\Mods\GelatinousSlime\Defs\ThingDefs_Races\Gelatid.xml]
[Source: RimMandrake: The Gelatinous Slime]
[File: C:\Program Files (x86)\Steam\steamapps\common\RimWorld\Mods\GelatinousSlime\Defs\ThingDefs_Races\Titanoslime.xml]
[Source: RimMandrake: The Gelatinous Slime]
[File: C:\Program Files (x86)\Steam\steamapps\common\RimWorld\Mods\GelatinousSlime\Defs\ThoughtDefs\SlimeThoughts.xml]
[Source: Droidworks]
[File: C:\Program Files (x86)\Steam\steamapps\common\RimWorld\Mods\Droidworks\Defs\Races_Base.xml]
[Source: Droidworks]
[File: C:\Program Files (x86)\Steam\steamapps\common\RimWorld\Mods\Droidworks\Defs\Races_Families.xml]
[Source: Droidworks]
[File: C:\Program Files (x86)\Steam\steamapps\common\RimWorld\Mods\Droidworks\Defs\Races_JDS.xml]
[Source: Droidworks]
[File: C:\Program Files (x86)\Steam\steamapps\common\RimWorld\Mods\Droidworks\Defs\Races_KotOR.xml]
[Source: Droidworks]
[File: C:\Program Files (x86)\Steam\steamapps\common\RimWorld\Mods\Droidworks\Defs\Races_OuterRim.xml]
[Source: Droidworks]
[File: C:\Program Files (x86)\Steam\steamapps\common\RimWorld\Mods\Droidworks\Defs\Races_Primitive.xml]
[Source: Droidworks]
[File: C:\Program Files (x86)\Steam\steamapps\common\RimWorld\Mods\Droidworks\Defs\HediffDefs\HediffDefs_Droidworks.xml]
[Source: Droidworks]
[File: C:\Program Files (x86)\Steam\steamapps\common\RimWorld\Mods\Droidworks\Defs\IncidentDefs\IncidentDefs_Droidworks.xml]
[Source: Droidworks]
[File: C:\Program Files (x86)\Steam\steamapps\common\RimWorld\Mods\Droidworks\Defs\JobDefs\JobDefs_Droidworks.xml]
[Source: Droidworks]
[File: C:\Program Files (x86)\Steam\steamapps\common\RimWorld\Mods\Droidworks\Defs\NeedDefs\NeedDefs_Droidworks.xml]
[Source: Droidworks]
[File: C:\Program Files (x86)\Steam\steamapps\common\RimWorld\Mods\Droidworks\Defs\RecipeDefs\AssemblyRecipes_Droidworks.xml]
[Source: Droidworks]
[File: C:\Program Files (x86)\Steam\steamapps\common\RimWorld\Mods\Droidworks\Defs\RecipeDefs\PartRecipes_Droidworks.xml]
[Source: Droidworks]
[File: C:\Program Files (x86)\Steam\steamapps\common\RimWorld\Mods\Droidworks\Defs\RecipeDefs\PartRecipes_Droidworks_Primitive.xml]
[Source: Droidworks]
[File: C:\Program Files (x86)\Steam\steamapps\common\RimWorld\Mods\Droidworks\Defs\RecipeDefs\RecipeDefs_Droidworks.xml]
[Source: Droidworks]
[File: C:\Program Files (x86)\Steam\steamapps\common\RimWorld\Mods\Droidworks\Defs\ThingDefs\Buildings_Charging.xml]
[Source: Droidworks]
[File: C:\Program Files (x86)\Steam\steamapps\common\RimWorld\Mods\Droidworks\Defs\ThingDefs\DataSpikes_Droidworks.xml]
[Source: Droidworks]
[File: C:\Program Files (x86)\Steam\steamapps\common\RimWorld\Mods\Droidworks\Defs\ThingDefs\Heads_Droidworks.xml]
[Source: Droidworks]
[File: C:\Program Files (x86)\Steam\steamapps\common\RimWorld\Mods\Droidworks\Defs\ThingDefs\Items_Droidworks.xml]
[Source: Droidworks]
[File: C:\Program Files (x86)\Steam\steamapps\common\RimWorld\Mods\Droidworks\Defs\ThinkTreeDefs\ThinkTreeDefs_DWRecharge.xml]
[Source: Droidworks]
[File: C:\Program Files (x86)\Steam\steamapps\common\RimWorld\Mods\Droidworks\Defs\ThoughtDefs\ThoughtDefs_Droidworks.xml]
[Source: Droidworks]
[File: C:\Program Files (x86)\Steam\steamapps\common\RimWorld\Mods\Droidworks\Defs\TraitDefs\TraitDefs_Droidworks.xml]
[Source: Droidworks]
[File: C:\Program Files (x86)\Steam\steamapps\common\RimWorld\Mods\Droidworks\Defs\TraitDefs\TraitDefs_Droidworks_Idiosyncrasies.xml]
[Source: RimUtinni: Droid Repair Jobs]
[File: C:\Program Files (x86)\Steam\steamapps\common\RimWorld\Mods\DroidRepairJobs\Defs\QuestScriptDefs\Quest_DroidRepairJob.xml]
[Source: Pyrelands]
[File: C:\Program Files (x86)\Steam\steamapps\common\RimWorld\Mods\Pyrelands\Defs\BiomeDefs\Pyrelands.xml]
[Source: Pyrelands]
[File: C:\Program Files (x86)\Steam\steamapps\common\RimWorld\Mods\Pyrelands\Defs\GenStepDefs\PyrelandsGenSteps.xml]
[Source: Pyrelands]
[File: C:\Program Files (x86)\Steam\steamapps\common\RimWorld\Mods\Pyrelands\Defs\JobDefs\RM_PyrelandsJobs.xml]
[Source: Pyrelands]
[File: C:\Program Files (x86)\Steam\steamapps\common\RimWorld\Mods\Pyrelands\Defs\ThingDefs_Plants\Quickgrass.xml]
[Source: Pyrelands]
[File: C:\Program Files (x86)\Steam\steamapps\common\RimWorld\Mods\Pyrelands\Defs\ThinkTreeDefs\RM_FireHawkThinkTree.xml]
[Source: Pyrelands]
[File: C:\Program Files (x86)\Steam\steamapps\common\RimWorld\Mods\Pyrelands\Defs\ThinkTreeDefs\RM_FurnaceBeastThinkTree.xml]
[Source: Pyrelands]
[File: C:\Program Files (x86)\Steam\steamapps\common\RimWorld\Mods\Pyrelands\Defs\WorldObjectDefs\WorldObjects_Pyrelands.xml]
[Source: RimMandrake: Utinni — Pyrelands Mechanics]
[File: C:\Program Files (x86)\Steam\steamapps\common\RimWorld\Mods\PyrelandsMechanics\Defs\DutyDefs\RUT_PyrelandsDuties.xml]
[Source: RimMandrake: Utinni — Pyrelands Mechanics]
[File: C:\Program Files (x86)\Steam\steamapps\common\RimWorld\Mods\PyrelandsMechanics\Defs\IncidentDefs\RUT_PyrelandsIncidents.xml]
[Source: Moving Dunes]
[File: C:\Program Files (x86)\Steam\steamapps\common\RimWorld\Mods\MovingDunes\Defs\DuneMaterialDefs\Materials.xml]
[Source: Moving Dunes]
[File: C:\Program Files (x86)\Steam\steamapps\common\RimWorld\Mods\MovingDunes\Defs\ThingDefs\BuriedCache.xml]
[Source: RimMandrake: FlowWorks]
[File: C:\Program Files (x86)\Steam\steamapps\common\RimWorld\Mods\FlowWorks\Defs\Canals\FluidDefs\FlowWorks_Fluids.xml]
[Source: RimMandrake: FlowWorks]
[File: C:\Program Files (x86)\Steam\steamapps\common\RimWorld\Mods\FlowWorks\Defs\Canals\JobDefs\FlowWorks_JobDefs.xml]
[Source: RimMandrake: FlowWorks]
[File: C:\Program Files (x86)\Steam\steamapps\common\RimWorld\Mods\FlowWorks\Defs\Canals\ThingDefs\FlowWorks_ThingDefs.xml]
[Source: RimMandrake: FlowWorks]
[File: C:\Program Files (x86)\Steam\steamapps\common\RimWorld\Mods\FlowWorks\Defs\Canals\WorkGiverDefs\FlowWorks_WorkGivers.xml]
[Source: RimMandrake: FlowWorks]
[File: C:\Program Files (x86)\Steam\steamapps\common\RimWorld\Mods\FlowWorks\Defs\Drilling\ThingDefs\RM_LiquidDrill.xml]
[Source: RimMandrake: FlowWorks]
[File: C:\Program Files (x86)\Steam\steamapps\common\RimWorld\Mods\FlowWorks\Defs\LiquidTypes\GenStepDefs\RM_GenStep_LiquidShores.xml]
[Source: RimMandrake: FlowWorks]
[File: C:\Program Files (x86)\Steam\steamapps\common\RimWorld\Mods\FlowWorks\Defs\LiquidTypes\JobDefs\RM_LiquidBottleJobs.xml]
[Source: RimMandrake: FlowWorks]
[File: C:\Program Files (x86)\Steam\steamapps\common\RimWorld\Mods\FlowWorks\Defs\LiquidTypes\LiquidBodyDefs\RM_LiquidBodyRegistry.xml]
[Source: RimMandrake: FlowWorks]
[File: C:\Program Files (x86)\Steam\steamapps\common\RimWorld\Mods\FlowWorks\Defs\LiquidTypes\LiquidDefs\RM_LiquidDefRegistry.xml]
[Source: RimMandrake: FlowWorks]
[File: C:\Program Files (x86)\Steam\steamapps\common\RimWorld\Mods\FlowWorks\Defs\LiquidTypes\TerrainDefs\RM_AcidWater.xml]
[Source: RimMandrake: FlowWorks]
[File: C:\Program Files (x86)\Steam\steamapps\common\RimWorld\Mods\FlowWorks\Defs\LiquidTypes\TerrainDefs\RM_Ammonia.xml]
[Source: RimMandrake: FlowWorks]
[File: C:\Program Files (x86)\Steam\steamapps\common\RimWorld\Mods\FlowWorks\Defs\LiquidTypes\TerrainDefs\RM_Churnmud.xml]
[Source: RimMandrake: FlowWorks]
[File: C:\Program Files (x86)\Steam\steamapps\common\RimWorld\Mods\FlowWorks\Defs\LiquidTypes\TerrainDefs\RM_Coolant.xml]
[Source: RimMandrake: FlowWorks]
[File: C:\Program Files (x86)\Steam\steamapps\common\RimWorld\Mods\FlowWorks\Defs\LiquidTypes\TerrainDefs\RM_FuelSap.xml]
[Source: RimMandrake: FlowWorks]
[File: C:\Program Files (x86)\Steam\steamapps\common\RimWorld\Mods\FlowWorks\Defs\LiquidTypes\TerrainDefs\RM_Ichor.xml]
[Source: RimMandrake: FlowWorks]
[File: C:\Program Files (x86)\Steam\steamapps\common\RimWorld\Mods\FlowWorks\Defs\LiquidTypes\TerrainDefs\RM_Ooze.xml]
[Source: RimMandrake: FlowWorks]
[File: C:\Program Files (x86)\Steam\steamapps\common\RimWorld\Mods\FlowWorks\Defs\LiquidTypes\TerrainDefs\RM_Propane.xml]
[Source: RimMandrake: FlowWorks]
[File: C:\Program Files (x86)\Steam\steamapps\common\RimWorld\Mods\FlowWorks\Defs\LiquidTypes\TerrainDefs\RM_ReactionLiquor.xml]
[Source: RimMandrake: FlowWorks]
[File: C:\Program Files (x86)\Steam\steamapps\common\RimWorld\Mods\FlowWorks\Defs\LiquidTypes\TerrainDefs\RM_SlimeGreen.xml]
[Source: RimMandrake: FlowWorks]
[File: C:\Program Files (x86)\Steam\steamapps\common\RimWorld\Mods\FlowWorks\Defs\LiquidTypes\TerrainDefs\RM_SlimeRed.xml]
[Source: RimMandrake: FlowWorks]
[File: C:\Program Files (x86)\Steam\steamapps\common\RimWorld\Mods\FlowWorks\Defs\LiquidTypes\TerrainDefs\RM_SlimeWhite.xml]
[Source: RimMandrake: FlowWorks]
[File: C:\Program Files (x86)\Steam\steamapps\common\RimWorld\Mods\FlowWorks\Defs\LiquidTypes\TerrainDefs\RM_SlimeYellow.xml]
[Source: RimMandrake: FlowWorks]
[File: C:\Program Files (x86)\Steam\steamapps\common\RimWorld\Mods\FlowWorks\Defs\LiquidTypes\TerrainDefs\RM_Tar.xml]
[Source: RimMandrake: FlowWorks]
[File: C:\Program Files (x86)\Steam\steamapps\common\RimWorld\Mods\FlowWorks\Defs\LiquidTypes\TerrainDefs\RM_WaterBrackish.xml]
[Source: RimMandrake: FlowWorks]
[File: C:\Program Files (x86)\Steam\steamapps\common\RimWorld\Mods\FlowWorks\Defs\LiquidTypes\TerrainDefs\RM_WaterBrine.xml]
[Source: RimMandrake: FlowWorks]
[File: C:\Program Files (x86)\Steam\steamapps\common\RimWorld\Mods\FlowWorks\Defs\LiquidTypes\TerrainDefs\RM_WaterFrigid.xml]
[Source: RimMandrake: FlowWorks]
[File: C:\Program Files (x86)\Steam\steamapps\common\RimWorld\Mods\FlowWorks\Defs\LiquidTypes\TerrainDefs\RM_WaterMineral.xml]
[Source: RimMandrake: FlowWorks]
[File: C:\Program Files (x86)\Steam\steamapps\common\RimWorld\Mods\FlowWorks\Defs\LiquidTypes\ThingDefs\RM_LiquidBottles.xml]
[Source: RimMandrake: FlowWorks]
[File: C:\Program Files (x86)\Steam\steamapps\common\RimWorld\Mods\FlowWorks\Defs\LiquidTypes\ThingDefs\RM_LiquidBottles_Base.xml]
[Source: RimMandrake: FlowWorks]
[File: C:\Program Files (x86)\Steam\steamapps\common\RimWorld\Mods\FlowWorks\Defs\LiquidTypes\ThingDefs\RM_LiquidTank.xml]
[Source: RimMandrake: FlowWorks]
[File: C:\Program Files (x86)\Steam\steamapps\common\RimWorld\Mods\FlowWorks\Defs\LiquidTypes\WorkGiverDefs\RM_LiquidBottleWorkGivers.xml]
[Source: RimMandrake: FlowWorks]
[File: C:\Program Files (x86)\Steam\steamapps\common\RimWorld\Mods\FlowWorks\Defs\Pits\JobDefs\Pit_JobDefs.xml]
[Source: RimMandrake: FlowWorks]
[File: C:\Program Files (x86)\Steam\steamapps\common\RimWorld\Mods\FlowWorks\Defs\Pits\ThingDefs\Pit_Cell.xml]
[Source: RimMandrake: FlowWorks]
[File: C:\Program Files (x86)\Steam\steamapps\common\RimWorld\Mods\FlowWorks\Defs\Pits\ThingDefs\Pit_DigSites.xml]
[Source: RimMandrake: FlowWorks]
[File: C:\Program Files (x86)\Steam\steamapps\common\RimWorld\Mods\FlowWorks\Defs\Pits\ThingDefs\Pit_OpenPits.xml]
[Source: RimMandrake: FlowWorks]
[File: C:\Program Files (x86)\Steam\steamapps\common\RimWorld\Mods\FlowWorks\Defs\Pits\WorkGiverDefs\Pit_WorkGivers.xml]
[Source: RimMandrake: Explosive Plant Growth]
[File: C:\Program Files (x86)\Steam\steamapps\common\RimWorld\Mods\ExplosiveGrowth\Defs\ExplosiveGrowth\RM_ExplosiveGrowthRoster.xml]
[Source: Jawa Plant Growth (local)]
[File: C:\Program Files (x86)\Steam\steamapps\common\RimWorld\Mods\PlantGrowth\ExplosiveGrowth\Defs\RUT_ExplosiveGrowthRoster.xml]
[Source: Jawa Plant Growth (local)]
[File: C:\Program Files (x86)\Steam\steamapps\common\RimWorld\Mods\PlantGrowth\ExplosiveGrowth\Defs\IncidentDefs\RUT_BloomBurst.xml]
[Source: Jawa Plant Growth (local)]
[File: C:\Program Files (x86)\Steam\steamapps\common\RimWorld\Mods\PlantGrowth\Defs\JawaPlantGrowthSettings.xml]
[Source: RimProperty]
[File: C:\Program Files (x86)\Steam\steamapps\common\RimWorld\Mods\RimProperty\Defs\AnimalTheft\JobDefs_AnimalSteal.xml]
[Source: RimProperty]
[File: C:\Program Files (x86)\Steam\steamapps\common\RimWorld\Mods\RimProperty\Defs\AnimalTheft\ThinkTreeDefs_AnimalSteal.xml]
[Source: RimProperty]
[File: C:\Program Files (x86)\Steam\steamapps\common\RimWorld\Mods\RimProperty\Defs\TheftHauler\JobDefs_TheftHauler.xml]
[Source: RimUtinni: Shokkweave Economy]
[File: C:\Program Files (x86)\Steam\steamapps\common\RimWorld\Mods\ShokkweaveEconomy\Defs\MapGeneration\ShokkweaveHarvestScatter.xml]
[Source: RimMandrake: Utinni — Rust Cathedral Roaches]
[File: C:\Program Files (x86)\Steam\steamapps\common\RimWorld\Mods\RustCathedralRoaches\Defs\ThingDefs_Races\RUT_CathedralRoach.xml]
[Source: RimMandrake: Utinni — Rust Cathedral Roaches]
[File: C:\Program Files (x86)\Steam\steamapps\common\RimWorld\Mods\RustCathedralRoaches\Defs\ThingDefs_Races\RUT_ScarRoach.xml]
[Source: RimMandrake: Utinni — Rust Cathedral Roaches]
[File: C:\Program Files (x86)\Steam\steamapps\common\RimWorld\Mods\RustCathedralRoaches\Defs\ThinkTreeDefs\RUT_ThinkTree_CathedralRoach.xml]
[Source: RimMandrake Pits]
[File: C:\Program Files (x86)\Steam\steamapps\common\RimWorld\Mods\Pits\Defs\JobDefs\Pit_JobDefs.xml]
[Source: RimMandrake Pits]
[File: C:\Program Files (x86)\Steam\steamapps\common\RimWorld\Mods\Pits\Defs\ThingDefs\Pit_Cell.xml]
[Source: RimMandrake Pits]
[File: C:\Program Files (x86)\Steam\steamapps\common\RimWorld\Mods\Pits\Defs\ThingDefs\Pit_DigSites.xml]
[Source: RimMandrake Pits]
[File: C:\Program Files (x86)\Steam\steamapps\common\RimWorld\Mods\Pits\Defs\ThingDefs\Pit_OpenPits.xml]
[Source: RimMandrake Pits]
[File: C:\Program Files (x86)\Steam\steamapps\common\RimWorld\Mods\Pits\Defs\WorkGiverDefs\Pit_WorkGivers.xml]
[Source: RimMandrake: Graffiti Framework]
[File: C:\Program Files (x86)\Steam\steamapps\common\RimWorld\Mods\Graffiti\Patches\Graffiti_OrdersPatch.xml]
[Source: Jawa Rules (local)]
[File: C:\Program Files (x86)\Steam\steamapps\common\RimWorld\Mods\JawaRules\Patches\RSW_JawaHood.xml]
[Source: Desert Vehicle Reskin — Alpha Vehicles Neolithic]
[File: C:\Program Files (x86)\Steam\steamapps\common\RimWorld\Mods\DesertVehicleReskin\Patches\DraughtFuel_Marker.xml]
[Source: Jawa Doctrine Patches]
[File: C:\Program Files (x86)\Steam\steamapps\common\RimWorld\Mods\Doctrine\Patches\MegafaunaYield.xml]
[Source: RimMandrake: SW — Bestiary]
[File: C:\Program Files (x86)\Steam\steamapps\common\RimWorld\Mods\SWBestiary\Patches\RSW_SekkulaathTank_DianogaSwap.xml]
[Source: RimMandrake: SW — Bestiary]
[File: C:\Program Files (x86)\Steam\steamapps\common\RimWorld\Mods\SWBestiary\Patches\ProximityHatch\RSW_ProtovermesEgg_ProximityHatch.xml]
[Source: RimMandrake: Ship Vermin]
[File: C:\Program Files (x86)\Steam\steamapps\common\RimWorld\Mods\ShipVermin\Patches\RSW_Mynock_ShipVermin.xml]
[Source: RimMandrake: Greentide]
[File: C:\Program Files (x86)\Steam\steamapps\common\RimWorld\Mods\Greentide\Patches\RM_Greentide_FaunaHooks.xml]
[Source: RimMandrake: Fever Wood]
[File: C:\Program Files (x86)\Steam\steamapps\common\RimWorld\Mods\FeverWood\Patches\RM_FeverWood_StakeLureOrdersPatch.xml]
[Source: RimMandrake: Terminal Biomes]
[File: C:\Program Files (x86)\Steam\steamapps\common\RimWorld\Mods\TerminalBiomes\Patches\RUT_ScaldSteamLock_BiomeWiring.xml]
[Source: RimStarWars Patches]
[File: C:\Program Files (x86)\Steam\steamapps\common\RimWorld\Mods\StarWarsPatches\Patches\BodySizeIsReal.xml]
[Source: RimStarWars Patches]
[File: C:\Program Files (x86)\Steam\steamapps\common\RimWorld\Mods\StarWarsPatches\Patches\EggLayersLayEggs.xml]
[Source: RimStarWars Patches]
[File: C:\Program Files (x86)\Steam\steamapps\common\RimWorld\Mods\StarWarsPatches\Patches\ForceGremlin_NoHair.xml]
[Source: RimStarWars Patches]
[File: C:\Program Files (x86)\Steam\steamapps\common\RimWorld\Mods\StarWarsPatches\Patches\JawaXenotype_Repoint.xml]
[Source: RimStarWars Patches]
[File: C:\Program Files (x86)\Steam\steamapps\common\RimWorld\Mods\StarWarsPatches\Patches\VanillaFaction_Xenotypes.xml]
[Source: RimUtinni Patches (Jawa campaign)]
[File: C:\Program Files (x86)\Steam\steamapps\common\RimWorld\Mods\UtinniPatches\Patches\AmbientShrineGuardians.xml]
[Source: RimUtinni Patches (Jawa campaign)]
[File: C:\Program Files (x86)\Steam\steamapps\common\RimWorld\Mods\UtinniPatches\Patches\AncientsAreRakata.xml]
[Source: RimUtinni Patches (Jawa campaign)]
[File: C:\Program Files (x86)\Steam\steamapps\common\RimWorld\Mods\UtinniPatches\Patches\BiomeArrivalLetters_TheSump.xml]
[Source: RimUtinni Patches (Jawa campaign)]
[File: C:\Program Files (x86)\Steam\steamapps\common\RimWorld\Mods\UtinniPatches\Patches\FlameStatuary_HolyAct.xml]
[Source: RimUtinni Patches (Jawa campaign)]
[File: C:\Program Files (x86)\Steam\steamapps\common\RimWorld\Mods\UtinniPatches\Patches\FlowWorks_SubsurfaceLiquid_Ashkarr.xml]
[Source: RimUtinni Patches (Jawa campaign)]
[File: C:\Program Files (x86)\Steam\steamapps\common\RimWorld\Mods\UtinniPatches\Patches\GeothermalDensityField.xml]
[Source: RimUtinni Patches (Jawa campaign)]
[File: C:\Program Files (x86)\Steam\steamapps\common\RimWorld\Mods\UtinniPatches\Patches\GiantWeaponWielders_Ashkarr.xml]
[Source: RimUtinni Patches (Jawa campaign)]
[File: C:\Program Files (x86)\Steam\steamapps\common\RimWorld\Mods\UtinniPatches\Patches\ManyWaters_RiverSteam_Ashkarr.xml]
[Source: RimUtinni Patches (Jawa campaign)]
[File: C:\Program Files (x86)\Steam\steamapps\common\RimWorld\Mods\UtinniPatches\Patches\RotDecayHarvest_LivingProduce.xml]
[Source: RimUtinni Patches (Jawa campaign)]
[File: C:\Program Files (x86)\Steam\steamapps\common\RimWorld\Mods\UtinniPatches\Patches\RUT_ForgePulse_BiomeWiring.xml]
[Source: RimUtinni Patches (Jawa campaign)]
[File: C:\Program Files (x86)\Steam\steamapps\common\RimWorld\Mods\UtinniPatches\Patches\RUT_GreentideWetBulbLock_BiomeWiring.xml]
[Source: RimUtinni Patches (Jawa campaign)]
[File: C:\Program Files (x86)\Steam\steamapps\common\RimWorld\Mods\UtinniPatches\Patches\RUT_Miasma_ForgeOnSurvival.xml]
[Source: RimUtinni Patches (Jawa campaign)]
[File: C:\Program Files (x86)\Steam\steamapps\common\RimWorld\Mods\UtinniPatches\Patches\RUT_Miasma_PollinationGate.xml]
[Source: RimUtinni Patches (Jawa campaign)]
[File: C:\Program Files (x86)\Steam\steamapps\common\RimWorld\Mods\UtinniPatches\Patches\RUT_RoilLock_BiomeWiring.xml]
[Source: RimUtinni Patches (Jawa campaign)]
[File: C:\Program Files (x86)\Steam\steamapps\common\RimWorld\Mods\UtinniPatches\Patches\RUT_ScaldSteamLock_BiomeWiring.xml]
[Source: RimUtinni Patches (Jawa campaign)]
[File: C:\Program Files (x86)\Steam\steamapps\common\RimWorld\Mods\UtinniPatches\Patches\RUT_SumpDuskLock_BiomeWiring.xml]
[Source: RimUtinni Patches (Jawa campaign)]
[File: C:\Program Files (x86)\Steam\steamapps\common\RimWorld\Mods\UtinniPatches\Patches\RUT_Tar_GlasswalkCooling.xml]
[Source: RimUtinni Patches (Jawa campaign)]
[File: C:\Program Files (x86)\Steam\steamapps\common\RimWorld\Mods\UtinniPatches\Patches\RUT_TibannaTap_BeldonWiring.xml]
[Source: RimUtinni Patches (Jawa campaign)]
[File: C:\Program Files (x86)\Steam\steamapps\common\RimWorld\Mods\UtinniPatches\Patches\RUT_VaporDrifter_AerofleetWiring.xml]
[Source: RimUtinni Patches (Jawa campaign)]
[File: C:\Program Files (x86)\Steam\steamapps\common\RimWorld\Mods\UtinniPatches\Patches\SandFishing_CrackedLands.xml]
[Source: RimUtinni Patches (Jawa campaign)]
[File: C:\Program Files (x86)\Steam\steamapps\common\RimWorld\Mods\UtinniPatches\Patches\UtinniWorldIcon.xml]
[Source: RimUtinni Patches (Jawa campaign)]
[File: C:\Program Files (x86)\Steam\steamapps\common\RimWorld\Mods\UtinniPatches\Patches\VQEPatients_AreRakata.xml]
[Source: RimUtinni Patches (Jawa campaign)]
[File: C:\Program Files (x86)\Steam\steamapps\common\RimWorld\Mods\UtinniPatches\Patches\WreckVerminNest_ShipChunk.xml]
[Source: RimUtinni Patches (Jawa campaign)]
[File: C:\Program Files (x86)\Steam\steamapps\common\RimWorld\Mods\UtinniPatches\Patches\XenotypeTolerances_Ashkarr.xml]
[Source: Jawa Pawn Flavor — faction backstories and traits]
[File: C:\Program Files (x86)\Steam\steamapps\common\RimWorld\Mods\PawnFlavor\Patches\PawnFlavorPhase2_ThoughtDef.xml]
[Source: Jawa Pawn Flavor — faction backstories and traits]
[File: C:\Program Files (x86)\Steam\steamapps\common\RimWorld\Mods\PawnFlavor\Patches\PawnFlavorPhase2_Xenotype.xml]
[Source: RimMandrake: The Gelatinous Slime]
[File: C:\Program Files (x86)\Steam\steamapps\common\RimWorld\Mods\GelatinousSlime\Patches\DryingBiomes.xml]
[Source: Droidworks]
[File: C:\Program Files (x86)\Steam\steamapps\common\RimWorld\Mods\Droidworks\Patches\IonBuildup_PowersDownDroid.xml]
[Source: Droidworks]
[File: C:\Program Files (x86)\Steam\steamapps\common\RimWorld\Mods\Droidworks\Patches\ModulePersonality_Wiring.xml]
[Source: Pyrelands]
[File: C:\Program Files (x86)\Steam\steamapps\common\RimWorld\Mods\Pyrelands\Patches\RM_PyrelandsIgniters_Comps.xml]
[Source: Moving Dunes]
[File: C:\Program Files (x86)\Steam\steamapps\common\RimWorld\Mods\MovingDunes\Patches\BiomeBindings.xml]
[Source: RimMandrake: FlowWorks]
[File: C:\Program Files (x86)\Steam\steamapps\common\RimWorld\Mods\FlowWorks\Patches\FlowWorks_OrdersPatch.xml]
[Source: RimMandrake: FlowWorks]
[File: C:\Program Files (x86)\Steam\steamapps\common\RimWorld\Mods\FlowWorks\Patches\Canals\RM_Fluid_Tar_AlphaBiomesAdoption.xml]
[Source: RimMandrake: FlowWorks]
[File: C:\Program Files (x86)\Steam\steamapps\common\RimWorld\Mods\FlowWorks\Patches\LiquidTypes\RM_LiquidDef_AstrofuelAdoption.xml]
[Source: RimMandrake: FlowWorks]
[File: C:\Program Files (x86)\Steam\steamapps\common\RimWorld\Mods\FlowWorks\Patches\LiquidTypes\RM_LiquidProperties_CompatIndex.xml]
[Source: RimProperty]
[File: C:\Program Files (x86)\Steam\steamapps\common\RimWorld\Mods\RimProperty\Patches\AnimalTheft\RaccoonWildTheft.xml]
[Source: RimProperty]
[File: C:\Program Files (x86)\Steam\steamapps\common\RimWorld\Mods\RimProperty\Patches\AnimalTheft\SkellickWildTheft.xml]
[Source: RimProperty]
[File: C:\Program Files (x86)\Steam\steamapps\common\RimWorld\Mods\RimProperty\Patches\TheftHauler\DroidLoaders_TheftHauler.xml]
[Source: RimProperty]
[File: C:\Program Files (x86)\Steam\steamapps\common\RimWorld\Mods\RimProperty\Patches\TheftHauler\MuckrakerChassis_TheftHauler.xml]
Could not find a type named RimMandrake.BlueDesert.RM_CompEffecter_HaloAlways

Possible Matches:
[Source: RimMandrake: Structure Injections]
[File: C:\Program Files (x86)\Steam\steamapps\common\RimWorld\Mods\StructureInjections\Defs\GenStepDefs_Batch1.xml]
[Source: RimStarWars: Structure Injections]
[File: C:\Program Files (x86)\Steam\steamapps\common\RimWorld\Mods\StructureInjectionsSW\Defs\GenStepDefs_Batch2.xml]
[Source: RimStarWars: Structure Injections]
[File: C:\Program Files (x86)\Steam\steamapps\common\RimWorld\Mods\StructureInjectionsSW\Defs\GenStepDefs_Batch4.xml]
[Source: RimStarWars: Structure Injections]
[File: C:\Program Files (x86)\Steam\steamapps\common\RimWorld\Mods\StructureInjectionsSW\Defs\GenStepDefs_Batch7.xml]
[Source: RimStarWars: Structure Injections]
[File: C:\Program Files (x86)\Steam\steamapps\common\RimWorld\Mods\StructureInjectionsSW\Defs\GenStepDefs_BeastLair.xml]
[Source: RimStarWars: Structure Injections]
[File: C:\Program Files (x86)\Steam\steamapps\common\RimWorld\Mods\StructureInjectionsSW\Defs\GenStepDefs_BeastPens.xml]
[Source: RimStarWars: Structure Injections]
[File: C:\Program Files (x86)\Steam\steamapps\common\RimWorld\Mods\StructureInjectionsSW\Defs\GenStepDefs_CrashedShip.xml]
[Source: RimStarWars: Structure Injections]
[File: C:\Program Files (x86)\Steam\steamapps\common\RimWorld\Mods\StructureInjectionsSW\Defs\GenStepDefs_DeadCaravan.xml]
[Source: RimStarWars: Structure Injections]
[File: C:\Program Files (x86)\Steam\steamapps\common\RimWorld\Mods\StructureInjectionsSW\Defs\GenStepDefs_GarrisonTiny.xml]
[Source: RimStarWars: Structure Injections]
[File: C:\Program Files (x86)\Steam\steamapps\common\RimWorld\Mods\StructureInjectionsSW\Defs\GenStepDefs_MiningSite.xml]
[Source: RimStarWars: Structure Injections]
[File: C:\Program Files (x86)\Steam\steamapps\common\RimWorld\Mods\StructureInjectionsSW\Defs\GenStepDefs_MoistureFarm.xml]
[Source: RimStarWars: Structure Injections]
[File: C:\Program Files (x86)\Steam\steamapps\common\RimWorld\Mods\StructureInjectionsSW\Defs\GenStepDefs_RoadWarehouse.xml]
[Source: RimStarWars: Structure Injections]
[File: C:\Program Files (x86)\Steam\steamapps\common\RimWorld\Mods\StructureInjectionsSW\Defs\GenStepDefs_SarlaccRing.xml]
[Source: RimStarWars: Structure Injections]
[File: C:\Program Files (x86)\Steam\steamapps\common\RimWorld\Mods\StructureInjectionsSW\Defs\GenStepDefs_TradingPost.xml]
[Source: RimStarWars: Structure Injections]
[File: C:\Program Files (x86)\Steam\steamapps\common\RimWorld\Mods\StructureInjectionsSW\Defs\GenStepDefs_Whisper_Batch1.xml]
[Source: RimUtinni: Structure Injections]
[File: C:\Program Files (x86)\Steam\steamapps\common\RimWorld\Mods\StructureInjectionsRUT\Defs\GenStepDefs_Batch3.xml]
[Source: RimUtinni: Structure Injections]
[File: C:\Program Files (x86)\Steam\steamapps\common\RimWorld\Mods\StructureInjectionsRUT\Defs\GenStepDefs_Batch4.xml]
[Source: RimUtinni: Structure Injections]
[File: C:\Program Files (x86)\Steam\steamapps\common\RimWorld\Mods\StructureInjectionsRUT\Defs\GenStepDefs_Batch5.xml]
[Source: RimUtinni: Structure Injections]
[File: C:\Program Files (x86)\Steam\steamapps\common\RimWorld\Mods\StructureInjectionsRUT\Defs\GenStepDefs_Batch6.xml]
[Source: RimUtinni: Structure Injections]
[File: C:\Program Files (x86)\Steam\steamapps\common\RimWorld\Mods\StructureInjectionsRUT\Defs\GenStepDefs_Batch7.xml]
[Source: RimUtinni: Structure Injections]
[File: C:\Program Files (x86)\Steam\steamapps\common\RimWorld\Mods\StructureInjectionsRUT\Defs\GenStepDefs_Batch8.xml]
[Source: RimUtinni: Structure Injections]
[File: C:\Program Files (x86)\Steam\steamapps\common\RimWorld\Mods\StructureInjectionsRUT\Defs\GenStepDefs_Homestead.xml]
[Source: RimUtinni: Structure Injections]
[File: C:\Program Files (x86)\Steam\steamapps\common\RimWorld\Mods\StructureInjectionsRUT\Defs\GenStepDefs_MoistureFarm.xml]
[Source: RimUtinni: Structure Injections]
[File: C:\Program Files (x86)\Steam\steamapps\common\RimWorld\Mods\StructureInjectionsRUT\Defs\GenStepDefs_Whisper_Batch1.xml]
[Source: RimUtinni: Structure Injections]
[File: C:\Program Files (x86)\Steam\steamapps\common\RimWorld\Mods\StructureInjectionsRUT\Defs\GenStepDefs_Whisper_Batch2.xml]
[Source: RimUtinni: Structure Injections]
[File: C:\Program Files (x86)\Steam\steamapps\common\RimWorld\Mods\StructureInjectionsRUT\Defs\GenStepDefs_Whisper_Batch3.xml]
[Source: RimUtinni: Structure Injections]
[File: C:\Program Files (x86)\Steam\steamapps\common\RimWorld\Mods\StructureInjectionsRUT\Defs\GenStepDefs_Whisper_Batch4.xml]
[Source: RimUtinni: Structure Injections]
[File: C:\Program Files (x86)\Steam\steamapps\common\RimWorld\Mods\StructureInjectionsRUT\Defs\Ashfall\ThingDefs_Items\RUT_RakatanCommandCodes.xml]
[Source: RimUtinni: Structure Injections]
[File: C:\Program Files (x86)\Steam\steamapps\common\RimWorld\Mods\StructureInjectionsRUT\Defs\WarLab\ThingDefs_Buildings\RUT_WarLabReactorCore.xml]
[Source: RimMandrake: Graffiti Framework]
[File: C:\Program Files (x86)\Steam\steamapps\common\RimWorld\Mods\Graffiti\Defs\JobDefs_Graffiti.xml]
[Source: RimMandrake: Graffiti Framework]
[File: C:\Program Files (x86)\Steam\steamapps\common\RimWorld\Mods\Graffiti\Defs\JoyGiverDefs_Graffiti.xml]
[Source: RimMandrake: Graffiti Framework]
[File: C:\Program Files (x86)\Steam\steamapps\common\RimWorld\Mods\Graffiti\Defs\MentalStateDefs_Graffiti.xml]
[Source: RimMandrake: Graffiti Framework]
[File: C:\Program Files (x86)\Steam\steamapps\common\RimWorld\Mods\Graffiti\Defs\ThingDefs_Graffiti.xml]
[Source: RimMandrake: Graffiti Framework]
[File: C:\Program Files (x86)\Steam\steamapps\common\RimWorld\Mods\Graffiti\Defs\ThingDefs_GraffitiMemeGlyphs.xml]
[Source: RimMandrake: Graffiti Framework]
[File: C:\Program Files (x86)\Steam\steamapps\common\RimWorld\Mods\Graffiti\Defs\ThinkTreeDefs_Graffiti.xml]
[Source: RimMandrake: Graffiti Framework]
[File: C:\Program Files (x86)\Steam\steamapps\common\RimWorld\Mods\Graffiti\Defs\WorkGiverDefs_Graffiti.xml]
[Source: RimMandrake Sacred Marks]
[File: C:\Program Files (x86)\Steam\steamapps\common\RimWorld\Mods\SacredGraffiti\Defs\RitualOutcomeEffects.xml]
[Source: RimMandrake Sacred Marks]
[File: C:\Program Files (x86)\Steam\steamapps\common\RimWorld\Mods\SacredGraffiti\Defs\SacredMarks.xml]
[Source: RimMandrake Sacred Marks]
[File: C:\Program Files (x86)\Steam\steamapps\common\RimWorld\Mods\SacredGraffiti\Defs\ThoughtDefs_SacredMarks.xml]
[Source: Inhabited (local)]
[File: C:\Program Files (x86)\Steam\steamapps\common\RimWorld\Mods\Inhabited\Defs\CastRosters\CastRoster_BLACKSTAR.xml]
[Source: Inhabited (local)]
[File: C:\Program Files (x86)\Steam\steamapps\common\RimWorld\Mods\Inhabited\Defs\CastRosters\CastRoster_DEEPWATER.xml]
[Source: Inhabited (local)]
[File: C:\Program Files (x86)\Steam\steamapps\common\RimWorld\Mods\Inhabited\Defs\CastRosters\CastRoster_DROIDS.xml]
[Source: Inhabited (local)]
[File: C:\Program Files (x86)\Steam\steamapps\common\RimWorld\Mods\Inhabited\Defs\CastRosters\CastRoster_EMPIRE.xml]
[Source: Inhabited (local)]
[File: C:\Program Files (x86)\Steam\steamapps\common\RimWorld\Mods\Inhabited\Defs\CastRosters\CastRoster_GEONOSIAN.xml]
[Source: Inhabited (local)]
[File: C:\Program Files (x86)\Steam\steamapps\common\RimWorld\Mods\Inhabited\Defs\CastRosters\CastRoster_HELIX.xml]
[Source: Inhabited (local)]
[File: C:\Program Files (x86)\Steam\steamapps\common\RimWorld\Mods\Inhabited\Defs\CastRosters\CastRoster_HOMESTEAD.xml]
[Source: Inhabited (local)]
[File: C:\Program Files (x86)\Steam\steamapps\common\RimWorld\Mods\Inhabited\Defs\CastRosters\CastRoster_HUTT.xml]
[Source: Inhabited (local)]
[File: C:\Program Files (x86)\Steam\steamapps\common\RimWorld\Mods\Inhabited\Defs\CastRosters\CastRoster_JAWA.xml]
[Source: Inhabited (local)]
[File: C:\Program Files (x86)\Steam\steamapps\common\RimWorld\Mods\Inhabited\Defs\CastRosters\CastRoster_JUNKERS.xml]
[Source: Inhabited (local)]
[File: C:\Program Files (x86)\Steam\steamapps\common\RimWorld\Mods\Inhabited\Defs\CastRosters\CastRoster_TUSKEN.xml]
[Source: Inhabited (local)]
[File: C:\Program Files (x86)\Steam\steamapps\common\RimWorld\Mods\Inhabited\Defs\CastRosters\CastRoster_WILDSTEAM.xml]
[Source: Inhabited (local)]
[File: C:\Program Files (x86)\Steam\steamapps\common\RimWorld\Mods\Inhabited\Defs\DutyDefs\Duties_Inhabited.xml]
[Source: Inhabited (local)]
[File: C:\Program Files (x86)\Steam\steamapps\common\RimWorld\Mods\Inhabited\Defs\GenStepDefs\GenSteps_Inhabited.xml]
[Source: Inhabited (local)]
[File: C:\Program Files (x86)\Steam\steamapps\common\RimWorld\Mods\Inhabited\Defs\GenStepDefs\GenSteps_InhabitedSettlement.xml]
[Source: Inhabited (local)]
[File: C:\Program Files (x86)\Steam\steamapps\common\RimWorld\Mods\Inhabited\Defs\PlaceDefs\Places_Inhabited.xml]
[Source: Inhabited (local)]
[File: C:\Program Files (x86)\Steam\steamapps\common\RimWorld\Mods\Inhabited\Defs\WorldObjectDefs\WorldObjects_Inhabited.xml]
[Source: Inhabited (local)]
[File: C:\Program Files (x86)\Steam\steamapps\common\RimWorld\Mods\Inhabited\Defs\WorldObjectDefs\WorldObjects_InhabitedSettlement.xml]
[Source: RimMandrake: Utinni — Inhabited (Ash'karr)]
[File: C:\Program Files (x86)\Steam\steamapps\common\RimWorld\Mods\AshkarrInhabited\Defs\SecurityProfileDefs\SecurityProfileDefs_District2.xml]
[Source: RimMandrake: Utinni — Inhabited (Ash'karr)]
[File: C:\Program Files (x86)\Steam\steamapps\common\RimWorld\Mods\AshkarrInhabited\Defs\SecurityProfileDefs\SecurityProfileDefs_Junkers.xml]
[Source: RimMandrake: Utinni — Inhabited (Ash'karr)]
[File: C:\Program Files (x86)\Steam\steamapps\common\RimWorld\Mods\AshkarrInhabited\Defs\SettlementManifestDefs\SettlementManifestDefs_DeepwaterHold.xml]
[Source: RimMandrake: Utinni — Inhabited (Ash'karr)]
[File: C:\Program Files (x86)\Steam\steamapps\common\RimWorld\Mods\AshkarrInhabited\Defs\SettlementManifestDefs\SettlementManifestDefs_GorgaPalace.xml]
[Source: RimMandrake: Utinni — Inhabited (Ash'karr)]
[File: C:\Program Files (x86)\Steam\steamapps\common\RimWorld\Mods\AshkarrInhabited\Defs\SettlementManifestDefs\SettlementManifestDefs_TheClaimJump.xml]
[Source: RimMandrake: Utinni — Inhabited (Ash'karr)]
[File: C:\Program Files (x86)\Steam\steamapps\common\RimWorld\Mods\AshkarrInhabited\Defs\SettlementManifestDefs\SettlementManifestDefs_TheCrackingYard.xml]
[Source: Jawa Scavenger Events]
[File: C:\Program Files (x86)\Steam\steamapps\common\RimWorld\Mods\ScavengerEvents\Defs\IncidentDefs\ScavengerEvents_IncidentDefs.xml]
[Source: RimStarWars: Cuisine]
[File: C:\Program Files (x86)\Steam\steamapps\common\RimWorld\Mods\Cuisine\Defs\RecipeDefs_Cuisine.xml]
[Source: RimStarWars: Cuisine]
[File: C:\Program Files (x86)\Steam\steamapps\common\RimWorld\Mods\Cuisine\Defs\ThingDefs_Cuisine.xml]
[Source: RimMandrake: Environmental Hazards Kit]
[File: C:\Program Files (x86)\Steam\steamapps\common\RimWorld\Mods\EnvironmentalHazards\Defs\DutyDefs\RM_AnchorGuard.xml]
[Source: RimMandrake: Environmental Hazards Kit]
[File: C:\Program Files (x86)\Steam\steamapps\common\RimWorld\Mods\EnvironmentalHazards\Defs\JobDefs\RM_JobDefs_DisarmLotteryTrap.xml]
[Source: RimMandrake: Environmental Hazards Kit]
[File: C:\Program Files (x86)\Steam\steamapps\common\RimWorld\Mods\EnvironmentalHazards\Defs\JobDefs\RM_JobDefs_StationEater.xml]
[Source: RimMandrake: Environmental Hazards Kit]
[File: C:\Program Files (x86)\Steam\steamapps\common\RimWorld\Mods\EnvironmentalHazards\Defs\JobDefs\RM_JobDefs_TreeFall.xml]
[Source: RimMandrake: Environmental Hazards Kit]
[File: C:\Program Files (x86)\Steam\steamapps\common\RimWorld\Mods\EnvironmentalHazards\Defs\JobDefs\RM_JobDefs_WorkLottery.xml]
[Source: RimMandrake: Environmental Hazards Kit]
[File: C:\Program Files (x86)\Steam\steamapps\common\RimWorld\Mods\EnvironmentalHazards\Defs\MentalStateDefs\RM_MentalStates_WaterTruce.xml]
[Source: RimMandrake: Environmental Hazards Kit]
[File: C:\Program Files (x86)\Steam\steamapps\common\RimWorld\Mods\EnvironmentalHazards\Defs\ThingDefs\RM_GasBases.xml]
[Source: RimMandrake: Environmental Hazards Kit]
[File: C:\Program Files (x86)\Steam\steamapps\common\RimWorld\Mods\EnvironmentalHazards\Defs\ThingDefs_Buildings\RM_FlameStatuary.xml]
[Source: RimMandrake: Environmental Hazards Kit]
[File: C:\Program Files (x86)\Steam\steamapps\common\RimWorld\Mods\EnvironmentalHazards\Defs\ThingDefs_Plants\RM_Venomvine.xml]
[Source: RimMandrake: Environmental Hazards Kit]
[File: C:\Program Files (x86)\Steam\steamapps\common\RimWorld\Mods\EnvironmentalHazards\Defs\ThinkTreeDefs\RM_ThinkTree_AnchorBehaviors.xml]
[Source: RimMandrake: Environmental Hazards Kit]
[File: C:\Program Files (x86)\Steam\steamapps\common\RimWorld\Mods\EnvironmentalHazards\Defs\ThinkTreeDefs\RM_ThinkTree_StrandingBehaviors.xml]
[Source: RimMandrake: Environmental Hazards Kit]
[File: C:\Program Files (x86)\Steam\steamapps\common\RimWorld\Mods\EnvironmentalHazards\Defs\WorkGiverDefs\RM_WorkGiverDefs_DisarmLotteryTrap.xml]
[Source: RimMandrake: Environmental Hazards Kit]
[File: C:\Program Files (x86)\Steam\steamapps\common\RimWorld\Mods\EnvironmentalHazards\Defs\WorkGiverDefs\RM_WorkGiverDefs_WorkLottery.xml]
[Source: RimMandrake: SW — Weather Suite]
[File: C:\Program Files (x86)\Steam\steamapps\common\RimWorld\Mods\WeatherSuite\Defs\GameConditionDefs\GameConditionDefs_DarkAurora.xml]
[Source: RimMandrake: SW — Weather Suite]
[File: C:\Program Files (x86)\Steam\steamapps\common\RimWorld\Mods\WeatherSuite\Defs\IncidentDefs\IncidentDefs_DarkAurora.xml]
[Source: RimMandrake: SW — Weather Suite]
[File: C:\Program Files (x86)\Steam\steamapps\common\RimWorld\Mods\WeatherSuite\Defs\ThingDefs_Buildings\ThingDefs_WeatherInstrument.xml]
[Source: RimMandrake: The Rot]
[File: C:\Program Files (x86)\Steam\steamapps\common\RimWorld\Mods\TheRot\Defs\BiomeDefs\RM_TheRot_Biome.xml]
[Source: RimMandrake: The Rot]
[File: C:\Program Files (x86)\Steam\steamapps\common\RimWorld\Mods\TheRot\Defs\GameConditionDefs\RM_RotSporeKit_SporeCloud.xml]
[Source: RimMandrake: The Rot]
[File: C:\Program Files (x86)\Steam\steamapps\common\RimWorld\Mods\TheRot\Defs\GameConditionDefs\RM_SheenExposureLock.xml]
[Source: RimMandrake: The Rot]
[File: C:\Program Files (x86)\Steam\steamapps\common\RimWorld\Mods\TheRot\Defs\HediffDefs\RM_RotSporeKit_LivePrepHediffs.xml]
[Source: RimMandrake: The Rot]
[File: C:\Program Files (x86)\Steam\steamapps\common\RimWorld\Mods\TheRot\Defs\HediffDefs\RM_RotSporeKit_SheenHediffs.xml]
[Source: RimMandrake: The Rot]
[File: C:\Program Files (x86)\Steam\steamapps\common\RimWorld\Mods\TheRot\Defs\Misc\RM_RotSporeKit_TreasureConscience.xml]
[Source: RimMandrake: The Rot]
[File: C:\Program Files (x86)\Steam\steamapps\common\RimWorld\Mods\TheRot\Defs\ThingDefs_Items\RM_RotSporeKit_GuardianGroves_Ingredients.xml]
[Source: RimMandrake: The Rot]
[File: C:\Program Files (x86)\Steam\steamapps\common\RimWorld\Mods\TheRot\Defs\ThingDefs_Items\RM_RotSporeKit_LivePreparations.xml]
[Source: RimMandrake: The Rot]
[File: C:\Program Files (x86)\Steam\steamapps\common\RimWorld\Mods\TheRot\Defs\ThingDefs_Plants\RM_RotSporeKit_GuardianGroves.xml]
[Source: RimMandrake - Star Wars Races]
[File: C:\Program Files (x86)\Steam\steamapps\common\RimWorld\Mods\StarWarsRaces\Defs\GeneDefs\Jawa_EyeColours.xml]
[Source: RimMandrake - Star Wars Races]
[File: C:\Program Files (x86)\Steam\steamapps\common\RimWorld\Mods\StarWarsRaces\Defs\GeneDefs\SW_Genes.xml]
[Source: RimMandrake - Star Wars Races]
[File: C:\Program Files (x86)\Steam\steamapps\common\RimWorld\Mods\StarWarsRaces\Defs\HeadTypeDefs\DesertWraps_DevolvedNomadHeads.xml]
[Source: RimMandrake - Star Wars Races]
[File: C:\Program Files (x86)\Steam\steamapps\common\RimWorld\Mods\StarWarsRaces\Defs\HeadTypeDefs\SW_HeadTypes.xml]
[Source: RimMandrake - Star Wars Races]
[File: C:\Program Files (x86)\Steam\steamapps\common\RimWorld\Mods\StarWarsRaces\Defs\Misc\SW_Categories.xml]
[Source: RimMandrake - Star Wars Races]
[File: C:\Program Files (x86)\Steam\steamapps\common\RimWorld\Mods\StarWarsRaces\Defs\Misc\SW_Support.xml]
[Source: RimMandrake - Star Wars Races]
[File: C:\Program Files (x86)\Steam\steamapps\common\RimWorld\Mods\StarWarsRaces\Defs\PawnKindDefs\RimMandrakePawnKinds.xml]
[Source: RimMandrake - Star Wars Races]
[File: C:\Program Files (x86)\Steam\steamapps\common\RimWorld\Mods\StarWarsRaces\Defs\PawnKindDefs\SW_RescuedKinds.xml]
[Source: RimMandrake - Star Wars Races]
[File: C:\Program Files (x86)\Steam\steamapps\common\RimWorld\Mods\StarWarsRaces\Defs\RulePackDefs\SW_NameMakers.xml]
[Source: RimMandrake - Star Wars Races]
[File: C:\Program Files (x86)\Steam\steamapps\common\RimWorld\Mods\StarWarsRaces\Defs\XenotypeDefs\MandrakeJawaXenotype.xml]
[Source: RimMandrake - Star Wars Races]
[File: C:\Program Files (x86)\Steam\steamapps\common\RimWorld\Mods\StarWarsRaces\Defs\XenotypeDefs\RimMandrakeXenotypes.xml]
[Source: RimMandrake: Creature Behaviors]
[File: C:\Program Files (x86)\Steam\steamapps\common\RimWorld\Mods\CreatureBehaviors\Defs\HediffDefs\RM_Drained_Hediffs.xml]
[Source: RimMandrake: Creature Behaviors]
[File: C:\Program Files (x86)\Steam\steamapps\common\RimWorld\Mods\CreatureBehaviors\Defs\HediffDefs\RM_Grapple_Hediffs.xml]
[Source: RimMandrake: Creature Behaviors]
[File: C:\Program Files (x86)\Steam\steamapps\common\RimWorld\Mods\CreatureBehaviors\Defs\HediffDefs\RM_HeatDrivenBurst_Hediffs.xml]
[Source: RimMandrake: Creature Behaviors]
[File: C:\Program Files (x86)\Steam\steamapps\common\RimWorld\Mods\CreatureBehaviors\Defs\JobDefs\RM_JobDefs.xml]
[Source: RimMandrake: Creature Behaviors]
[File: C:\Program Files (x86)\Steam\steamapps\common\RimWorld\Mods\CreatureBehaviors\Defs\MentalStateDefs\RM_ParentalEnrage_MentalStates.xml]
[Source: RimMandrake: Creature Behaviors]
[File: C:\Program Files (x86)\Steam\steamapps\common\RimWorld\Mods\CreatureBehaviors\Defs\MentalStateDefs\RM_SwarmAggression_MentalStates.xml]
[Source: RimMandrake: Creature Behaviors]
[File: C:\Program Files (x86)\Steam\steamapps\common\RimWorld\Mods\CreatureBehaviors\Defs\ThinkTreeDefs\RM_ThinkTree_ChewAnchors.xml]
[Source: RimMandrake: Creature Behaviors]
[File: C:\Program Files (x86)\Steam\steamapps\common\RimWorld\Mods\CreatureBehaviors\Defs\ThinkTreeDefs\RM_ThinkTree_ShadeSeekingWander.xml]
[Source: RimMandrake: Creature Behaviors]
[File: C:\Program Files (x86)\Steam\steamapps\common\RimWorld\Mods\CreatureBehaviors\Defs\ThinkTreeDefs\RM_ThinkTree_VerminBehaviors.xml]
[Source: RimMandrake: SW — Bestiary]
[File: C:\Program Files (x86)\Steam\steamapps\common\RimWorld\Mods\SWBestiary\Defs\DesertPort\RSW_DesertPortMechanics.xml]
[Source: RimMandrake: SW — Bestiary]
[File: C:\Program Files (x86)\Steam\steamapps\common\RimWorld\Mods\SWBestiary\Defs\DesertPort\RSW_DesertPortMisc_Races.xml]
[Source: RimMandrake: SW — Bestiary]
[File: C:\Program Files (x86)\Steam\steamapps\common\RimWorld\Mods\SWBestiary\Defs\ScrapNest\RSW_ScrapNest.xml]
[Source: RimMandrake: SW — Bestiary]
[File: C:\Program Files (x86)\Steam\steamapps\common\RimWorld\Mods\SWBestiary\Defs\ThingDefs_Races\RSW_Drazzik.xml]
[Source: RimMandrake: SW — Bestiary]
[File: C:\Program Files (x86)\Steam\steamapps\common\RimWorld\Mods\SWBestiary\Defs\ThingDefs_Races\RSW_ScrapNestBird.xml]
[Source: RimMandrake: SW — Bestiary]
[File: C:\Program Files (x86)\Steam\steamapps\common\RimWorld\Mods\SWBestiary\Defs\ThingDefs_Races\RSW_ShadeWhale.xml]
[Source: RimMandrake: SW — Bestiary]
[File: C:\Program Files (x86)\Steam\steamapps\common\RimWorld\Mods\SWBestiary\Defs\ThingDefs_Races\RSW_ShrublandGiant.xml]
[Source: RimMandrake: SW — Bestiary]
[File: C:\Program Files (x86)\Steam\steamapps\common\RimWorld\Mods\SWBestiary\Defs\ThingDefs_Races\RSW_WraidAlpha.xml]
[Source: RimMandrake: SW — Bestiary]
[File: C:\Program Files (x86)\Steam\steamapps\common\RimWorld\Mods\SWBestiary\Defs\BiomesTeamPort\ThingDefs_Races\RSW_BiomesTeamPort_Races.xml]
[Source: RimMandrake: SW — Bestiary]
[File: C:\Program Files (x86)\Steam\steamapps\common\RimWorld\Mods\SWBestiary\Defs\JawaIkee\ThoughtDefs\Thought_IkeeWatching.xml]
[Source: RimMandrake: SW — Bestiary]
[File: C:\Program Files (x86)\Steam\steamapps\common\RimWorld\Mods\SWBestiary\Defs\Livestock\ThingDefs_Animals\ThingDefs_ForsakenCrags.xml]
[Source: RimMandrake: SW — Bestiary]
[File: C:\Program Files (x86)\Steam\steamapps\common\RimWorld\Mods\SWBestiary\Defs\Livestock\ThingDefs_Animals\ThingDefs_Moornak.xml]
[Source: RimMandrake: SW — Bestiary]
[File: C:\Program Files (x86)\Steam\steamapps\common\RimWorld\Mods\SWBestiary\Defs\Livestock\ThingDefs_Animals\ThingDefs_Onnik.xml]
[Source: RimMandrake: SW — Gizka Stowaway]
[File: C:\Program Files (x86)\Steam\steamapps\common\RimWorld\Mods\GizkaStowaway\Defs\HediffDefs\RSW_GizkaHediffs.xml]
[Source: RimMandrake: Greentide]
[File: C:\Program Files (x86)\Steam\steamapps\common\RimWorld\Mods\Greentide\Defs\BiomeDefs\RM_Greentide_Biome.xml]
[Source: RimMandrake: Greentide]
[File: C:\Program Files (x86)\Steam\steamapps\common\RimWorld\Mods\Greentide\Defs\DamageDefs\RM_Skerrel_Combat.xml]
[Source: RimMandrake: Greentide]
[File: C:\Program Files (x86)\Steam\steamapps\common\RimWorld\Mods\Greentide\Defs\IncidentDefs\RM_Greentide_FrenzyIncident.xml]
[Source: RimMandrake: Greentide]
[File: C:\Program Files (x86)\Steam\steamapps\common\RimWorld\Mods\Greentide\Defs\JobDefs\RM_Greentide_JobDefs.xml]
[Source: RimMandrake: Greentide]
[File: C:\Program Files (x86)\Steam\steamapps\common\RimWorld\Mods\Greentide\Defs\TerrainDefs\RM_Churnmud_Terrains.xml]
[Source: RimMandrake: Greentide]
[File: C:\Program Files (x86)\Steam\steamapps\common\RimWorld\Mods\Greentide\Defs\ThingDefs\RM_Frenzy_Items.xml]
[Source: RimMandrake: Greentide]
[File: C:\Program Files (x86)\Steam\steamapps\common\RimWorld\Mods\Greentide\Defs\ThingDefs\RM_SkerrelGall.xml]
[Source: RimMandrake: Greentide]
[File: C:\Program Files (x86)\Steam\steamapps\common\RimWorld\Mods\Greentide\Defs\ThingDefs\RM_StenchGrenade_Items.xml]
[Source: RimMandrake: Greentide]
[File: C:\Program Files (x86)\Steam\steamapps\common\RimWorld\Mods\Greentide\Defs\ThingDefs_Plants\RM_Greatbole.xml]
[Source: RimMandrake: Greentide]
[File: C:\Program Files (x86)\Steam\steamapps\common\RimWorld\Mods\Greentide\Defs\ThingDefs_Plants\RM_Greentide_TreeRoster.xml]
[Source: RimMandrake: Greentide]
[File: C:\Program Files (x86)\Steam\steamapps\common\RimWorld\Mods\Greentide\Defs\ThingDefs_Races\RM_GreatboleGrub.xml]
[Source: RimMandrake: Greentide]
[File: C:\Program Files (x86)\Steam\steamapps\common\RimWorld\Mods\Greentide\Defs\WorkGiverDefs\RM_Greentide_WorkGivers.xml]
[Source: RimMandrake: Fever Wood]
[File: C:\Program Files (x86)\Steam\steamapps\common\RimWorld\Mods\FeverWood\Defs\BiomeDefs\RM_FeverWood.xml]
[Source: RimMandrake: Fever Wood]
[File: C:\Program Files (x86)\Steam\steamapps\common\RimWorld\Mods\FeverWood\Defs\IncidentDefs\RUT_FeverWood_MirrorBreak.xml]
[Source: RimMandrake: Fever Wood]
[File: C:\Program Files (x86)\Steam\steamapps\common\RimWorld\Mods\FeverWood\Defs\JobDefs\RM_FeverWood_TwoFrontLureJobDefs.xml]
[Source: RimMandrake: Fever Wood]
[File: C:\Program Files (x86)\Steam\steamapps\common\RimWorld\Mods\FeverWood\Defs\MapGeneration\RM_FeverWood_AntHiveGenStep.xml]
[Source: RimMandrake: Fever Wood]
[File: C:\Program Files (x86)\Steam\steamapps\common\RimWorld\Mods\FeverWood\Defs\MapGeneration\RUT_FeverWood_GroundRefusalGenStep.xml]
[Source: RimMandrake: Fever Wood]
[File: C:\Program Files (x86)\Steam\steamapps\common\RimWorld\Mods\FeverWood\Defs\MapGeneration\RUT_FeverWood_ScatterPoolsGenStep.xml]
[Source: RimMandrake: Fever Wood]
[File: C:\Program Files (x86)\Steam\steamapps\common\RimWorld\Mods\FeverWood\Defs\TerrainDefs\RUT_FeverWoodMirrorPool.xml]
[Source: RimMandrake: Fever Wood]
[File: C:\Program Files (x86)\Steam\steamapps\common\RimWorld\Mods\FeverWood\Defs\ThingDefs_Buildings\RM_LureStake.xml]
[Source: RimMandrake: Fever Wood]
[File: C:\Program Files (x86)\Steam\steamapps\common\RimWorld\Mods\FeverWood\Defs\ThingDefs_Buildings\RM_SekkulaathTank.xml]
[Source: RimMandrake: Fever Wood]
[File: C:\Program Files (x86)\Steam\steamapps\common\RimWorld\Mods\FeverWood\Defs\ThingDefs_Buildings\RM_Sekkulaath_Tentacles.xml]
[Source: RimMandrake: Fever Wood]
[File: C:\Program Files (x86)\Steam\steamapps\common\RimWorld\Mods\FeverWood\Defs\ThingDefs_Buildings\RUT_FeverTrunkCore.xml]
[Source: RimMandrake: Fever Wood]
[File: C:\Program Files (x86)\Steam\steamapps\common\RimWorld\Mods\FeverWood\Defs\ThingDefs_Items\RUT_FeverWood_MirrorList.xml]
[Source: RimMandrake: Fever Wood]
[File: C:\Program Files (x86)\Steam\steamapps\common\RimWorld\Mods\FeverWood\Defs\ThingDefs_Races\RM_SapSuckerGuild.xml]
[Source: RimMandrake: Fever Wood]
[File: C:\Program Files (x86)\Steam\steamapps\common\RimWorld\Mods\FeverWood\Defs\ThingDefs_Races\RM_Sekkulaath_Juvenile.xml]
[Source: RimMandrake: Fever Wood]
[File: C:\Program Files (x86)\Steam\steamapps\common\RimWorld\Mods\FeverWood\Defs\WorkGiverDefs\RM_FeverWood_TwoFrontLureWorkGivers.xml]
[Source: RimMandrake: Luminous Pigment]
[File: C:\Program Files (x86)\Steam\steamapps\common\RimWorld\Mods\LuminousPigment\Defs\GenStepDefs\RM_GenStep_ShoreMats.xml]
[Source: RimMandrake: Luminous Pigment]
[File: C:\Program Files (x86)\Steam\steamapps\common\RimWorld\Mods\LuminousPigment\Defs\HediffDefs\RM_DeepfireGlowHediffs.xml]
[Source: RimMandrake: Luminous Pigment]
[File: C:\Program Files (x86)\Steam\steamapps\common\RimWorld\Mods\LuminousPigment\Defs\RecipeDefs\RM_RecipeDeepfireMeals.xml]
[Source: RimMandrake: Luminous Pigment]
[File: C:\Program Files (x86)\Steam\steamapps\common\RimWorld\Mods\LuminousPigment\Defs\ThingDefs_Buildings\RM_GlowTank.xml]
[Source: RimMandrake: Luminous Pigment]
[File: C:\Program Files (x86)\Steam\steamapps\common\RimWorld\Mods\LuminousPigment\Defs\ThingDefs_Items\RM_CrowncarpetFresh.xml]
[Source: RimMandrake: Luminous Pigment]
[File: C:\Program Files (x86)\Steam\steamapps\common\RimWorld\Mods\LuminousPigment\Defs\ThingDefs_Items\RM_MealDeepfire.xml]
[Source: RimMandrake: Luminous Pigment]
[File: C:\Program Files (x86)\Steam\steamapps\common\RimWorld\Mods\LuminousPigment\Defs\ThingDefs_Plants\RM_Crowncarpet.xml]
[Source: RimMandrake: Luminous Pigment]
[File: C:\Program Files (x86)\Steam\steamapps\common\RimWorld\Mods\LuminousPigment\Defs\ThoughtDefs\RM_SumptuaryThoughts.xml]
[Source: RimMandrake: Terminal Biomes]
[File: C:\Program Files (x86)\Steam\steamapps\common\RimWorld\Mods\TerminalBiomes\Defs\BiomeDefs\RM_GreySea.xml]
[Source: RimMandrake: Terminal Biomes]
[File: C:\Program Files (x86)\Steam\steamapps\common\RimWorld\Mods\TerminalBiomes\Defs\BiomeDefs\RM_PropaneLake.xml]
[Source: RimMandrake: Terminal Biomes]
[File: C:\Program Files (x86)\Steam\steamapps\common\RimWorld\Mods\TerminalBiomes\Defs\BiomeDefs\RM_TheScald.xml]
[Source: RimMandrake: Terminal Biomes]
[File: C:\Program Files (x86)\Steam\steamapps\common\RimWorld\Mods\TerminalBiomes\Defs\BiomeDefs\RM_TwilightSea.xml]
[Source: RimMandrake: Terminal Biomes]
[File: C:\Program Files (x86)\Steam\steamapps\common\RimWorld\Mods\TerminalBiomes\Defs\GameConditionDefs\RUT_ScaldSteamCarrier.xml]
[Source: RimMandrake: Terminal Biomes]
[File: C:\Program Files (x86)\Steam\steamapps\common\RimWorld\Mods\TerminalBiomes\Defs\GameConditionDefs\RUT_ScaldSteamLock.xml]
[Source: RimMandrake: Terminal Biomes]
[File: C:\Program Files (x86)\Steam\steamapps\common\RimWorld\Mods\TerminalBiomes\Defs\HediffDefs\RUT_ScaldExposure.xml]
[Source: RimMandrake: Terminal Biomes]
[File: C:\Program Files (x86)\Steam\steamapps\common\RimWorld\Mods\TerminalBiomes\Defs\IncidentDefs\RUT_SteamDevilAppears.xml]
[Source: RimMandrake: Terminal Biomes]
[File: C:\Program Files (x86)\Steam\steamapps\common\RimWorld\Mods\TerminalBiomes\Defs\IncidentDefs\RUT_WalkerSurfacing.xml]
[Source: RimMandrake: Terminal Biomes]
[File: C:\Program Files (x86)\Steam\steamapps\common\RimWorld\Mods\TerminalBiomes\Defs\MapGeneration\RUT_ScaldSailScatterer.xml]
[Source: RimMandrake: Terminal Biomes]
[File: C:\Program Files (x86)\Steam\steamapps\common\RimWorld\Mods\TerminalBiomes\Defs\MapGeneration\RUT_ScaldWreckScatter.xml]
[Source: RimMandrake: Terminal Biomes]
[File: C:\Program Files (x86)\Steam\steamapps\common\RimWorld\Mods\TerminalBiomes\Defs\ThingDefs_Buildings\RM_BrineElder.xml]
[Source: RimMandrake: Terminal Biomes]
[File: C:\Program Files (x86)\Steam\steamapps\common\RimWorld\Mods\TerminalBiomes\Defs\ThingDefs_Buildings\RUT_ScaldVent.xml]
[Source: RimMandrake: Terminal Biomes]
[File: C:\Program Files (x86)\Steam\steamapps\common\RimWorld\Mods\TerminalBiomes\Defs\ThingDefs_Buildings\RUT_SteamCatch.xml]
[Source: RimMandrake: Terminal Biomes]
[File: C:\Program Files (x86)\Steam\steamapps\common\RimWorld\Mods\TerminalBiomes\Defs\ThingDefs_Misc\RUT_SteamDevil.xml]
[Source: RimMandrake: Terminal Biomes]
[File: C:\Program Files (x86)\Steam\steamapps\common\RimWorld\Mods\TerminalBiomes\Defs\ThingDefs_Plants\RM_GreySeaFlora.xml]
[Source: RimMandrake: Terminal Biomes]
[File: C:\Program Files (x86)\Steam\steamapps\common\RimWorld\Mods\TerminalBiomes\Defs\WeatherDefs\RUT_ScaldSteam.xml]
[Source: RimMandrake: Sea Shores]
[File: C:\Program Files (x86)\Steam\steamapps\common\RimWorld\Mods\SeaShores\Defs\TileMutatorDefs\RM_SeaCoast.xml]
[Source: RimMandrake: Long Shade]
[File: C:\Program Files (x86)\Steam\steamapps\common\RimWorld\Mods\LongShade\Defs\HediffDefs\RM_Vorrel_Hediffs.xml]
[Source: RimMandrake: Wasteland]
[File: C:\Program Files (x86)\Steam\steamapps\common\RimWorld\Mods\Wasteland\Defs\BiomeDefs\RM_Wasteland_Biome.xml]
[Source: Jawa Ion Weapons (local)]
[File: C:\Program Files (x86)\Steam\steamapps\common\RimWorld\Mods\JawaIonWeapons\Defs\DamageDefs_JawaIon.xml]
[Source: Jawa Ion Weapons (local)]
[File: C:\Program Files (x86)\Steam\steamapps\common\RimWorld\Mods\JawaIonWeapons\Defs\StatDefs_JawaIon.xml]
[Source: Antiquities]
[File: C:\Program Files (x86)\Steam\steamapps\common\RimWorld\Mods\Antiquities\Defs\JobDefs\RUT_Antiquities_Jobs.xml]
[Source: Antiquities]
[File: C:\Program Files (x86)\Steam\steamapps\common\RimWorld\Mods\Antiquities\Defs\ResearchProjectDefs\RUT_Antiquities_Research.xml]
[Source: Antiquities]
[File: C:\Program Files (x86)\Steam\steamapps\common\RimWorld\Mods\Antiquities\Defs\ThingDefs_Items\RUT_Antiquities_Items.xml]
[Source: Antiquities]
[File: C:\Program Files (x86)\Steam\steamapps\common\RimWorld\Mods\Antiquities\Defs\WorkGiverDefs\RUT_Antiquities_WorkGivers.xml]
[Source: RimStarWars — Bacta]
[File: C:\Program Files (x86)\Steam\steamapps\common\RimWorld\Mods\Bacta\Defs\JobDefs\RSW_BactaJobDefs.xml]
[Source: RimStarWars — Bacta]
[File: C:\Program Files (x86)\Steam\steamapps\common\RimWorld\Mods\Bacta\Defs\ThingDefs_Buildings\RSW_BactaTank.xml]
[Source: RimStarWars — Bacta]
[File: C:\Program Files (x86)\Steam\steamapps\common\RimWorld\Mods\Bacta\Defs\ThingDefs_Items\RSW_BactaFieldItems.xml]
[Source: RimStarWars — Bacta]
[File: C:\Program Files (x86)\Steam\steamapps\common\RimWorld\Mods\Bacta\Defs\WorkGiverDefs\RSW_BactaWorkGivers.xml]
[Source: RimStarWars Patches]
[File: C:\Program Files (x86)\Steam\steamapps\common\RimWorld\Mods\StarWarsPatches\Defs\PawnKindDefs\AlienSpawnEnablers.xml]
[Source: RimUtinni Patches (Jawa campaign)]
[File: C:\Program Files (x86)\Steam\steamapps\common\RimWorld\Mods\UtinniPatches\Defs\BiomeDefs\RUT_FeverWood.xml]
[Source: RimUtinni Patches (Jawa campaign)]
[File: C:\Program Files (x86)\Steam\steamapps\common\RimWorld\Mods\UtinniPatches\Defs\BiomeDefs\RUT_Greentide.xml]
[Source: RimUtinni Patches (Jawa campaign)]
[File: C:\Program Files (x86)\Steam\steamapps\common\RimWorld\Mods\UtinniPatches\Defs\BiomeDefs\RUT_GreySea.xml]
[Source: RimUtinni Patches (Jawa campaign)]
[File: C:\Program Files (x86)\Steam\steamapps\common\RimWorld\Mods\UtinniPatches\Defs\BiomeDefs\RUT_Miasma.xml]
[Source: RimUtinni Patches (Jawa campaign)]
[File: C:\Program Files (x86)\Steam\steamapps\common\RimWorld\Mods\UtinniPatches\Defs\BiomeDefs\RUT_PropaneLake.xml]
[Source: RimUtinni Patches (Jawa campaign)]
[File: C:\Program Files (x86)\Steam\steamapps\common\RimWorld\Mods\UtinniPatches\Defs\BiomeDefs\RUT_Sump.xml]
[Source: RimUtinni Patches (Jawa campaign)]
[File: C:\Program Files (x86)\Steam\steamapps\common\RimWorld\Mods\UtinniPatches\Defs\BiomeDefs\RUT_TheRot.xml]
[Source: RimUtinni Patches (Jawa campaign)]
[File: C:\Program Files (x86)\Steam\steamapps\common\RimWorld\Mods\UtinniPatches\Defs\BiomeDefs\RUT_TheScald.xml]
[Source: RimUtinni Patches (Jawa campaign)]
[File: C:\Program Files (x86)\Steam\steamapps\common\RimWorld\Mods\UtinniPatches\Defs\BiomeDefs\RUT_TwilightSea.xml]
[Source: RimUtinni Patches (Jawa campaign)]
[File: C:\Program Files (x86)\Steam\steamapps\common\RimWorld\Mods\UtinniPatches\Defs\BiomeDefs\RUT_Webwork.xml]
[Source: RimUtinni Patches (Jawa campaign)]
[File: C:\Program Files (x86)\Steam\steamapps\common\RimWorld\Mods\UtinniPatches\Defs\BiomeDefs\RUT_WeepingStones.xml]
[Source: RimUtinni Patches (Jawa campaign)]
[File: C:\Program Files (x86)\Steam\steamapps\common\RimWorld\Mods\UtinniPatches\Defs\FactionDefs\JawaAscendantHelix.xml]
[Source: RimUtinni Patches (Jawa campaign)]
[File: C:\Program Files (x86)\Steam\steamapps\common\RimWorld\Mods\UtinniPatches\Defs\FactionDefs\JawaDeepwaterCompact.xml]
[Source: RimUtinni Patches (Jawa campaign)]
[File: C:\Program Files (x86)\Steam\steamapps\common\RimWorld\Mods\UtinniPatches\Defs\FactionDefs\JawaGeonosianFoundryHive.xml]
[Source: RimUtinni Patches (Jawa campaign)]
[File: C:\Program Files (x86)\Steam\steamapps\common\RimWorld\Mods\UtinniPatches\Defs\FactionDefs\JawaHuttCartel.xml]
[Source: RimUtinni Patches (Jawa campaign)]
[File: C:\Program Files (x86)\Steam\steamapps\common\RimWorld\Mods\UtinniPatches\Defs\FactionDefs\JawaJunkers.xml]
[Source: RimUtinni Patches (Jawa campaign)]
[File: C:\Program Files (x86)\Steam\steamapps\common\RimWorld\Mods\UtinniPatches\Defs\FactionDefs\JawaWildsteamClan.xml]
[Source: RimUtinni Patches (Jawa campaign)]
[File: C:\Program Files (x86)\Steam\steamapps\common\RimWorld\Mods\UtinniPatches\Defs\GameConditionDefs\RUT_BreaklightCondition.xml]
[Source: RimUtinni Patches (Jawa campaign)]
[File: C:\Program Files (x86)\Steam\steamapps\common\RimWorld\Mods\UtinniPatches\Defs\GameConditionDefs\RUT_ForgePulse.xml]
[Source: RimUtinni Patches (Jawa campaign)]
[File: C:\Program Files (x86)\Steam\steamapps\common\RimWorld\Mods\UtinniPatches\Defs\GameConditionDefs\RUT_GradientSurge.xml]
[Source: RimUtinni Patches (Jawa campaign)]
[File: C:\Program Files (x86)\Steam\steamapps\common\RimWorld\Mods\UtinniPatches\Defs\GameConditionDefs\RUT_GreentideWetBulbLock.xml]
[Source: RimUtinni Patches (Jawa campaign)]
[File: C:\Program Files (x86)\Steam\steamapps\common\RimWorld\Mods\UtinniPatches\Defs\GameConditionDefs\RUT_MiasmaWeatherLock.xml]
[Source: RimUtinni Patches (Jawa campaign)]
[File: C:\Program Files (x86)\Steam\steamapps\common\RimWorld\Mods\UtinniPatches\Defs\GameConditionDefs\RUT_RoilLock.xml]
[Source: RimUtinni Patches (Jawa campaign)]
[File: C:\Program Files (x86)\Steam\steamapps\common\RimWorld\Mods\UtinniPatches\Defs\GameConditionDefs\RUT_ScariaOnsetArming.xml]
[Source: RimUtinni Patches (Jawa campaign)]
[File: C:\Program Files (x86)\Steam\steamapps\common\RimWorld\Mods\UtinniPatches\Defs\GameConditionDefs\RUT_ScarlandsMarkLock.xml]
[Source: RimUtinni Patches (Jawa campaign)]
[File: C:\Program Files (x86)\Steam\steamapps\common\RimWorld\Mods\UtinniPatches\Defs\GameConditionDefs\RUT_SheenExposureLock.xml]
[Source: RimUtinni Patches (Jawa campaign)]
[File: C:\Program Files (x86)\Steam\steamapps\common\RimWorld\Mods\UtinniPatches\Defs\GameConditionDefs\RUT_SumpDuskLock.xml]
[Source: RimUtinni Patches (Jawa campaign)]
[File: C:\Program Files (x86)\Steam\steamapps\common\RimWorld\Mods\UtinniPatches\Defs\GeneArchiveDefs\RUT_SlimeGeneArchive.xml]
[Source: RimUtinni Patches (Jawa campaign)]
[File: C:\Program Files (x86)\Steam\steamapps\common\RimWorld\Mods\UtinniPatches\Defs\HediffDefs\RUT_MiasmaExposure.xml]
[Source: RimUtinni Patches (Jawa campaign)]
[File: C:\Program Files (x86)\Steam\steamapps\common\RimWorld\Mods\UtinniPatches\Defs\HediffDefs\RUT_Miasma_StrangeTier.xml]
[Source: RimUtinni Patches (Jawa campaign)]
[File: C:\Program Files (x86)\Steam\steamapps\common\RimWorld\Mods\UtinniPatches\Defs\HediffDefs\RUT_ScarlandsMark.xml]
[Source: RimUtinni Patches (Jawa campaign)]
[File: C:\Program Files (x86)\Steam\steamapps\common\RimWorld\Mods\UtinniPatches\Defs\HediffDefs\RUT_Tarred_Hediffs.xml]
[Source: RimUtinni Patches (Jawa campaign)]
[File: C:\Program Files (x86)\Steam\steamapps\common\RimWorld\Mods\UtinniPatches\Defs\HediffDefs\RUT_YearningFruit_Hediffs.xml]
[Source: RimUtinni Patches (Jawa campaign)]
[File: C:\Program Files (x86)\Steam\steamapps\common\RimWorld\Mods\UtinniPatches\Defs\IncidentDefs\RUT_Breaklight.xml]
[Source: RimUtinni Patches (Jawa campaign)]
[File: C:\Program Files (x86)\Steam\steamapps\common\RimWorld\Mods\UtinniPatches\Defs\IncidentDefs\RUT_ContagionProbe.xml]
[Source: RimUtinni Patches (Jawa campaign)]
[File: C:\Program Files (x86)\Steam\steamapps\common\RimWorld\Mods\UtinniPatches\Defs\IncidentDefs\RUT_GreatboleFruitfall.xml]
[Source: RimUtinni Patches (Jawa campaign)]
[File: C:\Program Files (x86)\Steam\steamapps\common\RimWorld\Mods\UtinniPatches\Defs\LotteryTableDefs\RUT_DigStratumTable.xml]
[Source: RimUtinni Patches (Jawa campaign)]
[File: C:\Program Files (x86)\Steam\steamapps\common\RimWorld\Mods\UtinniPatches\Defs\MapGeneration\RUT_ContagionRingScatter.xml]
[Source: RimUtinni Patches (Jawa campaign)]
[File: C:\Program Files (x86)\Steam\steamapps\common\RimWorld\Mods\UtinniPatches\Defs\MapGeneration\RUT_FoundryFloor_MeltChannels.xml]
[Source: RimUtinni Patches (Jawa campaign)]
[File: C:\Program Files (x86)\Steam\steamapps\common\RimWorld\Mods\UtinniPatches\Defs\MapGeneration\RUT_FoundryFloor_SalvageCache.xml]
[Source: RimUtinni Patches (Jawa campaign)]
[File: C:\Program Files (x86)\Steam\steamapps\common\RimWorld\Mods\UtinniPatches\Defs\MapGeneration\RUT_FoundryFloor_TenderSpawn.xml]
[Source: RimUtinni Patches (Jawa campaign)]
[File: C:\Program Files (x86)\Steam\steamapps\common\RimWorld\Mods\UtinniPatches\Defs\MapGeneration\RUT_FoundryTowerScatter.xml]
[Source: RimUtinni Patches (Jawa campaign)]
[File: C:\Program Files (x86)\Steam\steamapps\common\RimWorld\Mods\UtinniPatches\Defs\MapGeneration\RUT_Greentide_LivingBolesGenStep.xml]
[Source: RimUtinni Patches (Jawa campaign)]
[File: C:\Program Files (x86)\Steam\steamapps\common\RimWorld\Mods\UtinniPatches\Defs\MapGeneration\RUT_Greentide_RootCausewaysGenStep.xml]
[Source: RimUtinni Patches (Jawa campaign)]
[File: C:\Program Files (x86)\Steam\steamapps\common\RimWorld\Mods\UtinniPatches\Defs\MapGeneration\RUT_Miasma_CrecheScatterer.xml]
[Source: RimUtinni Patches (Jawa campaign)]
[File: C:\Program Files (x86)\Steam\steamapps\common\RimWorld\Mods\UtinniPatches\Defs\MapGeneration\RUT_Miasma_GradientAxisGenStep.xml]
[Source: RimUtinni Patches (Jawa campaign)]
[File: C:\Program Files (x86)\Steam\steamapps\common\RimWorld\Mods\UtinniPatches\Defs\MapGeneration\RUT_ScarlandsGraveWardScatter.xml]
[Source: RimUtinni Patches (Jawa campaign)]
[File: C:\Program Files (x86)\Steam\steamapps\common\RimWorld\Mods\UtinniPatches\Defs\RecipeDefs\RUT_Tarred_Surgery.xml]
[Source: RimUtinni Patches (Jawa campaign)]
[File: C:\Program Files (x86)\Steam\steamapps\common\RimWorld\Mods\UtinniPatches\Defs\ThingDefs_Buildings\RUT_CrecheMarker.xml]
[Source: RimUtinni Patches (Jawa campaign)]
[File: C:\Program Files (x86)\Steam\steamapps\common\RimWorld\Mods\UtinniPatches\Defs\ThingDefs_Buildings\RUT_DigShaft.xml]
[Source: RimUtinni Patches (Jawa campaign)]
[File: C:\Program Files (x86)\Steam\steamapps\common\RimWorld\Mods\UtinniPatches\Defs\ThingDefs_Buildings\RUT_GaslightLamp.xml]
[Source: RimUtinni Patches (Jawa campaign)]
[File: C:\Program Files (x86)\Steam\steamapps\common\RimWorld\Mods\UtinniPatches\Defs\ThingDefs_Buildings\RUT_GreatboleCore.xml]
[Source: RimUtinni Patches (Jawa campaign)]
[File: C:\Program Files (x86)\Steam\steamapps\common\RimWorld\Mods\UtinniPatches\Defs\ThingDefs_Buildings\RUT_SentinelGraveWard.xml]
[Source: RimUtinni Patches (Jawa campaign)]
[File: C:\Program Files (x86)\Steam\steamapps\common\RimWorld\Mods\UtinniPatches\Defs\ThingDefs_Buildings\RUT_TarBlaze.xml]
[Source: RimUtinni Patches (Jawa campaign)]
[File: C:\Program Files (x86)\Steam\steamapps\common\RimWorld\Mods\UtinniPatches\Defs\ThingDefs_Buildings\RUT_TarVault.xml]
[Source: RimUtinni Patches (Jawa campaign)]
[File: C:\Program Files (x86)\Steam\steamapps\common\RimWorld\Mods\UtinniPatches\Defs\ThingDefs_Buildings\RUT_WebworkStructures.xml]
[Source: RimUtinni Patches (Jawa campaign)]
[File: C:\Program Files (x86)\Steam\steamapps\common\RimWorld\Mods\UtinniPatches\Defs\ThingDefs_Items\RM_ColdWax.xml]
[Source: RimUtinni Patches (Jawa campaign)]
[File: C:\Program Files (x86)\Steam\steamapps\common\RimWorld\Mods\UtinniPatches\Defs\ThingDefs_Plants\RUT_Placeholder_GreentideGiantTree.xml]
[Source: RimUtinni Patches (Jawa campaign)]
[File: C:\Program Files (x86)\Steam\steamapps\common\RimWorld\Mods\UtinniPatches\Defs\ThingDefs_Plants\RUT_TwinkleSpikeTestPlant.xml]
[Source: RimUtinni Patches (Jawa campaign)]
[File: C:\Program Files (x86)\Steam\steamapps\common\RimWorld\Mods\UtinniPatches\Defs\ThingDefs_Races\RUT_BrineBattery.xml]
[Source: RimUtinni Patches (Jawa campaign)]
[File: C:\Program Files (x86)\Steam\steamapps\common\RimWorld\Mods\UtinniPatches\Defs\ThingDefs_Races\RUT_FleetFlier.xml]
[Source: RimUtinni Patches (Jawa campaign)]
[File: C:\Program Files (x86)\Steam\steamapps\common\RimWorld\Mods\UtinniPatches\Defs\ThingDefs_Races\RUT_Karrobel.xml]
[Source: RimUtinni Patches (Jawa campaign)]
[File: C:\Program Files (x86)\Steam\steamapps\common\RimWorld\Mods\UtinniPatches\Defs\ThingDefs_Races\RUT_Placeholder_GreentideGnawerRace.xml]
[Source: RimUtinni Patches (Jawa campaign)]
[File: C:\Program Files (x86)\Steam\steamapps\common\RimWorld\Mods\UtinniPatches\Defs\ThingDefs_Races\RUT_Placeholder_GreentideLungerRace.xml]
[Source: RimUtinni Patches (Jawa campaign)]
[File: C:\Program Files (x86)\Steam\steamapps\common\RimWorld\Mods\UtinniPatches\Defs\ThingDefs_Races\RUT_Placeholder_SumpMouseRace.xml]
[Source: RimUtinni Patches (Jawa campaign)]
[File: C:\Program Files (x86)\Steam\steamapps\common\RimWorld\Mods\UtinniPatches\Defs\ThingDefs_Races\RUT_PropaneLakeFauna.xml]
[Source: RimUtinni Patches (Jawa campaign)]
[File: C:\Program Files (x86)\Steam\steamapps\common\RimWorld\Mods\UtinniPatches\Defs\ThingDefs_Races\RUT_Radiothermal.xml]
[Source: RimUtinni Patches (Jawa campaign)]
[File: C:\Program Files (x86)\Steam\steamapps\common\RimWorld\Mods\UtinniPatches\Defs\ThingDefs_Races\RUT_SealedSleeper.xml]
[Source: RimUtinni Patches (Jawa campaign)]
[File: C:\Program Files (x86)\Steam\steamapps\common\RimWorld\Mods\UtinniPatches\Defs\ThinkTreeDefs\RUT_ThinkTree_GreentideGnawerFell.xml]
[Source: RimUtinni Patches (Jawa campaign)]
[File: C:\Program Files (x86)\Steam\steamapps\common\RimWorld\Mods\UtinniPatches\Defs\ThinkTreeDefs\RUT_ThinkTree_SumpMouseWander.xml]
[Source: RimUtinni Patches (Jawa campaign)]
[File: C:\Program Files (x86)\Steam\steamapps\common\RimWorld\Mods\UtinniPatches\Defs\TraderKindDefs\RUT_HuttCartel_Captives.xml]
[Source: RimUtinni Patches (Jawa campaign)]
[File: C:\Program Files (x86)\Steam\steamapps\common\RimWorld\Mods\UtinniPatches\Defs\TraderKindDefs\RUT_TradeMootDroids.xml]
[Source: RimUtinni Patches (Jawa campaign)]
[File: C:\Program Files (x86)\Steam\steamapps\common\RimWorld\Mods\UtinniPatches\Defs\WeatherDefs\RUT_RoilWeather.xml]
[Source: RimMandrake: Deep Diving]
[File: C:\Program Files (x86)\Steam\steamapps\common\RimWorld\Mods\DivingInteraction\Defs\MapGeneration\RM_SeaDiveGenStepDefs.xml]
[Source: RimMandrake: Deep Diving]
[File: C:\Program Files (x86)\Steam\steamapps\common\RimWorld\Mods\DivingInteraction\Defs\PlanetLayerDefs\RM_SeabedLayer.xml]
[Source: RimMandrake: Deep Diving]
[File: C:\Program Files (x86)\Steam\steamapps\common\RimWorld\Mods\DivingInteraction\Defs\ThingDefs_Buildings\RM_BrineEncasement.xml]
[Source: RimMandrake: Deep Diving]
[File: C:\Program Files (x86)\Steam\steamapps\common\RimWorld\Mods\DivingInteraction\Defs\ThingDefs_Buildings\RM_SeaDiveHatch.xml]
[Source: RimMandrake: The Gelatinous Slime]
[File: C:\Program Files (x86)\Steam\steamapps\common\RimWorld\Mods\GelatinousSlime\Defs\BiomeDefs\GelatinousSlime.xml]
[Source: RimMandrake: The Gelatinous Slime]
[File: C:\Program Files (x86)\Steam\steamapps\common\RimWorld\Mods\GelatinousSlime\Defs\GeneArchiveDefs\DefaultArchive.xml]
[Source: RimMandrake: The Gelatinous Slime]
[File: C:\Program Files (x86)\Steam\steamapps\common\RimWorld\Mods\GelatinousSlime\Defs\GeneDefs\SlimeGenes_AList.xml]
[Source: RimMandrake: The Gelatinous Slime]
[File: C:\Program Files (x86)\Steam\steamapps\common\RimWorld\Mods\GelatinousSlime\Defs\GeneDefs\SlimeGenes_BList.xml]
[Source: RimMandrake: The Gelatinous Slime]
[File: C:\Program Files (x86)\Steam\steamapps\common\RimWorld\Mods\GelatinousSlime\Defs\GenStepDefs\RM_SlimeVisitorSeed.xml]
[Source: RimMandrake: The Gelatinous Slime]
[File: C:\Program Files (x86)\Steam\steamapps\common\RimWorld\Mods\GelatinousSlime\Defs\HediffDefs\Slimification.xml]
[Source: RimMandrake: The Gelatinous Slime]
[File: C:\Program Files (x86)\Steam\steamapps\common\RimWorld\Mods\GelatinousSlime\Defs\JobDefs\SlimeJobs.xml]
[Source: RimMandrake: The Gelatinous Slime]
[File: C:\Program Files (x86)\Steam\steamapps\common\RimWorld\Mods\GelatinousSlime\Defs\Maneuvers\Engulf.xml]
[Source: RimMandrake: The Gelatinous Slime]
[File: C:\Program Files (x86)\Steam\steamapps\common\RimWorld\Mods\GelatinousSlime\Defs\ThingDefs_Items\GeneSeeker.xml]
[Source: RimMandrake: The Gelatinous Slime]
[File: C:\Program Files (x86)\Steam\steamapps\common\RimWorld\Mods\GelatinousSlime\Defs\ThingDefs_Items\SlimeItems.xml]
[Source: RimMandrake: The Gelatinous Slime]
[File: C:\Program Files (x86)\Steam\steamapps\common\RimWorld\Mods\GelatinousSlime\Defs\ThingDefs_Races\Gelatid.xml]
[Source: RimMandrake: The Gelatinous Slime]
[File: C:\Program Files (x86)\Steam\steamapps\common\RimWorld\Mods\GelatinousSlime\Defs\ThingDefs_Races\Titanoslime.xml]
[Source: RimMandrake: The Gelatinous Slime]
[File: C:\Program Files (x86)\Steam\steamapps\common\RimWorld\Mods\GelatinousSlime\Defs\ThoughtDefs\SlimeThoughts.xml]
[Source: Droidworks]
[File: C:\Program Files (x86)\Steam\steamapps\common\RimWorld\Mods\Droidworks\Defs\Races_Base.xml]
[Source: Droidworks]
[File: C:\Program Files (x86)\Steam\steamapps\common\RimWorld\Mods\Droidworks\Defs\Races_Families.xml]
[Source: Droidworks]
[File: C:\Program Files (x86)\Steam\steamapps\common\RimWorld\Mods\Droidworks\Defs\Races_JDS.xml]
[Source: Droidworks]
[File: C:\Program Files (x86)\Steam\steamapps\common\RimWorld\Mods\Droidworks\Defs\Races_KotOR.xml]
[Source: Droidworks]
[File: C:\Program Files (x86)\Steam\steamapps\common\RimWorld\Mods\Droidworks\Defs\Races_OuterRim.xml]
[Source: Droidworks]
[File: C:\Program Files (x86)\Steam\steamapps\common\RimWorld\Mods\Droidworks\Defs\Races_Primitive.xml]
[Source: Droidworks]
[File: C:\Program Files (x86)\Steam\steamapps\common\RimWorld\Mods\Droidworks\Defs\HediffDefs\HediffDefs_Droidworks.xml]
[Source: Droidworks]
[File: C:\Program Files (x86)\Steam\steamapps\common\RimWorld\Mods\Droidworks\Defs\IncidentDefs\IncidentDefs_Droidworks.xml]
[Source: Droidworks]
[File: C:\Program Files (x86)\Steam\steamapps\common\RimWorld\Mods\Droidworks\Defs\JobDefs\JobDefs_Droidworks.xml]
[Source: Droidworks]
[File: C:\Program Files (x86)\Steam\steamapps\common\RimWorld\Mods\Droidworks\Defs\NeedDefs\NeedDefs_Droidworks.xml]
[Source: Droidworks]
[File: C:\Program Files (x86)\Steam\steamapps\common\RimWorld\Mods\Droidworks\Defs\RecipeDefs\AssemblyRecipes_Droidworks.xml]
[Source: Droidworks]
[File: C:\Program Files (x86)\Steam\steamapps\common\RimWorld\Mods\Droidworks\Defs\RecipeDefs\PartRecipes_Droidworks.xml]
[Source: Droidworks]
[File: C:\Program Files (x86)\Steam\steamapps\common\RimWorld\Mods\Droidworks\Defs\RecipeDefs\PartRecipes_Droidworks_Primitive.xml]
[Source: Droidworks]
[File: C:\Program Files (x86)\Steam\steamapps\common\RimWorld\Mods\Droidworks\Defs\RecipeDefs\RecipeDefs_Droidworks.xml]
[Source: Droidworks]
[File: C:\Program Files (x86)\Steam\steamapps\common\RimWorld\Mods\Droidworks\Defs\ThingDefs\Buildings_Charging.xml]
[Source: Droidworks]
[File: C:\Program Files (x86)\Steam\steamapps\common\RimWorld\Mods\Droidworks\Defs\ThingDefs\DataSpikes_Droidworks.xml]
[Source: Droidworks]
[File: C:\Program Files (x86)\Steam\steamapps\common\RimWorld\Mods\Droidworks\Defs\ThingDefs\Heads_Droidworks.xml]
[Source: Droidworks]
[File: C:\Program Files (x86)\Steam\steamapps\common\RimWorld\Mods\Droidworks\Defs\ThingDefs\Items_Droidworks.xml]
[Source: Droidworks]
[File: C:\Program Files (x86)\Steam\steamapps\common\RimWorld\Mods\Droidworks\Defs\ThinkTreeDefs\ThinkTreeDefs_DWRecharge.xml]
[Source: Droidworks]
[File: C:\Program Files (x86)\Steam\steamapps\common\RimWorld\Mods\Droidworks\Defs\ThoughtDefs\ThoughtDefs_Droidworks.xml]
[Source: Droidworks]
[File: C:\Program Files (x86)\Steam\steamapps\common\RimWorld\Mods\Droidworks\Defs\TraitDefs\TraitDefs_Droidworks.xml]
[Source: Droidworks]
[File: C:\Program Files (x86)\Steam\steamapps\common\RimWorld\Mods\Droidworks\Defs\TraitDefs\TraitDefs_Droidworks_Idiosyncrasies.xml]
[Source: RimUtinni: Droid Repair Jobs]
[File: C:\Program Files (x86)\Steam\steamapps\common\RimWorld\Mods\DroidRepairJobs\Defs\QuestScriptDefs\Quest_DroidRepairJob.xml]
[Source: Pyrelands]
[File: C:\Program Files (x86)\Steam\steamapps\common\RimWorld\Mods\Pyrelands\Defs\BiomeDefs\Pyrelands.xml]
[Source: Pyrelands]
[File: C:\Program Files (x86)\Steam\steamapps\common\RimWorld\Mods\Pyrelands\Defs\GenStepDefs\PyrelandsGenSteps.xml]
[Source: Pyrelands]
[File: C:\Program Files (x86)\Steam\steamapps\common\RimWorld\Mods\Pyrelands\Defs\JobDefs\RM_PyrelandsJobs.xml]
[Source: Pyrelands]
[File: C:\Program Files (x86)\Steam\steamapps\common\RimWorld\Mods\Pyrelands\Defs\ThingDefs_Plants\Quickgrass.xml]
[Source: Pyrelands]
[File: C:\Program Files (x86)\Steam\steamapps\common\RimWorld\Mods\Pyrelands\Defs\ThinkTreeDefs\RM_FireHawkThinkTree.xml]
[Source: Pyrelands]
[File: C:\Program Files (x86)\Steam\steamapps\common\RimWorld\Mods\Pyrelands\Defs\ThinkTreeDefs\RM_FurnaceBeastThinkTree.xml]
[Source: Pyrelands]
[File: C:\Program Files (x86)\Steam\steamapps\common\RimWorld\Mods\Pyrelands\Defs\WorldObjectDefs\WorldObjects_Pyrelands.xml]
[Source: RimMandrake: Utinni — Pyrelands Mechanics]
[File: C:\Program Files (x86)\Steam\steamapps\common\RimWorld\Mods\PyrelandsMechanics\Defs\DutyDefs\RUT_PyrelandsDuties.xml]
[Source: RimMandrake: Utinni — Pyrelands Mechanics]
[File: C:\Program Files (x86)\Steam\steamapps\common\RimWorld\Mods\PyrelandsMechanics\Defs\IncidentDefs\RUT_PyrelandsIncidents.xml]
[Source: Moving Dunes]
[File: C:\Program Files (x86)\Steam\steamapps\common\RimWorld\Mods\MovingDunes\Defs\DuneMaterialDefs\Materials.xml]
[Source: Moving Dunes]
[File: C:\Program Files (x86)\Steam\steamapps\common\RimWorld\Mods\MovingDunes\Defs\ThingDefs\BuriedCache.xml]
[Source: RimMandrake: FlowWorks]
[File: C:\Program Files (x86)\Steam\steamapps\common\RimWorld\Mods\FlowWorks\Defs\Canals\FluidDefs\FlowWorks_Fluids.xml]
[Source: RimMandrake: FlowWorks]
[File: C:\Program Files (x86)\Steam\steamapps\common\RimWorld\Mods\FlowWorks\Defs\Canals\JobDefs\FlowWorks_JobDefs.xml]
[Source: RimMandrake: FlowWorks]
[File: C:\Program Files (x86)\Steam\steamapps\common\RimWorld\Mods\FlowWorks\Defs\Canals\ThingDefs\FlowWorks_ThingDefs.xml]
[Source: RimMandrake: FlowWorks]
[File: C:\Program Files (x86)\Steam\steamapps\common\RimWorld\Mods\FlowWorks\Defs\Canals\WorkGiverDefs\FlowWorks_WorkGivers.xml]
[Source: RimMandrake: FlowWorks]
[File: C:\Program Files (x86)\Steam\steamapps\common\RimWorld\Mods\FlowWorks\Defs\Drilling\ThingDefs\RM_LiquidDrill.xml]
[Source: RimMandrake: FlowWorks]
[File: C:\Program Files (x86)\Steam\steamapps\common\RimWorld\Mods\FlowWorks\Defs\LiquidTypes\GenStepDefs\RM_GenStep_LiquidShores.xml]
[Source: RimMandrake: FlowWorks]
[File: C:\Program Files (x86)\Steam\steamapps\common\RimWorld\Mods\FlowWorks\Defs\LiquidTypes\JobDefs\RM_LiquidBottleJobs.xml]
[Source: RimMandrake: FlowWorks]
[File: C:\Program Files (x86)\Steam\steamapps\common\RimWorld\Mods\FlowWorks\Defs\LiquidTypes\LiquidBodyDefs\RM_LiquidBodyRegistry.xml]
[Source: RimMandrake: FlowWorks]
[File: C:\Program Files (x86)\Steam\steamapps\common\RimWorld\Mods\FlowWorks\Defs\LiquidTypes\LiquidDefs\RM_LiquidDefRegistry.xml]
[Source: RimMandrake: FlowWorks]
[File: C:\Program Files (x86)\Steam\steamapps\common\RimWorld\Mods\FlowWorks\Defs\LiquidTypes\TerrainDefs\RM_AcidWater.xml]
[Source: RimMandrake: FlowWorks]
[File: C:\Program Files (x86)\Steam\steamapps\common\RimWorld\Mods\FlowWorks\Defs\LiquidTypes\TerrainDefs\RM_Ammonia.xml]
[Source: RimMandrake: FlowWorks]
[File: C:\Program Files (x86)\Steam\steamapps\common\RimWorld\Mods\FlowWorks\Defs\LiquidTypes\TerrainDefs\RM_Churnmud.xml]
[Source: RimMandrake: FlowWorks]
[File: C:\Program Files (x86)\Steam\steamapps\common\RimWorld\Mods\FlowWorks\Defs\LiquidTypes\TerrainDefs\RM_Coolant.xml]
[Source: RimMandrake: FlowWorks]
[File: C:\Program Files (x86)\Steam\steamapps\common\RimWorld\Mods\FlowWorks\Defs\LiquidTypes\TerrainDefs\RM_FuelSap.xml]
[Source: RimMandrake: FlowWorks]
[File: C:\Program Files (x86)\Steam\steamapps\common\RimWorld\Mods\FlowWorks\Defs\LiquidTypes\TerrainDefs\RM_Ichor.xml]
[Source: RimMandrake: FlowWorks]
[File: C:\Program Files (x86)\Steam\steamapps\common\RimWorld\Mods\FlowWorks\Defs\LiquidTypes\TerrainDefs\RM_Ooze.xml]
[Source: RimMandrake: FlowWorks]
[File: C:\Program Files (x86)\Steam\steamapps\common\RimWorld\Mods\FlowWorks\Defs\LiquidTypes\TerrainDefs\RM_Propane.xml]
[Source: RimMandrake: FlowWorks]
[File: C:\Program Files (x86)\Steam\steamapps\common\RimWorld\Mods\FlowWorks\Defs\LiquidTypes\TerrainDefs\RM_ReactionLiquor.xml]
[Source: RimMandrake: FlowWorks]
[File: C:\Program Files (x86)\Steam\steamapps\common\RimWorld\Mods\FlowWorks\Defs\LiquidTypes\TerrainDefs\RM_SlimeGreen.xml]
[Source: RimMandrake: FlowWorks]
[File: C:\Program Files (x86)\Steam\steamapps\common\RimWorld\Mods\FlowWorks\Defs\LiquidTypes\TerrainDefs\RM_SlimeRed.xml]
[Source: RimMandrake: FlowWorks]
[File: C:\Program Files (x86)\Steam\steamapps\common\RimWorld\Mods\FlowWorks\Defs\LiquidTypes\TerrainDefs\RM_SlimeWhite.xml]
[Source: RimMandrake: FlowWorks]
[File: C:\Program Files (x86)\Steam\steamapps\common\RimWorld\Mods\FlowWorks\Defs\LiquidTypes\TerrainDefs\RM_SlimeYellow.xml]
[Source: RimMandrake: FlowWorks]
[File: C:\Program Files (x86)\Steam\steamapps\common\RimWorld\Mods\FlowWorks\Defs\LiquidTypes\TerrainDefs\RM_Tar.xml]
[Source: RimMandrake: FlowWorks]
[File: C:\Program Files (x86)\Steam\steamapps\common\RimWorld\Mods\FlowWorks\Defs\LiquidTypes\TerrainDefs\RM_WaterBrackish.xml]
[Source: RimMandrake: FlowWorks]
[File: C:\Program Files (x86)\Steam\steamapps\common\RimWorld\Mods\FlowWorks\Defs\LiquidTypes\TerrainDefs\RM_WaterBrine.xml]
[Source: RimMandrake: FlowWorks]
[File: C:\Program Files (x86)\Steam\steamapps\common\RimWorld\Mods\FlowWorks\Defs\LiquidTypes\TerrainDefs\RM_WaterFrigid.xml]
[Source: RimMandrake: FlowWorks]
[File: C:\Program Files (x86)\Steam\steamapps\common\RimWorld\Mods\FlowWorks\Defs\LiquidTypes\TerrainDefs\RM_WaterMineral.xml]
[Source: RimMandrake: FlowWorks]
[File: C:\Program Files (x86)\Steam\steamapps\common\RimWorld\Mods\FlowWorks\Defs\LiquidTypes\ThingDefs\RM_LiquidBottles.xml]
[Source: RimMandrake: FlowWorks]
[File: C:\Program Files (x86)\Steam\steamapps\common\RimWorld\Mods\FlowWorks\Defs\LiquidTypes\ThingDefs\RM_LiquidBottles_Base.xml]
[Source: RimMandrake: FlowWorks]
[File: C:\Program Files (x86)\Steam\steamapps\common\RimWorld\Mods\FlowWorks\Defs\LiquidTypes\ThingDefs\RM_LiquidTank.xml]
[Source: RimMandrake: FlowWorks]
[File: C:\Program Files (x86)\Steam\steamapps\common\RimWorld\Mods\FlowWorks\Defs\LiquidTypes\WorkGiverDefs\RM_LiquidBottleWorkGivers.xml]
[Source: RimMandrake: FlowWorks]
[File: C:\Program Files (x86)\Steam\steamapps\common\RimWorld\Mods\FlowWorks\Defs\Pits\JobDefs\Pit_JobDefs.xml]
[Source: RimMandrake: FlowWorks]
[File: C:\Program Files (x86)\Steam\steamapps\common\RimWorld\Mods\FlowWorks\Defs\Pits\ThingDefs\Pit_Cell.xml]
[Source: RimMandrake: FlowWorks]
[File: C:\Program Files (x86)\Steam\steamapps\common\RimWorld\Mods\FlowWorks\Defs\Pits\ThingDefs\Pit_DigSites.xml]
[Source: RimMandrake: FlowWorks]
[File: C:\Program Files (x86)\Steam\steamapps\common\RimWorld\Mods\FlowWorks\Defs\Pits\ThingDefs\Pit_OpenPits.xml]
[Source: RimMandrake: FlowWorks]
[File: C:\Program Files (x86)\Steam\steamapps\common\RimWorld\Mods\FlowWorks\Defs\Pits\WorkGiverDefs\Pit_WorkGivers.xml]
[Source: RimMandrake: Explosive Plant Growth]
[File: C:\Program Files (x86)\Steam\steamapps\common\RimWorld\Mods\ExplosiveGrowth\Defs\ExplosiveGrowth\RM_ExplosiveGrowthRoster.xml]
[Source: Jawa Plant Growth (local)]
[File: C:\Program Files (x86)\Steam\steamapps\common\RimWorld\Mods\PlantGrowth\ExplosiveGrowth\Defs\RUT_ExplosiveGrowthRoster.xml]
[Source: Jawa Plant Growth (local)]
[File: C:\Program Files (x86)\Steam\steamapps\common\RimWorld\Mods\PlantGrowth\ExplosiveGrowth\Defs\IncidentDefs\RUT_BloomBurst.xml]
[Source: Jawa Plant Growth (local)]
[File: C:\Program Files (x86)\Steam\steamapps\common\RimWorld\Mods\PlantGrowth\Defs\JawaPlantGrowthSettings.xml]
[Source: RimProperty]
[File: C:\Program Files (x86)\Steam\steamapps\common\RimWorld\Mods\RimProperty\Defs\AnimalTheft\JobDefs_AnimalSteal.xml]
[Source: RimProperty]
[File: C:\Program Files (x86)\Steam\steamapps\common\RimWorld\Mods\RimProperty\Defs\AnimalTheft\ThinkTreeDefs_AnimalSteal.xml]
[Source: RimProperty]
[File: C:\Program Files (x86)\Steam\steamapps\common\RimWorld\Mods\RimProperty\Defs\TheftHauler\JobDefs_TheftHauler.xml]
[Source: RimUtinni: Shokkweave Economy]
[File: C:\Program Files (x86)\Steam\steamapps\common\RimWorld\Mods\ShokkweaveEconomy\Defs\MapGeneration\ShokkweaveHarvestScatter.xml]
[Source: RimMandrake: Utinni — Rust Cathedral Roaches]
[File: C:\Program Files (x86)\Steam\steamapps\common\RimWorld\Mods\RustCathedralRoaches\Defs\ThingDefs_Races\RUT_CathedralRoach.xml]
[Source: RimMandrake: Utinni — Rust Cathedral Roaches]
[File: C:\Program Files (x86)\Steam\steamapps\common\RimWorld\Mods\RustCathedralRoaches\Defs\ThingDefs_Races\RUT_ScarRoach.xml]
[Source: RimMandrake: Utinni — Rust Cathedral Roaches]
[File: C:\Program Files (x86)\Steam\steamapps\common\RimWorld\Mods\RustCathedralRoaches\Defs\ThinkTreeDefs\RUT_ThinkTree_CathedralRoach.xml]
[Source: RimMandrake Pits]
[File: C:\Program Files (x86)\Steam\steamapps\common\RimWorld\Mods\Pits\Defs\JobDefs\Pit_JobDefs.xml]
[Source: RimMandrake Pits]
[File: C:\Program Files (x86)\Steam\steamapps\common\RimWorld\Mods\Pits\Defs\ThingDefs\Pit_Cell.xml]
[Source: RimMandrake Pits]
[File: C:\Program Files (x86)\Steam\steamapps\common\RimWorld\Mods\Pits\Defs\ThingDefs\Pit_DigSites.xml]
[Source: RimMandrake Pits]
[File: C:\Program Files (x86)\Steam\steamapps\common\RimWorld\Mods\Pits\Defs\ThingDefs\Pit_OpenPits.xml]
[Source: RimMandrake Pits]
[File: C:\Program Files (x86)\Steam\steamapps\common\RimWorld\Mods\Pits\Defs\WorkGiverDefs\Pit_WorkGivers.xml]
[Source: RimMandrake: Graffiti Framework]
[File: C:\Program Files (x86)\Steam\steamapps\common\RimWorld\Mods\Graffiti\Patches\Graffiti_OrdersPatch.xml]
[Source: Jawa Rules (local)]
[File: C:\Program Files (x86)\Steam\steamapps\common\RimWorld\Mods\JawaRules\Patches\RSW_JawaHood.xml]
[Source: Desert Vehicle Reskin — Alpha Vehicles Neolithic]
[File: C:\Program Files (x86)\Steam\steamapps\common\RimWorld\Mods\DesertVehicleReskin\Patches\DraughtFuel_Marker.xml]
[Source: Jawa Doctrine Patches]
[File: C:\Program Files (x86)\Steam\steamapps\common\RimWorld\Mods\Doctrine\Patches\MegafaunaYield.xml]
[Source: RimMandrake: SW — Bestiary]
[File: C:\Program Files (x86)\Steam\steamapps\common\RimWorld\Mods\SWBestiary\Patches\RSW_SekkulaathTank_DianogaSwap.xml]
[Source: RimMandrake: SW — Bestiary]
[File: C:\Program Files (x86)\Steam\steamapps\common\RimWorld\Mods\SWBestiary\Patches\ProximityHatch\RSW_ProtovermesEgg_ProximityHatch.xml]
[Source: RimMandrake: Ship Vermin]
[File: C:\Program Files (x86)\Steam\steamapps\common\RimWorld\Mods\ShipVermin\Patches\RSW_Mynock_ShipVermin.xml]
[Source: RimMandrake: Greentide]
[File: C:\Program Files (x86)\Steam\steamapps\common\RimWorld\Mods\Greentide\Patches\RM_Greentide_FaunaHooks.xml]
[Source: RimMandrake: Fever Wood]
[File: C:\Program Files (x86)\Steam\steamapps\common\RimWorld\Mods\FeverWood\Patches\RM_FeverWood_StakeLureOrdersPatch.xml]
[Source: RimMandrake: Terminal Biomes]
[File: C:\Program Files (x86)\Steam\steamapps\common\RimWorld\Mods\TerminalBiomes\Patches\RUT_ScaldSteamLock_BiomeWiring.xml]
[Source: RimStarWars Patches]
[File: C:\Program Files (x86)\Steam\steamapps\common\RimWorld\Mods\StarWarsPatches\Patches\BodySizeIsReal.xml]
[Source: RimStarWars Patches]
[File: C:\Program Files (x86)\Steam\steamapps\common\RimWorld\Mods\StarWarsPatches\Patches\EggLayersLayEggs.xml]
[Source: RimStarWars Patches]
[File: C:\Program Files (x86)\Steam\steamapps\common\RimWorld\Mods\StarWarsPatches\Patches\ForceGremlin_NoHair.xml]
[Source: RimStarWars Patches]
[File: C:\Program Files (x86)\Steam\steamapps\common\RimWorld\Mods\StarWarsPatches\Patches\JawaXenotype_Repoint.xml]
[Source: RimStarWars Patches]
[File: C:\Program Files (x86)\Steam\steamapps\common\RimWorld\Mods\StarWarsPatches\Patches\VanillaFaction_Xenotypes.xml]
[Source: RimUtinni Patches (Jawa campaign)]
[File: C:\Program Files (x86)\Steam\steamapps\common\RimWorld\Mods\UtinniPatches\Patches\AmbientShrineGuardians.xml]
[Source: RimUtinni Patches (Jawa campaign)]
[File: C:\Program Files (x86)\Steam\steamapps\common\RimWorld\Mods\UtinniPatches\Patches\AncientsAreRakata.xml]
[Source: RimUtinni Patches (Jawa campaign)]
[File: C:\Program Files (x86)\Steam\steamapps\common\RimWorld\Mods\UtinniPatches\Patches\BiomeArrivalLetters_TheSump.xml]
[Source: RimUtinni Patches (Jawa campaign)]
[File: C:\Program Files (x86)\Steam\steamapps\common\RimWorld\Mods\UtinniPatches\Patches\FlameStatuary_HolyAct.xml]
[Source: RimUtinni Patches (Jawa campaign)]
[File: C:\Program Files (x86)\Steam\steamapps\common\RimWorld\Mods\UtinniPatches\Patches\FlowWorks_SubsurfaceLiquid_Ashkarr.xml]
[Source: RimUtinni Patches (Jawa campaign)]
[File: C:\Program Files (x86)\Steam\steamapps\common\RimWorld\Mods\UtinniPatches\Patches\GeothermalDensityField.xml]
[Source: RimUtinni Patches (Jawa campaign)]
[File: C:\Program Files (x86)\Steam\steamapps\common\RimWorld\Mods\UtinniPatches\Patches\GiantWeaponWielders_Ashkarr.xml]
[Source: RimUtinni Patches (Jawa campaign)]
[File: C:\Program Files (x86)\Steam\steamapps\common\RimWorld\Mods\UtinniPatches\Patches\ManyWaters_RiverSteam_Ashkarr.xml]
[Source: RimUtinni Patches (Jawa campaign)]
[File: C:\Program Files (x86)\Steam\steamapps\common\RimWorld\Mods\UtinniPatches\Patches\RotDecayHarvest_LivingProduce.xml]
[Source: RimUtinni Patches (Jawa campaign)]
[File: C:\Program Files (x86)\Steam\steamapps\common\RimWorld\Mods\UtinniPatches\Patches\RUT_ForgePulse_BiomeWiring.xml]
[Source: RimUtinni Patches (Jawa campaign)]
[File: C:\Program Files (x86)\Steam\steamapps\common\RimWorld\Mods\UtinniPatches\Patches\RUT_GreentideWetBulbLock_BiomeWiring.xml]
[Source: RimUtinni Patches (Jawa campaign)]
[File: C:\Program Files (x86)\Steam\steamapps\common\RimWorld\Mods\UtinniPatches\Patches\RUT_Miasma_ForgeOnSurvival.xml]
[Source: RimUtinni Patches (Jawa campaign)]
[File: C:\Program Files (x86)\Steam\steamapps\common\RimWorld\Mods\UtinniPatches\Patches\RUT_Miasma_PollinationGate.xml]
[Source: RimUtinni Patches (Jawa campaign)]
[File: C:\Program Files (x86)\Steam\steamapps\common\RimWorld\Mods\UtinniPatches\Patches\RUT_RoilLock_BiomeWiring.xml]
[Source: RimUtinni Patches (Jawa campaign)]
[File: C:\Program Files (x86)\Steam\steamapps\common\RimWorld\Mods\UtinniPatches\Patches\RUT_ScaldSteamLock_BiomeWiring.xml]
[Source: RimUtinni Patches (Jawa campaign)]
[File: C:\Program Files (x86)\Steam\steamapps\common\RimWorld\Mods\UtinniPatches\Patches\RUT_SumpDuskLock_BiomeWiring.xml]
[Source: RimUtinni Patches (Jawa campaign)]
[File: C:\Program Files (x86)\Steam\steamapps\common\RimWorld\Mods\UtinniPatches\Patches\RUT_Tar_GlasswalkCooling.xml]
[Source: RimUtinni Patches (Jawa campaign)]
[File: C:\Program Files (x86)\Steam\steamapps\common\RimWorld\Mods\UtinniPatches\Patches\RUT_TibannaTap_BeldonWiring.xml]
[Source: RimUtinni Patches (Jawa campaign)]
[File: C:\Program Files (x86)\Steam\steamapps\common\RimWorld\Mods\UtinniPatches\Patches\RUT_VaporDrifter_AerofleetWiring.xml]
[Source: RimUtinni Patches (Jawa campaign)]
[File: C:\Program Files (x86)\Steam\steamapps\common\RimWorld\Mods\UtinniPatches\Patches\SandFishing_CrackedLands.xml]
[Source: RimUtinni Patches (Jawa campaign)]
[File: C:\Program Files (x86)\Steam\steamapps\common\RimWorld\Mods\UtinniPatches\Patches\UtinniWorldIcon.xml]
[Source: RimUtinni Patches (Jawa campaign)]
[File: C:\Program Files (x86)\Steam\steamapps\common\RimWorld\Mods\UtinniPatches\Patches\VQEPatients_AreRakata.xml]
[Source: RimUtinni Patches (Jawa campaign)]
[File: C:\Program Files (x86)\Steam\steamapps\common\RimWorld\Mods\UtinniPatches\Patches\WreckVerminNest_ShipChunk.xml]
[Source: RimUtinni Patches (Jawa campaign)]
[File: C:\Program Files (x86)\Steam\steamapps\common\RimWorld\Mods\UtinniPatches\Patches\XenotypeTolerances_Ashkarr.xml]
[Source: Jawa Pawn Flavor — faction backstories and traits]
[File: C:\Program Files (x86)\Steam\steamapps\common\RimWorld\Mods\PawnFlavor\Patches\PawnFlavorPhase2_ThoughtDef.xml]
[Source: Jawa Pawn Flavor — faction backstories and traits]
[File: C:\Program Files (x86)\Steam\steamapps\common\RimWorld\Mods\PawnFlavor\Patches\PawnFlavorPhase2_Xenotype.xml]
[Source: RimMandrake: The Gelatinous Slime]
[File: C:\Program Files (x86)\Steam\steamapps\common\RimWorld\Mods\GelatinousSlime\Patches\DryingBiomes.xml]
[Source: Droidworks]
[File: C:\Program Files (x86)\Steam\steamapps\common\RimWorld\Mods\Droidworks\Patches\IonBuildup_PowersDownDroid.xml]
[Source: Droidworks]
[File: C:\Program Files (x86)\Steam\steamapps\common\RimWorld\Mods\Droidworks\Patches\ModulePersonality_Wiring.xml]
[Source: Pyrelands]
[File: C:\Program Files (x86)\Steam\steamapps\common\RimWorld\Mods\Pyrelands\Patches\RM_PyrelandsIgniters_Comps.xml]
[Source: Moving Dunes]
[File: C:\Program Files (x86)\Steam\steamapps\common\RimWorld\Mods\MovingDunes\Patches\BiomeBindings.xml]
[Source: RimMandrake: FlowWorks]
[File: C:\Program Files (x86)\Steam\steamapps\common\RimWorld\Mods\FlowWorks\Patches\FlowWorks_OrdersPatch.xml]
[Source: RimMandrake: FlowWorks]
[File: C:\Program Files (x86)\Steam\steamapps\common\RimWorld\Mods\FlowWorks\Patches\Canals\RM_Fluid_Tar_AlphaBiomesAdoption.xml]
[Source: RimMandrake: FlowWorks]
[File: C:\Program Files (x86)\Steam\steamapps\common\RimWorld\Mods\FlowWorks\Patches\LiquidTypes\RM_LiquidDef_AstrofuelAdoption.xml]
[Source: RimMandrake: FlowWorks]
[File: C:\Program Files (x86)\Steam\steamapps\common\RimWorld\Mods\FlowWorks\Patches\LiquidTypes\RM_LiquidProperties_CompatIndex.xml]
[Source: RimProperty]
[File: C:\Program Files (x86)\Steam\steamapps\common\RimWorld\Mods\RimProperty\Patches\AnimalTheft\RaccoonWildTheft.xml]
[Source: RimProperty]
[File: C:\Program Files (x86)\Steam\steamapps\common\RimWorld\Mods\RimProperty\Patches\AnimalTheft\SkellickWildTheft.xml]
[Source: RimProperty]
[File: C:\Program Files (x86)\Steam\steamapps\common\RimWorld\Mods\RimProperty\Patches\TheftHauler\DroidLoaders_TheftHauler.xml]
[Source: RimProperty]
[File: C:\Program Files (x86)\Steam\steamapps\common\RimWorld\Mods\RimProperty\Patches\TheftHauler\MuckrakerChassis_TheftHauler.xml]
Exception loading def from file RUT_PropaneLakeFauna.xml: System.ArgumentException: Could not find type named RimMandrake.BlueDesert.RM_HydrocarbonNativeExtension from node <li Class="RimMandrake.BlueDesert.RM_HydrocarbonNativeExtension" />
Parameter name: node
[Ref 6F2CD764]
  at Verse.DirectXmlToObjectNew.ResolveTypeForNode (System.Type defaultType, System.Xml.XmlNode node) [0x0005a] in <61e4173561894da49d210260257b5097>:0 
(wrapper dynamic-method) Verse.DirectXmlToObjectNew+DummyTypeToHoldDynamicMethods.ParseAndSetListField_Verse_DefModExtension(object,System.Reflection.FieldInfo,System.Xml.XmlNode,System.Type)
(wrapper dynamic-method) Verse.DirectXmlToObjectNew+DummyTypeToHoldDynamicMethods.ParseAndReturnDef_Verse_ThingDef(int,int,System.Xml.XmlNode,System.Type)
  at Verse.DirectXmlToObjectNew.DefFromNodeNew (System.Xml.XmlNode node, Verse.LoadableXmlAsset loadingAsset) [0x0014c] in <61e4173561894da49d210260257b5097>:0 
    - PREFIX SmashPhil.VehicleFramework: Boolean SmashTools.Patching.Patch_XmlParsing:PreProcessAttributesOnDef(Def& __result, XmlNode node)
    - PREFIX Dubwise.DubsBadHygiene: Boolean DubsBadHygiene.DubsBadHygieneMod:Prefix(XmlNode node, LoadableXmlAsset loadingAsset, Def& __result)
    - PREFIX ordpus.logafterdeferror: Void LogAfterDefError.DirectXmlLoader_DefFromNode:Prefix(LogMessage& __state)
    - POSTFIX SmashPhil.VehicleFramework: Void SmashTools.Patching.Patch_XmlParsing:ReadCustomAttributesOnDef(XmlNode node)
    - POSTFIX ChaoticEnrico.BetterTrees.ExplicitTreeExclusions: Void BetterTrees.ExplicitTreeExclusionRegistry:RecordExclusionFromLoadedDef(XmlNode node, Def __result)
    - POSTFIX ordpus.logafterdeferror: Void LogAfterDefError.DirectXmlLoader_DefFromNode:Postfix(Def __result, LoadableXmlAsset loadingAsset, LogMessage __state)

Possible Matches:
[Source: RimUtinni Patches (Jawa campaign)]
[File: C:\Program Files (x86)\Steam\steamapps\common\RimWorld\Mods\UtinniPatches\Defs\ThingDefs_Races\RUT_PropaneLakeFauna.xml]
Exception loading def from file RUT_PropaneLakeFauna.xml: System.ArgumentException: Could not find type named RimMandrake.BlueDesert.RM_HydrocarbonNativeExtension from node <li Class="RimMandrake.BlueDesert.RM_HydrocarbonNativeExtension" />
Parameter name: node
[Ref 6F2CD764] Duplicate stacktrace, see ref for original

Possible Matches:
[Source: RimUtinni Patches (Jawa campaign)]
[File: C:\Program Files (x86)\Steam\steamapps\common\RimWorld\Mods\UtinniPatches\Defs\ThingDefs_Races\RUT_PropaneLakeFauna.xml]
XML error: <wildness>0.65</wildness> doesn't correspond to any field in type RaceProperties. Context: <race><renderTree>Animal</renderTree><thinkTreeMain>Animal</thinkTreeMain><thinkTreeConstant>AnimalConstant</thinkTreeConstant><hasGenders>true</hasGenders><nameGenerator>NamerAnimalGenericMale</nameGenerator><nameGeneratorFemale>NamerAnimalGenericFemale</nameGeneratorFemale><trainability>None</trainability><bloodDef>Filth_Blood</bloodDef><bloodSmearDef>Filth_BloodSmear</bloodSmearDef><canBecomeShambler>true</canBecomeShambler><hediffGiverSets><li>OrganicStandard</li></hediffGiverSets><body>QuadrupedAnimalWithPawsAndTail</body><predator>true</predator><maxPreyBodySize>1.4</maxPreyBodySize><herdAnimal>false</herdAnimal><baseBodySize>2.0</baseBodySize><baseHealthScale>2.4</baseHealthScale><baseHungerRate>0.5</baseHungerRate><foodType>OmnivoreRoughAnimal</foodType><leatherDef>Leather_Heavy</leatherDef><wildness>0.65</wildness><roamMtbDays>25</roamMtbDays><manhunterOnDamageChance>0.08</manhunterOnDamageChance><lifeExpectancy>22</lifeExpectancy><gestationPeriodDays>14</gestationPeriodDays><litterSizeCurve><points><li>(0.5, 0)</li><li>(1, 1)</li><li>(1.5, 0.3)</li><li>(2, 0)</li></points></litterSizeCurve><lifeStageAges><li><def>AnimalBaby</def><minAge>0</minAge></li><li><def>AnimalJuvenile</def><minAge>0.25</minAge></li><li><def>AnimalAdult</def><minAge>0.5</minAge></li></lifeStageAges><soundMeleeHitPawn>Pawn_Melee_BigBash_HitPawn</soundMeleeHitPawn><soundMeleeHitBuilding>Pawn_Melee_BigBash_HitBuilding</soundMeleeHitBuilding><soundMeleeMiss>Pawn_Melee_BigBash_Miss</soundMeleeMiss><soundEating>Warg_Eat</soundEating></race>

Possible Matches:
[Source: RimUtinni Patches (Jawa campaign)]
[File: C:\Program Files (x86)\Steam\steamapps\common\RimWorld\Mods\UtinniPatches\Defs\ThingDefs_Races\RUT_Radiothermal.xml]
[Def Error]: RUT_Radiothermal
RimUtinni Patches (Jawa campaign)\Defs\ThingDefs_Races\RUT_Radiothermal.xml
XML error: <soundCall>Muffalo_Call</soundCall> doesn't correspond to any field in type RaceProperties. Context: <race><renderTree>Animal</renderTree><thinkTreeMain>Animal</thinkTreeMain><thinkTreeConstant>AnimalConstant</thinkTreeConstant><hasGenders>true</hasGenders><nameGenerator>NamerAnimalGenericMale</nameGenerator><nameGeneratorFemale>NamerAnimalGenericFemale</nameGeneratorFemale><trainability>Intermediate</trainability><bloodDef>Filth_Blood</bloodDef><bloodSmearDef>Filth_BloodSmear</bloodSmearDef><canBecomeShambler>true</canBecomeShambler><hediffGiverSets><li>OrganicStandard</li></hediffGiverSets><body>QuadrupedAnimalWithHooves</body><predator>false</predator><baseBodySize>0.9</baseBodySize><baseHealthScale>0.9</baseHealthScale><baseHungerRate>0.4</baseHungerRate><foodType>VegetarianRoughAnimal</foodType><leatherDef>Leather_Plain</leatherDef><herdAnimal>true</herdAnimal><maxPreyBodySize>0</maxPreyBodySize><manhunterOnDamageChance>0</manhunterOnDamageChance><manhunterOnTameFailChance>0</manhunterOnTameFailChance><lifeExpectancy>10</lifeExpectancy><gestationPeriodDays>10</gestationPeriodDays><litterSizeCurve><points><li>(0.5, 0)</li><li>(1, 1)</li><li>(2, 1)</li><li>(3, 0)</li></points></litterSizeCurve><lifeStageAges><li><def>AnimalBaby</def><minAge>0</minAge></li><li><def>AnimalJuvenile</def><minAge>0.2</minAge></li><li><def>AnimalAdult</def><minAge>0.5</minAge></li></lifeStageAges><soundMeleeHitPawn>Pawn_Melee_SmallScratch_HitPawn</soundMeleeHitPawn><soundMeleeHitBuilding>Pawn_Melee_SmallScratch_HitBuilding</soundMeleeHitBuilding><soundMeleeMiss>Pawn_Melee_SmallScratch_Miss</soundMeleeMiss><soundCall>Muffalo_Call</soundCall><soundEating>Muffalo_Eat</soundEating></race>

Possible Matches:
[Source: RimUtinni Patches (Jawa campaign)]
[File: C:\Program Files (x86)\Steam\steamapps\common\RimWorld\Mods\UtinniPatches\Defs\ThingDefs_Races\RUT_SlimeGrazer.xml]
[Def Error]: RUT_SlimeGrazer
RimUtinni Patches (Jawa campaign)\Defs\ThingDefs_Races\RUT_SlimeGrazer.xml
XML error: <coverEffectiveness>0.5</coverEffectiveness> doesn't correspond to any field in type ThingDef. Context: <ThingDef ParentName="BuildingBase"><category>Building</category><thingClass>RimMandrake.FlowWorks.Drilling.Building_LiquidDrill</thingClass><soundImpactDefault>BulletImpact_Metal</soundImpactDefault><selectable>true</selectable><drawerType>MapMeshOnly</drawerType><altitudeLayer>Building</altitudeLayer><terrainAffordanceNeeded>Light</terrainAffordanceNeeded><repairEffect>Repair</repairEffect><leaveResourcesWhenKilled>true</leaveResourcesWhenKilled><filthLeaving>Filth_RubbleBuilding</filthLeaving><statBases><SellPriceFactor>0.70</SellPriceFactor><WorkToBuild>4800</WorkToBuild><MaxHitPoints>240</MaxHitPoints><Flammability>0.3</Flammability><Beauty>-10</Beauty><Mass>90</Mass></statBases><comps><li><compClass>LightsOut.ThingComps.KeepOnComp</compClass></li><li Class="CompProperties_Forbiddable" /><li Class="CompProperties_Flickable" /><li Class="CompProperties_Power"><compClass>CompPowerTrader</compClass><basePowerConsumption>400</basePowerConsumption></li></comps><defName>RM_LiquidDrill</defName><label>liquid drill</label><description>A cored rig staked over ground a survey says is worth drilling. Powered, and it runs as long as the power does and the ground still has something in it — point its open face at a dug channel and it pours straight in. It never touches a pond or a river; whatever it finds, it finds underground, on maps that have anything down there at all.</description><graphicData><texPath>Things/Building/Production/DeepDrill</texPath><graphicClass>Graphic_Single</graphicClass><drawSize>(2,2)</drawSize></graphicData><size>(2,2)</size><rotatable>true</rotatable><passability>PassThroughOnly</passability><fillPercent>0.8</fillPercent><coverEffectiveness>0.5</coverEffectiveness><pathCost>50</pathCost><useHitPoints>true</useHitPoints><designationCategory>Production</designationCategory><constructionSkillPrerequisite>5</constructionSkillPrerequisite><tickerType>Rare</tickerType><costList><Steel>150</Steel><ComponentIndustrial>5</ComponentIndustrial></costList><modExtensions><li Class="RimMandrake.FlowWorks.Drilling.RM_LiquidDrillExtension"><requiresPower>true</requiresPower><unitsPerCycleMultiplier>1.0</unitsPerCycleMultiplier></li></modExtensions><building><expandHomeArea>true</expandHomeArea></building><placeWorkers><li>RimMandrake.FlowWorks.Drilling.PlaceWorker_DrillNeedsExcavatedOutlet</li></placeWorkers></ThingDef>

Possible Matches:
[Source: RimMandrake: FlowWorks]
[File: C:\Program Files (x86)\Steam\steamapps\common\RimWorld\Mods\FlowWorks\Defs\Drilling\ThingDefs\RM_LiquidDrill.xml]
[Def Error]: RM_LiquidDrill
RimMandrake: FlowWorks\Defs\Drilling\ThingDefs\RM_LiquidDrill.xml
XML error: <coverEffectiveness>0.6</coverEffectiveness> doesn't correspond to any field in type ThingDef. Context: <ThingDef ParentName="BuildingBase"><category>Building</category><thingClass>RimMandrake.FlowWorks.LiquidTypes.Building_LiquidTank</thingClass><soundImpactDefault>BulletImpact_Metal</soundImpactDefault><selectable>true</selectable><drawerType>MapMeshOnly</drawerType><altitudeLayer>Building</altitudeLayer><terrainAffordanceNeeded>Light</terrainAffordanceNeeded><repairEffect>Repair</repairEffect><leaveResourcesWhenKilled>true</leaveResourcesWhenKilled><filthLeaving>Filth_RubbleBuilding</filthLeaving><statBases><SellPriceFactor>0.70</SellPriceFactor><WorkToBuild>3200</WorkToBuild><MaxHitPoints>220</MaxHitPoints><Flammability>0.3</Flammability><Beauty>-6</Beauty><Mass>60</Mass></statBases><comps><li><compClass>LightsOut.ThingComps.KeepOnComp</compClass></li></comps><defName>RM_LiquidTank</defName><label>liquid tank</label><description>A patched-together scavenger tank -- mismatched steel panels hammered into one hull, with a scavenged valve cluster bolted on wherever there was room. Holds a real quantity of one liquid at a time: pour a filled bottle, bucket or barrel in to top it up, or fill an empty one from its stock. It does not care which liquid, as long as it is not already holding a different one.</description><graphicData><texPath>Things/Building/FlowWorks/RM_LiquidTank</texPath><graphicClass>Graphic_Single</graphicClass><drawSize>(2,2)</drawSize></graphicData><size>(2,2)</size><rotatable>false</rotatable><passability>Impassable</passability><fillPercent>1.0</fillPercent><coverEffectiveness>0.6</coverEffectiveness><pathCost>50</pathCost><useHitPoints>true</useHitPoints><neverMultiSelect>false</neverMultiSelect><designationCategory>Production</designationCategory><constructionSkillPrerequisite>4</constructionSkillPrerequisite><costList><Steel>150</Steel><ComponentIndustrial>3</ComponentIndustrial></costList><building><expandHomeArea>true</expandHomeArea></building></ThingDef>

Possible Matches:
[Source: RimMandrake: FlowWorks]
[File: C:\Program Files (x86)\Steam\steamapps\common\RimWorld\Mods\FlowWorks\Defs\LiquidTypes\ThingDefs\RM_LiquidTank.xml]
[Def Error]: RM_LiquidTank
RimMandrake: FlowWorks\Defs\LiquidTypes\ThingDefs\RM_LiquidTank.xml
Parsed 1.5 as int.
[Def Error]: PassableVacstone
[Torment Master] Patch operation Verse.PatchOperationFindMod(Humanoid Alien Races) failed
file: C:\Program Files (x86)\Steam\steamapps\workshop\content\294100\3746663772\1.6\Patches\Compatibility_AlienRaces_AppleHeadgear.xml
[Vanilla Mining Outpost Patch] Patch operation Verse.PatchOperationFindMod(Gemstones, Jewelry) failed
file: C:\Program Files (x86)\Steam\steamapps\workshop\content\294100\2968491314\Patches\Outposts.xml
[Intimacy - Gender Works] Patch operation Verse.PatchOperationRemove(Defs/RecipeDef[defName="ExtractOvum"]/genderPrerequisite) failed
file: C:\Program Files (x86)\Steam\steamapps\workshop\content\294100\3534254491\1.6\Patches\Fertility_ops_changes.xml
[Intimacy - Gender Works] Patch operation Verse.PatchOperationRemove(Defs/RecipeDef[defName="TerminatePregnancy"]/genderPrerequisite) failed
file: C:\Program Files (x86)\Steam\steamapps\workshop\content\294100\3534254491\1.6\Patches\Fertility_ops_changes.xml
[Intimacy - Gender Works] Patch operation Verse.PatchOperationRemove(Defs/RecipeDef[defName="ImplantIUD"]/genderPrerequisite) failed
file: C:\Program Files (x86)\Steam\steamapps\workshop\content\294100\3534254491\1.6\Patches\Fertility_ops_changes.xml
[RimUtinni Patches (Jawa campaign)] Patch operation Verse.PatchOperationConditional(/Defs/BiomeDef[defName="RM_PoisonForest"]/preventGenSteps) failed
file: C:\Program Files (x86)\Steam\steamapps\common\RimWorld\Mods\UtinniPatches\Patches\AncientDangerGenSteps_AmbientDoctrine.xml
[RimUtinni Patches (Jawa campaign)] Patch operation Verse.PatchOperationConditional(/Defs/BiomeDef[defName="RM_PoisonForest"]/extraGenSteps) failed
file: C:\Program Files (x86)\Steam\steamapps\common\RimWorld\Mods\UtinniPatches\Patches\AncientDangerGenSteps_AmbientDoctrine.xml
[RimUtinni Patches (Jawa campaign)] Patch operation Verse.PatchOperationConditional(/Defs/ThingDef[defName="BMT_GreyLady"]/statBases) failed
file: C:\Program Files (x86)\Steam\steamapps\common\RimWorld\Mods\UtinniPatches\Patches\BiomeFloraStatAdjustments_Generated.xml
[RimUtinni Patches (Jawa campaign)] Patch operation Verse.PatchOperationSequence(count=60, lastFailedOperation=Verse.PatchOperationReplace(Defs/PawnKindDef[defName="BMT_Thrumbungus"]/lifeStages/li[1]/bodyGraphicData/drawSize)) failed
file: C:\Program Files (x86)\Steam\steamapps\common\RimWorld\Mods\UtinniPatches\Patches\CreatureResize_Ashkarr.xml
[RimUtinni Patches (Jawa campaign)] Patch operation Verse.PatchOperationFindMod(Jawa Armoury Rebalance) failed
file: C:\Program Files (x86)\Steam\steamapps\common\RimWorld\Mods\UtinniPatches\Patches\RUT_LanternstoneKotorCrystals.xml
[RimUtinni: Shokkweave Economy] Patch operation Verse.PatchOperationConditional(Defs/ThingDef[defName="RM_OllathrixEgg"]/tradeability) failed
file: C:\Program Files (x86)\Steam\steamapps\common\RimWorld\Mods\ShokkweaveEconomy\Patches\ShokkweaveEggBlackMarket.xml
[RimUtinni: Shokkweave Economy] Patch operation Verse.PatchOperationRemove(Defs/ThingDef[defName="RM_OllathrixEgg"]/thingCategories/li[text()="ResourcesRaw"]) failed
file: C:\Program Files (x86)\Steam\steamapps\common\RimWorld\Mods\ShokkweaveEconomy\Patches\ShokkweaveEggBlackMarket.xml
Could not resolve cross-reference: No Verse.SoundDef named Pawn_Dog_Wounded found to give to Verse.LifeStageAge Verse.LifeStageAge (using undefined sound instead)
Could not resolve cross-reference: No Verse.SoundDef named Pawn_Squirrel_Call found to give to Verse.LifeStageAge Verse.LifeStageAge (using undefined sound instead)
Could not resolve cross-reference: No Verse.SoundDef named Pawn_Squirrel_Call found to give to Verse.LifeStageAge Verse.LifeStageAge (using undefined sound instead)
Could not resolve cross-reference: No Verse.SoundDef named Pawn_Squirrel_Call found to give to Verse.LifeStageAge Verse.LifeStageAge (using undefined sound instead)
Could not resolve cross-reference: No Verse.SoundDef named Pawn_Squirrel_Call found to give to Verse.LifeStageAge Verse.LifeStageAge (using undefined sound instead)
Could not resolve cross-reference: No Verse.SoundDef named Recipe_Butcher found to give to Verse.RecipeDef RM_ButcherGreatboleFruit (using undefined sound instead)
Could not resolve cross-reference: No Verse.SoundDef named Ingest_Vegetable found to give to RimWorld.IngestibleProperties RimWorld.IngestibleProperties (using undefined sound instead)
Could not resolve cross-reference: No Verse.SoundDef named Pawn_Insect_Ambient found to give to Verse.LifeStageAge Verse.LifeStageAge (using undefined sound instead)
Could not resolve cross-reference: No Verse.SoundDef named Pawn_Insect_Ambient found to give to Verse.LifeStageAge Verse.LifeStageAge (using undefined sound instead)
Could not resolve cross-reference: No Verse.SoundDef named Pawn_Insect_Ambient found to give to Verse.LifeStageAge Verse.LifeStageAge (using undefined sound instead)
Could not resolve cross-reference: No Verse.SoundDef named Pawn_Insect_Ambient found to give to Verse.LifeStageAge Verse.LifeStageAge (using undefined sound instead)
Could not resolve cross-reference: No Verse.SoundDef named Pawn_Insect_Ambient found to give to Verse.LifeStageAge Verse.LifeStageAge (using undefined sound instead)
Could not resolve cross-reference: No Verse.SoundDef named Pawn_Insect_Ambient found to give to Verse.LifeStageAge Verse.LifeStageAge (using undefined sound instead)
Could not resolve cross-reference: No Verse.SoundDef named Pawn_Insect_Ambient found to give to Verse.LifeStageAge Verse.LifeStageAge (using undefined sound instead)
Could not resolve cross-reference: No Verse.SoundDef named Pawn_Insect_Ambient found to give to Verse.LifeStageAge Verse.LifeStageAge (using undefined sound instead)
Could not resolve cross-reference: No Verse.SoundDef named Pawn_Insect_Ambient found to give to Verse.LifeStageAge Verse.LifeStageAge (using undefined sound instead)
Could not resolve cross-reference: No Verse.SoundDef named Pawn_Insect_Ambient found to give to Verse.LifeStageAge Verse.LifeStageAge (using undefined sound instead)
Could not resolve cross-reference: No Verse.SoundDef named Pawn_Insect_Ambient found to give to Verse.LifeStageAge Verse.LifeStageAge (using undefined sound instead)
Could not resolve cross-reference: No Verse.SoundDef named Pawn_Insect_Ambient found to give to Verse.LifeStageAge Verse.LifeStageAge (using undefined sound instead)
Could not resolve cross-reference: No Verse.SoundDef named Pawn_Insect_Ambient found to give to Verse.LifeStageAge Verse.LifeStageAge (using undefined sound instead)
Could not resolve cross-reference: No Verse.SoundDef named Pawn_Insect_Ambient found to give to Verse.LifeStageAge Verse.LifeStageAge (using undefined sound instead)
Could not resolve cross-reference: No Verse.SoundDef named Pawn_Insect_Ambient found to give to Verse.LifeStageAge Verse.LifeStageAge (using undefined sound instead)
Could not resolve cross-reference: No Verse.SoundDef named Pawn_Insect_Ambient found to give to Verse.LifeStageAge Verse.LifeStageAge (using undefined sound instead)
Could not resolve cross-reference: No Verse.SoundDef named Muffalo_Eat found to give to Verse.RaceProperties Verse.RaceProperties (using undefined sound instead)
Could not resolve cross-reference: No Verse.SoundDef named Warg_Eat found to give to Verse.RaceProperties Verse.RaceProperties (using undefined sound instead)
Could not resolve cross-reference: No Verse.SoundDef named Warg_Eat found to give to Verse.RaceProperties Verse.RaceProperties (using undefined sound instead)
Could not resolve cross-reference: No Verse.SoundDef named Warg_Eat found to give to Verse.RaceProperties Verse.RaceProperties (using undefined sound instead)
Could not resolve cross-reference: No Verse.SoundDef named Muffalo_Eat found to give to Verse.RaceProperties Verse.RaceProperties (using undefined sound instead)
ConfigurableTechprintsMod :: Backing up pre-modification values...
ConfigurableTechprintsMod :: Processing traders...
ConfigurableTechprintsMod :: No TraderKindDefs with custom settings found.
ConfigurableTechprintsMod :: Processed 19 TraderKindDefs. Reports can be found in mod settings. 
ConfigurableTechprintsMod :: Processing research projects...
ConfigurableTechprintsMod :: No ResearchProjectDefs with custom settings found.
ConfigurableTechprintsMod :: Processed 407 ResearchProjectDefs with default settings. Reports can be found in mod settings. 
Failed to patch VFEInsectoids 2's Creep with additional genes.
Caught exception while loading play data but there are active mods other than Core. Resetting mods config and trying again.
The exception was: System.NullReferenceException: Object reference not set to an instance of an object
[Ref 2C57BAC0]
  at Verse.ThingFilter.SetAllow (Verse.ThingDef thingDef, System.Boolean allow) [0x0002a] in <61e4173561894da49d210260257b5097>:0 
  at RimWorld.RecipeDefGenerator.SetIngredients (Verse.RecipeDef r, Verse.ThingDef def, System.Int32 adjustedCount) [0x000d5] in <61e4173561894da49d210260257b5097>:0 
  at RimWorld.RecipeDefGenerator.CreateRecipeDefFromMaker (Verse.ThingDef def, System.Int32 adjustedCount, System.Boolean hotReload) [0x00117] in <61e4173561894da49d210260257b5097>:0 
    - POSTFIX PeteTimesSix.ResearchReinvented: Void PeteTimesSix.ResearchReinvented.HarmonyPatches.RecipeDefGenerator_CreateRecipeDefFromMaker_Patches:Postfix(RecipeDef __result, ThingDef def, Int32 adjustedCount)
  at RimWorld.RecipeDefGenerator+<DefsFromRecipeMakers>d__1.MoveNext () [0x00079] in <61e4173561894da49d210260257b5097>:0 
  at System.Linq.Enumerable+ConcatIterator`1[TSource].MoveNext () [0x0002b] in <1f993cbf88314b1baa1e10ca917bdc64>:0 
  at RimWorld.RecipeDefGenerator+<ImpliedRecipeDefs>d__0.MoveNext () [0x00072] in <61e4173561894da49d210260257b5097>:0 
  at RimWorld.DefGenerator.GenerateImpliedDefs_PreResolve (System.Boolean hotReload) [0x00162] in <61e4173561894da49d210260257b5097>:0 
    - TRANSPILER RedMattis.BigAndSmall_Early: IEnumerable`1 BigAndSmall.ReloadPatches:InsertBeforeResolveAllWantedCrossReferences(IEnumerable`1 instructions, ILGenerator generator)
    - PREFIX RedMattis.BigAndSmall_Early: Void BigAndSmall.ReloadPatches:GenerateImpliedDefs_Prefix(Boolean hotReload)
    - PREFIX SmashPhil.VehicleFramework: Void SmashTools.GameEvent:RaiseOnGenerateImpliedDefs(Boolean hotReload)
    - PREFIX RedMattis.GravShipSize: Void GravshipSize.HarmonyPatches:GenerateImpliedDefs_Prefix(Boolean hotReload)
    - PREFIX makeitso.configurabletechprints: Void ConfigurableTechprints.HarmonyPatches.DefGenerator_Patcher:GenerateImpliedDefs_PreResolve_Prefix()
    - PREFIX PeteTimesSix.ResearchReinvented: Void PeteTimesSix.ResearchReinvented.HarmonyPatches.DefGenerator_PreResolve_Patches:Prefix()
    - PREFIX com.VanillaFurnitureExpandedFactory: Void VanillaFurnitureExpandedFactory.VanillaFurnitureExpandedFactory_DefGenerator_GenerateImpliedDefs_PreResolve_Patch:GenerateAutoProcesses(Boolean hotReload)
    - PREFIX VFESecurityMod: Void VFESecurity.DefGenerator_GenerateImpliedDefs_PreResolve_Patch:Prefix(Boolean hotReload)
    - PREFIX Neronix17.Outland.Genes: Void OutlandGenes.Patch_DefGenerator_GenerateImpliedDefs_PreResolve:Prefix()
    - POSTFIX RedMattis.BigAndSmall_Early: Void BigAndSmall.ReloadPatches:GenerateImpliedDefs_Postfix(Boolean hotReload)
    - POSTFIX gravtide.mod: Void GravTide.SeabedRockPassage:Postfix(Boolean hotReload)
    - POSTFIX rimworld.erdelf.minify_everything: Void MinifyEverything.MinifyEverything:GenerateImpliedDefsPostfix()
    - POSTFIX mehni.rimworld.numbers: Void Numbers.Numbers:Columndefs()
    - POSTFIX fluffy.worktab: Void WorkTab.DefGenerator_GenerateImpliedDefs_PreResolve:Postfix()
  at Verse.PlayDataLoader.DoPlayLoad () [0x0014b] in <61e4173561894da49d210260257b5097>:0 
    - POSTFIX UnlimitedHugs.HugsLib: Void HugsLib.Patches.PlayDataLoader_Patch:InitModsHook()
  at Verse.PlayDataLoader.LoadAllPlayData (System.Boolean recovering) [0x0001c] in <61e4173561894da49d210260257b5097>:0 
Could not recover from errors loading play data. Giving up.
Exception from asynchronous event: System.NullReferenceException: Object reference not set to an instance of an object
[Ref A01725CC]
  at GravshipSize.GravshipSizeSettings.ApplySettingsNow () [0x0003c] in <86e9196b15684deabd6738c3cba24dbf>:0 
  at GravshipSize.HarmonyPatches.GenerateImpliedDefs_Prefix (System.Boolean hotReload) [0x00001] in <86e9196b15684deabd6738c3cba24dbf>:0 
  at RimWorld.DefGenerator.GenerateImpliedDefs_PreResolve (System.Boolean hotReload) [0x0001b] in <61e4173561894da49d210260257b5097>:0 
    - TRANSPILER RedMattis.BigAndSmall_Early: IEnumerable`1 BigAndSmall.ReloadPatches:InsertBeforeResolveAllWantedCrossReferences(IEnumerable`1 instructions, ILGenerator generator)
    - PREFIX RedMattis.BigAndSmall_Early: Void BigAndSmall.ReloadPatches:GenerateImpliedDefs_Prefix(Boolean hotReload)
    - PREFIX SmashPhil.VehicleFramework: Void SmashTools.GameEvent:RaiseOnGenerateImpliedDefs(Boolean hotReload)
    - PREFIX RedMattis.GravShipSize: Void GravshipSize.HarmonyPatches:GenerateImpliedDefs_Prefix(Boolean hotReload)
    - PREFIX makeitso.configurabletechprints: Void ConfigurableTechprints.HarmonyPatches.DefGenerator_Patcher:GenerateImpliedDefs_PreResolve_Prefix()
    - PREFIX PeteTimesSix.ResearchReinvented: Void PeteTimesSix.ResearchReinvented.HarmonyPatches.DefGenerator_PreResolve_Patches:Prefix()
    - PREFIX com.VanillaFurnitureExpandedFactory: Void VanillaFurnitureExpandedFactory.VanillaFurnitureExpandedFactory_DefGenerator_GenerateImpliedDefs_PreResolve_Patch:GenerateAutoProcesses(Boolean hotReload)
    - PREFIX VFESecurityMod: Void VFESecurity.DefGenerator_GenerateImpliedDefs_PreResolve_Patch:Prefix(Boolean hotReload)
    - PREFIX Neronix17.Outland.Genes: Void OutlandGenes.Patch_DefGenerator_GenerateImpliedDefs_PreResolve:Prefix()
    - POSTFIX RedMattis.BigAndSmall_Early: Void BigAndSmall.ReloadPatches:GenerateImpliedDefs_Postfix(Boolean hotReload)
    - POSTFIX gravtide.mod: Void GravTide.SeabedRockPassage:Postfix(Boolean hotReload)
    - POSTFIX rimworld.erdelf.minify_everything: Void MinifyEverything.MinifyEverything:GenerateImpliedDefsPostfix()
    - POSTFIX mehni.rimworld.numbers: Void Numbers.Numbers:Columndefs()
    - POSTFIX fluffy.worktab: Void WorkTab.DefGenerator_GenerateImpliedDefs_PreResolve:Postfix()
  at Verse.PlayDataLoader.DoPlayLoad () [0x001e4] in <61e4173561894da49d210260257b5097>:0 
    - POSTFIX UnlimitedHugs.HugsLib: Void HugsLib.Patches.PlayDataLoader_Patch:InitModsHook()
  at Verse.PlayDataLoader.LoadAllPlayData (System.Boolean recovering) [0x0003d] in <61e4173561894da49d210260257b5097>:0 
  at Verse.PlayDataLoader.LoadAllPlayData (System.Boolean recovering) [0x000e1] in <61e4173561894da49d210260257b5097>:0 
  at Verse.Root+<>c.<Start>b__10_1 () [0x00000] in <61e4173561894da49d210260257b5097>:0 
  at Verse.LongEventHandler.RunEventFromAnotherThread (System.Action action) [0x00008] in <61e4173561894da49d210260257b5097>:0 
